DATOS MėVILES 2012_NATIVITAS,,,,,,,,
,,,,,,,,
A±o,Mes,DĒa,Hora,NO2,MPM10,MSO2 24HRS,MO3,MCO
2012,OCT,1,0,27.18,34.99666667,19.46541667,20.45375,0.60125
2012,OCT,1,1,24.3,34.29083333,19.64833333,18.1975,0.555
2012,OCT,1,2,28.44,35.22291667,19.81541667,15.97,0.5225
2012,OCT,1,3,22.05,35.64125,20.14166667,14.67375,0.47625
2012,OCT,1,4,19.79,35.98208333,20.67333333,13.865,0.4725
2012,OCT,1,5,23.14,36.24458333,21.21583333,15.83375,0.45875
2012,OCT,1,6,22.31,36.04375,21.44416667,15.0725,0.455
2012,OCT,1,7,28.22,35.51458333,21.73166667,14.69875,0.5425
2012,OCT,1,8,28.46,34.62916667,22.02333333,14.51875,0.615
2012,OCT,1,9,26.17,34.94875,22.56125,14.6325,0.66125
2012,OCT,1,10,22.85,34.75458333,22.91875,15.71125,0.70125
2012,OCT,1,11,20.79,34.5025,23.08708333,16.91125,0.72875
2012,OCT,1,12,17.68,32.06791667,21.57833333,18.1875,0.72875
2012,OCT,1,13,17.58,29.57416667,20.19875,17.25875,0.73625
2012,OCT,1,14,18.11,27.77,19.74875,19.50125,0.7325
2012,OCT,1,15,17.38,26.25875,19.26333333,22.7875,0.62375
2012,OCT,1,16,20.24,25.92791667,18.22583333,26.23375,0.54875
2012,OCT,1,17,24.43,26.10916667,18.04416667,29.38125,0.5225
2012,OCT,1,18,28.26,26.55916667,18.13458333,30.4225,0.51
2012,OCT,1,19,32.95,26.43166667,17.90666667,30.3,0.5025
2012,OCT,1,20,41.3,27.325,17.75291667,28.68875,0.51125
2012,OCT,1,21,46.84,28.91166667,17.84666667,26.39875,0.56375
2012,OCT,1,22,40.98,30.28625,18.09416667,24.015,0.6075
2012,OCT,1,23,34.15,30.80708333,18.16583333,21.035,0.62
2012,OCT,2,0,24.04,30.88666667,18.35875,18.285,0.61625
2012,OCT,2,1,22.89,30.9175,18.36291667,15.4225,0.60125
2012,OCT,2,2,25.62,29.77875,18.20166667,13.7975,0.58125
2012,OCT,2,3,21.44,29.26625,17.94041667,13.49625,0.5675
2012,OCT,2,4,18.02,28.90416667,17.50583333,18.1975,0.5425
2012,OCT,2,5,19.88,28.75458333,17.40958333,19.3525,0.48375
2012,OCT,2,6,25.33,29.23875,17.30666667,20.15625,0.46375
2012,OCT,2,7,35.62,30.20833333,17.14541667,20.125,0.51875
2012,OCT,2,8,30.31,30.97041667,16.93666667,19.94625,0.59875
2012,OCT,2,9,27.58,30.85291667,16.75625,20.38625,0.655
2012,OCT,2,10,25.02,31.1475,16.77791667,21.60375,0.70375
2012,OCT,2,11,25.02,31.27791667,17.05833333,22.4625,0.74875
2012,OCT,2,12,26.67,32.00708333,17.61083333,19.77375,0.8025
2012,OCT,2,13,28.33,32.95666667,18.15125,21.08,0.8575
2012,OCT,2,14,26.37,33.4225,18.06291667,22.7675,0.875
2012,OCT,2,15,26.66,34.01166667,18.09458333,25.08625,0.85375
2012,OCT,2,16,26.69,34.15916667,18.71583333,27.0625,0.84125
2012,OCT,2,17,24.7,33.97875,18.81458333,28.64625,0.82625
2012,OCT,2,18,29.6,34.03666667,18.93166667,29.5325,0.85
2012,OCT,2,19,28.73,33.81833333,19.74125,30.13,0.8675
2012,OCT,2,20,27.85,33.21708333,19.75041667,30.21625,0.85625
2012,OCT,2,21,30.31,32.495,19.9425,29.66375,0.835
2012,OCT,2,22,38.87,31.84875,19.75,27.8875,0.825
2012,OCT,2,23,31.63,31.45,19.3675,26.2825,0.80625
2012,OCT,3,0,25.27,31.51666667,19.41875,25.08125,0.75
2012,OCT,3,1,24.47,31.71666667,19.47833333,23.645,0.70875
2012,OCT,3,2,26.4,31.86958333,19.47041667,22.25875,0.6375
2012,OCT,3,3,31.47,32.24375,19.40791667,24.08125,0.58625
2012,OCT,3,4,28.1,32.29208333,19.27958333,22.41375,0.55
2012,OCT,3,5,35.93,32.43208333,18.81875,20.8,0.52875
2012,OCT,3,6,40.06,32.55708333,18.625,20.065,0.52125
2012,OCT,3,7,42.67,32.62791667,18.51166667,18.83125,0.55875
2012,OCT,3,8,34.45,32.94208333,18.4325,17.56125,0.62625
2012,OCT,3,9,32.05,33.66833333,18.40333333,17.0225,0.69
2012,OCT,3,10,26.71,33.92125,18.00166667,17.73,0.72375
2012,OCT,3,11,23.93,34.4,17.27291667,15.8575,0.74625
2012,OCT,3,12,23.05,34.7925,16.43041667,18.28875,0.775
2012,OCT,3,13,22.81,34.845,15.51458333,22.52125,0.7975
2012,OCT,3,14,23.79,35.28041667,15.1825,26.5025,0.79375
2012,OCT,3,15,22.25,35.3475,14.75875,30.495,0.7475
2012,OCT,3,16,23.54,35.49833333,13.82208333,34.15625,0.6875
2012,OCT,3,17,23.63,35.79416667,13.46958333,37.12375,0.63875
2012,OCT,3,18,25.05,36.11625,13.00625,38.81125,0.62125
2012,OCT,3,19,32,37.00666667,11.8275,39.34125,0.60875
2012,OCT,3,20,58.34,39.27125,11.54916667,37.13625,0.65875
2012,OCT,3,21,48.87,39.79291667,11.50875,33.09375,0.66
2012,OCT,3,22,40.48,40.14875,11.57166667,29.355,0.67
2012,OCT,3,23,32.87,40.32458333,11.48708333,26.06,0.67
2012,OCT,4,0,29.59,40.49916667,11.305,22.98125,0.65625
2012,OCT,4,1,30.1,40.55625,11.08458333,19.99875,0.64625
2012,OCT,4,2,26.27,40.3925,11.05458333,21.75875,0.63125
2012,OCT,4,3,31.25,40.04125,11.01333333,19.47,0.615
2012,OCT,4,4,42.44,40.26,10.98708333,19.17625,0.5375
2012,OCT,4,5,43.8,40.84833333,11.03208333,19.8075,0.51625
2012,OCT,4,6,42.32,41.165,11.04541667,19.66125,0.5075
2012,OCT,4,7,48.96,41.52,11.12541667,19.18875,0.53875
2012,OCT,4,8,43.95,42.17041667,11.195,19.03125,0.60625
2012,OCT,4,9,47.52,42.64083333,11.00708333,18.72125,0.665
2012,OCT,4,10,36.33,42.75583333,11.01708333,14.6525,0.705
2012,OCT,4,11,27.37,42.55166667,10.97375,16.0925,0.72625
2012,OCT,4,12,25.21,42.23875,11.11208333,17.97,0.7425
2012,OCT,4,13,25.43,41.95208333,11.29041667,19.32,0.74875
2012,OCT,4,14,24.14,41.5325,11.3175,21.70625,0.745
2012,OCT,4,15,23.25,41.12833333,11.39708333,24.6025,0.7075
2012,OCT,4,16,24.21,40.61,11.62625,26.53375,0.645
2012,OCT,4,17,23.3,40.39791667,11.61708333,28.355,0.5875
2012,OCT,4,18,33.66,40.8375,11.635,29.06375,0.565
2012,OCT,4,19,41.28,41.29125,11.79375,27.8575,0.58
2012,OCT,4,20,35.51,39.76125,12.08916667,26.23125,0.58
2012,OCT,4,21,33.32,39.2775,12.2675,24.75625,0.575
2012,OCT,4,22,33.52,38.22666667,12.08041667,23.1225,0.57
2012,OCT,4,23,31.1,38.57041667,11.88875,21.06125,0.5675
2012,OCT,5,0,42.33,39.27125,11.78458333,19.47375,0.56625
2012,OCT,5,1,36.79,39.54541667,11.74041667,21.84625,0.56375
2012,OCT,5,2,41.18,40.22791667,11.76625,20.04,0.55
2012,OCT,5,3,46.63,41.11125,11.91458333,19.2825,0.52625
2012,OCT,5,4,47.59,41.59666667,11.99875,18.2725,0.52
2012,OCT,5,5,52.96,41.59458333,12.03458333,17.02125,0.52125
2012,OCT,5,6,52.81,42.27541667,12.11875,15.69,0.545
2012,OCT,5,7,52.06,43.15333333,12.17375,14.5775,0.6125
2012,OCT,5,8,47.74,43.72875,12.14916667,13.39625,0.76
2012,OCT,5,9,64.17,46.18708333,12.4025,8.52625,1.245
2012,OCT,5,10,51.26,47.95333333,12.91875,8.74875,1.51875
2012,OCT,5,11,35.59,47.47958333,13.13666667,10.0225,1.6725
2012,OCT,5,12,31.4,47.52166667,13.8925,12.02,1.7825
2012,OCT,5,13,19.96,47.1975,14.05541667,14.82875,1.8425
2012,OCT,5,14,20.1,46.64916667,14.36791667,17.85875,1.85875
2012,OCT,5,15,20.94,46.57166667,14.485,20.6375,1.83625
2012,OCT,5,16,27.26,46.845,15.16458333,23.3425,1.75625
2012,OCT,5,17,30.03,46.64916667,15.875,25.59375,1.34875
2012,OCT,5,18,40.89,45.73958333,16.85958333,26.62875,1.2125
2012,OCT,5,19,52.71,45.08375,18.32041667,25.92,1.17875
2012,OCT,5,20,41.64,45.00375,18.87166667,24.70625,1.185
2012,OCT,5,21,49.41,45.9725,19.4275,22.13625,1.23875
2012,OCT,5,22,38.68,47.12833333,19.66708333,19.50125,1.31125
2012,OCT,5,23,39.67,47.31791667,19.88083333,16.99625,1.3675
2012,OCT,6,0,41.89,47.51958333,19.84041667,18.87,1.36625
2012,OCT,6,1,33.58,47.63,19.89333333,16.895,1.27
2012,OCT,6,2,33.3,47.18708333,19.93333333,15.57625,1.115
2012,OCT,6,3,34.42,46.41625,19.84625,14.80625,0.97375
2012,OCT,6,4,27.34,45.79166667,19.85166667,14.5125,0.83875
2012,OCT,6,5,33.02,45.26458333,19.88083333,14.41125,0.70375
2012,OCT,6,6,41.09,44.86125,19.95666667,13.83625,0.5675
2012,OCT,6,7,44.44,44.96791667,20.00791667,13.22625,0.44375
2012,OCT,6,8,46.37,46.285,20.17708333,8.4575,0.3575
2012,OCT,6,9,42.43,44.55125,20.00458333,8.33625,0.3575
2012,OCT,6,10,43.27,44.02,19.83666667,8.66125,0.35125
2012,OCT,6,11,33.66,44.36916667,19.90583333,9.91375,0.3425
2012,OCT,6,12,30.47,43.95541667,19.26291667,11.23625,0.3325
2012,OCT,6,13,27.83,44.0575,19.14958333,13.475,0.32375
2012,OCT,6,14,25.9,44.5975,18.92333333,16.28,0.32375
2012,OCT,6,15,28.58,44.27375,19.26375,18.96875,0.32625
2012,OCT,6,16,30.05,43.86541667,19.24333333,21.405,0.32375
2012,OCT,6,17,32.62,43.66833333,19.23375,23.3225,0.32125
2012,OCT,6,18,35.08,43.74875,18.82583333,24.88125,0.32125
2012,OCT,6,19,45.27,43.62375,17.50583333,24.85125,0.32125
2012,OCT,6,20,46.32,43.90791667,17.01458333,23.70875,0.32
2012,OCT,6,21,56.75,45.84041667,16.19791667,21.41,0.36
2012,OCT,6,22,53.87,46.41166667,16.19125,18.9725,0.38375
2012,OCT,6,23,41.43,46.66,16.29083333,20.33625,0.39375
2012,OCT,7,0,35.25,46.07541667,16.49208333,18.72625,0.39375
2012,OCT,7,1,33.51,46.26458333,16.57916667,17.31375,0.40125
2012,OCT,7,2,35.75,46.4425,16.64833333,15.655,0.42
2012,OCT,7,3,41.31,47.09833333,16.82875,14.34875,0.4425
2012,OCT,7,4,37.48,47.36375,16.91791667,13.93875,0.4675
2012,OCT,7,5,31.21,47.34833333,16.84708333,14.8075,0.455
2012,OCT,7,6,32.82,46.80916667,16.69791667,15.3575,0.45375
2012,OCT,7,7,33.89,45.42083333,16.49166667,11.9625,0.46375
2012,OCT,7,8,35.32,43.09333333,16.26541667,11.6225,0.4775
2012,OCT,7,9,32.12,41.69041667,16.05,11.4625,0.4775
2012,OCT,7,10,29.54,39.86958333,15.70416667,12.20875,0.46875
2012,OCT,7,11,28.53,39.44458333,15.48,13.99625,0.4575
2012,OCT,7,12,27.41,39.3175,15.30875,16.09,0.44625
2012,OCT,7,13,26.88,39.27583333,15.30625,18.19625,0.43
2012,OCT,7,14,24.46,38.87,15.05416667,20.7075,0.4225
2012,OCT,7,15,23.7,38.98541667,14.555,23.57625,0.42375
2012,OCT,7,16,21.63,38.92958333,13.77083333,26.58,0.4375
2012,OCT,7,17,22.05,38.88833333,13.14625,29.48875,0.45875
2012,OCT,7,18,30.98,38.3975,13.23875,30.7625,0.4625
2012,OCT,7,19,33.46,38.18416667,13.14416667,30.58625,0.45875
2012,OCT,7,20,33.68,38.14541667,13.16958333,29.255,0.4525
2012,OCT,7,21,29.68,35.19416667,13.03625,27.15,0.4475
2012,OCT,7,22,28.58,34.02166667,12.81,27.8625,0.44
2012,OCT,7,23,27.33,33.22958333,12.50625,25.79,0.435
2012,OCT,8,0,28.24,33.33,12.90833333,23.4,0.4275
2012,OCT,8,1,27.03,32.98125,13.55666667,20.7575,0.39875
2012,OCT,8,2,25.89,32.83791667,13.75958333,18.9975,0.3875
2012,OCT,8,3,32.25,32.35083333,13.69541667,17.54125,0.38125
2012,OCT,8,4,28.3,32.16541667,13.71833333,16.985,0.37375
2012,OCT,8,5,25.82,31.99666667,13.76916667,16.85125,0.36375
2012,OCT,8,6,29.66,32.01541667,13.92416667,13.62875,0.35
2012,OCT,8,7,35.94,32.26916667,14.07583333,12.7625,0.33125
2012,OCT,8,8,37.27,32.95416667,14.26,12.06875,0.315
2012,OCT,8,9,37.24,34.145,15.36583333,11.81125,0.32625
2012,OCT,8,10,33.18,35.2025,16.31708333,12.0775,0.34125
2012,OCT,8,11,28.64,35.64083333,17.16166667,13.275,0.34625
2012,OCT,8,12,25.82,36.11291667,17.33958333,14.62625,0.3475
2012,OCT,8,13,26.05,36.55833333,17.64583333,16.03375,0.34875
2012,OCT,8,14,24.37,37.025,18.01208333,17.79125,0.34875
2012,OCT,8,15,25.77,37.69875,18.51458333,20.00875,0.3475
2012,OCT,8,16,25.9,38.37833333,18.90958333,22.40875,0.34125
2012,OCT,8,17,28.39,38.83333333,19.34125,24.02375,0.32875
2012,OCT,8,18,31.54,39.93583333,19.52375,24.89,0.31625
2012,OCT,8,19,33.01,39.89375,19.965,25.23875,0.3125
2012,OCT,8,20,36.28,39.74041667,20.02083333,24.435,0.3125
2012,OCT,8,21,27.9,39.87375,20.13833333,26.05625,0.3125
2012,OCT,8,22,29.2,39.5025,20.69208333,24.1575,0.3125
2012,OCT,8,23,24.98,39.00791667,20.91916667,22.2525,0.315
2012,OCT,9,0,22.38,38.34333333,20.46291667,20.3075,0.3175
2012,OCT,9,1,25.58,38.12458333,20.59333333,18.63,0.32
2012,OCT,9,2,23.08,37.70333333,20.62166667,17.375,0.3175
2012,OCT,9,3,23.5,37.16666667,20.63541667,16.18875,0.31625
2012,OCT,9,4,21.02,36.69791667,20.65458333,15.82875,0.31625
2012,OCT,9,5,23.55,36.33916667,20.68166667,12.69625,0.31625
2012,OCT,9,6,27.36,36.01375,20.62916667,12.64875,0.31625
2012,OCT,9,7,32.89,36.11458333,20.64041667,12.50875,0.32
2012,OCT,9,8,31.18,35.10791667,20.6025,12.12625,0.33125
2012,OCT,9,9,24.34,33.94541667,19.715,12.245,0.3375
2012,OCT,9,10,18.31,33.13666667,18.70875,12.96125,0.3375
2012,OCT,9,11,17.71,32.95583333,17.82916667,14.1275,0.335
2012,OCT,9,12,19.14,32.87416667,17.80875,15.53875,0.335
2012,OCT,9,13,19.57,33.93,17.38333333,17.57375,0.3375
2012,OCT,9,14,18.66,34.55041667,17.47583333,19.73875,0.3375
2012,OCT,9,15,19.31,34.14,17.35583333,21.19,0.33125
2012,OCT,9,16,25.59,34.22916667,17.84083333,22.42875,0.32
2012,OCT,9,17,25.32,33.85375,17.96541667,23.17875,0.31375
2012,OCT,9,18,28,33.82,17.88583333,23.01875,0.32125
2012,OCT,9,19,42.42,34.10708333,17.76458333,22.08125,0.34375
2012,OCT,9,20,45.04,35.09541667,18.28416667,24.76875,0.3825
2012,OCT,9,21,32.27,34.83458333,20.31208333,22.57,0.39625
2012,OCT,9,22,26.26,35.03958333,20.14791667,20.54625,0.4025
2012,OCT,9,23,24,35.60916667,20.19666667,19.3075,0.40375
2012,OCT,10,0,25.3,35.88583333,20.07625,18.32375,0.40125
2012,OCT,10,1,26.03,35.96125,19.25125,17.205,0.4
2012,OCT,10,2,22.02,36.13166667,18.96791667,16.375,0.3925
2012,OCT,10,3,17.71,36.30083333,19.04541667,16.13625,0.37375
2012,OCT,10,4,26.41,36.58416667,19.0475,11.57625,0.33625
2012,OCT,10,5,30.97,37.85166667,19.18666667,11.39375,0.32
2012,OCT,10,6,32.65,39.02708333,19.29041667,10.89625,0.31625
2012,OCT,10,7,31.46,39.17,19.26333333,10.21375,0.3275
2012,OCT,10,8,28.4,39.9725,19.30958333,9.9075,0.34375
2012,OCT,10,9,27.1,40.30083333,19.25583333,10.065,0.355
2012,OCT,10,10,26.38,40.82875,19.37833333,10.48875,0.36
2012,OCT,10,11,25.56,41.125,19.64625,11.08375,0.36
2012,OCT,10,12,24.94,41.57166667,19.55,12.45625,0.3575
2012,OCT,10,13,25.59,41.1625,19.83625,14.035,0.3575
2012,OCT,10,14,23.82,41.07083333,19.66333333,16.29375,0.35625
2012,OCT,10,15,24.81,41.30458333,19.80458333,18.365,0.34375
2012,OCT,10,16,21.45,40.805,19.06791667,19.87875,0.3275
2012,OCT,10,17,22.12,41.71,18.75666667,21.02,0.315
2012,OCT,10,18,27.19,41.4975,18.38583333,21.405,0.3075
2012,OCT,10,19,28.18,42.14916667,18.13458333,25.07125,0.30625
2012,OCT,10,20,30.74,41.25958333,17.55708333,23.88125,0.31
2012,OCT,10,21,23.16,41.36375,15.50458333,22.4775,0.31125
2012,OCT,10,22,23.78,40.97416667,15.86916667,20.53125,0.31
2012,OCT,10,23,18.82,40.50916667,15.83166667,18.9025,0.31
2012,OCT,11,0,19.02,40.26166667,15.9775,17.65875,0.31
2012,OCT,11,1,17.77,39.98541667,16.22916667,16.57,0.31375
2012,OCT,11,2,15.7,39.81166667,16.28166667,15.81,0.31875
2012,OCT,11,3,16.86,39.78375,16.36041667,11.53625,0.3225
2012,OCT,11,4,17.56,39.78041667,16.78458333,11.815,0.3225
2012,OCT,11,5,20.06,38.87041667,17.03708333,11.86125,0.325
2012,OCT,11,6,22.6,37.74333333,17.07625,11.7725,0.3275
2012,OCT,11,7,26.7,37.455,17.13666667,11.4325,0.3275
2012,OCT,11,8,27.38,36.80458333,17.07666667,11.085,0.3325
2012,OCT,11,9,24.18,36.62083333,17.33875,11.09375,0.33375
2012,OCT,11,10,23.16,36.83666667,17.7675,11.52625,0.33125
2012,OCT,11,11,22.21,37.17458333,17.91083333,12.13125,0.32625
2012,OCT,11,12,24.43,38.1925,18.51416667,12.885,0.32125
2012,OCT,11,13,23.82,40.405,18.66916667,14.03625,0.31625
2012,OCT,11,14,21.69,42.48916667,18.62375,15.49125,0.31375
2012,OCT,11,15,24.63,44.46958333,18.88875,16.9675,0.31375
2012,OCT,11,16,23.94,45.51458333,19.4275,18.38625,0.30875
2012,OCT,11,17,25.01,45.94458333,19.69541667,19.535,0.30375
2012,OCT,11,18,27.29,46.59041667,20.08083333,23.595,0.30125
2012,OCT,11,19,28.96,46.84666667,21.76458333,23.37875,0.30375
2012,OCT,11,20,25.99,46.23375,22.58,22.76375,0.3075
2012,OCT,11,21,22.35,45.73875,22.94375,21.84375,0.3075
2012,OCT,11,22,22.15,45.745,22.73916667,20.6275,0.3075
2012,OCT,11,23,18.79,45.59166667,22.85166667,19.60625,0.3075
2012,OCT,12,0,21.36,46.02375,24.08875,18.4125,0.30875
2012,OCT,12,1,17.89,46.19,24.39708333,17.27375,0.31
2012,OCT,12,2,17.18,46.36791667,24.65875,12.8225,0.31125
2012,OCT,12,3,16.6,46.3675,24.54291667,12.4125,0.31
2012,OCT,12,4,20.08,46.3625,24.07208333,12.05,0.30875
2012,OCT,12,5,26,46.38291667,23.64083333,11.4975,0.31125
2012,OCT,12,6,25.39,46.67666667,23.45958333,11.25125,0.31125
2012,OCT,12,7,27.7,46.46083333,23.30583333,10.84,0.31375
2012,OCT,12,8,24.37,46.305,23.29458333,10.69875,0.32375
2012,OCT,12,9,22.42,46.14166667,23.25583333,10.7425,0.33375
2012,OCT,12,10,19.77,46.24166667,23.21666667,11.1775,0.33875
2012,OCT,12,11,21.44,48.07708333,23.77875,11.7875,0.33875
2012,OCT,12,12,21.75,48.68666667,23.625,12.715,0.34125
2012,OCT,12,13,19.98,46.605,23.18708333,14.2325,0.3425
2012,OCT,12,14,19.5,44.31041667,23.25583333,15.74375,0.34625
2012,OCT,12,15,19.86,43.74333333,22.58458333,17.555,0.34625
2012,OCT,12,16,19.96,44.72208333,21.96083333,19.28125,0.3375
2012,OCT,12,17,22.22,45.4025,21.92291667,24.2475,0.3275
2012,OCT,12,18,24.11,45.60875,21.33375,24.80375,0.32375
2012,OCT,12,19,27.94,45.47916667,19.51416667,24.8425,0.32625
2012,OCT,12,20,26.98,45.96833333,18.40875,24.40875,0.32875
2012,OCT,12,21,25.3,46.00375,17.84625,23.60625,0.33125
2012,OCT,12,22,22.87,45.96541667,17.30541667,22.73625,0.33125
2012,OCT,12,23,21.49,46.2675,17.42833333,21.46625,0.33
2012,OCT,13,0,19.38,45.70583333,16.0425,20.20625,0.3275
2012,OCT,13,1,20.61,45.62625,15.8575,15.2175,0.32625
2012,OCT,13,2,18.89,45.54791667,15.97125,14.27875,0.32375
2012,OCT,13,3,16.72,45.39708333,15.80416667,13.92375,0.32
2012,OCT,13,4,17.74,45.32708333,15.91833333,13.67625,0.31375
2012,OCT,13,5,18.09,45.01416667,15.925,13.36875,0.3075
2012,OCT,13,6,22.4,44.57375,16.0775,12.81625,0.30375
2012,OCT,13,7,28.1,44.455,16.08291667,12.27375,0.3025
2012,OCT,13,8,27.89,45.03708333,16.04375,11.87125,0.31625
2012,OCT,13,9,23.1,44.96125,16.13208333,11.9325,0.33
2012,OCT,13,10,21.63,44.41583333,15.79458333,12.40625,0.3375
2012,OCT,13,11,22.77,42.24291667,15.07625,12.93375,0.34
2012,OCT,13,12,23.8,40.175,15.10958333,14.0725,0.34125
2012,OCT,13,13,22.05,39.40916667,15.5275,15.75125,0.3425
2012,OCT,13,14,18.89,39.2775,15.49708333,18.03875,0.34375
2012,OCT,13,15,18.42,37.91125,15.53875,20.76,0.345
2012,OCT,13,16,17.11,36.01125,15.60416667,26.74375,0.33125
2012,OCT,13,17,18.16,34.32875,15.39791667,29.8025,0.3175
2012,OCT,13,18,19.7,33.19916667,15.33333333,32.19875,0.31
2012,OCT,13,19,42.97,33.59833333,15.38291667,32.39875,0.32
2012,OCT,13,20,31.21,33.98666667,16.06041667,31.42375,0.33375
2012,OCT,13,21,23.93,34.03916667,16.41875,29.8175,0.3425
2012,OCT,13,22,22.37,34.33208333,16.57041667,27.7575,0.35
2012,OCT,13,23,21.06,34.2925,16.20666667,25.4825,0.35
2012,OCT,14,0,21.94,34.665,16.20541667,19.695,0.35
2012,OCT,14,1,20.83,35.05708333,16.00291667,16.3625,0.35125
2012,OCT,14,2,21.53,35.79583333,15.54625,13.30625,0.35375
2012,OCT,14,3,24.38,36.2225,15.53833333,11.96625,0.34375
2012,OCT,14,4,28.15,36.74791667,15.38458333,11.13625,0.33
2012,OCT,14,5,32.29,37.70833333,15.42291667,10.48875,0.32125
2012,OCT,14,6,33.24,38.37833333,15.33875,9.85375,0.3125
2012,OCT,14,7,29.67,38.82916667,15.39083333,9.2875,0.31125
2012,OCT,14,8,26.62,38.59291667,15.4125,8.94375,0.31375
2012,OCT,14,9,22.68,38.155,14.96333333,9.14,0.31375
2012,OCT,14,10,20.64,37.59541667,14.87708333,9.805,0.31125
2012,OCT,14,11,21.7,37.27916667,15.45375,11.28625,0.3075
2012,OCT,14,12,28.69,38.62625,18.19541667,13.46625,0.30625
2012,OCT,14,13,34.25,40.55916667,21.02,17.7025,0.32375
2012,OCT,14,14,23.64,40.55125,21.13875,21.45,0.33625
2012,OCT,14,15,24.86,40.95333333,22.09875,28.0775,0.34375
2012,OCT,14,16,22.56,41.35875,23.38333333,31.03625,0.345
2012,OCT,14,17,19.91,40.78916667,23.87958333,33.06,0.3625
2012,OCT,14,18,22.5,40.96791667,24.32791667,34.57875,0.41625
2012,OCT,14,19,29.02,40.11958333,23.97666667,34.53125,0.432857143
2012,OCT,14,20,31.02,39.93208333,23.70791667,33.38125,0.437142857
2012,OCT,14,21,28.51,40.3125,23.98333333,30.2025,0.417142857
2012,OCT,14,22,26.92,40.26083333,24.55166667,27.5525,0.404285714
2012,OCT,14,23,25.53,41.6775,25.62625,21.67375,0.4
2012,OCT,15,0,23.77,42.53625,27.78833333,19.22875,0.402857143
2012,OCT,15,1,23.06,42.77583333,29.91583333,17.29625,0.381428571
2012,OCT,15,2,20.56,42.42666667,30.9775,15.57,0.32
2012,OCT,15,3,18.21,42.37416667,31.55791667,14.78625,0.3175
2012,OCT,15,4,16.03,41.99291667,31.71708333,14.8825,0.3125
2012,OCT,15,5,15.88,41.1975,31.66083333,15.1025,0.31125
2012,OCT,15,6,20,40.86166667,31.64208333,15.0975,0.3125
2012,OCT,15,7,28.98,40.45458333,31.62916667,14.94375,0.33
2012,OCT,15,8,27.59,40.03541667,31.57708333,14.99875,0.36375
2012,OCT,15,9,21.53,40.21375,31.54375,15.61125,0.39125
2012,OCT,15,10,20.79,40.34125,31.46291667,16.355,0.41375
2012,OCT,15,11,21.86,40.30833333,30.63333333,17.3675,0.43375
2012,OCT,15,12,22.31,38.87166667,27.20791667,18.61125,0.45375
2012,OCT,15,13,22.56,36.89583333,23.83083333,20.22,0.47375
2012,OCT,15,14,22.07,36.61958333,23.31375,22.79625,0.48625
2012,OCT,15,15,20.47,36.17541667,22.02958333,24.92375,0.475
2012,OCT,15,16,18.52,36.43166667,20.49,27.28625,0.4425
2012,OCT,15,17,18.67,37.64541667,19.58333333,29.505,0.42
2012,OCT,15,18,24.4,37.77791667,18.90625,31.05125,0.40375
2012,OCT,15,19,50.75,41.70583333,19.01041667,30.725,0.41125
2012,OCT,15,20,52.78,44.68166667,18.73208333,28.7775,0.47125
2012,OCT,15,21,34.91,45.6125,18.84541667,26.5925,0.48625
2012,OCT,15,22,27.94,45.91791667,17.97791667,23.675,0.49375
2012,OCT,15,23,24.83,44.92208333,16.68625,21.85875,0.495
2012,OCT,16,0,24.73,44.21166667,14.245,19.655,0.4925
2012,OCT,16,1,24.53,43.71833333,11.8975,17.02875,0.4875
2012,OCT,16,2,27.46,43.68958333,10.8775,14.6375,0.48125
2012,OCT,16,3,25.26,43.81416667,10.33208333,13.8525,0.45375
2012,OCT,16,4,25.18,43.96333333,10.12333333,14.2325,0.37375
2012,OCT,16,5,30.29,44.37375,10.11041667,14.1175,0.33875
2012,OCT,16,6,40.82,45.18958333,10.10416667,13.4725,0.32
2012,OCT,16,7,41.39,46.41416667,10.07125,12.50625,0.32875
2012,OCT,16,8,40.81,47.66458333,10.08208333,11.53625,0.37625
2012,OCT,16,9,36.57,49.18708333,10.09125,11.00625,0.40625
2012,OCT,16,10,24.02,50.5225,10.08708333,11.4775,0.41125
2012,OCT,16,11,20.98,51.39125,10.11458333,12.24375,0.41125
2012,OCT,16,12,22.54,52.33291667,10.14833333,13.52125,0.4125
2012,OCT,16,13,21.13,52.78708333,10.19791667,19.5375,0.41375
2012,OCT,16,14,20.03,52.96,10.25083333,22.97625,0.41
2012,OCT,16,15,20.79,53.54833333,10.30041667,26.92375,0.39
2012,OCT,16,16,23.46,53.565,10.31916667,30.75625,0.3375
2012,OCT,16,17,24.7,53.42666667,10.35875,34.18375,0.3075
2012,OCT,16,18,31.57,54.05541667,10.42125,36.4275,0.305
2012,OCT,16,19,49.38,51.50666667,10.46875,36.905,0.325
2012,OCT,16,20,64.64,51.21625,10.19458333,35.3475,0.41125
2012,OCT,16,21,38.04,52.56375,9.225416667,30.10875,0.45875
2012,OCT,16,22,30.92,52.68666667,9.095416667,28.0225,0.47375
2012,OCT,16,23,27.9,52.59125,9.04,25.555,0.47875
2012,OCT,17,0,32.89,52.95291667,9.020833333,22.9,0.48
2012,OCT,17,1,40.36,53.52708333,9.007916667,19.685,0.48125
2012,OCT,17,2,44.74,54.56083333,9.004166667,16.385,0.47875
2012,OCT,17,3,43.19,55.1175,9.024583333,14.4725,0.46
2012,OCT,17,4,35.24,55.36666667,9.060833333,14.465,0.37625
2012,OCT,17,5,33.56,55.57666667,9.090416667,13.785,0.3325
2012,OCT,17,6,34.76,55.28708333,9.064166667,13.0425,0.32
2012,OCT,17,7,44.77,55.77958333,9.09875,11.70875,0.32875
2012,OCT,17,8,39.5,57.59333333,9.160416667,10.81375,0.365
2012,OCT,17,9,30.74,57.36208333,9.2525,11.20375,0.37875
2012,OCT,17,10,26.95,56.65166667,9.36125,12.495,0.38375
2012,OCT,17,11,23.2,55.95875,9.45,14.18125,0.38375
2012,OCT,17,12,20.92,55.09333333,9.5425,18.525,0.38
2012,OCT,17,13,20.5,54.59041667,9.619583333,20.6275,0.375
2012,OCT,17,14,20.26,54.34416667,9.696666667,23.01125,0.37375
2012,OCT,17,15,21.07,53.51541667,9.78125,26.13125,0.36375
2012,OCT,17,16,21.33,52.98458333,9.908333333,29.4525,0.33125
2012,OCT,17,17,21.22,52.61166667,10.03291667,32.1675,0.32375
2012,OCT,17,18,23.47,52.79083333,10.14708333,33.9975,0.325
2012,OCT,17,19,40.71,53.73208333,10.255,34.12125,0.325
2012,OCT,17,20,41.8,53.2975,10.34708333,30.55625,0.325
2012,OCT,17,21,37.67,52.21166667,10.42458333,29.15375,0.325
2012,OCT,17,22,34.98,52.09791667,10.5425,27.8,0.32375
2012,OCT,17,23,37.25,52.54875,10.68791667,26.03625,0.32
2012,OCT,18,0,32.02,52.30166667,10.81875,24.4125,0.31625
2012,OCT,18,1,33.86,51.89291667,10.83166667,22.295,0.30875
2012,OCT,18,2,28.24,50.97541667,10.82083333,20.9075,0.305
2012,OCT,18,3,41.82,51.14666667,10.82208333,19.9225,0.30625
2012,OCT,18,4,45.57,51.8025,10.82541667,18.87625,0.30875
2012,OCT,18,5,44.18,52.47666667,10.85625,17.7875,0.31
2012,OCT,18,6,50.31,53.42833333,10.91833333,16.305,0.3125
2012,OCT,18,7,55.71,55.64875,11.0575,14.9,0.35625
2012,OCT,18,8,52.01,56.90625,11.1775,13.1925,0.4425
2012,OCT,18,9,54.19,60.37125,11.31541667,12.255,0.5075
2012,OCT,18,10,48.48,61.36791667,11.44333333,11.5975,0.5575
2012,OCT,18,11,33.81,61.93166667,11.63208333,16.115,0.5725
2012,OCT,18,12,23.52,63.18375,12.51583333,20.615,0.57125
2012,OCT,18,13,25.57,64.5925,13.15291667,25.6,0.57
2012,OCT,18,14,22.15,65.56041667,13.32916667,30.79625,0.5675
2012,OCT,18,15,20.42,66.46833333,13.52916667,36.32375,0.525
2012,OCT,18,16,21.66,67.77708333,13.9075,42.2075,0.43875
2012,OCT,18,17,27.7,69.595,14.47291667,48.01375,0.37375
2012,OCT,18,18,40.31,71.30333333,14.955,52.08375,0.32625
2012,OCT,18,19,57.99,71.395,15.39208333,50.24875,0.32625
2012,OCT,18,20,52.29,70.73791667,15.51625,47.39875,0.335
2012,OCT,18,21,62.19,71.855,15.65041667,42.98375,0.34125
2012,OCT,18,22,60.96,74.03125,15.78041667,38.215,0.345
2012,OCT,18,23,49.06,75.71416667,15.8875,33.67375,0.345
2012,OCT,19,0,36.15,76.7075,15.99875,29.425,0.34375
2012,OCT,19,1,49.54,78.045,16.07166667,23.7825,0.34375
2012,OCT,19,2,63.86,79.57208333,16.10041667,18.72,0.34
2012,OCT,19,3,61.01,80.40333333,16.08958333,15.2375,0.32375
2012,OCT,19,4,55.41,80.81708333,16.08958333,13.455,0.315
2012,OCT,19,5,52.34,81.35291667,16.115,12.69625,0.31
2012,OCT,19,6,51.69,81.27083333,16.0725,12.1175,0.30625
2012,OCT,19,7,50.91,78.94166667,15.92875,11.1275,0.305
2012,OCT,19,8,49.25,77.18666667,15.80958333,9.46,0.315
2012,OCT,19,9,52.36,76.15875,15.77041667,9.155,0.33125
2012,OCT,19,10,40.29,76.42,15.67208333,14.55375,0.33875
2012,OCT,19,11,38.08,77.59791667,15.51708333,16.83,0.34
2012,OCT,19,12,32.8,77.79041667,14.95125,19.97875,0.33875
2012,OCT,19,13,27.43,77.73333333,14.4325,23.90125,0.3375
2012,OCT,19,14,17.49,77.95,14.40833333,29.24875,0.3875
2012,OCT,19,15,20.66,77.94625,14.31875,34.59125,0.39375
2012,OCT,19,16,22.17,77.14333333,13.97875,39.27125,0.39
2012,OCT,19,17,24.59,76.65791667,13.47333333,43.43125,0.37875
2012,OCT,19,18,42.39,76.5175,13.07,40.3275,0.37125
2012,OCT,19,19,64.82,76.08,12.85666667,38.76125,0.4525
2012,OCT,19,20,55.12,76.46875,14.56791667,36.025,0.48125
2012,OCT,19,21,36.65,75.58416667,14.87041667,33.2825,0.48375
2012,OCT,19,22,31.67,73.97291667,14.9425,29.22125,0.43375
2012,OCT,19,23,27.64,72.31791667,15.03708333,25.2875,0.42875
2012,OCT,20,0,27.65,71.81625,15.16958333,21.6425,0.42625
2012,OCT,20,1,24.67,71.10791667,15.29166667,18.4525,0.42125
2012,OCT,20,2,28.51,70.74208333,17.16416667,16.93,0.42125
2012,OCT,20,3,27.88,70.09333333,17.82458333,16.8775,0.3425
2012,OCT,20,4,25.1,69.20791667,17.84416667,17.3,0.31875
2012,OCT,20,5,25.63,68.50416667,17.70791667,17.17125,0.32
2012,OCT,20,6,28.28,67.58708333,17.59166667,16.89125,0.3225
2012,OCT,20,7,34.13,66.62041667,17.73625,16.005,0.32125
2012,OCT,20,8,37.28,65.02125,17.59416667,15.1475,0.32
2012,OCT,20,9,34.71,62.77416667,17.42416667,17.80625,0.32375
2012,OCT,20,10,31.24,62.20291667,17.64958333,17.9125,0.32875
2012,OCT,20,11,24.28,61.06791667,17.65583333,19.20375,0.325
2012,OCT,20,12,25.89,60.51625,18.2975,20.77125,0.32125
2012,OCT,20,13,30.27,60.3725,19.64958333,22.31375,0.32875
2012,OCT,20,14,27.87,60.56875,20.28375,25.09,0.3525
2012,OCT,20,15,28.73,61.26416667,20.73916667,28.73125,0.39625
2012,OCT,20,16,26.08,61.71208333,21.10666667,33.02375,0.4075
2012,OCT,20,17,24.96,61.81375,21.9575,34.14125,0.41
2012,OCT,20,18,26.52,60.17125,22.04458333,37.4825,0.4075
2012,OCT,20,19,43.01,59.19208333,21.825,38.2125,0.42375
2012,OCT,20,20,59.59,60.5025,19.99791667,36.84875,0.505
2012,OCT,20,21,61.01,61.8325,19.86041667,34.7775,0.635
2012,OCT,20,22,41.2,62.29083333,19.78625,31.87,0.64875
2012,OCT,20,23,32.52,62.73541667,19.61625,28.6825,0.6175
2012,OCT,21,0,35.56,63.26625,19.40625,24.85,0.60625
2012,OCT,21,1,37.59,63.77458333,19.30416667,20.10375,0.6
2012,OCT,21,2,38.28,63.78708333,17.4425,16.49875,0.59625
2012,OCT,21,3,35.87,64.16958333,16.87208333,14.8775,0.57875
2012,OCT,21,4,33.94,64.69291667,16.86083333,14.295,0.49625
2012,OCT,21,5,35.53,64.79,16.98166667,14.11375,0.35625
2012,OCT,21,6,35.25,65.10416667,17.10583333,13.34,0.3175
2012,OCT,21,7,33.91,65.14,16.96,12.48,0.305
2012,OCT,21,8,30.88,64.90666667,17.03041667,16.24125,0.3025
2012,OCT,21,9,26.74,64.08333333,17.04875,16.94,0.3025
2012,OCT,21,10,23.72,63.12791667,16.76041667,17.715,0.3025
2012,OCT,21,11,24.77,62.13666667,16.8575,18.89125,0.3025
2012,OCT,21,12,24.07,60.78125,15.97708333,21.24,0.30375
2012,OCT,21,13,22.48,59.50666667,14.57125,24.2125,0.30625
2012,OCT,21,14,22.74,58.36416667,13.825,27.73625,0.31125
2012,OCT,21,15,24.81,57.28125,13.61625,30.69375,0.315
2012,OCT,21,16,24.39,56.96208333,13.93583333,28.86,0.31875
2012,OCT,21,17,28.46,55.98458333,14.31291667,30.3325,0.3225
2012,OCT,21,18,24.37,55.63958333,14.76458333,30.8375,0.325
2012,OCT,21,19,25.84,54.4125,14.90041667,30.45625,0.32875
2012,OCT,21,20,25.53,50.57583333,15.01166667,29.41375,0.3325
2012,OCT,21,21,23.41,48.0175,15.08916667,28.145,0.33625
2012,OCT,21,22,29.53,47.41666667,16.64583333,26.1525,0.3375
2012,OCT,21,23,30.15,47.61166667,18.64791667,24.72,0.345
2012,OCT,22,0,22.2,45.905,18.68833333,24.07125,0.35375
2012,OCT,22,1,19.68,44.53166667,18.595,23.6525,0.35
2012,OCT,22,2,25.96,43.78416667,19.09708333,22.99875,0.3475
2012,OCT,22,3,20.91,42.37166667,19.24375,22.565,0.34375
2012,OCT,22,4,26.24,41.775,19.99625,21.93,0.33875
2012,OCT,22,5,31.46,40.79541667,20.11166667,20.22875,0.33125
2012,OCT,22,6,35.1,40.31041667,20.1725,18.8575,0.32625
2012,OCT,22,7,38.05,39.9525,20.24625,22.01375,0.32625
2012,OCT,22,8,35.62,40.06166667,20.32166667,20.255,0.3425
2012,OCT,22,9,33.51,41,20.385,18.80375,0.3775
2012,OCT,22,10,28.23,42.15,20.47208333,18.7925,0.4025
2012,OCT,22,11,26.39,42.87458333,20.36625,19.22875,0.4225
2012,OCT,22,12,30.64,44.26791667,22.85291667,20.17125,0.435
2012,OCT,22,13,38.41,46.45166667,26.45375,22.56,0.465
2012,OCT,22,14,35.73,47.56333333,28.55791667,26.00125,0.525
2012,OCT,22,15,29.99,48.05333333,29.16208333,24.65375,0.56375
2012,OCT,22,16,28.13,48.97833333,29.85541667,28.7925,0.57375
2012,OCT,22,17,21.22,48.89166667,28.88208333,31.7075,0.55625
2012,OCT,22,18,31.98,49.77333333,29.16333333,32.84375,0.55
2012,OCT,22,19,50.66,51.25416667,29.36625,31.89625,0.57125
2012,OCT,22,20,47.91,52.86708333,31.21,30.25125,0.61125
2012,OCT,22,21,32.67,53.70666667,32.46458333,28.48,0.60625
2012,OCT,22,22,31.34,54.20916667,32.5575,25.95125,0.55375
2012,OCT,22,23,29.57,53.21083333,31.11416667,23.6275,0.5075
2012,OCT,23,0,26.14,53.99333333,31.50458333,20.3075,0.47
2012,OCT,23,1,25.62,54.33083333,31.995,17.96625,0.4525
2012,OCT,23,2,26.61,53.71833333,31.65125,16.4875,0.43375
2012,OCT,23,3,25.16,54.07791667,32.02,16.4375,0.3925
2012,OCT,23,4,27.37,53.64583333,31.52791667,16.72,0.34
2012,OCT,23,5,35.21,53.58875,31.43541667,15.9275,0.315
2012,OCT,23,6,32.53,53.40208333,31.38041667,18.18,0.30625
2012,OCT,23,7,32.95,53.24208333,31.25958333,17.58625,0.31
2012,OCT,23,8,37.58,53.33833333,31.1725,16.91,0.32875
2012,OCT,23,9,37.09,52.92166667,31.95458333,16.525,0.3575
2012,OCT,23,10,32.35,52.24125,33.33125,17.06625,0.3775
2012,OCT,23,11,28.36,52.19166667,34.7375,18.345,0.39
2012,OCT,23,12,35.08,52.45166667,36.35916667,20.005,0.41
2012,OCT,23,13,40.73,52.01375,37.13708333,22.48,0.43125
2012,OCT,23,14,68.65,51.08125,36.91166667,22.07625,0.445
2012,OCT,23,15,82.7,49.9925,37.44875,24.78375,0.44375
2012,OCT,23,16,87.58,50.20041667,37.19304348,27.94625,0.46
2012,OCT,23,17,95.24,50.09583333,38.13954545,30.36375,0.4475
2012,OCT,23,18,89.11,50.9,38.50142857,31.10375,0.45375
2012,OCT,23,19,94.2,49.96291667,38.62238095,30.3125,0.47375
2012,OCT,23,20,91.99,49.73416667,40.66952381,29.3325,0.505
2012,OCT,23,21,70.15,49.18541667,41.07047619,27.87,0.52125
2012,OCT,23,22,68.25,48.69416667,38.79238095,26.1825,0.52125
2012,OCT,23,23,53.16,48.71,38.01857143,24.26625,0.52
2012,OCT,24,0,60.53,48.56083333,38.902,21.8375,0.485
2012,OCT,24,1,60.56,49.005,39.4535,19.4175,0.46875
2012,OCT,24,2,58.14,49.57791667,39.244,18.21625,0.4425
2012,OCT,24,3,52.29,49.14458333,38.3075,17.74875,0.41
2012,OCT,24,4,58.03,48.92666667,39.34684211,17.19,0.35875
2012,OCT,24,5,56.96,48.7775,40.79833333,19.57625,0.32125
2012,OCT,24,6,71.27,49.22291667,NA,18.46,0.3125
2012,OCT,24,7,73.81,49.65125,NA,17.4125,0.32375
2012,OCT,24,8,88.24,49.83041667,NA,16.61625,0.3575
2012,OCT,24,9,52.16,50.05583333,NA,16.285,0.38625
2012,OCT,24,10,27.23,50.11416667,NA,16.79875,0.40125
2012,OCT,24,11,22.75,49.82875,NA,17.9925,0.40375
2012,OCT,24,12,23.27,48.53875,NA,18.34428571,0.4675
2012,OCT,24,13,NA,46.87625,NA,15.66,0.5325
2012,OCT,24,14,NA,47.22434783,NA,17.87571429,0.61125
2012,OCT,24,15,NA,48.19863636,NA,20.27714286,0.71125
2012,OCT,24,16,23.88,46.77952381,NA,22.75571429,0.7525
2012,OCT,24,17,24.7,46.8555,NA,26.03857143,0.81375
2012,OCT,24,18,27.33,43.2845,30.66388889,27.54285714,0.885
2012,OCT,24,19,39.98,42.2555,30.87777778,26.75142857,1.025
2012,OCT,24,20,36.49,41.2315,27.07388889,25.37625,1.13875
2012,OCT,24,21,26.17,40.6675,25.93555556,25.20125,1.21625
2012,OCT,24,22,24.61,39.7795,30.04666667,24.03125,1.24625
2012,OCT,24,23,22.04,39.8525,34.26388889,22.77,1.22125
2012,OCT,25,0,19.28,39.998,33.81473684,21.48125,1.21875
2012,OCT,25,1,17.45,39.3725,32.89315789,19.1825,1.18
2012,OCT,25,2,19.53,38.826,35.05421053,17.13375,1.13875
2012,OCT,25,3,18.23,39.4015,35.92315789,16.45625,1.0375
2012,OCT,25,4,18.96,39.4945,35.591,16.32375,0.89875
2012,OCT,25,5,21.87,40.0445,35.22428571,15.74875,0.7975
2012,OCT,25,6,24.3,39.8785,34.48772727,14.96625,0.73375
2012,OCT,25,7,29.77,40.2845,34.05782609,14.05,0.725
2012,OCT,25,8,30.75,40.4155,33.39291667,13.1125,0.82875
2012,OCT,25,9,25.16,38.954,33.69666667,12.7025,0.975
2012,OCT,25,10,20.59,38.672,33.81833333,13.05125,1.11
2012,OCT,25,11,19.68,38.292,33.84208333,14.355,1.21125
2012,OCT,25,12,23.51,38.288,35.36166667,16.61125,1.28625
2012,OCT,25,13,31.07,39.1975,38.52291667,19.23,1.355
2012,OCT,25,14,30.37,40.03238095,39.43791667,24,1.45875
2012,OCT,25,15,21.76,40.18545455,38.99583333,28.90125,1.54125
2012,OCT,25,16,21.46,40.17130435,38.51,33.88,1.5325
2012,OCT,25,17,21.44,40.8925,39.29,39.4125,1.5025
2012,OCT,25,18,20.54,42.32833333,39.44833333,43.735,1.4675
2012,OCT,25,19,50.46,44.69041667,39.14166667,44.67,1.51875
2012,OCT,25,20,74.39,51.32125,38.60041667,41.9975,1.8675
2012,OCT,25,21,78.33,58.15125,40.58875,38.945,2.61
2012,OCT,25,22,35.04,61.14208333,43.46583333,34.67375,3.28125
2012,OCT,25,23,36.38,61.71625,43.165,30.4025,3.58375
2012,OCT,26,0,35.3,62.61833333,42.95916667,25.63375,3.6775
2012,OCT,26,1,37.21,63.39541667,42.98875,19.75625,3.65125
2012,OCT,26,2,40.33,64.78333333,41.75541667,14.36,3.6225
2012,OCT,26,3,35.94,65.83583333,41.44125,11.7125,3.54625
2012,OCT,26,4,35.85,67.5975,40.89125,11.78125,3.21
2012,OCT,26,5,35.29,68.31625,40.37666667,11.91125,2.46375
2012,OCT,26,6,37.79,69.03583333,40.2575,11.41125,1.77375
2012,OCT,26,7,38.34,69.82166667,39.97,10.92125,1.53375
2012,OCT,26,8,37.71,70.10208333,39.94625,10.80125,1.5375
2012,OCT,26,9,35.33,71.60708333,39.92916667,10.9875,1.63625
2012,OCT,26,10,32.04,73.4525,39.94291667,11.93125,1.72
2012,OCT,26,11,24.97,74.6175,39.83291667,13.85875,1.74375
2012,OCT,26,12,22.59,74.77291667,38.07875,16.26875,1.7225
2012,OCT,26,13,22.92,73.92208333,34.6925,19.3075,1.7075
2012,OCT,26,14,22.32,72.86041667,32.28583333,22.53,1.6475
2012,OCT,26,15,15.95,72.1825,32.08833333,27.0975,1.46
2012,OCT,26,16,15.03,71.90166667,31.22333333,32.61875,1.2225
2012,OCT,26,17,22.57,71.62875,30.0825,36.57125,1.01375
2012,OCT,26,18,33.8,70.94916667,30.82083333,38.1075,0.89
2012,OCT,26,19,28.57,69.11583333,31.21541667,37.38875,0.89125
2012,OCT,26,20,25.94,62.66416667,32.1,35.74625,0.88125
2012,OCT,26,21,20.87,56.47583333,29.54083333,33.90625,0.8625
2012,OCT,26,22,20.23,53.82791667,25.63166667,31.53875,0.84875
2012,OCT,26,23,18.41,53.61375,24.07375,27.87625,0.85375
2012,OCT,27,0,22.95,53.79541667,28.8075,22.9675,0.8725
2012,OCT,27,1,17.44,53.65666667,29.29125,19.9875,0.90625
2012,OCT,27,2,18.59,52.2125,29.77916667,18.925,0.885
2012,OCT,27,3,21.62,51.365,31.19666667,18.49125,0.79375
2012,OCT,27,4,25.34,50.63541667,33.68625,18.19375,0.74875
2012,OCT,27,5,20.8,50.25833333,34.08458333,17.61875,0.72875
2012,OCT,27,6,26.25,49.3975,34.7875,17.3425,0.72875
2012,OCT,27,7,30.04,47.62708333,34.96208333,16.62375,0.77875
2012,OCT,27,8,30.32,45.60458333,35.26666667,16.21625,0.865
2012,OCT,27,9,24.35,43.55125,36.20375,15.73625,0.945
2012,OCT,27,10,23.36,41.66083333,37.65458333,15.35625,1.02375
2012,OCT,27,11,23.28,41.75208333,39.56458333,15.95875,1.09875
2012,OCT,27,12,21.16,42.93583333,39.7325,17.56,1.1725
2012,OCT,27,13,21.87,43.97,39.04041667,19.78875,1.23875
2012,OCT,27,14,21.69,44.82375,39.22166667,22.30375,1.29875
2012,OCT,27,15,20.24,45.065,39.34291667,25.17625,1.32375
2012,OCT,27,16,17.05,45.19125,39.32166667,28.3175,1.29875
2012,OCT,27,17,17.91,44.55916667,39.24916667,31.2075,1.25125
2012,OCT,27,18,18.03,44.18666667,37.83458333,33.58375,1.21
2012,OCT,27,19,22.79,43.78541667,37.43208333,33.59125,1.1875
2012,OCT,27,20,20.87,43.16166667,36.72458333,32.2275,1.1775
2012,OCT,27,21,20.22,41.90208333,36.91708333,30.18,1.18
2012,OCT,27,22,20.91,41.41875,36.08083333,27.68,1.1825
2012,OCT,27,23,18.36,40.86458333,35.19958333,25.38,1.1875
2012,OCT,28,0,17.33,39.42583333,30.7125,22.78875,1.18375
2012,OCT,28,1,18.06,38.78708333,30.515,19.97125,1.15
2012,OCT,28,2,21.3,39.16875,31.24625,17.05625,1.11625
2012,OCT,28,3,17.65,38.61833333,29.92125,16.3325,1.0675
2012,OCT,28,4,16.87,37.26958333,27.39625,16.38375,1
2012,OCT,28,5,18.37,36.20666667,26.97125,16.55375,0.92125
2012,OCT,28,6,18.96,35.21583333,26.18666667,16.83625,0.84
2012,OCT,28,7,23.92,34.52625,25.86833333,16.3225,0.76875
2012,OCT,28,8,22.79,34.07125,25.43125,15.76375,0.745
2012,OCT,28,9,21.6,33.115,24.40041667,16.06,0.78
2012,OCT,28,10,20.2,31.95625,22.88958333,16.77875,0.81625
2012,OCT,28,11,19.87,30.50041667,20.96,17.67375,0.85375
2012,OCT,28,12,19.47,28.80583333,20.64,18.92375,0.90375
2012,OCT,28,13,19.04,27.39625,20.42208333,20.4375,0.9525
2012,OCT,28,14,18.56,25.94583333,20.53125,22.31875,0.99125
2012,OCT,28,15,16.4,25.50625,19.9875,25.155,1.01375
2012,OCT,28,16,21.79,25.05416667,20.64791667,27.7925,1.015
2012,OCT,28,17,28.71,25.47208333,20.94875,28.86625,1.01875
2012,OCT,28,18,24.35,25.49875,20.975,30.06375,1.0225
2012,OCT,28,19,37.06,25.15791667,21.06375,29.97,1.05125
2012,OCT,28,20,45.1,26.12708333,21.47041667,28.3675,1.12
2012,OCT,28,21,43.43,27.26958333,21.39666667,26.15875,1.2625
2012,OCT,28,22,36.69,28.98875,20.7175,24.01375,1.4025
2012,OCT,28,23,28.1,29.97416667,21.07541667,21.73625,1.50375
2012,OCT,29,0,24.08,30.4575,20.58833333,19.5925,1.54875
2012,OCT,29,1,24.07,30.75291667,20.22375,18.1825,1.5275
2012,OCT,29,2,21.59,30.59083333,19.2975,16.56125,1.49
2012,OCT,29,3,19.32,30.86541667,19.3225,15.84125,1.42
2012,OCT,29,4,19.93,31.1925,19.49541667,16.00625,1.2975
2012,OCT,29,5,20.47,31.42541667,19.69416667,16.4075,1.10125
2012,OCT,29,6,23.71,31.57208333,19.7675,16.3325,0.9175
2012,OCT,29,7,29.19,32.40916667,19.88041667,15.57625,0.79
2012,OCT,29,8,26.29,32.99375,19.95041667,15.5125,0.72875
2012,OCT,29,9,22.58,33.76375,20.08416667,15.25375,0.7475
2012,OCT,29,10,24.85,33.89583333,20.16791667,15.48625,0.7925
2012,OCT,29,11,26.64,34.74583333,20.27541667,16.195,0.84875
2012,OCT,29,12,24.7,35.13833333,20.4225,17.8475,0.91125
2012,OCT,29,13,25.91,36.1675,20.83666667,20.26875,0.9675
2012,OCT,29,14,26.8,37.22166667,21.37416667,24.00625,1.02125
2012,OCT,29,15,34.43,38.89708333,24.33583333,28.76875,1.09
2012,OCT,29,16,25.84,41.42916667,24.22625,30.425,1.155
2012,OCT,29,17,27.43,42.03083333,23.68541667,31.97625,1.16125
2012,OCT,29,18,37.36,42.51291667,23.95583333,32.3175,1.17375
2012,OCT,29,19,36.22,44.03541667,26.07375,31.8625,1.2225
2012,OCT,29,20,34.8,43.87,26.885,30.39625,1.25
2012,OCT,29,21,28.12,43.30125,26.42666667,28.555,1.28875
2012,OCT,29,22,20.51,40.9425,26.30541667,26.0925,1.2875
2012,OCT,29,23,31.78,39.41041667,25.79166667,22.15125,1.2625
2012,OCT,30,0,32.17,39.165,25.84083333,20.33875,1.23125
2012,OCT,30,1,30.79,38.89166667,25.99916667,18.85625,1.20125
2012,OCT,30,2,30.65,38.75708333,25.41875,18.17,1.1475
2012,OCT,30,3,28.32,38.645,25.24083333,17.8625,1.045
2012,OCT,30,4,32.95,38.89541667,25.06291667,17.28,0.96125
2012,OCT,30,5,33.05,39.43916667,24.87333333,16.0975,0.8725
2012,OCT,30,6,33.99,40.14791667,24.84416667,14.31625,0.82375
2012,OCT,30,7,35.89,40.21083333,24.80916667,13.78625,0.78125
2012,OCT,30,8,36.36,40.26375,24.84708333,13.18625,0.755
2012,OCT,30,9,32.28,40.61208333,24.7825,12.89125,0.78
2012,OCT,30,10,24.87,40.485,24.77666667,13.51,0.8125
2012,OCT,30,11,23.82,39.35333333,25.11708333,14.8075,0.8325
2012,OCT,30,12,29.2,39.50583333,28.00791667,16.78875,0.8325
2012,OCT,30,13,41.93,40.55583333,32.89458333,21.0425,1.10625
2012,OCT,30,14,24.45,41.39916667,33.06625,26.14125,1.40875
2012,OCT,30,15,21.32,41.14958333,30.23208333,30.0325,1.545
2012,OCT,30,16,20.96,39.32166667,29.61291667,35.76,1.60625
2012,OCT,30,17,28.31,39.02916667,29.76958333,39.62375,1.63375
2012,OCT,30,18,32.53,38.93375,29.90333333,40.22375,1.675
2012,OCT,30,19,39.12,38.40833333,27.93041667,39.3925,1.72875
2012,OCT,30,20,41.09,40.13875,26.45458333,37.74875,1.85375
2012,OCT,30,21,44.81,41.32666667,27.72083333,34.92125,1.6975
2012,OCT,30,22,50.51,42.26208333,29.03333333,29.95125,1.655
2012,OCT,30,23,32.8,43.045,29.52458333,26.53625,1.70875
2012,OCT,31,0,36.81,43.235,29.68791667,21.1775,1.73875
2012,OCT,31,1,38.95,44.16458333,29.6375,17.01,1.7175
2012,OCT,31,2,38.2,44.79583333,29.61791667,15.155,1.6725
2012,OCT,31,3,38.33,45.34875,29.60916667,13.805,1.62375
2012,OCT,31,4,35.72,45.64458333,29.61166667,13.1375,1.51125
2012,OCT,31,5,37.77,46.02083333,29.5875,11.565,1.40875
2012,OCT,31,6,40.78,46.43625,29.54125,11.66,1.17125
2012,OCT,31,7,39.49,46.23416667,29.46125,10.6425,0.99875
2012,OCT,31,8,42.84,46.88541667,29.425,10.18875,0.92625
2012,OCT,31,9,37.67,47.24291667,29.34583333,10.30125,0.97125
2012,OCT,31,10,30.75,47.01083333,29.34166667,11.3,1.04625
2012,OCT,31,11,28.57,47.77291667,29.02166667,13.12125,1.08125
2012,OCT,31,12,23.28,47.4375,26.09916667,15.91,1.09625
2012,OCT,31,13,23.23,45.46708333,20.62541667,19.7475,1.0975
2012,OCT,31,14,22.07,43.99041667,19.3675,23.87125,1.08875
2012,OCT,31,15,29.97,43.18041667,20.16541667,28.135,1.08875
2012,OCT,31,16,33.24,43.77208333,22.32958333,32.77875,1.11375
2012,OCT,31,17,32.36,44.00125,22.09541667,36.51,1.0725
2012,OCT,31,18,44.08,44.1025,21.62875,38.1875,1.0175
2012,OCT,31,19,61.09,43.94125,21.25666667,37.28125,1.10375
2012,OCT,31,20,64.68,43.29875,21.2025,34.435,1.4425
2012,OCT,31,21,64.83,44.42916667,19.96791667,30.8825,1.885
2012,OCT,31,22,60.18,47.17958333,19.02791667,26.50125,2.36625
2012,OCT,31,23,45.93,49.22416667,18.61083333,23.01375,2.62875
