DATOS MÓVILES 2017_DIF,,,,,,,,,
,,,,,,,,,
AŃO,MES,DIA,HORA,NO2,MPM10,MSO2 24HRS,MO3,MCO,MPM2.5
2017,AGO,1,0,NA,58.425,14.54541667,13.24375,0.583,NA
2017,AGO,1,1,NA,58.82541667,15.14041667,12.00375,0.55425,NA
2017,AGO,1,2,NA,58.48333333,15.07458333,10.41,0.5155,NA
2017,AGO,1,3,NA,58.22708333,15.095,8.91375,0.488,NA
2017,AGO,1,4,NA,58.04916667,15.50708333,8.17875,0.45925,NA
2017,AGO,1,5,NA,60.53625,15.73791667,7.37375,0.408,NA
2017,AGO,1,6,NA,60.67541667,15.93875,6.4025,0.0505,NA
2017,AGO,1,7,NA,61.24625,16.01375,5.51625,0.0905,NA
2017,AGO,1,8,NA,61.33333333,15.945,4.245,0.15175,NA
2017,AGO,1,9,NA,60.19625,15.43958333,3.72125,0.21175,NA
2017,AGO,1,10,NA,58.92083333,14.44041667,3.99625,0.25675,NA
2017,AGO,1,11,NA,58.15166667,14.71,5.61875,0.29175,NA
2017,AGO,1,12,NA,58.41125,15.05333333,7.71625,0.31675,NA
2017,AGO,1,13,NA,57.76833333,15.26583333,10.66375,0.3355,NA
2017,AGO,1,14,NA,56.395,15.43291667,14.18375,0.3405,NA
2017,AGO,1,15,NA,57.61083333,15.61,17.52875,0.3105,NA
2017,AGO,1,16,NA,57.43875,15.61625,20.74125,0.26675,NA
2017,AGO,1,17,NA,57.03833333,15.62625,23.265,0.2305,NA
2017,AGO,1,18,NA,52.96375,15.50666667,24.975,0.21425,NA
2017,AGO,1,19,NA,52.31375,15.58541667,25.39375,0.19925,NA
2017,AGO,1,20,NA,53.06708333,15.58541667,24.37375,0.19925,NA
2017,AGO,1,21,NA,53.55666667,15.08666667,22.2525,0.193,NA
2017,AGO,1,22,NA,53.595,10.49916667,19.71375,0.1905,NA
2017,AGO,1,23,NA,53.03416667,9.877083333,17.12625,0.17175,NA
2017,AGO,2,0,NA,52.62041667,7.62875,14.78875,0.158,NA
2017,AGO,2,1,NA,51.6775,7.230833333,12.54125,0.13675,NA
2017,AGO,2,2,NA,51.43166667,7.4425,10.74125,0.108,NA
2017,AGO,2,3,NA,51.68791667,7.417916667,8.85625,0.088,NA
2017,AGO,2,4,NA,51.81541667,7.195416667,8.07625,0.063,NA
2017,AGO,2,5,NA,49.03333333,7.250416667,7.54,0.04175,NA
2017,AGO,2,6,NA,49.14208333,7.121666667,6.6725,0.02425,NA
2017,AGO,2,7,NA,49.69375,7.003333333,5.915,0.063,NA
2017,AGO,2,8,NA,50.26833333,7.1525,5.1825,0.10425,NA
2017,AGO,2,9,NA,51.11208333,6.99125,4.97875,0.148,NA
2017,AGO,2,10,NA,51.895,6.920416667,5.30875,0.17925,NA
2017,AGO,2,11,NA,52.78,6.664166667,6.25875,0.213,NA
2017,AGO,2,12,NA,54.31541667,6.36625,7.60875,0.24175,NA
2017,AGO,2,13,NA,57.78416667,6.3,9.7525,0.27175,NA
2017,AGO,2,14,NA,58.36666667,6.325416667,12.7475,0.2905,NA
2017,AGO,2,15,NA,58.04625,6.327916667,16.1225,0.2605,NA
2017,AGO,2,16,NA,61.13125,6.795,18.85,0.24175,NA
2017,AGO,2,17,NA,63.37791667,6.857916667,20.945,0.2255,NA
2017,AGO,2,18,NA,64.3775,6.811666667,22.33625,0.21925,NA
2017,AGO,2,19,NA,65.05583333,6.944583333,23.82125,0.2105,NA
2017,AGO,2,20,NA,66.01333333,7.0125,24.0925,0.2055,NA
2017,AGO,2,21,NA,66.87083333,7.014166667,23.35,0.18925,NA
2017,AGO,2,22,NA,65.82,6.285833333,21.8925,0.178,NA
2017,AGO,2,23,NA,65.19333333,5.462083333,19.9975,0.178,NA
2017,AGO,3,0,NA,64.97875,5.105416667,18.535,0.16175,NA
2017,AGO,3,1,NA,65.1675,4.78375,17.2125,0.143,NA
2017,AGO,3,2,NA,65.64458333,4.564166667,15.025,0.13175,NA
2017,AGO,3,3,NA,65.9825,4.588333333,12.3625,0.11675,NA
2017,AGO,3,4,NA,65.94875,4.422083333,10.345,0.10425,NA
2017,AGO,3,5,NA,66.14375,4.141666667,8.665,0.10425,NA
2017,AGO,3,6,NA,65.47708333,4.280833333,7.0225,0.12425,NA
2017,AGO,3,7,NA,64.60416667,4.365416667,5.5425,0.17925,NA
2017,AGO,3,8,NA,63.98291667,4.134583333,4.135,0.23175,NA
2017,AGO,3,9,NA,62.15125,4.155,2.8825,0.26925,NA
2017,AGO,3,10,NA,60.52208333,4.20875,3.16375,0.303,NA
2017,AGO,3,11,NA,59.85291667,4.22625,3.8475,0.33425,NA
2017,AGO,3,12,NA,57.48375,4.177916667,5.0275,0.35425,NA
2017,AGO,3,13,NA,53.20166667,4.089583333,8.09875,0.3705,NA
2017,AGO,3,14,NA,50.81541667,3.9325,10.68625,0.35425,NA
2017,AGO,3,15,NA,48.65583333,3.699583333,13.21375,0.29175,NA
2017,AGO,3,16,NA,45.34958333,3.169166667,15.83875,0.2405,NA
2017,AGO,3,17,NA,42.93666667,2.995416667,18.30375,0.2105,NA
2017,AGO,3,18,NA,42.665,3.006666667,20.4475,0.17175,NA
2017,AGO,3,19,NA,42.26375,2.81375,21.5625,0.1455,NA
2017,AGO,3,20,NA,41.00833333,2.7575,21.34625,0.14675,NA
2017,AGO,3,21,NA,40.74666667,2.765,18.92875,0.1405,NA
2017,AGO,3,22,NA,41.02291667,2.768333333,17.18,0.13425,NA
2017,AGO,3,23,NA,41.29916667,3.000416667,16.05,0.14175,NA
2017,AGO,4,0,NA,41.20041667,3.005,14.58625,0.13425,NA
2017,AGO,4,1,NA,40.72416667,2.999166667,12.64125,0.12175,NA
2017,AGO,4,2,NA,39.74375,2.900416667,10.54375,0.11675,NA
2017,AGO,4,3,NA,39.62833333,2.855,8.7325,0.10675,NA
2017,AGO,4,4,NA,38.96208333,2.83375,7.53375,0.0755,NA
2017,AGO,4,5,NA,38.58208333,2.823333333,6.93625,0.05175,NA
2017,AGO,4,6,NA,37.62916667,2.612083333,6.73,0.043,NA
2017,AGO,4,7,NA,35.61083333,2.45,5.46875,0.04925,NA
2017,AGO,4,8,NA,32.72875,2.302916667,4.66375,0.078,NA
2017,AGO,4,9,NA,31.08458333,2.102916667,4.67125,0.11175,NA
2017,AGO,4,10,NA,30.39166667,2.439583333,5.145,0.18675,NA
2017,AGO,4,11,NA,29.88208333,2.724166667,6.685,0.2255,NA
2017,AGO,4,12,NA,29.51458333,2.708333333,8.85625,0.238,NA
2017,AGO,4,13,NA,29.0175,2.672916667,11.36875,0.2555,NA
2017,AGO,4,14,NA,28.67416667,2.840833333,13.60875,0.27175,NA
2017,AGO,4,15,NA,28.92458333,3.324166667,16.47625,0.27675,NA
2017,AGO,4,16,NA,28.77291667,3.783333333,19.2025,0.2655,NA
2017,AGO,4,17,NA,28.48083333,4.124166667,21.615,0.243,NA
2017,AGO,4,18,NA,28.21583333,4.352083333,23.4575,0.18175,NA
2017,AGO,4,19,NA,29.19041667,4.444166667,23.95375,0.15425,NA
2017,AGO,4,20,NA,28.4725,4.505,23.47,0.1555,NA
2017,AGO,4,21,NA,27.37458333,4.623333333,22.1175,0.17675,NA
2017,AGO,4,22,NA,27.41916667,4.915,20.21375,0.19175,NA
2017,AGO,4,23,NA,27.55958333,5.620416667,17.60625,0.1755,NA
2017,AGO,5,0,NA,27.91833333,5.658333333,15.37625,0.1605,NA
2017,AGO,5,1,NA,27.57833333,5.639583333,13.28625,0.14925,NA
2017,AGO,5,2,NA,27.71583333,5.639166667,10.51,0.138,NA
2017,AGO,5,3,NA,27.26333333,5.6425,8.4925,0.12175,NA
2017,AGO,5,4,NA,27.43708333,5.63375,7.1125,0.10675,NA
2017,AGO,5,5,NA,27.44125,5.634583333,6.0075,0.068,NA
2017,AGO,5,6,NA,27.85541667,5.634583333,5.74125,0.03425,NA
2017,AGO,5,7,NA,28.35791667,5.634583333,5.70875,0.053,NA
2017,AGO,5,8,NA,29.30291667,5.6325,5.10875,0.08675,NA
2017,AGO,5,9,NA,30.24916667,5.72,4.9525,0.1255,NA
2017,AGO,5,10,NA,30.96208333,5.472916667,5.81,0.14675,NA
2017,AGO,5,11,NA,31.15708333,5.288333333,6.96,0.163,NA
2017,AGO,5,12,NA,32.08583333,5.348333333,8.9625,0.1855,NA
2017,AGO,5,13,NA,33.15791667,5.4225,11.67,0.20925,NA
2017,AGO,5,14,NA,34.1075,5.665416667,14.67375,0.218,NA
2017,AGO,5,15,NA,34.76166667,5.557083333,17.8375,0.19925,NA
2017,AGO,5,16,NA,34.33875,6.394166667,21.6775,0.16425,NA
2017,AGO,5,17,NA,34.6875,7.11125,24.705,0.15175,NA
2017,AGO,5,18,NA,35.27458333,7.549583333,27.91375,0.148,NA
2017,AGO,5,19,NA,35.11416667,7.61,30.21,0.14675,NA
2017,AGO,5,20,NA,38.145,7.599583333,31.345,0.13175,NA
2017,AGO,5,21,NA,39.49958333,7.647083333,30.655,0.12675,NA
2017,AGO,5,22,NA,38.97791667,7.750416667,29.21,0.14175,NA
2017,AGO,5,23,NA,37.57625,6.83875,27.78375,0.1405,NA
2017,AGO,6,0,NA,36.85791667,6.952083333,24.56125,0.1605,NA
2017,AGO,6,1,NA,38.04208333,7.30125,21.0625,0.14175,NA
2017,AGO,6,2,NA,39.14416667,7.621666667,17.09125,0.138,NA
2017,AGO,6,3,NA,39.89416667,7.885,13.47875,0.13925,NA
2017,AGO,6,4,NA,40.57333333,8.141666667,10.08875,0.14675,NA
2017,AGO,6,5,NA,41.235,8.280416667,7.72375,0.15175,NA
2017,AGO,6,6,NA,41.84333333,8.3675,5.4525,0.173,NA
2017,AGO,6,7,NA,42.61958333,8.512083333,3.35125,0.2155,NA
2017,AGO,6,8,NA,44.69333333,8.629583333,2.48125,0.2455,NA
2017,AGO,6,9,NA,45.27,8.722083333,2.4675,0.283,NA
2017,AGO,6,10,NA,45.01333333,8.653333333,2.99375,0.31175,NA
2017,AGO,6,11,NA,44.40916667,8.749166667,4.17375,0.338,NA
2017,AGO,6,12,NA,44.89625,8.92,6.0275,0.37425,NA
2017,AGO,6,13,NA,44.86625,8.929583333,8.6,0.37425,NA
2017,AGO,6,14,NA,44.00208333,8.50875,11.14375,0.358,NA
2017,AGO,6,15,NA,43.09041667,8.183333333,13.92875,0.31425,NA
2017,AGO,6,16,NA,42.9875,7.09125,16.66625,0.2705,NA
2017,AGO,6,17,NA,42.63791667,5.9875,18.6875,0.233,NA
2017,AGO,6,18,NA,41.90875,5.211666667,19.6225,0.2005,NA
2017,AGO,6,19,NA,41.00333333,5.040416667,19.7325,0.1655,NA
2017,AGO,6,20,NA,38.63583333,4.978333333,19.08,0.1255,NA
2017,AGO,6,21,NA,37.34375,4.97375,17.4475,0.1205,NA
2017,AGO,6,22,NA,38.03875,4.932916667,16.69625,0.11175,NA
2017,AGO,6,23,NA,38.35708333,6.219583333,15.49,0.183,NA
2017,AGO,7,0,NA,37.77375,6.115833333,14.2475,0.1705,NA
2017,AGO,7,1,NA,36.92875,6.035,12.94375,0.1655,NA
2017,AGO,7,2,NA,36.10125,5.972916667,11.915,0.18675,NA
2017,AGO,7,3,NA,35.50875,5.81875,11.17375,0.218,NA
2017,AGO,7,4,NA,35.06875,5.625833333,10.665,0.2205,NA
2017,AGO,7,5,NA,34.39708333,5.513333333,10.25125,0.213,NA
2017,AGO,7,6,NA,33.90333333,5.447083333,8.82,0.213,NA
2017,AGO,7,7,NA,33.08125,5.320833333,7.24125,0.178,NA
2017,AGO,7,8,NA,30.26583333,5.227916667,6.145,0.2155,NA
2017,AGO,7,9,NA,28.71541667,5.112083333,6.16375,0.2655,NA
2017,AGO,7,10,NA,28.63791667,5.660416667,6.725,0.28675,NA
2017,AGO,7,11,NA,30.73916667,7.59125,8.2,0.313,NA
2017,AGO,7,12,NA,32.18458333,8.307916667,11.0075,0.353,NA
2017,AGO,7,13,NA,31.985,8.73,14.84375,0.3955,NA
2017,AGO,7,14,NA,32.54541667,8.918333333,18.865,0.408,NA
2017,AGO,7,15,NA,33.065,9.015833333,23.49125,0.403,NA
2017,AGO,7,16,NA,33.23791667,9.102083333,28.22125,0.41925,NA
2017,AGO,7,17,NA,33.52666667,9.4075,32.25,0.40925,NA
2017,AGO,7,18,NA,33.17833333,9.458333333,34.89875,0.37675,NA
2017,AGO,7,19,NA,33.55625,9.486666667,35.72375,0.33675,NA
2017,AGO,7,20,NA,33.85625,9.5125,34.01875,0.31175,NA
2017,AGO,7,21,NA,34.39708333,9.359166667,31.24875,0.28175,NA
2017,AGO,7,22,NA,33.98166667,9.146666667,28.5025,0.27675,NA
2017,AGO,7,23,NA,34.0225,7.95125,25.3625,0.2555,NA
2017,AGO,8,0,NA,34.4275,7.90125,22.11,0.20425,NA
2017,AGO,8,1,NA,34.10458333,7.625,18.805,0.15925,NA
2017,AGO,8,2,NA,33.61458333,7.353333333,16.26125,0.13675,NA
2017,AGO,8,3,NA,33.17958333,7.224166667,14.82375,0.11175,NA
2017,AGO,8,4,NA,32.805,7.159166667,14.1225,0.08675,NA
2017,AGO,8,5,NA,32.57583333,7.13,13.22,0.07425,NA
2017,AGO,8,6,NA,33.03791667,7.109166667,11.76625,0.088,NA
2017,AGO,8,7,NA,33.70291667,7.090833333,10.28,0.1405,NA
2017,AGO,8,8,NA,35.30125,7.12625,8.40375,0.2455,NA
2017,AGO,8,9,NA,37.6,7.395,6.95875,0.33925,NA
2017,AGO,8,10,NA,38.27625,7.16375,6.41125,0.3855,NA
2017,AGO,8,11,NA,36.5375,5.186666667,6.15375,0.43425,NA
2017,AGO,8,12,NA,34.15416667,4.195,6.465,0.46675,NA
2017,AGO,8,13,NA,34.41708333,3.651666667,7.6,0.48675,NA
2017,AGO,8,14,NA,34.40291667,3.535833333,9.7675,0.47175,NA
2017,AGO,8,15,NA,34.60291667,3.390416667,12.18625,0.4255,NA
2017,AGO,8,16,NA,34.71291667,3.17875,14.49,0.348,NA
2017,AGO,8,17,NA,34.79291667,2.935,16.585,0.283,NA
2017,AGO,8,18,NA,35.3775,3.039166667,18.0525,0.27175,NA
2017,AGO,8,19,NA,35.2575,3.05875,18.8225,0.2705,NA
2017,AGO,8,20,NA,36.25458333,3.032916667,18.8525,0.268,NA
2017,AGO,8,21,NA,37.31958333,3.273333333,18.235,0.30675,NA
2017,AGO,8,22,NA,37.99916667,4.85125,16.67625,0.3155,NA
2017,AGO,8,23,NA,39.41291667,4.928333333,14.915,0.303,NA
2017,AGO,9,0,NA,40.44666667,6.67375,13.2175,0.27675,NA
2017,AGO,9,1,NA,41.58458333,8.109166667,11.57875,0.24425,NA
2017,AGO,9,2,NA,42.65833333,8.198333333,9.75875,0.20675,NA
2017,AGO,9,3,NA,43.4475,8.192083333,8.06375,0.15925,NA
2017,AGO,9,4,NA,44.36416667,9.205416667,7.1125,0.1255,NA
2017,AGO,9,5,NA,45.39833333,9.65625,6.86125,0.088,NA
2017,AGO,9,6,NA,45.72125,10.66291667,6.35,0.08925,NA
2017,AGO,9,7,NA,47.22333333,11.09125,5.6925,0.138,NA
2017,AGO,9,8,NA,49.09083333,11.21375,5.08625,0.2105,NA
2017,AGO,9,9,NA,49.68791667,11.36708333,4.55625,0.2755,NA
2017,AGO,9,10,NA,50.04458333,11.21791667,4.83375,0.333,NA
2017,AGO,9,11,9.61,50.68916667,11.50625,5.99,0.36175,NA
2017,AGO,9,12,9.03,51.09416667,12.08208333,7.22125,0.393,NA
2017,AGO,9,13,7.14,52.41125,12.26333333,7.56875,0.3855,NA
2017,AGO,9,14,6.34,52.97416667,12.77333333,8.3275,0.37925,NA
2017,AGO,9,15,5.67,53.23666667,13.06208333,9.38875,0.353,NA
2017,AGO,9,16,5.99,53.23208333,13.51166667,10.53625,0.3255,NA
2017,AGO,9,17,7.36,53.53458333,14.23166667,11.4275,0.30425,NA
2017,AGO,9,18,8.91,54.04166667,14.85583333,11.65375,0.29175,NA
2017,AGO,9,19,12.64,55.7575,15.75166667,10.70625,0.2955,NA
2017,AGO,9,20,14.96,55.85875,16.47375,9.09125,0.34925,NA
2017,AGO,9,21,17.1,54.75375,16.63958333,7.81125,0.35175,NA
2017,AGO,9,22,12.84,54.21583333,15.29583333,7.005,0.3405,NA
2017,AGO,9,23,16.75,53.76416667,15.63791667,6.05625,0.3155,NA
2017,AGO,10,0,8.86,53.49958333,14.47333333,5.2025,0.28425,NA
2017,AGO,10,1,2.93,52.53041667,13.7,4.7275,0.31925,NA
2017,AGO,10,2,3.47,51.64416667,14.34458333,4.22875,0.38425,NA
2017,AGO,10,3,2.52,50.71875,14.40458333,4.205,0.353,NA
2017,AGO,10,4,1.7,49.63041667,13.41666667,4.50125,0.268,NA
2017,AGO,10,5,2.64,48.54916667,12.97708333,4.71,0.2405,NA
2017,AGO,10,6,1.7,47.10083333,11.98375,4.89375,0.22175,NA
2017,AGO,10,7,11.62,44.50875,11.575,4.9425,0.2355,NA
2017,AGO,10,8,6.61,41.04208333,11.40208333,5.31875,0.2355,NA
2017,AGO,10,9,4.58,38.305,10.87125,5.51875,0.16925,NA
2017,AGO,10,10,5.58,36.78291667,10.58541667,5.96,0.21925,NA
2017,AGO,10,11,3.72,35.21916667,10.09875,6.2925,0.24675,NA
2017,AGO,10,12,3.93,33.89916667,9.523333333,6.60125,0.27675,NA
2017,AGO,10,13,2.14,31.44125,9.372916667,7.31375,0.30175,NA
2017,AGO,10,14,1.7,30.07666667,8.757083333,8.0675,0.3205,NA
2017,AGO,10,15,1.7,29.75833333,8.45125,9.00875,0.32425,NA
2017,AGO,10,16,2.28,29.39958333,8.897083333,9.305,0.36425,NA
2017,AGO,10,17,5.44,29.01916667,10.5725,9.27,0.393,NA
2017,AGO,10,18,7.1,28.16,10.48,8.97375,0.26425,NA
2017,AGO,10,19,4.93,25.11583333,9.95,8.7175,0.268,NA
2017,AGO,10,20,4.32,22.51416667,9.2575,8.5425,0.26675,NA
2017,AGO,10,21,4.72,21.68583333,8.923333333,8.43125,0.26925,NA
2017,AGO,10,22,2.24,23.01791667,8.588333333,8.115,0.26675,NA
2017,AGO,10,23,1.7,21.75166667,8.052083333,7.77875,0.248,NA
2017,AGO,11,0,2.49,21.53958333,7.519583333,7.63375,0.198,NA
2017,AGO,11,1,2.34,21.99416667,6.870416667,7.5625,0.16175,NA
2017,AGO,11,2,3.99,21.6675,6.123333333,7.4975,0.1305,NA
2017,AGO,11,3,5.27,21.6625,6.063333333,7.38625,0.098,NA
2017,AGO,11,4,5.15,21.55791667,6.037916667,7.2375,0.06925,NA
2017,AGO,11,5,11.18,21.71833333,6.04125,6.63875,0.04675,NA
2017,AGO,11,6,21.06,22.47583333,6.437083333,5.785,0.0555,NA
2017,AGO,11,7,19.37,23.77,6.92625,5.01875,0.103,NA
2017,AGO,11,8,11.72,25.31291667,7.10125,4.2775,0.15925,NA
2017,AGO,11,9,5.78,26.21458333,7.165416667,4.025,0.188,NA
2017,AGO,11,10,5.05,26.61916667,7.28625,4.15125,0.22175,NA
2017,AGO,11,11,7.29,27.26708333,7.524166667,4.55,0.263,NA
2017,AGO,11,12,10.67,28.32708333,7.750833333,5.295,0.30425,NA
2017,AGO,11,13,8.03,28.67833333,7.938333333,6.71875,0.33925,NA
2017,AGO,11,14,9.77,29.58833333,8.112916667,8.74125,0.3555,NA
2017,AGO,11,15,3.75,29.83041667,8.283333333,10.79375,0.328,NA
2017,AGO,11,16,8.61,30.07,7.474166667,12.84125,0.29925,NA
2017,AGO,11,17,6.79,30.11041667,5.433333333,14.4875,0.29175,NA
2017,AGO,11,18,13.23,31.08666667,4.78875,15.4175,0.29425,NA
2017,AGO,11,19,20.3,33.08625,4.475,15.955,0.308,NA
2017,AGO,11,20,22.26,35.75083333,4.480416667,15.94,0.33425,NA
2017,AGO,11,21,28.29,37.65916667,4.464166667,14.6925,0.3505,NA
2017,AGO,11,22,16.86,37.09875,4.425416667,13.19875,0.33425,NA
2017,AGO,11,23,34.42,38.55,4.63625,11.14625,0.32925,NA
2017,AGO,12,0,5.58,38.49583333,4.610416667,9.6575,0.29925,NA
2017,AGO,12,1,2.21,38.58291667,4.62375,8.38375,0.2755,NA
2017,AGO,12,2,3.45,39.105,4.639583333,7.5175,0.238,NA
2017,AGO,12,3,7.72,39.1225,4.65125,6.63875,0.18425,NA
2017,AGO,12,4,12.24,39.52916667,4.65125,5.7075,0.11675,NA
2017,AGO,12,5,9.84,40.17458333,4.888333333,5.71375,0.0655,NA
2017,AGO,12,6,7.68,40.39916667,4.570416667,5.7575,0.05175,NA
2017,AGO,12,7,17.3,39.91541667,5.307916667,6.04375,0.053,NA
2017,AGO,12,8,10.4,39.825,5.354166667,5.83,0.09175,NA
2017,AGO,12,9,4.7,40.27583333,5.82,5.91625,0.118,NA
2017,AGO,12,10,1.7,40.76458333,5.84,6.35125,0.14425,NA
2017,AGO,12,11,2.26,40.84333333,5.6975,7.22125,0.1755,NA
2017,AGO,12,12,1.7,40.61375,5.517916667,8.76375,0.20675,NA
2017,AGO,12,13,2.67,40.62458333,5.3675,10.58375,0.23175,NA
2017,AGO,12,14,3.48,41.04041667,5.3075,12.47125,0.238,NA
2017,AGO,12,15,6.36,40.87708333,5.274583333,14.7125,0.2305,NA
2017,AGO,12,16,9.45,40.93666667,5.4075,16.84625,0.2005,NA
2017,AGO,12,17,10.7,40.82,5.295833333,18.38,0.1905,NA
2017,AGO,12,18,11.26,40.33333333,5.49375,19.5075,0.17925,NA
2017,AGO,12,19,12.87,39.23583333,5.507083333,19.9875,0.1655,NA
2017,AGO,12,20,11.73,37.80583333,5.761666667,19.3675,0.20425,NA
2017,AGO,12,21,11.4,36.72666667,6.647083333,17.9675,0.30675,NA
2017,AGO,12,22,18.74,36.25875,7.447916667,16.0775,0.31425,NA
2017,AGO,12,23,20.7,36.335,7.335,13.8675,0.31925,NA
2017,AGO,13,0,16.86,36.73583333,7.31875,11.6625,0.313,NA
2017,AGO,13,1,21.47,36.70208333,7.461666667,9.48875,0.30425,NA
2017,AGO,13,2,23.34,37.3225,7.66375,7.37375,0.29675,NA
2017,AGO,13,3,16.63,38.26125,7.7125,5.6775,0.283,NA
2017,AGO,13,4,20.25,38.5875,7.7425,4.41625,0.218,NA
2017,AGO,13,5,22.06,38.32208333,7.702916667,3.51,0.093,NA
2017,AGO,13,6,21.31,38.11666667,7.814166667,2.94,0.08175,NA
2017,AGO,13,7,18.16,38.15666667,6.69625,2.6225,0.08175,NA
2017,AGO,13,8,12.9,37.26916667,6.534166667,2.535,0.11925,NA
2017,AGO,13,9,17.27,37.03583333,6.295416667,2.74875,0.15175,NA
2017,AGO,13,10,11.66,37.20083333,6.443333333,3.41,0.1755,NA
2017,AGO,13,11,9.31,36.96708333,6.47625,4.655,0.198,NA
2017,AGO,13,12,6.68,36.19791667,6.455,6.74625,0.2205,NA
2017,AGO,13,13,4.8,36.56583333,6.412083333,9.31875,0.233,NA
2017,AGO,13,14,3.08,35.30166667,6.315833333,12.085,0.233,NA
2017,AGO,13,15,1.7,34.64083333,6.187916667,15,0.218,NA
2017,AGO,13,16,1.79,33.81166667,5.889583333,17.6775,0.18425,NA
2017,AGO,13,17,3.2,34.36166667,5.70125,20.41625,0.15675,NA
2017,AGO,13,18,2.37,34.74916667,5.631666667,22.83125,0.1355,NA
2017,AGO,13,19,4.77,34.28416667,5.555,24.2975,0.11925,NA
2017,AGO,13,20,16.73,33.9825,5.273333333,24.3425,0.1205,NA
2017,AGO,13,21,19.93,34.00458333,4.3225,23.55625,0.1305,NA
2017,AGO,13,22,16.4,33.49291667,3.51375,22.0825,0.1355,NA
2017,AGO,13,23,12.26,32.46458333,3.40625,20.48625,0.13925,NA
2017,AGO,14,0,8.43,31.8,3.395416667,19.31375,0.13675,NA
2017,AGO,14,1,6.03,32.24166667,3.220833333,17.94125,0.1255,NA
2017,AGO,14,2,4.52,31.31333333,3.010416667,15.92125,0.118,NA
2017,AGO,14,3,4.55,30.12,2.959166667,14.045,0.10675,NA
2017,AGO,14,4,6.81,29.32083333,2.934583333,12.76875,0.078,NA
2017,AGO,14,5,19.67,28.82958333,2.731666667,11.24375,0.0505,NA
2017,AGO,14,6,23.21,28.39708333,2.556666667,9.95125,0.048,NA
2017,AGO,14,7,25.02,27.91125,2.470416667,8.6325,0.07675,NA
2017,AGO,14,8,19.1,27.45791667,2.438333333,7.0375,0.1055,NA
2017,AGO,14,9,11.85,25.67416667,2.315416667,5.90125,0.13425,NA
2017,AGO,14,10,7.76,24.06958333,2.190416667,5.9075,0.15175,NA
2017,AGO,14,11,6.11,23.40041667,2.1025,6.50125,0.17175,NA
2017,AGO,14,12,6.33,23.56541667,2.095833333,7.685,0.19175,NA
2017,AGO,14,13,6.79,23.42,2.088333333,9.69875,0.208,NA
2017,AGO,14,14,5.04,23.31541667,2.080416667,12.02,0.20925,NA
2017,AGO,14,15,1.7,22.75958333,2.067916667,14.67,0.17425,NA
2017,AGO,14,16,2.11,22.66125,2.06,17.2825,0.1405,NA
2017,AGO,14,17,1.7,20.92833333,1.946666667,19.4525,0.10925,NA
2017,AGO,14,18,2.86,19.845,1.780833333,21.03875,0.09675,NA
2017,AGO,14,19,8.66,24.13708333,1.755416667,21.90375,0.093,NA
2017,AGO,14,20,10.15,25.3425,1.755,21.44625,0.0955,NA
2017,AGO,14,21,12,24.77166667,1.763333333,20.32625,0.09925,NA
2017,AGO,14,22,12.59,24.26833333,1.76375,19.00375,0.098,NA
2017,AGO,14,23,13.39,23.91125,1.772083333,17.23875,0.10175,NA
2017,AGO,15,0,11.72,23.47375,1.761666667,15.3025,0.09925,NA
2017,AGO,15,1,13.37,22.12333333,1.766666667,13.17625,0.098,NA
2017,AGO,15,2,13.49,22.01833333,1.760416667,10.95125,0.09175,NA
2017,AGO,15,3,17.19,22.465,1.760416667,8.7775,0.0755,NA
2017,AGO,15,4,12.82,22.88416667,1.76125,7.56375,0.053,NA
2017,AGO,15,5,15.46,22.9425,1.752083333,6.59375,0.0305,NA
2017,AGO,15,6,20.62,23.15166667,1.724583333,5.595,0.01425,NA
2017,AGO,15,7,20.95,23.27833333,1.684583333,4.71,0.0055,NA
2017,AGO,15,8,15.22,23.53541667,1.65125,4.12,0.008,NA
2017,AGO,15,9,10.65,24.42166667,1.488333333,3.9325,0.008,NA
2017,AGO,15,10,6.12,24.66708333,1.329583333,4.44875,0.00675,NA
2017,AGO,15,11,3.63,24.89791667,1.28625,6.195,0.01675,NA
2017,AGO,15,12,NA,25.0673913,1.269166667,9.05875,0.028,NA
2017,AGO,15,13,1.97,27.26,1.2575,12.6575,0.038,NA
2017,AGO,15,14,2.47,27.16086957,1.253333333,15.71125,0.05675,NA
2017,AGO,15,15,1.7,27.25956522,1.251666667,18.34375,0.06925,NA
2017,AGO,15,16,1.7,27.13434783,1.382916667,20.93375,0.07925,NA
2017,AGO,15,17,1.7,27.77565217,1.52625,23.23125,0.09675,NA
2017,AGO,15,18,2.83,28.45434783,1.617083333,24.8675,0.11675,NA
2017,AGO,15,19,7.92,25.12521739,1.695833333,25.16375,0.13425,NA
2017,AGO,15,20,13.06,24.98652174,1.728333333,23.70375,0.153,NA
2017,AGO,15,21,5.48,26.16956522,1.717083333,21.355,0.1605,NA
2017,AGO,15,22,6.11,26.28434783,1.717083333,19.76875,0.15175,NA
2017,AGO,15,23,8.2,26.37304348,1.712083333,18.4425,0.14675,NA
2017,AGO,16,0,2.56,27.4,1.712916667,17.46375,0.13675,7.914444444
2017,AGO,16,1,4.45,27.33217391,1.705,16.4075,0.12425,7.914444444
2017,AGO,16,2,2.09,27.23608696,1.704166667,15.4825,0.10675,7.716315789
2017,AGO,16,3,9.6,27.2873913,1.701666667,14.43,0.083,7.821578947
2017,AGO,16,4,5.16,27.25652174,1.695416667,14.24375,0.053,7.757894737
2017,AGO,16,5,13.8,27.40608696,1.695416667,13.85375,0.03675,7.784736842
2017,AGO,16,6,34.71,27.96521739,1.846666667,12.41125,0.05175,8.346842105
2017,AGO,16,7,34.59,29.59782609,1.895833333,11.105,0.10925,8.955789474
2017,AGO,16,8,31.92,32.52521739,1.995416667,9.39375,0.18425,8.621578947
2017,AGO,16,9,15.55,34.83434783,2.085,8.2775,0.22925,9.853684211
2017,AGO,16,10,11.52,36.36826087,2.650833333,7.715,0.2755,9.558
2017,AGO,16,11,7.9,37.42391304,3.77125,8.27625,0.30425,9.6165
2017,AGO,16,12,6.95,37.83958333,4.735833333,8.9925,0.333,10.4452381
2017,AGO,16,13,5.67,36.09666667,5.2275,10.73375,0.35925,9.606666667
2017,AGO,16,14,1.7,37.04416667,5.439166667,13.885,0.348,9.607142857
2017,AGO,16,15,1.7,37.9975,5.73625,16.9575,0.30175,9.387727273
2017,AGO,16,16,3.59,41.3225,5.64125,19.0125,0.24925,9.837826087
2017,AGO,16,17,1.94,42.89875,5.489166667,20.42125,0.21925,9.981304348
2017,AGO,16,18,6.93,42.29833333,5.39125,20.89375,0.193,9.992608696
2017,AGO,16,19,14.26,41.29291667,5.305416667,20.30875,0.18675,10.23652174
2017,AGO,16,20,17.53,40.57208333,5.265416667,18.8675,0.193,10.25608696
2017,AGO,16,21,20.67,40.15958333,5.263333333,16.8475,0.19925,10.63391304
2017,AGO,16,22,26.45,41.03291667,5.321666667,14.38375,0.21175,10.62
2017,AGO,16,23,15.78,42.40458333,5.354583333,12.6525,0.20675,10.35043478
2017,AGO,17,0,16.29,42.42916667,5.392083333,11.68875,0.18925,10.71869565
2017,AGO,17,1,15.36,43.2275,5.430833333,10.79125,0.1755,10.43666667
2017,AGO,17,2,19.23,43.95958333,5.487916667,9.80625,0.15925,10.42791667
2017,AGO,17,3,12.73,44.09208333,5.496666667,9.30125,0.133,10.29
2017,AGO,17,4,28.46,44.16666667,5.57375,8.58,0.10425,10.56608696
2017,AGO,17,5,27.54,44.65666667,5.610833333,7.94125,0.0855,10.56
2017,AGO,17,6,30.38,44.46,5.50625,7.24,0.088,10.46869565
2017,AGO,17,7,28.24,43.55083333,5.477916667,5.89875,0.12925,10.31869565
2017,AGO,17,8,22.6,42.66958333,5.436666667,4.645,0.183,10.72913043
2017,AGO,17,9,28.39,42.06541667,5.561666667,3.54125,0.25925,10.22086957
2017,AGO,17,10,14.53,42.12375,5.1,3.24625,0.31925,11.16869565
2017,AGO,17,11,12.56,41.77166667,4.058333333,3.23125,0.36425,11.1173913
2017,AGO,17,12,8.59,41.00833333,3.245416667,4.31,0.393,10.13478261
2017,AGO,17,13,9.25,40.27291667,2.797083333,5.7975,0.413,9.784782609
2017,AGO,17,14,11.73,40.48333333,2.637083333,7.62,0.433,9.783913043
2017,AGO,17,15,9.17,40.76833333,2.544166667,9.28875,0.41425,9.753478261
2017,AGO,17,16,4.65,38.65166667,2.85375,10.82375,0.3905,9.225652174
2017,AGO,17,17,1.7,36.85916667,2.927083333,12.70875,0.32175,8.914090909
2017,AGO,17,18,1.7,37.06375,2.992916667,13.74125,0.273,8.669090909
2017,AGO,17,19,6.87,38.45791667,3.31125,14.03125,0.26925,8.485909091
2017,AGO,17,20,1.7,40.29333333,3.3125,13.9425,0.25425,8.621363636
2017,AGO,17,21,4.19,39.0125,3.311666667,13.1025,0.243,8.376363636
2017,AGO,17,22,8.15,37.13041667,3.247916667,11.94875,0.213,8.407272727
2017,AGO,17,23,10.42,35.48625,3.954166667,10.77625,0.208,8.388181818
2017,AGO,18,0,21.19,35.03291667,4.2975,9.24125,0.18925,8.002727273
2017,AGO,18,1,18.26,35.06083333,4.35625,7.2975,0.18925,8.028636364
2017,AGO,18,2,9.6,35.01583333,4.7725,6.29375,0.178,8.595909091
2017,AGO,18,3,2.86,34.98125,5.27625,5.97875,0.13675,8.565
2017,AGO,18,4,11.85,35.01166667,5.392916667,5.15125,0.11675,8.689130435
2017,AGO,18,5,9.08,34.77083333,5.425416667,4.6475,0.093,8.672173913
2017,AGO,18,6,9.81,34.13208333,5.4225,4.325,0.0905,8.297391304
2017,AGO,18,7,18.89,32.895,5.469583333,3.83375,0.10175,8.110454545
2017,AGO,18,8,18.7,30.72125,5.488333333,3.98375,0.148,7.625454545
2017,AGO,18,9,17.24,29.02458333,5.354583333,4.2575,0.19675,7.086818182
2017,AGO,18,10,7.58,27.69875,5.314583333,4.61375,0.243,6.842272727
2017,AGO,18,11,7.41,27.38,5.365416667,5.03375,0.28175,7.322272727
2017,AGO,18,12,5.36,27.25291667,5.320833333,6.7025,0.3155,7.315909091
2017,AGO,18,13,3.88,27.3,5.38875,8.9725,0.34175,6.994761905
2017,AGO,18,14,4.87,27.33375,5.5425,11.26625,0.35175,6.995238095
2017,AGO,18,15,4.23,27.89833333,5.38625,13.55875,0.33925,6.996666667
2017,AGO,18,16,4.68,28.2975,5.048333333,15.41,0.31425,7.015714286
2017,AGO,18,17,3.09,28.87083333,4.975,16.925,0.27425,7.18
2017,AGO,18,18,6.11,29.63958333,4.90625,17.68125,0.2505,7.381818182
2017,AGO,18,19,10.27,28.61208333,4.6975,17.9775,0.24425,7.313636364
2017,AGO,18,20,14.91,27.92,4.741666667,17.46,0.2305,7.244090909
2017,AGO,18,21,9.2,28.60708333,4.74,16.13625,0.2155,7.104545455
2017,AGO,18,22,11.36,30.60791667,5.079583333,14.43125,0.203,7.308181818
2017,AGO,18,23,7.02,31.28791667,4.357916667,13.3075,0.183,7.518636364
2017,AGO,19,0,8.38,30.93125,3.979583333,12.44125,0.14175,7.664545455
2017,AGO,19,1,9.05,30.62041667,4.029583333,11.62,0.12925,7.767727273
2017,AGO,19,2,17.53,30.21791667,3.803333333,10.505,0.11675,7.225909091
2017,AGO,19,3,13.84,29.93791667,3.488333333,9.4525,0.09925,7.382380952
2017,AGO,19,4,10.47,29.98708333,3.410416667,8.58625,0.0905,7.1805
2017,AGO,19,5,12.95,30.07458333,3.910416667,7.97,0.108,7.352105263
2017,AGO,19,6,24.46,30.8,4.104166667,7.14625,0.13175,7.543333333
2017,AGO,19,7,26.2,32.4175,4.405833333,5.9725,0.19675,7.543333333
2017,AGO,19,8,24.37,33.70333333,4.516666667,4.8375,0.288,7.625555556
2017,AGO,19,9,16.93,34.43291667,4.56,4.10375,0.33675,9.307222222
2017,AGO,19,10,14.28,35.08166667,4.716666667,4.055,0.358,8.498888889
2017,AGO,19,11,8.32,35.47916667,4.718333333,4.6275,0.38925,NA
2017,AGO,19,12,7.8,35.73416667,4.654166667,5.43375,0.4305,NA
2017,AGO,19,13,5.72,36.13,4.638333333,6.62,0.438,9.214444444
2017,AGO,19,14,7.55,36.46416667,5.26375,8.4975,0.438,9.982777778
2017,AGO,19,15,6.92,36.00541667,5.980833333,10.73375,0.40425,10.04
2017,AGO,19,16,5,35.30083333,6.686666667,13.21375,0.33925,NA
2017,AGO,19,17,7.3,35.28541667,8.099166667,15.37125,0.32175,NA
2017,AGO,19,18,1.7,34.38041667,8.464166667,17.34625,0.308,NA
2017,AGO,19,19,1.7,33.65291667,8.365,18.4325,0.2705,NA
2017,AGO,19,20,15.9,32.93875,8.44,18.6825,0.25925,NA
2017,AGO,19,21,17.67,33.11708333,8.44,17.70375,0.2705,NA
2017,AGO,19,22,11.29,32.50875,8.79,16.335,0.298,NA
2017,AGO,19,23,12.84,33.01083333,9.677083333,14.45625,0.283,NA
2017,AGO,20,0,7.11,34.12833333,9.695833333,12.51125,0.2655,NA
2017,AGO,20,1,9.25,34.61583333,9.56375,10.575,0.22925,NA
2017,AGO,20,2,7.91,34.83375,9.480833333,8.4975,0.2105,NA
2017,AGO,20,3,6.89,35.39875,9.75375,6.75375,0.20675,NA
2017,AGO,20,4,6.92,35.92125,10.12333333,5.41375,0.16925,11.075
2017,AGO,20,5,9.09,36.15708333,10.42708333,4.88125,0.128,10.69894737
2017,AGO,20,6,10.93,36.175,10.72416667,4.3975,0.07925,10.4145
2017,AGO,20,7,13.6,35.35,10.50375,4.04,0.08425,11.14666667
2017,AGO,20,8,7.47,34.76083333,10.34333333,3.7225,0.1055,11.07714286
2017,AGO,20,9,4.16,34.49666667,10.23916667,3.88875,0.143,9.601904762
2017,AGO,20,10,4.57,34.58875,10.01666667,4.5175,0.1855,9.513809524
2017,AGO,20,11,5.87,34.95875,9.89875,5.4775,0.238,9.261363636
2017,AGO,20,12,5.23,35.07291667,9.914166667,6.9025,0.27675,8.211818182
2017,AGO,20,13,3.96,35.90875,9.91,8.84375,0.30425,8.181363636
2017,AGO,20,14,7.2,35.03958333,10.65083333,11.11875,0.318,7.553636364
2017,AGO,20,15,6.03,34.935,10.215,13.51375,0.3205,7.499545455
2017,AGO,20,16,6.94,35.43458333,10.54458333,15.8975,0.32425,7.376956522
2017,AGO,20,17,7.4,35.555,10.72125,17.6925,0.30675,7.893333333
2017,AGO,20,18,1.74,35.89583333,10.73125,19.14875,0.27925,7.048333333
2017,AGO,20,19,1.7,35.91875,10.71666667,19.78375,0.23175,7.04875
2017,AGO,20,20,11.24,35.24458333,11.46583333,19.46375,0.2305,7.049166667
2017,AGO,20,21,5.4,36.13958333,11.95125,17.97875,0.26425,7.0675
2017,AGO,20,22,8.61,36.97625,12.88208333,16.0775,0.278,7.48125
2017,AGO,20,23,6.4,37.70666667,11.99833333,14.13875,0.25925,7.46625
2017,AGO,21,0,10.64,38.16333333,11.97583333,11.8725,0.23425,7.10625
2017,AGO,21,1,5.25,38.51458333,12.04,9.97,0.21175,6.712916667
2017,AGO,21,2,11,39.3875,12.17125,7.8325,0.1955,6.699583333
2017,AGO,21,3,10.13,39.79375,12.14875,6.175,0.1855,6.37625
2017,AGO,21,4,9.67,40.37708333,12.27791667,5.065,0.14425,6.405833333
2017,AGO,21,5,10.94,41.15916667,11.74208333,4.575,0.0805,7.099166667
2017,AGO,21,6,16.99,42.00625,12.01958333,4.11375,0.07175,7.478333333
2017,AGO,21,7,19.8,44.65916667,12.6325,3.6575,0.13925,7.2925
2017,AGO,21,8,16.1,47.85583333,14.71625,3.52,0.22675,7.291666667
2017,AGO,21,9,8.14,51.59666667,15.25875,3.6175,0.26925,7.475416667
2017,AGO,21,10,7.51,52.32708333,15.51916667,4.1125,0.3055,7.62826087
2017,AGO,21,11,6.35,52.43333333,15.60791667,4.76875,0.338,7.795
2017,AGO,21,12,5.68,54.03083333,15.54708333,5.64375,0.368,7.837727273
2017,AGO,21,13,8.15,55.01833333,15.46416667,6.865,0.4105,8.022857143
2017,AGO,21,14,8.26,55.95125,13.895,8.48,0.4155,8.035714286
2017,AGO,21,15,6.27,55.94833333,13.75083333,10.39,0.35925,8.352380952
2017,AGO,21,16,7.33,55.99125,12.69666667,12.0475,0.288,8.631428571
2017,AGO,21,17,10.25,56.59583333,11.1325,13.33,0.278,7.88952381
2017,AGO,21,18,10.3,56.70916667,11.11708333,14.3175,0.26675,8.16952381
2017,AGO,21,19,8.24,57.44291667,11.12833333,14.795,0.258,8.186190476
2017,AGO,21,20,11.12,57.87916667,10.26083333,14.5125,0.25925,8.6
2017,AGO,21,21,3.89,56.97083333,9.839166667,14.09375,0.23675,8.596190476
2017,AGO,21,22,1.7,55.72125,8.370416667,13.47,0.213,8.518571429
2017,AGO,21,23,1.7,54.57083333,10.53458333,12.47125,0.3405,8.866666667
2017,AGO,22,0,6.74,54.06541667,11.65125,11.11875,0.3305,8.873809524
2017,AGO,22,1,2.68,53.8975,11.58125,9.76125,0.298,9.04952381
2017,AGO,22,2,1.86,53.05583333,11.29875,8.57625,0.26925,9.219047619
2017,AGO,22,3,9.93,52.29333333,10.84416667,7.34875,0.24675,9.276190476
2017,AGO,22,4,9.15,51.40333333,10.245,6.59875,0.2155,9.52
2017,AGO,22,5,10.01,50.19375,10.53541667,5.71625,0.1955,8.94
2017,AGO,22,6,15.6,49.71583333,10.32208333,4.72,0.20675,9.222380952
2017,AGO,22,7,17.73,48.56666667,9.869583333,3.80875,0.12175,8.787142857
2017,AGO,22,8,14.25,47.00416667,7.865416667,3.43125,0.1705,8.814285714
2017,AGO,22,9,11.16,43.71541667,7.835,3.31375,0.2205,9.239047619
2017,AGO,22,10,7.67,43.60875,8.467916667,3.765,0.2705,9.645909091
2017,AGO,22,11,4.29,43.47125,8.572916667,5.0875,0.29925,10.22869565
2017,AGO,22,12,4.55,44.06375,8.705,6.21,0.338,10.73217391
2017,AGO,22,13,3.28,44.47583333,8.724583333,7.6275,0.3705,10.44958333
2017,AGO,22,14,4.64,44.25333333,8.726666667,9.37125,0.3755,10.4375
2017,AGO,22,15,5.44,44.57375,8.665416667,11.52875,0.3355,10.43043478
2017,AGO,22,16,5.73,45.0125,9.503333333,13.4575,0.3005,10.4726087
2017,AGO,22,17,6.97,45.3,9.6425,14.78875,0.2855,10.47652174
2017,AGO,22,18,9.43,45.68125,9.57,14.93875,0.28675,10.56869565
2017,AGO,22,19,12.29,46.38208333,9.8,14.40375,0.31175,10.56521739
2017,AGO,22,20,14.53,46.12208333,10.34333333,13.8925,0.40175,10.48434783
2017,AGO,22,21,11.83,45.65833333,10.46875,13.0925,0.4255,10.46608696
2017,AGO,22,22,4.38,45.50083333,10.32,12.18875,0.4105,10.04217391
2017,AGO,22,23,6.97,45.12166667,9.006666667,10.67125,0.4105,9.723478261
2017,AGO,23,0,9.36,44.61166667,7.913333333,9.08375,0.38925,9.735217391
2017,AGO,23,1,4.62,45.28208333,7.9225,7.97875,0.3555,10.02826087
2017,AGO,23,2,5.3,45.04,8.159583333,7.3575,0.3055,10.1473913
2017,AGO,23,3,8.94,45.12166667,8.474583333,6.705,0.2505,9.807826087
2017,AGO,23,4,2.88,44.85916667,9.2875,6.53,0.1655,9.553913043
2017,AGO,23,5,9.77,44.53916667,9.20125,6.1325,0.1355,9.381304348
2017,AGO,23,6,19.17,44.08333333,8.664166667,5.245,0.16925,9.204782609
2017,AGO,23,7,16.73,44.31416667,8.4475,4.605,0.21425,9.35
2017,AGO,23,8,13.03,44.36416667,8.38375,4.15375,0.278,10.29565217
2017,AGO,23,9,10.87,45.22416667,9.3625,4.18375,0.35925,9.753913043
2017,AGO,23,10,10.01,44.76958333,10.775,4.7275,0.433,10.06652174
2017,AGO,23,11,3.84,44.53333333,11.80708333,5.735,0.523,10.41434783
2017,AGO,23,12,4.08,41.68583333,13.11291667,6.58125,0.60675,9.888695652
2017,AGO,23,13,5.18,40.10208333,14.39833333,7.70125,0.648,10.27652174
2017,AGO,23,14,5.24,39.28458333,16.16083333,9.49875,0.6505,10.29043478
2017,AGO,23,15,8.76,40.57083333,16.3725,11.11875,0.628,10.56208333
2017,AGO,23,16,5.35,39.66875,16.08458333,12.92625,0.58425,10.265
2017,AGO,23,17,1.7,38.39666667,16.23333333,14.195,0.5305,10.6025
2017,AGO,23,18,3.27,39.19625,16.135,15.3675,0.48175,10.26875
2017,AGO,23,19,9.57,39.99666667,15.905,15.94875,0.4205,10.2575
2017,AGO,23,20,18.32,40.87958333,15.36375,15.79375,0.328,9.9725
2017,AGO,23,21,35.65,41.72666667,15.18416667,14.90375,0.32425,9.999166667
2017,AGO,23,22,24.1,44.15708333,15.25208333,13.5175,0.3155,10.565
2017,AGO,23,23,15.05,45.2175,14.38291667,12.25875,0.28175,10.57333333
2017,AGO,24,0,7.12,45.51208333,14.37125,11.05625,0.263,10.73291667
2017,AGO,24,1,8.52,44.31541667,14.36083333,9.61875,0.23675,10.29791667
2017,AGO,24,2,5.34,44.1425,14.22041667,8.00375,0.213,10.0225
2017,AGO,24,3,8.97,44.12375,14.69666667,6.58875,0.18425,10.04291667
2017,AGO,24,4,9.04,44.1375,14.3825,5.78875,0.14925,10.30869565
2017,AGO,24,5,11.48,44.52083333,14.02625,5.56,0.083,10.2926087
2017,AGO,24,6,16.55,44.83666667,14.03666667,5.32375,0.073,9.903043478
2017,AGO,24,7,23.26,44.30791667,14.03875,4.9625,0.13175,9.398695652
2017,AGO,24,8,14.91,44.33333333,14.25291667,4.40625,0.19425,8.474347826
2017,AGO,24,9,8.45,44.515,13.06583333,4.61125,0.228,9.435217391
2017,AGO,24,10,4.62,44.21,10.77708333,4.95875,0.25925,8.934347826
2017,AGO,24,11,5.44,44.53625,9.5575,5.8575,0.29175,7.786521739
2017,AGO,24,12,4.33,45.45458333,8.124583333,7.0775,0.31925,8.483043478
2017,AGO,24,13,5.46,44.63125,6.82,8.565,0.35425,8.115652174
2017,AGO,24,14,7.23,44.66375,5.34875,10.4475,0.34925,8.601304348
2017,AGO,24,15,8.06,42.56416667,6.18125,12.5375,0.31175,8.39173913
2017,AGO,24,16,3.18,42.54416667,6.16,14.75,0.26925,8.385217391
2017,AGO,24,17,1.7,42.66958333,5.954583333,16.26625,0.24175,8.337391304
2017,AGO,24,18,5.13,43.64,5.872916667,17.29,0.23425,8.347826087
2017,AGO,24,19,11.49,45.01791667,6.163333333,17.5125,0.27425,8.869130435
2017,AGO,24,20,12.04,49.26208333,6.159166667,17.3375,0.28175,9.060869565
2017,AGO,24,21,21.73,49.99625,6.155,16.66625,0.27425,9.349130435
2017,AGO,24,22,30.96,48.94791667,6.1225,15.4725,0.2855,9.212608696
2017,AGO,24,23,22.29,49.88916667,6.14875,13.96125,0.26675,9.229565217
2017,AGO,25,0,15.68,50.30791667,7.069166667,12.27,0.24675,9.683043478
2017,AGO,25,1,9.22,50.89291667,7.125,10.72875,0.23675,10.54521739
2017,AGO,25,2,11.56,51.38208333,7.025833333,9.1525,0.21175,10.55304348
2017,AGO,25,3,15.4,51.59416667,6.265833333,7.74125,0.14425,10.7173913
2017,AGO,25,4,10.74,51.81916667,5.765416667,6.5675,0.10925,10.43458333
2017,AGO,25,5,13,51.99208333,5.652916667,5.68625,0.0805,10.43
2017,AGO,25,6,18.85,51.65625,5.637083333,4.93125,0.08175,10.30125
2017,AGO,25,7,23.27,52.14666667,5.674166667,4.3525,0.143,10.30166667
2017,AGO,25,8,20.41,52.31333333,5.585416667,3.7675,0.21425,10.25833333
2017,AGO,25,9,17.65,52.99708333,5.372083333,3.1275,0.27925,9.325
2017,AGO,25,10,11.02,54.4275,5.473333333,3.445,0.3105,9.51125
2017,AGO,25,11,10.83,54.5525,5.5225,4.41875,0.348,9.507083333
2017,AGO,25,12,3.35,54.39708333,5.539166667,5.75375,0.368,9.417916667
2017,AGO,25,13,2.35,58.02833333,5.556666667,7.39,0.38175,9.78875
2017,AGO,25,14,3.72,59.325,5.303333333,9.505,0.3555,9.4675
2017,AGO,25,15,3.84,58.98708333,4.257916667,11.90375,0.2855,9.135416667
2017,AGO,25,16,4.62,58.84833333,3.864583333,14.65625,0.21675,9.348695652
2017,AGO,25,17,6.88,58.96083333,3.79125,17.48875,0.17675,9.029565217
2017,AGO,25,18,8.33,57.4425,3.709583333,18.895,0.168,9.01826087
2017,AGO,25,19,15.39,56.89458333,3.425416667,19.25375,0.153,8.496521739
2017,AGO,25,20,9.18,54.65958333,3.430833333,18.93875,0.1505,8.320434783
2017,AGO,25,21,6.98,53.84875,3.434166667,18.215,0.148,8.394782609
2017,AGO,25,22,4.29,52.68333333,3.397916667,17.4175,0.138,7.941304348
2017,AGO,25,23,4.83,50.86125,3.3675,16.26875,0.13175,7.916521739
2017,AGO,26,0,6.04,49.80458333,2.441666667,14.51875,0.12425,7.27826087
2017,AGO,26,1,3.87,48.69166667,2.37875,12.66875,0.1005,6.528636364
2017,AGO,26,2,7.16,48.52041667,2.385833333,11.19125,0.078,6.643333333
2017,AGO,26,3,6.86,48.33,2.357083333,10.15875,0.0505,6.440952381
2017,AGO,26,4,4.84,48.20541667,2.345416667,9.4775,0.03425,6.466190476
2017,AGO,26,5,1.7,47.77166667,2.2725,9.2825,0.023,6.875714286
2017,AGO,26,6,14.68,47.53625,2.21625,8.37125,0.03675,6.91
2017,AGO,26,7,18.09,45.75833333,2.08875,7.37875,0.0705,7.539047619
2017,AGO,26,8,19.13,44.29083333,1.980416667,6.455,0.13175,8.651428571
2017,AGO,26,9,13.4,42.98958333,2.119166667,5.975,0.2005,8.858
2017,AGO,26,10,10.17,41.70625,2.385416667,6.33375,0.268,8.139
2017,AGO,26,11,9.32,41.40166667,2.750416667,7.575,0.3205,8.109
2017,AGO,26,12,5.51,42.19625,3.1575,9.36375,0.353,7.574736842
2017,AGO,26,13,5.16,39.44625,3.449166667,11.48,0.3805,7.255555556
2017,AGO,26,14,8.14,39.045,3.598333333,14.36875,0.3905,7.146111111
2017,AGO,26,15,7.14,40.09666667,3.723333333,17.55,0.373,NA
2017,AGO,26,16,8.02,40.595,4.846666667,21.3675,0.33175,8.364444444
2017,AGO,26,17,5.33,41.51333333,6.34625,25.4025,0.288,8.364444444
2017,AGO,26,18,5.08,41.82541667,6.6925,28.14125,0.23675,NA
2017,AGO,26,19,10.2,40.91625,6.825,29.14375,0.203,NA
2017,AGO,26,20,12.73,38.45583333,6.862916667,28.5275,0.18925,NA
2017,AGO,26,21,16.46,38.64,6.884166667,26.675,0.1905,NA
2017,AGO,26,22,14.89,39.60666667,6.91375,24.5225,0.18925,NA
2017,AGO,26,23,5.72,40.16833333,6.922083333,22.42625,0.1755,NA
2017,AGO,27,0,6.85,40.37208333,6.921666667,19.57375,0.15675,NA
2017,AGO,27,1,5.67,40.97083333,6.9175,16.045,0.12925,NA
2017,AGO,27,2,8.68,41.02416667,6.92625,13.11625,0.1155,NA
2017,AGO,27,3,20.24,41.75625,7.125,11.00625,0.108,NA
2017,AGO,27,4,24.47,42.81875,7.195833333,9.1275,0.10425,NA
2017,AGO,27,5,13.41,43.58291667,7.2125,7.8575,0.08675,NA
2017,AGO,27,6,8.31,43.54791667,7.215833333,6.87625,0.06675,NA
2017,AGO,27,7,15.95,43.31416667,7.209166667,5.56,0.083,NA
2017,AGO,27,8,14.46,42.52208333,7.22875,4.9275,0.11925,NA
2017,AGO,27,9,9.56,41.62708333,7.116666667,4.52375,0.1555,NA
2017,AGO,27,10,7.78,41.38,7.335833333,4.63125,0.1855,NA
2017,AGO,27,11,3.68,41.18583333,7.034166667,5.31625,0.2055,NA
2017,AGO,27,12,1.7,39.64708333,6.768333333,6.815,0.21175,NA
2017,AGO,27,13,2.95,38.54166667,6.514583333,8.32625,0.238,NA
2017,AGO,27,14,1.93,37.19333333,6.3375,9.87,0.25175,NA
2017,AGO,27,15,3.26,35.99958333,6.085,11.6825,0.2505,NA
2017,AGO,27,16,2.12,35.0575,4.8375,13.27125,0.22675,NA
2017,AGO,27,17,1.7,34.05208333,3.3475,14.78625,0.20425,NA
2017,AGO,27,18,4.86,32.72958333,2.997083333,15.85625,0.1955,NA
2017,AGO,27,19,10.15,31.25125,2.8775,16.29875,0.1955,NA
2017,AGO,27,20,5.79,30.95458333,2.942083333,16.34,0.1955,NA
2017,AGO,27,21,2.42,31.1025,3.017916667,15.99375,0.188,NA
2017,AGO,27,22,2.2,30.43666667,3.112083333,15.14375,0.1855,NA
2017,AGO,27,23,9.14,30.96791667,3.85875,13.78,0.18425,9.402222222
2017,AGO,28,0,7.32,30.96875,4.03625,12.17,0.18425,9.37
2017,AGO,28,1,13.64,30.49458333,4.137083333,10.21,0.18675,9.37
2017,AGO,28,2,6.73,31.01291667,4.164166667,8.4725,0.16675,9.084736842
2017,AGO,28,3,1.94,30.22875,4.068333333,7.13375,0.1355,8.611666667
2017,AGO,28,4,6.24,29.25416667,4.407083333,5.9975,0.113,7.843333333
2017,AGO,28,5,9.51,28.73583333,4.984583333,5.12,0.088,7.211666667
2017,AGO,28,6,14.01,28.75958333,5.052916667,4.14875,0.10425,7.219444444
2017,AGO,28,7,15.2,28.88541667,5.09,3.67375,0.13675,7.181052632
2017,AGO,28,8,14.55,28.84583333,5.049166667,3.28375,0.2005,7.019
2017,AGO,28,9,6.54,28.94416667,4.95,3.11125,0.2305,6.4805
2017,AGO,28,10,4.4,29.10041667,4.357916667,3.17,0.26675,6.91
2017,AGO,28,11,4.17,29.18791667,4.22375,3.47875,0.3005,7.6515
2017,AGO,28,12,5.93,29.73666667,4.060833333,4.2375,0.343,7.678
2017,AGO,28,13,7.3,30.17375,4.02125,5.2775,0.38425,7.953333333
2017,AGO,28,14,5.98,30.91708333,4.026666667,6.9675,0.3855,7.960952381
2017,AGO,28,15,3,32.09958333,4.06125,8.73125,0.3555,7.936818182
2017,AGO,28,16,6.02,32.98083333,4.43875,10.635,0.29425,7.94
2017,AGO,28,17,9.88,33.96833333,4.53125,12.4225,0.283,8.035909091
2017,AGO,28,18,9.99,36.06333333,4.51875,13.125,0.2805,7.856363636
2017,AGO,28,19,16.59,40.42458333,4.500416667,12.87,0.29175,7.661363636
2017,AGO,28,20,13.06,43.91,5.017083333,12.26125,0.30425,7.679090909
2017,AGO,28,21,9.71,43.72916667,5.767916667,11.13375,0.31925,7.667727273
2017,AGO,28,22,14.19,43.04125,5.698333333,9.67,0.33175,7.658095238
2017,AGO,28,23,16.38,41.49541667,4.996666667,8.1325,0.338,7.8445
2017,AGO,29,0,5.19,41.18208333,4.840833333,6.9,0.33175,8.057
2017,AGO,29,1,8.64,41.44208333,4.822916667,5.40125,0.3055,8.129047619
2017,AGO,29,2,5.42,40.6625,4.929583333,4.725,0.2705,8.164285714
2017,AGO,29,3,1.7,40.56708333,4.904166667,4.8875,0.2255,8.462727273
2017,AGO,29,4,1.7,40.59,4.54875,5.12125,0.1705,8.049545455
2017,AGO,29,5,2.22,40.39625,4,5.60625,0.11425,7.561428571
2017,AGO,29,6,8.44,40.42458333,3.994166667,5.8225,0.088,7.570952381
2017,AGO,29,7,11.17,40.1725,3.982916667,5.8775,0.1005,7.75952381
2017,AGO,29,8,8.18,40.20541667,3.967916667,5.8125,0.128,7.764761905
2017,AGO,29,9,3.72,40.20666667,3.944583333,6.4425,0.1555,7.821904762
2017,AGO,29,10,2.01,40.45041667,3.94375,7.2375,0.17925,7.441904762
2017,AGO,29,11,1.78,41.01125,3.953333333,8.0125,0.203,7.277619048
2017,AGO,29,12,1.7,42.28,3.95875,8.88375,0.233,8
2017,AGO,29,13,4,43.64166667,4.188333333,9.9325,0.26175,8.279047619
2017,AGO,29,14,3.79,45.1475,4.41,11.2875,0.268,8.269047619
2017,AGO,29,15,5.56,46.66208333,4.391666667,12.37875,0.25925,8.121904762
2017,AGO,29,16,7.19,47.21166667,4.014583333,12.61875,0.25925,8.426190476
2017,AGO,29,17,11.08,46.33916667,3.9275,12.58625,0.268,8.127142857
2017,AGO,29,18,3.77,44.71416667,3.952916667,12.23125,0.278,8.516190476
2017,AGO,29,19,6.08,39.71583333,3.957083333,11.625,0.2905,8.543333333
2017,AGO,29,20,13.38,35.29541667,3.368333333,10.25625,0.32175,8.723809524
2017,AGO,29,21,14.93,33.86666667,2.550416667,8.75,0.32425,8.731428571
2017,AGO,29,22,5.02,33.94208333,2.515833333,7.52125,0.31175,8.630909091
2017,AGO,29,23,1.7,33.425,2.467916667,6.92875,0.28425,8.630909091
2017,AGO,30,0,3.28,33.05208333,2.445416667,6.6375,0.2455,8.435909091
2017,AGO,30,1,4.11,32.89125,2.36625,6.09625,0.203,8.201818182
2017,AGO,30,2,2.7,33.00125,2.2075,5.75875,0.16675,8.549545455
2017,AGO,30,3,1.7,32.6325,2.139166667,5.46375,0.1305,8.061818182
2017,AGO,30,4,1.7,32.38166667,2.097083333,5.63375,0.06925,8.218095238
2017,AGO,30,5,2.64,32.18583333,2.06625,5.7375,0.03425,8.218095238
2017,AGO,30,6,5.39,31.91125,2.0175,5.33875,0.04425,8.4145
2017,AGO,30,7,10.36,31.87041667,2.01125,4.6525,0.08925,8.089
2017,AGO,30,8,4.18,31.29125,2.003333333,4.57375,0.13675,8.084
2017,AGO,30,9,1.7,30.8225,2.00625,4.69,0.1805,8.001
2017,AGO,30,10,1.81,29.46041667,2.018333333,4.77875,0.22925,7.974
2017,AGO,30,11,3.84,28.19083333,2.044166667,4.95625,0.2855,8.132
2017,AGO,30,12,7.47,26.01041667,2.079583333,5.39125,0.3455,7.3465
2017,AGO,30,13,9.46,23.79291667,1.904583333,6.08625,0.41425,6.5815
2017,AGO,30,14,9.88,21.43708333,1.725833333,6.87625,0.458,6.719473684
2017,AGO,30,15,12.45,19.06666667,1.741666667,7.69,0.4755,6.851666667
2017,AGO,30,16,7.31,17.69541667,1.753333333,7.9425,0.48925,6.474444444
2017,AGO,30,17,11.09,16.99208333,1.720416667,8.2025,0.49425,NA
2017,AGO,30,18,11.31,16.01791667,1.697916667,8.1975,0.498,NA
2017,AGO,30,19,16.86,15.6175,1.6925,7.79875,0.513,NA
2017,AGO,30,20,26.14,15.24291667,1.682083333,7.14875,0.53925,NA
2017,AGO,30,21,25.43,15.59708333,1.666666667,6.2725,0.52675,NA
2017,AGO,30,22,14.29,15.33958333,1.66,5.6175,0.4905,NA
2017,AGO,30,23,13.79,15.42458333,1.655,4.9525,0.443,NA
2017,AGO,31,0,13.74,15.13041667,1.657083333,4.5225,0.38675,NA
2017,AGO,31,1,14.28,14.70666667,1.665,3.93875,0.338,NA
2017,AGO,31,2,9.95,14.33583333,1.6775,3.675,0.28425,NA
2017,AGO,31,3,9.37,14.23041667,1.684166667,3.77125,0.213,NA
2017,AGO,31,4,13.67,14.035,1.684166667,3.72125,0.12925,NA
2017,AGO,31,5,17.53,14.12166667,1.669583333,3.54125,0.078,NA
2017,AGO,31,6,19.84,14.19875,1.68625,3.2375,0.088,NA
2017,AGO,31,7,20.29,14.36416667,1.72875,2.995,0.1555,NA
2017,AGO,31,8,18.95,14.6975,1.760416667,2.6975,0.28425,NA
2017,AGO,31,9,13.88,14.49375,1.772083333,2.76875,0.36675,NA
2017,AGO,31,10,6.44,14.22041667,1.772916667,3.0675,0.41425,NA
2017,AGO,31,11,4.63,13.68333333,1.751666667,3.52375,0.4505,NA
2017,AGO,31,12,6.23,13.69166667,1.77875,4.2575,0.4955,NA
2017,AGO,31,13,7.52,13.85166667,2.225,5.2725,0.54175,NA
2017,AGO,31,14,5.6,14.82416667,3.655,6.6325,0.5405,NA
2017,AGO,31,15,1.85,15.03,3.78625,7.8175,0.4705,NA
2017,AGO,31,16,8.27,16.24458333,3.99,8.48375,0.373,NA
2017,AGO,31,17,10.29,16.24166667,4.018333333,8.715,0.31425,NA
2017,AGO,31,18,14.67,16.28041667,4.02625,8.3175,0.293,NA
2017,AGO,31,19,17.11,15.95625,4.0225,7.6775,0.2905,NA
2017,AGO,31,20,16.26,15.75666667,4.00125,6.8525,0.278,NA
2017,AGO,31,21,13.12,15.24666667,3.97875,6.03,0.24175,NA
2017,AGO,31,22,8.07,15.08416667,3.9625,5.015,0.20675,NA
2017,AGO,31,23,4.62,15.37291667,3.9575,4.35375,0.188,NA
