DATOS HORARIOS 2015_ NATIVITAS,,,,,,,,,,
,,,,,,,,,,
MES,DIA,HORA,O3,SO2,CO,NO2,PM10,WS,WD,TEMP
JUL,1,0,26.45,8.31,NA,20.63,30.58,2.72,114.13,18.13
JUL,1,1,36.85,11.71,NA,12.33,105.96,3.3,70.12,18.38
JUL,1,2,42.63,25.01,NA,10.77,19.42,3.52,76.43,17.47
JUL,1,3,40.42,17.83,NA,11.14,54.09,3.07,92.97,17.28
JUL,1,4,34.17,14.85,NA,16.23,33.44,2.1,110.14,16.94
JUL,1,5,25.07,15.76,NA,17.97,78.77,1.48,326.43,16.42
JUL,1,6,20.5,18.43,NA,23.79,50,1.89,307.01,16.26
JUL,1,7,13.9,16.47,NA,27.37,53.71,1.45,306.38,16.52
JUL,1,8,15.37,15.58,NA,25.2,16.84,1.64,138.65,17.57
JUL,1,9,30.97,16.27,NA,18.08,10.34,2.12,139.46,20.29
JUL,1,10,46.95,19.65,NA,13.48,14.04,2.21,162.01,24.2
JUL,1,11,51.15,17.83,NA,12.51,28.17,1.61,212.22,25.55
JUL,1,12,57.56,17.44,NA,14.21,63.18,1.86,282.99,26.42
JUL,1,13,67.63,16.83,NA,15.7,64,1.98,287.68,27.72
JUL,1,14,74.92,15.81,NA,14,68.86,2.57,283.31,27.66
JUL,1,15,61.79,13.73,NA,12.16,43.61,3.51,265.7,27.96
JUL,1,16,50.11,12.57,NA,12.26,80.1,4.22,280.14,26.32
JUL,1,17,46.32,12.03,NA,14.18,18.95,3.86,303.51,26.3
JUL,1,18,42.53,12.18,NA,16.83,37.76,3.25,298.66,25.79
JUL,1,19,36.17,25.47,NA,19.25,89.4,2.9,36.05,24.36
JUL,1,20,37.74,28.9,NA,15.25,150.58,3.7,60.26,23.08
JUL,1,21,36.69,20.13,NA,14.71,83.51,3.6,79.38,21.51
JUL,1,22,36.25,21.13,NA,13.71,58.67,2.95,61.62,21.16
JUL,1,23,33.06,37.74,NA,18.38,37.46,2.93,145.11,20.81
JUL,2,0,30.55,26.72,NA,16.95,144.48,2.07,276.89,19.07
JUL,2,1,30.7,14.86,NA,14.54,122.87,2.62,285.38,18.13
JUL,2,2,26.67,12.65,NA,15.56,46.67,2.04,164.31,17.56
JUL,2,3,24.07,12.18,NA,17.77,24.39,2.23,267.85,17.52
JUL,2,4,28.01,11.77,NA,13.33,55.32,2.26,265.98,17.49
JUL,2,5,28.83,11.22,NA,13.59,46.9,2.19,290.31,17.36
JUL,2,6,24.08,10.95,NA,18.12,59.1,1.33,271.49,17.42
JUL,2,7,15.59,11.54,NA,23.17,82.08,1.82,267.68,17.43
JUL,2,8,14.53,12.17,NA,23.25,60.03,1.74,273.3,17.82
JUL,2,9,16.86,12.21,NA,21.15,29.27,2.16,251.22,18.55
JUL,2,10,20.23,11.44,NA,17.85,40.62,2.26,261.25,18.63
JUL,2,11,27.5,11.29,NA,15.1,22.03,1.6,253.92,20.54
JUL,2,12,37.37,19.96,NA,14.54,19.32,1.84,146.31,24.47
JUL,2,13,40.42,12.92,NA,16.88,78.39,2.25,99.22,23.32
JUL,2,14,47.92,10.13,NA,16.84,112.9,3.28,73.47,23.65
JUL,2,15,49.27,12.9,NA,13.46,15.33,3.37,85.77,24.85
JUL,2,16,50.84,12.67,NA,11.92,17.3,3.37,83.63,25.78
JUL,2,17,45.03,12.17,NA,12.75,56.11,5.06,75.71,24.15
JUL,2,18,34.4,13.22,NA,18.09,137.34,4.49,81.75,21.07
JUL,2,19,26.93,12.72,NA,21.05,167.94,2.23,118.24,19.67
JUL,2,20,21.49,12.14,NA,22.5,256.65,2.12,151.4,17.93
JUL,2,21,17.43,12.55,NA,25.98,49.66,2.29,311.21,18.2
JUL,2,22,27.58,19.49,NA,18.04,40.77,2.65,60.78,16.87
JUL,2,23,30.32,69.61,NA,18.27,179.13,3.17,60.38,16.4
JUL,3,0,26.16,18.41,NA,18.06,42.35,2.59,123.15,16.12
JUL,3,1,19.8,14.38,NA,18.3,153.03,1.9,128.55,15.9
JUL,3,2,20.76,13.05,NA,17.51,31.47,1.58,141.92,15.81
JUL,3,3,21.18,12.58,NA,18.09,10.52,2.43,131.6,16.03
JUL,3,4,15.17,12.27,NA,21.3,42.74,2.12,99.34,16.12
JUL,3,5,13.22,12.63,NA,21.97,50.7,1.97,140.34,16.07
JUL,3,6,12.66,13.26,NA,22.9,48.98,1.06,20.17,16.18
JUL,3,7,13,14.5,NA,22.39,57.85,1.58,55.96,16.17
JUL,3,8,19.12,18.81,NA,18.48,21.29,1.78,84.73,19.87
JUL,3,9,25.48,15.61,NA,13.83,13.33,1.94,128.28,21.9
JUL,3,10,24.99,14.35,NA,16.95,77.99,2.67,117.98,20.51
JUL,3,11,33.62,14.07,NA,13.73,21.17,3.9,85.8,23.15
JUL,3,12,41.62,13.45,NA,12.77,33.34,2.59,137.02,25.05
JUL,3,13,49.96,12.5,NA,11.33,43.66,2.12,152.17,26.55
JUL,3,14,60.51,16.74,NA,11.3,31.92,2.1,173.07,27.27
JUL,3,15,62.73,17.24,NA,11.77,47.65,2.27,274.35,27.18
JUL,3,16,57.49,12.35,NA,10.68,14.97,2.44,238.19,28.22
JUL,3,17,56.14,11.56,NA,10.2,59.32,2.74,193.88,26.26
JUL,3,18,44.37,43.61,NA,15.56,94.45,4.23,108.44,22.51
JUL,3,19,29.51,70.37,NA,25.62,189.12,2.52,96.97,19.92
JUL,3,20,30.97,16.29,NA,16.62,42.54,3.07,86.9,20.17
JUL,3,21,34.1,13.92,NA,15.41,65.41,3.86,88.71,19.88
JUL,3,22,37.32,13,NA,13.21,61.77,3.21,97.24,19.17
JUL,3,23,32.84,12.26,NA,13.94,182.08,3.35,90.37,17.76
JUL,4,0,28.14,12.15,NA,14.47,153.75,2.77,94.1,17.52
JUL,4,1,30.73,12.6,NA,13.94,31.63,2.69,84.74,17.42
JUL,4,2,34.71,13.13,NA,12.7,55.91,3.11,96.38,17.34
JUL,4,3,20.07,13.2,NA,18.81,121.95,2.26,124.35,17.16
JUL,4,4,17.46,14.12,NA,19.29,107.33,1.47,152.39,17.02
JUL,4,5,20.46,13.87,NA,17.36,36.76,2.23,103.57,17.04
JUL,4,6,20.1,13.23,NA,18.2,63.52,2.65,119.79,16.78
JUL,4,7,14.24,13.78,NA,20.81,145.63,2.43,125.84,16.48
JUL,4,8,16.93,14.38,NA,20.76,62.24,2.33,127.6,18.93
JUL,4,9,26.37,14.19,NA,16.84,13.88,3.32,97.6,21.69
JUL,4,10,35.99,13.26,NA,13.34,22.51,3.39,96.6,23.28
JUL,4,11,42.31,12.71,NA,11.07,37.21,2.86,146.94,24.58
JUL,4,12,45.68,12.02,NA,9.17,10.43,2.68,139.21,26.15
JUL,4,13,49.99,11.6,NA,8.78,15.32,1.92,176.57,28.14
JUL,4,14,51.05,11.3,NA,9.61,21.94,2.43,237.55,26.97
JUL,4,15,50.46,11.25,NA,11.52,73.56,3.6,280.78,25.73
JUL,4,16,54.33,11.2,NA,10.5,12.83,3.03,275.34,27.31
JUL,4,17,55.64,10.95,NA,9.14,10.35,2.62,256.3,28.23
JUL,4,18,56.07,10.88,NA,9.39,27.01,2.86,253.33,27.67
JUL,4,19,48.65,10.82,NA,10.41,93.26,3.07,212.27,24.79
JUL,4,20,36.37,23.95,NA,18.7,284.05,2.87,60.55,20.35
JUL,4,21,37.69,27.15,NA,13.88,342.93,4.53,95.35,17.87
JUL,4,22,36.84,12.73,NA,14.13,360.2,2.09,130.17,17
JUL,4,23,29.72,12.07,NA,17.42,151.1,2.1,113.85,17.16
JUL,5,0,35.27,11.86,NA,14.06,35.52,1.88,94.1,17.14
JUL,5,1,36.1,12.45,NA,13.08,79.39,1.33,126.35,17.17
JUL,5,2,26.62,12.98,NA,17.27,99.18,1.37,116.65,17.23
JUL,5,3,27.37,13.48,NA,14.3,59.21,0.96,100.2,17.35
JUL,5,4,27.74,15.17,NA,13.94,81.39,1.06,169.28,17.34
JUL,5,5,17.42,14.92,NA,19.87,86.62,1.13,160.54,17.23
JUL,5,6,14.1,14.45,NA,20.51,103.26,1.39,101.23,17.21
JUL,5,7,13.86,14.3,NA,18.06,155.96,1.55,113.74,17.19
JUL,5,8,14.89,14.11,NA,16.21,79.29,1.81,124.42,17.82
JUL,5,9,20.03,14.07,NA,15.39,10.31,2.65,106.73,19.75
JUL,5,10,31.92,14.1,NA,13.49,10.29,2.96,107.74,23.12
JUL,5,11,41.53,14.65,NA,11.97,18.99,1.86,142.93,26.54
JUL,5,12,47.4,14.04,NA,10.06,37.41,1.9,169.3,27.89
JUL,5,13,51.91,13.26,NA,9.34,21.91,2.13,195.93,28.83
JUL,5,14,50.18,12.95,NA,8.88,29.09,2.24,235.17,29.25
JUL,5,15,47.84,12.63,NA,8.72,25.64,2.55,259.8,29.06
JUL,5,16,51,12.47,NA,8.84,19,1.89,244.46,29.22
JUL,5,17,48.65,16.88,NA,12.52,41.14,2.25,88.03,27.64
JUL,5,18,40.85,17.19,NA,12.32,66.93,3.43,83.14,25.5
JUL,5,19,40.42,13.91,NA,12.65,132.58,3.43,206.53,21.66
JUL,5,20,40.3,13.68,NA,13.34,64.26,2.93,263.95,19.44
JUL,5,21,34.34,13.32,NA,16.97,46.43,1.9,289.07,19.73
JUL,5,22,26.54,13.27,NA,19.51,95.93,1.7,172.65,19.62
JUL,5,23,24.03,15.35,NA,18.04,99.29,1.12,193.46,18.35
JUL,6,0,25.81,13.6,NA,16.52,92.38,2.11,259.88,18.28
JUL,6,1,29.54,13.07,NA,11.98,96.34,1.18,244.51,18.13
JUL,6,2,19.64,12.95,NA,17.41,84.51,1.36,145.14,17.7
JUL,6,3,14.76,13.3,NA,18.36,97.58,1.56,307.61,17.25
JUL,6,4,16.51,13.18,NA,19.56,15.12,1.86,273.54,16.98
JUL,6,5,13.98,12.81,NA,18.83,72.99,1.08,184.14,16.48
JUL,6,6,13.08,13.21,NA,18.36,65.72,1.11,174.96,16.11
JUL,6,7,13.03,13.81,NA,19.03,114,1.32,130.27,17.08
JUL,6,8,14.72,14.12,NA,16.84,10.59,1.47,121.79,19.2
JUL,6,9,21.22,14.21,NA,14.03,10.3,2.1,91.74,23.2
JUL,6,10,31.69,14.42,NA,11.01,23.68,3.35,90.28,24.8
JUL,6,11,37.18,13.54,NA,10.59,52.19,3.42,96.26,25.67
JUL,6,12,41.66,13.07,NA,10,68.46,2.95,115.91,25.59
JUL,6,13,47.7,12.91,NA,10.66,62.6,2.9,121.81,26.73
JUL,6,14,50.87,12.7,NA,10.04,36.29,2.42,88.36,28.02
JUL,6,15,56.69,21.99,NA,11.46,34.65,1.98,168.86,28.51
JUL,6,16,45.22,17.65,NA,13.85,123.01,2.93,295.76,26.15
JUL,6,17,45.36,14.77,NA,11.84,50.39,2.27,295.98,27.66
JUL,6,18,44.08,13.41,NA,13.11,209.13,3.43,127.43,23.55
JUL,6,19,41.46,13.14,NA,13.2,215.77,3.05,204.86,21.16
JUL,6,20,41.33,12.76,NA,14.12,216.04,3.15,246.34,18.53
JUL,6,21,45.08,12.57,NA,12.07,111.19,2.35,186.65,18.04
JUL,6,22,49.17,12.11,NA,13.16,77.13,2.16,200.92,16.63
JUL,6,23,37.96,14.94,NA,18.39,38.31,2.2,0.63,17.22
JUL,7,0,34.01,26.37,NA,18.09,51.85,2.15,144.97,17.25
JUL,7,1,30.44,16.09,NA,16.9,139.78,2.33,180.52,16.77
JUL,7,2,34.91,13.2,NA,13.88,84.22,2.21,123.81,16.34
JUL,7,3,30.9,12.63,NA,15.26,85.1,1.1,73.45,15.97
JUL,7,4,23.83,12.78,NA,18.59,116.46,1.57,106.13,15.8
JUL,7,5,15.29,13.11,NA,24.84,82.08,2.31,128.62,15.47
JUL,7,6,13.02,12.72,NA,22.57,70.64,2.1,140.21,15.12
JUL,7,7,16.05,12.54,NA,19.3,78.15,2.04,139.99,15.03
JUL,7,8,17.6,13.16,NA,19.31,163.47,2.62,95.56,16.9
JUL,7,9,23.75,13.04,NA,17.77,10.37,2.54,108.65,19.7
JUL,7,10,27.96,13.52,NA,16.11,66.12,3.1,93.83,21.63
JUL,7,11,35.86,12.92,NA,12.87,45.06,3.1,102.16,23.99
JUL,7,12,45.2,12.37,NA,11.58,30.11,3.62,95.26,25.5
JUL,7,13,54.72,12.14,NA,10.21,66.18,2.52,119.88,27.24
JUL,7,14,59.95,12.37,NA,10.15,28.15,2.36,121.67,28.21
JUL,7,15,60.92,13.37,NA,10.08,40.56,2.63,114.84,28.26
JUL,7,16,63.06,13.7,NA,9.86,17.62,2.88,122.29,28.87
JUL,7,17,64.17,12.25,NA,11.72,36.18,3.4,111.82,28.16
JUL,7,18,52.28,12.44,NA,15.37,103.01,3.25,81.12,25.89
JUL,7,19,43.09,12.83,NA,17.6,83.03,3.01,85.38,24.59
JUL,7,20,39.93,13.8,NA,18.18,49.26,3.58,79.01,22.9
JUL,7,21,41.33,13.48,NA,15.92,81.54,4.22,79.84,21.22
JUL,7,22,35.36,13.24,NA,19.21,130.17,3.35,114.43,19.94
JUL,7,23,26.99,13.5,NA,22.86,82.84,2.75,120.21,18.97
JUL,8,0,35.2,13.25,NA,16.85,111.43,2.33,143.68,18.95
JUL,8,1,36.02,12.87,NA,16.03,78.88,1.72,181.4,18.78
JUL,8,2,34.59,12.92,NA,15.46,88.96,1.03,201.85,18.12
JUL,8,3,19.55,15.08,NA,21.94,67.11,1.11,163.39,17.76
JUL,8,4,16.09,15.35,NA,21.6,97.55,1.96,137.21,17.36
JUL,8,5,14.16,15.11,NA,21.08,124.1,1.97,144.23,16.88
JUL,8,6,13.36,15.58,NA,20.01,136.74,2.53,80.97,17
JUL,8,7,13.33,15.53,NA,18.8,81.98,2.4,93.28,17.28
JUL,8,8,16.2,15.3,NA,16.73,19.51,2.9,100.65,18.66
JUL,8,9,24.36,14.53,NA,13.38,10.3,3.5,94.55,21.65
JUL,8,10,33.4,14.01,NA,13.71,31.2,3.73,96.4,23.46
JUL,8,11,40.3,13.94,NA,13.84,77.37,3.13,132.25,24.71
JUL,8,12,51.34,13.83,NA,10.93,28.21,2.69,138.99,27.43
JUL,8,13,65.01,12.63,NA,9.54,43.03,2.77,130.34,27.58
JUL,8,14,62.91,10.77,NA,8.74,31.99,2.95,153.28,28.06
JUL,8,15,63.49,11.1,NA,8.83,15.51,2.91,159.15,28.25
JUL,8,16,69.18,11.36,NA,8.94,17.39,2.93,156.69,28.8
JUL,8,17,65.4,18.55,NA,13.93,122.15,4.28,129.63,23.41
JUL,8,18,48.53,24.92,NA,20.84,227.38,3.9,286.32,18.49
JUL,8,19,46.43,36.47,NA,23.15,17.99,1.89,164.26,20.18
JUL,8,20,42.31,22.36,NA,23.18,127.57,1.69,247.9,19.55
JUL,8,21,28.69,16.24,NA,28.23,178.18,2.21,231.01,19.58
JUL,8,22,34.16,16.1,NA,20.89,64.85,2.72,133.51,18.53
JUL,8,23,43.4,14.32,NA,12.69,169.17,3.08,116.83,16.87
JUL,9,0,40.37,16.13,NA,13.53,72.72,1.85,99.84,16.85
JUL,9,1,33.35,15.06,NA,18.87,53.16,1.32,154.31,16.34
JUL,9,2,23.71,12.65,NA,20.34,108.84,1.55,242.28,15.95
JUL,9,3,30.03,12.35,NA,14.63,87.12,1.05,199.35,16.04
JUL,9,4,32.26,12.07,NA,15.15,47.19,1.02,239.91,16.52
JUL,9,5,25.02,11.68,NA,21.08,38.37,1.06,320.97,15.93
JUL,9,6,13.92,11.98,NA,24.91,99.89,1.11,31.28,15.51
JUL,9,7,13.95,14.96,NA,23.38,150.03,1.76,65.01,15.67
JUL,9,8,19.38,14.66,NA,16.25,46.99,2.51,67.25,18.01
JUL,9,9,27.74,13.49,NA,12.97,10.35,2.73,103.11,20.94
JUL,9,10,37.08,12.57,NA,11.95,18.86,4.88,88.84,22
JUL,9,11,44.07,12.08,NA,11.72,46.27,4.39,86.82,23.28
JUL,9,12,50.41,11.79,NA,11.46,29.71,4.1,89.54,25.22
JUL,9,13,60.27,11.56,NA,9.97,37.36,3.55,116.9,26.37
JUL,9,14,73.65,9.08,NA,9.52,23.22,3.82,100.05,26.83
JUL,9,15,60.09,8.71,NA,9.65,23.02,3.08,115.56,27.41
JUL,9,16,59.29,9.28,NA,9.92,15.72,3.11,100.95,27.86
JUL,9,17,53.55,12.66,NA,11.41,34.24,3.08,95.78,28.26
JUL,9,18,53.62,10.1,NA,12.99,31.41,3.75,90.39,28.27
JUL,9,19,42.2,29.54,NA,13.98,102.67,4,76.74,24.68
JUL,9,20,35.78,22.08,NA,13.14,113.5,5.81,100.03,20.87
JUL,9,21,47.92,12.26,NA,10.62,157.31,3.73,123.54,16.15
JUL,9,22,41.98,11.29,NA,14.59,39.96,3.2,102.91,16.69
JUL,9,23,33.55,11.78,NA,18.55,56.92,3.13,77.14,16.91
JUL,10,0,33.8,12.75,NA,13.72,21.67,3.5,91.88,17.14
JUL,10,1,33.79,12.48,NA,13.47,59.19,3.26,113.88,16.96
JUL,10,2,25.56,12.66,NA,16.61,80.85,2.2,104.72,16.05
JUL,10,3,33.67,12.33,NA,11.16,51.05,2.35,96.77,15.88
JUL,10,4,32.92,12.2,NA,11.49,47.85,2.31,97.11,15.31
JUL,10,5,29.74,12.13,NA,14.97,43.05,2.23,109.58,14.74
JUL,10,6,24,12.2,NA,18.28,50.7,2.82,92.81,14.52
JUL,10,7,21.97,11.96,NA,18.64,51.97,2.82,101.96,14.86
JUL,10,8,26.71,11.82,NA,15.38,12.08,3.16,102.3,17.9
JUL,10,9,34.06,11.68,NA,11.95,10.51,4.79,82.33,20.14
JUL,10,10,37.03,11.55,NA,10.96,22.16,4.89,84.01,21.66
JUL,10,11,39.32,11.6,NA,10.91,23.48,4.8,93.43,23.45
JUL,10,12,43.76,11.27,NA,10.2,30.45,3.99,101.1,25.06
JUL,10,13,47.38,11.15,NA,10.85,23.34,4.26,93.52,26.48
JUL,10,14,51.36,11.07,NA,10.95,30.77,3.97,94.43,27.3
JUL,10,15,48.93,13.29,NA,13.06,39,4.13,78.66,26.39
JUL,10,16,44.43,15.32,NA,12.58,40.02,4.67,71.7,26.77
JUL,10,17,48.11,14.35,NA,12.34,37.7,4.82,78.25,26.7
JUL,10,18,44.95,13.98,NA,13.77,59.73,4.57,81.25,25.48
JUL,10,19,40.67,13.75,NA,15.6,54.39,3.69,84.08,24.95
JUL,10,20,34.06,13.48,NA,14.74,61.98,4.33,79.86,23.82
JUL,10,21,28.44,13.49,NA,15.66,62.84,3.56,95.36,22.84
JUL,10,22,29.12,13.01,NA,13.15,72.97,4.01,81.46,20.84
JUL,10,23,27.07,13.37,NA,13.23,55.06,2.94,90.63,19.85
JUL,11,0,26.97,13.12,NA,12.35,42.62,3.45,91.31,19.25
JUL,11,1,29.85,12.94,NA,9.67,49.13,3.64,74.57,18.83
JUL,11,2,30.2,14.43,NA,9.34,51.84,4.22,73.65,18.13
JUL,11,3,29.8,15,NA,9.12,55.31,3.42,86.34,17.34
JUL,11,4,29.43,14.41,NA,9.09,48.12,4.01,79.31,17.12
JUL,11,5,28.65,14.58,NA,9.28,42.48,3.93,75.11,17.26
JUL,11,6,28.54,15.71,NA,9.91,40.02,4.11,75.57,17.53
JUL,11,7,24.35,15.62,NA,12.11,70.43,3.67,87.06,16.94
JUL,11,8,24.28,15.32,NA,11.2,45.75,3.65,84.87,19.75
JUL,11,9,27.07,14.95,NA,10.14,53.16,4.74,80.4,21.91
JUL,11,10,30.34,15.17,NA,9.51,68.33,6.08,67.71,22.03
JUL,11,11,32.2,15.6,NA,10,76.61,6.44,75.42,23.1
JUL,11,12,34.74,15.21,NA,10.26,72.46,6.69,81.35,24.01
JUL,11,13,34.92,14.58,NA,10.9,68.88,6.79,81.43,24.2
JUL,11,14,35.56,14.5,NA,10.26,60.84,7.17,74.31,24.92
JUL,11,15,35.12,15.59,NA,9.46,51.31,7.82,69.74,25.65
JUL,11,16,31.92,47.24,NA,10.69,78.21,6.44,60.85,24.94
JUL,11,17,30.6,84.42,NA,11.65,60.97,5.44,64.03,24.63
JUL,11,18,32.81,50.3,NA,11.41,40.17,5.16,68.14,25.11
JUL,11,19,31.91,29.21,NA,11.56,52.41,5.92,64.54,23.03
JUL,11,20,29.04,29.72,NA,12.34,59.02,4.7,68.23,21.41
JUL,11,21,26.62,37.86,NA,12.19,70.06,4.17,64.66,20.24
JUL,11,22,26.39,28.92,NA,11.19,36.61,4.09,60.39,19.9
JUL,11,23,26.9,18.18,NA,10.03,59.61,3.43,75.53,19.29
JUL,12,0,25.51,16.96,NA,10.06,74.12,3.25,92.58,18.08
JUL,12,1,23.14,14.38,NA,10.04,81.68,3.43,81.21,17.25
JUL,12,2,23.77,12.89,NA,9.38,53.49,3.19,84.63,16.89
JUL,12,3,23.68,12.52,NA,9.05,43.66,3.53,92.28,16.52
JUL,12,4,24.55,12.4,NA,9.09,29.71,3.58,84.55,16.37
JUL,12,5,23.74,12.21,NA,8.99,32.71,3.82,81.21,15.69
JUL,12,6,23.23,12.14,NA,9.71,34.9,3.25,86.49,15.54
JUL,12,7,21.9,11.67,NA,10.22,36.25,3.75,80.43,15.81
JUL,12,8,22.21,11.67,NA,10.1,19.53,3.69,84.11,18.53
JUL,12,9,26.48,11.33,NA,9.16,24.59,4.81,96.04,21.67
JUL,12,10,30.08,10.72,NA,9.15,44.19,6.31,93.51,22.97
JUL,12,11,33.27,10.34,NA,9.37,60.71,6.17,89.46,24.2
JUL,12,12,37.4,10.39,NA,9.64,51.92,6,83.95,25.6
JUL,12,13,38.12,10.11,NA,10.11,53.51,6.01,84.38,26.34
JUL,12,14,38.86,9.86,NA,10,51.57,5.91,84.02,26.87
JUL,12,15,39.19,10.11,NA,10.37,44.84,5.14,82.2,27.29
JUL,12,16,41.06,10.34,NA,9.93,39.58,4.71,71.87,28.08
JUL,12,17,38.09,12.55,NA,11.5,48.92,3.85,76.54,27.14
JUL,12,18,29.26,16.8,NA,12.24,75.43,3.57,77.18,24.07
JUL,12,19,22.33,28.11,NA,15.26,150.43,2.79,82.34,22.02
JUL,12,20,30.2,16.45,NA,11.68,37.65,3.77,129.25,21.13
JUL,12,21,32.44,11.98,NA,11.72,169.28,2.71,130.37,18.64
JUL,12,22,26.66,10.93,NA,13.53,158.97,2.58,129.64,18.13
JUL,12,23,29.21,10.4,NA,11.82,85.52,2.29,120.52,17.82
JUL,13,0,22.98,10.18,NA,14.65,76.51,2.16,118.52,17.85
JUL,13,1,20.38,11.67,NA,15.97,49.44,2,115.07,17.9
JUL,13,2,20.28,12.9,NA,12.7,12.25,2.22,104.39,17.67
JUL,13,3,19.67,12.56,NA,11.34,24.97,2.39,95.75,17.48
JUL,13,4,20.54,12.37,NA,10.72,44.6,2.64,89.57,17.08
JUL,13,5,20.73,12.27,NA,11.33,37.8,2.37,88.73,17.05
JUL,13,6,19.01,12.17,NA,12.56,55.5,2.79,105.08,16.52
JUL,13,7,14.83,12.28,NA,15.41,57.15,3.04,106.52,16.02
JUL,13,8,18.83,12.42,NA,12.81,18.86,3.87,91.43,18.04
JUL,13,9,23.3,12.46,NA,11.29,28.7,4.19,92.55,20.4
JUL,13,10,28.96,12.37,NA,10.54,38.57,3.96,97.28,22.66
JUL,13,11,34.07,12.23,NA,11.43,49.44,3.55,106.5,24.5
JUL,13,12,40.17,12.75,NA,13.35,62.93,3.22,90.64,26.01
JUL,13,13,51.94,12.92,NA,13.3,55.3,2.58,141.16,27.18
JUL,13,14,62.13,12.59,NA,11.65,75.91,2.57,157.97,26.81
JUL,13,15,61.53,12.17,NA,9.79,64.64,2.9,174.63,27.9
JUL,13,16,64.91,11.72,NA,9.32,53.5,3.33,170.5,28.38
JUL,13,17,65.56,11.48,NA,9.31,52.59,3.24,179.92,28.54
JUL,13,18,58.71,11.39,NA,9.77,62.88,3.4,186.78,27.84
JUL,13,19,48.04,11.28,NA,10.94,66.68,3.51,183,26.76
JUL,13,20,36.35,11.27,NA,13.95,92.34,3.18,184.09,24.18
JUL,13,21,24.2,12.74,NA,19.76,126.87,2.67,100.92,22.96
JUL,13,22,32.03,13.73,NA,17.99,81.95,3.25,293.6,21.97
JUL,13,23,32.16,13.03,NA,16.01,61.62,2.12,270.45,20.82
JUL,14,0,27.35,12.14,NA,13.19,118.96,2.06,234.68,19.6
JUL,14,1,25.24,12.45,NA,12.62,100.78,1.05,253.8,18.76
JUL,14,2,22.71,13.12,NA,14.44,58.28,1.16,181.71,18.43
JUL,14,3,14.47,13.24,NA,18.99,49.79,1.27,78.53,17.9
JUL,14,4,12.79,13.48,NA,19.66,103.39,1.06,159.26,17.11
JUL,14,5,13.15,13.47,NA,16.58,93.79,1.18,204.43,16.84
JUL,14,6,12.63,13.53,NA,17.07,71.65,1.05,356.53,16.78
JUL,14,7,12.58,16.56,NA,17.66,41.28,1.3,87.75,17.08
JUL,14,8,14.06,20.3,NA,17.69,57.65,1.9,143.44,17.59
JUL,14,9,16.44,19.17,NA,18.39,68.82,2.31,150.21,18.54
JUL,14,10,27.63,16.87,NA,14.3,29.47,2.25,90.2,21.99
JUL,14,11,38.62,15.79,NA,13.02,36.08,2.21,117.9,24.8
JUL,14,12,47.17,13.35,NA,12.27,72.03,2.43,160.73,25.58
JUL,14,13,41.62,11.93,NA,10.62,48.74,2.35,210.22,26.4
JUL,14,14,45.58,12.14,NA,9.35,41.45,2.35,149.9,27
JUL,14,15,47.91,12.59,NA,9.11,40.16,2.28,135.06,27.37
JUL,14,16,50.59,12.5,NA,9.36,59.06,2.53,131.84,27.36
JUL,14,17,55.93,12.42,NA,9.78,54.96,2.12,129.58,27.96
JUL,14,18,60.26,12.48,NA,10.32,53.03,1.88,178.54,28.8
JUL,14,19,58.59,12.6,NA,11.35,77.05,2.25,177.34,26.92
JUL,14,20,44.02,13.45,NA,18.2,140.11,1.89,183.8,23.92
JUL,14,21,35.62,12.86,NA,15.48,161.49,3.64,222.54,21.88
JUL,14,22,37.13,12.41,NA,13.67,85.35,3.15,233.3,20.4
JUL,14,23,34.56,12.42,NA,14.09,81.26,1.8,257.48,19.73
JUL,15,0,26.57,12.43,NA,18.11,91.42,1.18,209.75,19.45
JUL,15,1,20.78,12.66,NA,20.47,97.67,0.98,239.67,19
JUL,15,2,13.69,13.24,NA,23.99,106.85,1.07,69.75,18.25
JUL,15,3,14.09,15.9,NA,22.39,115.95,1.03,75.98,17.92
JUL,15,4,13.38,18.69,NA,22.03,91.4,0.97,188.66,17.74
JUL,15,5,16.32,18.19,NA,21.72,40.58,1.71,279.56,17.46
JUL,15,6,13.24,17.34,NA,23.08,87.84,1.32,82.05,16.79
JUL,15,7,12.87,17.9,NA,19.01,118.72,1.41,145.53,16.68
JUL,15,8,18.05,16.67,NA,18.52,13.68,1.8,237.91,20.48
JUL,15,9,24.83,15.59,NA,14.7,47.47,2.15,253.23,21.34
JUL,15,10,27.19,14.97,NA,14.28,51.15,2.36,256.11,23.95
JUL,15,11,36.15,14.31,NA,13.46,56.49,3.01,273.07,26.13
JUL,15,12,44.8,12.82,NA,11.08,46.2,3.02,267.25,27.48
JUL,15,13,49.78,12.82,NA,10.11,63.42,2.8,230.9,27.87
JUL,15,14,55.1,12.8,NA,9.68,69.02,2.77,249.03,28.26
JUL,15,15,58.92,12.85,NA,9.42,48.21,2.89,243.65,29
JUL,15,16,62,12.66,NA,9.47,53.85,3.31,240.36,29.1
JUL,15,17,64.59,12.54,NA,9.76,52.18,3.09,261.74,29.39
JUL,15,18,62.83,12.55,NA,10.61,55.35,3.77,255.79,28.64
JUL,15,19,55.28,12.64,NA,12.64,73.42,3.82,257.78,26.82
JUL,15,20,41.15,12.73,NA,16.74,98.49,3.33,244.89,24.54
JUL,15,21,40.83,12.65,NA,15.02,129.03,3.24,238.64,23.4
JUL,15,22,37.76,14.77,NA,15.67,110.13,3.45,167.01,21.81
JUL,15,23,45.67,13.2,NA,11.62,150.12,3.6,181.72,17.14
JUL,16,0,40.33,12.8,NA,15.29,78.88,2.32,273.49,17.61
JUL,16,1,30.05,12.77,NA,17.31,118.18,2.86,302.73,18.31
JUL,16,2,26.65,13.49,NA,16.52,57.92,2.29,137.24,18.14
JUL,16,3,27.85,13.05,NA,15.97,47.03,2.54,120.14,16.93
JUL,16,4,14.64,13.02,NA,21.96,117.9,2.15,124.87,16.31
JUL,16,5,18.74,13.05,NA,18.37,56.76,2.06,87.82,16.06
JUL,16,6,15.61,13.06,NA,21.16,45.01,1.7,120.89,15.85
JUL,16,7,13.1,13.45,NA,21.33,35.5,2.15,129.25,15.64
JUL,16,8,17.48,13.63,NA,19.3,12.84,2.93,101.3,18.31
JUL,16,9,29.03,13.27,NA,14.06,13.48,2.62,101.58,21.5
JUL,16,10,40.68,13.01,NA,12.08,15.8,2.48,136.01,24.68
JUL,16,11,49.33,13.44,NA,12.74,46.63,2.19,131.6,25.07
JUL,16,12,59.45,18.39,NA,13.8,62.98,1.92,115,26.49
JUL,16,13,77.98,20.94,NA,12.98,44.02,2.18,243.39,28.46
JUL,16,14,80.13,16.94,NA,12.08,49.01,2.14,238.73,29.27
JUL,16,15,81.81,17.06,NA,12.51,60.28,2.65,264.15,28.86
JUL,16,16,80.26,15.57,NA,12.11,42.54,2.76,282.61,30.02
JUL,16,17,79.46,15.14,NA,11.81,53.89,2.55,256.3,30.19
JUL,16,18,81.74,13.4,NA,11.38,68.92,2.93,216.56,28.38
JUL,16,19,76.24,13.08,NA,12.44,68.89,3.13,190.89,27.28
JUL,16,20,59.46,13.65,NA,18.39,98.59,2.17,194.81,25.33
JUL,16,21,52.23,13.82,NA,20.38,111.58,3.82,288.96,22.83
JUL,16,22,57.08,13.21,NA,11.84,144.78,4.11,118.75,17.72
JUL,16,23,51.29,13.11,NA,13.14,132.94,3.12,276.7,17.03
JUL,17,0,47.74,13.06,NA,13.78,33.31,1.73,243.03,17.25
JUL,17,1,40.36,12.97,NA,17.86,73.03,1.52,242.62,17.16
JUL,17,2,33.17,12.9,NA,17.28,79.34,1.85,261.35,17.09
JUL,17,3,42.69,12.68,NA,12.02,53.03,1.48,240.51,16.72
JUL,17,4,42.86,12.55,NA,13.01,28.58,1.46,292.17,16.96
JUL,17,5,31.15,12.56,NA,16.54,118.64,1.82,308.13,16.91
JUL,17,6,17.19,13,NA,23.61,142.33,1.96,267.95,17.24
JUL,17,7,17.82,12.98,NA,22.56,51.7,1.16,223.87,17.31
JUL,17,8,20.23,13.14,NA,20.8,34.12,1.56,212.15,18.47
JUL,17,9,32.88,12.8,NA,14.27,16.12,2.13,232.77,18.95
JUL,17,10,38.35,12.48,NA,12.07,12.44,2.32,247.07,21.37
JUL,17,11,48.98,12.36,NA,11.08,10.33,2.12,272.45,24.81
JUL,17,12,62.67,14.17,NA,12.18,45.76,1.86,258.03,26.01
JUL,17,13,83.11,24.12,NA,14.38,80.31,2.14,235.01,27.08
JUL,17,14,94.49,29.28,NA,12.6,67.53,2.21,148,28.42
JUL,17,15,110.36,40.14,NA,15.64,82.81,2.58,239.12,28.61
JUL,17,16,106.07,32.28,NA,13.76,81.28,2.24,190.64,29.72
JUL,17,17,77.64,16.78,NA,11.32,100.83,3.76,173.57,27.01
JUL,17,18,62.75,13.79,NA,14.8,79.29,2.67,218.07,24.96
JUL,17,19,56.3,13.6,NA,18.05,75.21,2.31,250.69,25.01
JUL,17,20,41.85,14.33,NA,20.83,134.88,2.36,184.71,23.05
JUL,17,21,49.34,13.99,NA,19.81,186.22,1.93,234.11,22.31
JUL,17,22,51.85,13.69,NA,18.67,116.4,2.25,173.5,22.08
JUL,17,23,45.35,15.43,NA,16.08,194.16,3.3,70.3,19.94
JUL,18,0,37.82,40.15,NA,16.67,248.3,1.72,76.95,18.18
JUL,18,1,38,26.09,NA,12.75,155.62,2.62,12.44,17.63
JUL,18,2,37.79,17.54,NA,12.19,133.97,2.19,79.03,17.56
JUL,18,3,45.3,13.85,NA,10.83,27.21,1.79,174.42,16.62
JUL,18,4,38.97,14.67,NA,14.47,144.01,2.13,294.91,16.96
JUL,18,5,34.99,12.93,NA,15.99,84.79,2.44,304.3,17.2
JUL,18,6,32.37,11.99,NA,16.71,31.13,1.96,289.81,17.12
JUL,18,7,22.06,11.93,NA,22.56,78.01,1.44,237.46,17.09
JUL,18,8,24.58,12.15,NA,19.38,43.9,1.7,211.88,17.51
JUL,18,9,26.25,15.6,NA,18.62,26.75,1.47,247.61,19.68
JUL,18,10,32.25,14.14,NA,14.99,51.4,2.55,140.69,21.84
JUL,18,11,40.16,12.31,NA,14.23,28.65,3.07,114.9,24.26
JUL,18,12,50.69,11.75,NA,12.52,50.06,2.37,156.95,26.22
JUL,18,13,66.2,11.02,NA,11.14,14.34,2.19,175.81,27.87
JUL,18,14,78.04,12,NA,11.92,54.64,1.94,205,28.56
JUL,18,15,95.2,29.09,NA,13.84,55.95,1.88,54.15,29.05
JUL,18,16,107.52,34.59,NA,14.83,89.03,1.96,216.6,28.77
JUL,18,17,102.31,27.49,NA,15.14,138.63,2.34,223.62,26.8
JUL,18,18,79.57,17.94,NA,14.86,136.15,2.53,238.04,25.91
JUL,18,19,57.38,12.74,NA,14.75,243.43,2.52,229.11,24.52
JUL,18,20,45.21,11.1,NA,15.45,284.32,2.68,238.8,22.46
JUL,18,21,42.44,10.92,NA,17.02,40.62,3.5,106.1,20.95
JUL,18,22,44.37,10.91,NA,17.33,105.95,2.08,138.46,19.15
JUL,18,23,38.06,11.27,NA,16.73,115.11,2.56,68.59,18.02
JUL,19,0,37.23,15.15,NA,14.76,39.45,2.04,135.48,18.34
JUL,19,1,28.95,13.75,NA,16.87,128.45,2.04,152.42,18.1
JUL,19,2,31.38,12.55,NA,14.41,72.59,1.28,143.85,17.98
JUL,19,3,20.81,12.79,NA,20.13,144.38,1.94,320.83,18.02
JUL,19,4,22.68,12.46,NA,18.01,94.62,1.17,295.32,18.02
JUL,19,5,25.74,12.35,NA,16.9,101.69,1.8,280.01,17.78
JUL,19,6,18.13,11.92,NA,16.97,167.16,1.74,179.06,17.38
JUL,19,7,16.32,11.8,NA,17.88,225.17,1.26,235.43,17.46
JUL,19,8,22.63,12.76,NA,16.48,28.94,1.05,239.7,18.6
JUL,19,9,28.01,13.74,NA,16.26,10.3,1.34,170.23,21.95
JUL,19,10,37.71,17.06,NA,17.49,18.54,2.05,239.3,24.39
JUL,19,11,56.12,23.42,NA,17.45,13.13,1.73,249.51,26.9
JUL,19,12,75.57,24.07,NA,15.71,55.88,1.92,264.71,26.65
JUL,19,13,74.68,19.38,NA,11.83,69.65,2.26,140.79,28.04
JUL,19,14,64.12,13.1,NA,10.77,32.48,2.34,122.83,29
JUL,19,15,65.24,17.91,NA,10.54,14.13,2.09,126.5,29.83
JUL,19,16,64.72,26.2,NA,11.69,38.8,2.77,107.35,28.73
JUL,19,17,44.85,40.46,NA,18.76,66.14,2.35,76.96,26.28
JUL,19,18,43.55,26.83,NA,16.52,105.66,1.12,116.46,25.36
JUL,19,19,43.31,17.07,NA,14.08,90.06,2.8,137.6,25.32
JUL,19,20,40.97,14.75,NA,14.14,112.14,3.23,98.65,23.06
JUL,19,21,35.05,14.34,NA,16.96,196.95,2.46,81.54,21.85
JUL,19,22,36.81,14.55,NA,15.12,122.9,3.44,83.64,20.33
JUL,19,23,38.65,14.92,NA,13.19,123.75,3.29,85.62,19.83
JUL,20,0,39.58,14.28,NA,11.64,201.96,1.84,205.04,18.12
JUL,20,1,33,13.51,NA,12.69,83.85,1.19,117.71,18.51
JUL,20,2,32.37,15,NA,12.83,55.29,2.72,284.76,18.02
JUL,20,3,38.49,13.52,NA,10.77,31.78,2.31,273.08,17.49
JUL,20,4,31.6,12.56,NA,12.31,103.67,2,263.62,17.38
JUL,20,5,30.51,12.08,NA,12.47,45.33,2.09,258.08,17.05
JUL,20,6,26.66,11.71,NA,14.53,54.26,2.13,263.23,17.27
JUL,20,7,22.93,11.5,NA,17.4,30.11,2.22,282.61,17.45
JUL,20,8,19.14,11.59,NA,18.8,27.77,1.66,218.41,18.28
JUL,20,9,27.5,11.56,NA,15.63,10.31,1.79,243.98,19.24
JUL,20,10,29.76,11.9,NA,15.65,10.29,2.14,303.5,22.46
JUL,20,11,45.67,30.4,NA,16.61,10.28,2.07,315.86,25.63
JUL,20,12,65.83,35.16,NA,15.67,67.52,2.2,286.64,26.05
JUL,20,13,60.66,15.57,NA,11.47,58.79,2.5,268.93,27.15
JUL,20,14,60.34,13.1,NA,9.94,28.53,2.83,261.02,28.03
JUL,20,15,61.13,12.22,NA,10.14,15.41,3.29,274.95,28.32
JUL,20,16,63.99,11.85,NA,10.56,21.63,3.04,267.68,28.68
JUL,20,17,65.79,11.03,NA,10.63,19.17,2.87,271.96,29.29
JUL,20,18,59.71,31.16,NA,17.17,68.77,2.98,348.85,27.4
JUL,20,19,39.7,49.46,NA,20.5,163.04,3.52,126.5,24.33
JUL,20,20,40.71,13.55,NA,17.05,66.69,3.85,79.09,22.93
JUL,20,21,32.83,14.01,NA,20.33,80.42,2.98,121.32,21.96
JUL,20,22,42.54,12.84,NA,15.58,101.78,2.57,155.38,20.27
JUL,20,23,43.69,12.1,NA,16.67,90.89,2.34,92.05,19.01
JUL,21,0,32.88,12.07,NA,21.2,97.01,2.28,112.89,18.43
JUL,21,1,21.9,12.84,NA,25.63,90.05,2.14,156.22,17.75
JUL,21,2,19.81,13.22,NA,25.66,48.09,2.1,149.81,18.07
JUL,21,3,21.51,13.32,NA,21.49,71.28,2.17,144.67,17.2
JUL,21,4,16.64,13.12,NA,23.83,93.01,1.11,160.86,16.41
JUL,21,5,16.46,12.92,NA,22.05,84.47,1.15,256.52,16.12
JUL,21,6,14.02,13.01,NA,22.37,87.31,1.13,170.74,15.98
JUL,21,7,13.22,13.54,NA,22.83,69.54,0.98,218.77,16.52
JUL,21,8,15.28,14.29,NA,23.11,21.78,2.15,103.71,18.41
JUL,21,9,20.94,14.01,NA,18.04,33.1,1.67,173.85,21.92
JUL,21,10,30.49,13.52,NA,17.68,15.79,1.9,201.74,24.65
JUL,21,11,40.11,12.8,NA,13.73,43.18,1.92,201.71,25.75
JUL,21,12,53.38,12.23,NA,10.82,11.37,2.17,221.23,27.66
JUL,21,13,57.47,11.91,NA,10.26,37.32,2.42,228.7,27.25
JUL,21,14,61.38,11.75,NA,10.07,25.14,2.74,265.75,28.13
JUL,21,15,66.52,11.66,NA,9.56,70.53,2.42,235.96,28.65
JUL,21,16,69.75,12.59,NA,10.37,142.27,2.5,227.9,28.5
JUL,21,17,69.78,13.32,NA,10.13,129.62,3.1,211.92,28.4
JUL,21,18,55.6,11.69,NA,10.1,106.19,3.77,214.17,26.07
JUL,21,19,50.26,11.35,NA,12.04,112.52,3.55,245.81,23.49
JUL,21,20,45.66,11.26,NA,13.61,102.05,3.18,243.36,20.96
JUL,21,21,41.75,11.29,NA,14.23,88.84,3.05,243.46,20.12
JUL,21,22,41.49,11.21,NA,13.91,34.11,3.03,259.47,19.56
JUL,21,23,39.44,11.08,NA,13.57,49.52,2.01,235.76,19.35
JUL,22,0,36.79,11.05,NA,13.32,37.92,1.99,186.53,19.4
JUL,22,1,33.19,12.04,NA,15.74,91.68,1.95,136.64,19.43
JUL,22,2,19.57,13.12,NA,22.24,53.78,2.69,85.42,19.29
JUL,22,3,35.33,13.7,NA,13.66,86.89,3.36,93.91,18.45
JUL,22,4,39.89,13.52,NA,13.53,76.61,2.32,97.69,17.79
JUL,22,5,30.85,13.88,NA,18.69,111.9,2.29,126.12,17.49
JUL,22,6,23.37,13.54,NA,21.21,87.56,2.33,100.99,17.54
JUL,22,7,19.92,13.65,NA,22.82,40.34,2.56,93.1,17.56
JUL,22,8,30.25,13.7,NA,19.13,12.26,2.38,125.29,17.99
JUL,22,9,33.15,13.86,NA,17.15,36.89,2.15,122.25,19.83
JUL,22,10,45.04,13.91,NA,13.63,10.3,2.63,145.03,23.19
JUL,22,11,52.56,14.15,NA,13.3,45.97,2.45,154.29,23.84
JUL,22,12,59.96,16.15,NA,12.86,35.68,3.01,139.74,26.16
JUL,22,13,67.18,13.71,NA,12.36,44.84,2.57,153.53,27.61
JUL,22,14,77.73,13.57,NA,12.49,48.09,2.89,148.34,28.34
JUL,22,15,84.69,13.09,NA,11,29.83,2.61,148.92,29.01
JUL,22,16,85.15,13.33,NA,10.87,30.51,2.75,167.56,29.44
JUL,22,17,84.7,13.08,NA,9.87,23.03,2.58,145.9,30.26
JUL,22,18,80.6,12.76,NA,9.89,59.78,4.06,173.96,28.76
JUL,22,19,62.22,12.49,NA,12.71,101.76,3.52,204.54,25.35
JUL,22,20,51.35,12.61,NA,14.26,197.15,3.34,251.26,22.07
JUL,22,21,45.78,13,NA,16.23,138.2,3.21,277.11,21.15
JUL,22,22,39.38,12.65,NA,17.47,37.7,3.26,291.27,20.79
JUL,22,23,38.95,12.45,NA,15.92,31.13,1.88,267.29,20.58
JUL,23,0,42.8,12.51,NA,13.88,61.08,2.37,106.6,20.48
JUL,23,1,45.84,12.86,NA,14.44,117.95,2.52,126.01,19.59
JUL,23,2,41.16,12.83,NA,15.14,72.7,1.95,136.58,19.12
JUL,23,3,37.39,12.84,NA,16.17,83.39,1.74,147.67,18.78
JUL,23,4,30.66,13.04,NA,19.27,76.49,1.71,158.9,18.59
JUL,23,5,24.07,13,NA,17.52,82.57,1.36,173.72,18.39
JUL,23,6,14.65,12.9,NA,23.01,139.77,2.26,125.21,17.57
JUL,23,7,13.65,13.1,NA,23.03,100.8,2.36,128.17,17.16
JUL,23,8,15.42,13.47,NA,23.76,47.51,2.07,137.05,17.87
JUL,23,9,24.9,13.82,NA,20.74,10.48,2.32,131.11,20.76
JUL,23,10,39,26.26,NA,22.39,16.39,1.87,154.42,24.03
JUL,23,11,57.87,35.75,NA,20.81,17.59,1.93,287.12,27.74
JUL,23,12,76.78,29.32,NA,18.65,100.52,1.91,261.73,28.95
JUL,23,13,91.42,22.92,NA,15.5,89.9,1.94,234.04,29.26
JUL,23,14,84.51,16.9,NA,14.6,79.46,2.13,258.22,28.83
JUL,23,15,85.2,16.48,NA,12.11,49.54,2.18,256.62,29.77
JUL,23,16,93.67,23.51,NA,14.11,34.89,2.67,295.42,30.56
JUL,23,17,95.53,27.29,NA,14.07,65.6,2.3,61.44,30.55
JUL,23,18,74.65,25.33,NA,12.9,106.79,4.8,120.61,26.66
JUL,23,19,42.86,17.32,NA,18.18,318.3,3.94,88.07,19.41
JUL,23,20,43.14,15.72,NA,15.06,340.37,5.35,91.98,17.26
JUL,23,21,36.5,15.2,NA,15.23,38.17,4.51,94.64,16.49
JUL,23,22,34.08,14.44,NA,15.2,46.28,3.18,72.54,16.4
JUL,23,23,31.99,16.64,NA,16.13,21.55,1.86,66.27,16.61
JUL,24,0,32.96,20.77,NA,13.76,13.24,1.32,340.68,16.83
JUL,24,1,32.31,15.62,NA,14.2,30.38,2.37,328.34,16.96
JUL,24,2,22.45,14.61,NA,18.07,61.92,2.53,167.94,16.63
JUL,24,3,14.24,14.59,NA,21.14,78.82,1.89,153.22,15.99
JUL,24,4,16.22,13.7,NA,19.29,70.25,1.05,93.43,15.66
JUL,24,5,17.14,13.27,NA,18.54,68.01,1.09,135.02,15.54
JUL,24,6,12.54,12.21,NA,20.18,51,1.58,150.37,15.27
JUL,24,7,12.66,12.85,NA,20.55,70.25,0.97,214.84,15.16
JUL,24,8,13.99,14.33,NA,20.07,125.43,2.43,310.58,16.17
JUL,24,9,24.89,13.35,NA,18.13,10.31,1.77,272.09,21.48
JUL,24,10,33.48,12.56,NA,18.59,18.56,1.79,207.66,24.4
JUL,24,11,53.67,23.84,NA,17.69,38.72,2,162.73,25.76
JUL,24,12,65.58,20.89,NA,17.18,77.45,2.07,122.22,26.73
JUL,24,13,60.02,13.21,NA,13.11,76.67,2.56,106.11,27.53
JUL,24,14,64.11,11.4,NA,10.98,31.09,3.01,118.97,28.44
JUL,24,15,60.77,10.44,NA,10.14,44.32,2.79,112.61,29.09
JUL,24,16,59.67,10.38,NA,9.91,38.51,2.9,117.48,29.63
JUL,24,17,58.35,10.09,NA,9.99,10.46,3.11,111.83,30
JUL,24,18,57.51,9.55,NA,10.05,26.77,3.63,129.6,28.47
JUL,24,19,50.05,8.83,NA,10.67,100.72,5.67,146.47,21.72
JUL,24,20,44.92,12.49,NA,16.89,71.51,3.92,78.1,21.33
JUL,24,21,38.23,30.81,NA,19.01,144.04,4.04,57.45,19.27
JUL,24,22,40.71,13.61,NA,14.35,142.84,4.26,73.61,16.68
JUL,24,23,30.65,31.2,NA,21.25,60.9,2.45,308.95,16.88
JUL,25,0,30.95,15.15,NA,16.89,12.95,3.33,283.82,17.6
JUL,25,1,30.41,13.4,NA,15.52,42.54,2.49,238.21,17.67
JUL,25,2,23.5,13.51,NA,17.7,53.02,2.49,156.54,17.22
JUL,25,3,18.52,13.89,NA,19.67,47.51,1.92,135.74,16.57
JUL,25,4,15.21,13.42,NA,19.32,53.19,2.25,125.07,16.03
JUL,25,5,16.87,13.75,NA,20.79,47.41,1.78,85.17,16.21
JUL,25,6,13.6,13.91,NA,20.92,85.98,1.62,129.01,15.73
JUL,25,7,13.22,13.84,NA,19.93,53.31,2.02,127.5,15.27
JUL,25,8,14.68,16.88,NA,19.56,16.68,2.31,119.29,19.3
JUL,25,9,19.2,17.53,NA,19.03,37.32,2.98,125.53,20.75
JUL,25,10,30.9,15.6,NA,13.5,21.9,2.92,111.52,23.41
JUL,25,11,38.73,13.07,NA,13.33,29.23,3.42,96.25,25.4
JUL,25,12,45.69,13.45,NA,12.93,49.72,2.43,100.38,27.44
JUL,25,13,54.04,12.82,NA,10.56,16.8,2.73,119.78,28.73
JUL,25,14,54.28,16.65,NA,11.65,18.84,2.53,112.78,29.72
JUL,25,15,57.52,18.04,NA,10.49,11.6,2.61,140.19,30.43
JUL,25,16,54.65,14.17,NA,9.48,17.81,2.87,114.91,31.18
JUL,25,17,51.66,12.42,NA,10.78,29.22,3.11,97.37,30.37
JUL,25,18,50.98,16.1,NA,12.6,26.1,2.81,63.84,29.89
JUL,25,19,46.65,14.61,NA,16.69,53.22,2.14,41.34,28.12
JUL,25,20,50.92,16.07,NA,25.05,89.87,2.68,287.47,26.15
JUL,25,21,33.41,28.49,NA,27.61,85.03,2.92,1.6,24.96
JUL,25,22,26.51,25.92,NA,24.64,66.87,1.86,185.25,23.34
JUL,25,23,35.27,19.11,NA,19.11,132.98,2.69,150.81,21.94
JUL,26,0,33.15,16.15,NA,18.46,23.94,2.83,64.82,22.14
JUL,26,1,28.96,15.86,NA,16.08,28.08,3.02,79.98,21.3
JUL,26,2,25.15,15.07,NA,16.37,59.19,2.6,86.72,20.01
JUL,26,3,22.35,19.31,NA,15.57,74.65,3.05,62.9,19.17
JUL,26,4,26.8,23.5,NA,12.77,66.82,2.75,66.48,19.11
JUL,26,5,14.17,16.99,NA,17.57,90.4,2.06,137.12,17.16
JUL,26,6,12.37,15.86,NA,17.21,108.3,1.9,141.73,16.29
JUL,26,7,15.49,13.73,NA,14.81,40.97,2.75,106.1,16.84
JUL,26,8,19.63,12.78,NA,13.39,11.02,2.86,101.69,19.6
JUL,26,9,27.47,11.57,NA,11.14,12.32,3.33,98.25,22.39
JUL,26,10,35.8,10.71,NA,10.48,19.55,3.55,95.4,24.41
JUL,26,11,46.68,10.38,NA,10.73,31.01,3.07,90.4,26.09
JUL,26,12,57.33,10.69,NA,10.84,46.62,2.51,150.51,28.28
JUL,26,13,62.79,16.76,NA,11.06,161.55,2.32,141.92,29.4
JUL,26,14,68.46,22.12,NA,11.79,142.77,2.52,129.63,29.96
JUL,26,15,71.13,18.44,NA,10.22,41.25,2.59,132.43,30.49
JUL,26,16,68.09,10.7,NA,9.87,92.8,2.53,134,31.09
JUL,26,17,68.44,11.88,NA,9.77,174.25,2.27,150.06,31.08
JUL,26,18,58.71,9.93,NA,14.03,111.48,3.75,293.9,26.72
JUL,26,19,48.81,9.76,NA,19.22,102.93,3.36,292.24,25.07
JUL,26,20,38.29,9.01,NA,20.61,113.17,2.63,281.92,23.97
JUL,26,21,41.49,8.65,NA,18.14,80.56,2.72,254.11,22.02
JUL,26,22,40.62,8.48,NA,19.82,87,2.34,258.97,21.77
JUL,26,23,42.22,8.57,NA,17.71,60.5,2.37,173.18,20.82
JUL,27,0,47.2,8.28,NA,17.66,34.84,1.7,175.89,20.61
JUL,27,1,30.79,10.98,NA,22.92,104.36,2.26,95.12,19.27
JUL,27,2,22.09,13.94,NA,27.24,98.91,1.38,132.97,18.41
JUL,27,3,15.42,15.72,NA,28.92,106.96,1.49,107.73,18.01
JUL,27,4,14.28,14.82,NA,27.67,138.26,0.99,293.16,17.6
JUL,27,5,12.6,14.94,NA,25.8,141.14,1.01,202.42,17.02
JUL,27,6,12.94,15.02,NA,25.19,49.84,1.33,118.78,16.38
JUL,27,7,12.73,15.24,NA,22.96,77.73,1.89,127.3,16.09
JUL,27,8,14.54,15.42,NA,22.09,13.54,2.17,139.55,19.35
JUL,27,9,22.51,16.12,NA,17.03,19.93,3.05,93.42,21.74
JUL,27,10,32.16,16.63,NA,17.07,86.91,3.15,93.64,23.71
JUL,27,11,41.43,16.17,NA,16.41,52.62,2.97,97.74,26.1
JUL,27,12,52.35,15.28,NA,13.71,76.37,2.25,148.94,28.41
JUL,27,13,59.19,28.13,NA,13.32,77.3,2.41,136.46,28.81
JUL,27,14,64.45,19.76,NA,11.68,18.69,2.49,128.54,29.74
JUL,27,15,65.59,13.75,NA,11.16,14.1,2.63,107.01,30.53
JUL,27,16,65.82,12.62,NA,10.25,32.62,3.42,105.06,30.99
JUL,27,17,62.68,14.97,NA,11.31,35.27,2.99,106.88,30.94
JUL,27,18,62.22,18.09,NA,12.66,25.85,1.97,106.4,30.1
JUL,27,19,54.42,12.96,NA,17,64.78,2.4,307.68,29.73
JUL,27,20,36.71,17.3,NA,25.08,144.52,1.76,74.57,26.9
JUL,27,21,26.11,29.7,NA,21.88,70.08,2.41,68.37,24.85
JUL,27,22,28.84,17.54,NA,17.81,58.98,2.58,78.23,23.79
JUL,27,23,17.32,18.29,NA,22.41,68.4,2.88,122.59,21.61
JUL,28,0,21.89,16.06,NA,16.84,49.9,2.83,85.73,21.38
JUL,28,1,20.03,15,NA,18.63,57.16,3.01,91.61,20.02
JUL,28,2,19.64,13.2,NA,17.77,59.54,2.14,101.84,19.11
JUL,28,3,22.81,12.12,NA,16.2,47.44,1.94,107.41,18.49
JUL,28,4,13.04,13.03,NA,21.61,61.23,1.98,133.11,17.05
JUL,28,5,19.51,12.48,NA,17.08,43.85,2.53,98.51,17.14
JUL,28,6,15.97,11.65,NA,19.6,48.6,2.4,102.5,16.5
JUL,28,7,15.5,12.03,NA,18.73,74.28,2.86,100.55,16.28
JUL,28,8,19.05,14.52,NA,18.03,56.25,3.33,100.15,18.85
JUL,28,9,29.46,13.52,NA,14.46,49.4,3.29,104.86,22.09
JUL,28,10,40.56,11.6,NA,12.6,43.31,2.9,111.6,24.43
JUL,28,11,53,11.52,NA,12.95,40.81,1.98,250.11,27.43
JUL,28,12,66.61,11.36,NA,11.69,58.89,1.92,251.18,28.75
JUL,28,13,88.55,8.81,NA,10.02,100.25,2.41,249.53,29.33
JUL,28,14,87.23,7.94,NA,10.4,56.5,2.57,258.54,29.77
JUL,28,15,91.85,15.45,NA,12.14,29.43,2.56,263.46,30.87
JUL,28,16,100.88,31.01,NA,14.37,54.63,2.52,116.08,31.27
JUL,28,17,95.23,24.54,NA,12.05,64.41,2.1,133.38,31.76
JUL,28,18,81.96,26.96,NA,13.6,65.83,2.26,156.43,31.31
JUL,28,19,77.55,16.64,NA,12.81,53.53,2.28,246.07,30.23
JUL,28,20,85.1,11.52,NA,18.72,156.95,3.07,269.74,27.44
JUL,28,21,57.14,10.8,NA,14.94,207.79,3.21,183.44,21.98
JUL,28,22,53.73,9.69,NA,17.48,237.78,2.45,271.44,19.99
JUL,28,23,35.26,18.87,NA,25.34,139.54,1.91,138.66,20.03
JUL,29,0,23.54,17.28,NA,27.45,87.59,1.59,84.18,19.75
JUL,29,1,29.28,19.46,NA,19.55,68.43,2.53,79.32,20.01
JUL,29,2,28.29,18.01,NA,15.26,81.45,2.71,85.42,19.77
JUL,29,3,30.67,16.46,NA,12.43,94.12,3.03,100.04,18.79
JUL,29,4,27.91,14.74,NA,12.66,90.4,2.78,90.88,18.05
JUL,29,5,28.64,14.88,NA,13.98,60.99,2.73,79.96,17.91
JUL,29,6,18.19,15.77,NA,19.57,91.31,2.3,116.37,17.09
JUL,29,7,14.89,15.81,NA,19.36,105.13,2.72,102.66,16.79
JUL,29,8,21.52,14.35,NA,15.02,15,2.89,105.17,19.27
JUL,29,9,28.75,13.95,NA,12.79,11.8,2.62,108.32,22.4
JUL,29,10,39.5,13.34,NA,11.88,18.25,3.5,101.18,24.54
JUL,29,11,45.02,13.55,NA,11.74,37.45,3.44,86.44,25.92
JUL,29,12,50.34,13.28,NA,10.28,43.68,2.91,99.05,27.41
JUL,29,13,53.05,13.23,NA,10.57,43.43,3.36,101.79,28.3
JUL,29,14,55.56,13.24,NA,9.6,43.87,3.23,115.56,29.23
JUL,29,15,60.28,14.14,NA,10.16,30.11,3.32,104.58,30.16
JUL,29,16,62.22,16.59,NA,11.97,52.68,2.91,87.04,29.81
JUL,29,17,64.83,15.43,NA,11.89,47.3,2.79,94.48,30.51
JUL,29,18,60,16.95,NA,14.13,54.24,2.36,86.92,30.29
JUL,29,19,56.66,13.91,NA,15.12,78,1.72,191.86,28.91
JUL,29,20,57.46,12.79,NA,17.61,123.31,2.66,134.06,26.89
JUL,29,21,36.15,18.22,NA,13.67,33.41,3.66,64.96,25.34
JUL,29,22,33.24,21.94,NA,12.89,73.36,3.81,67.1,23.76
JUL,29,23,30,16.34,NA,13.39,98.26,5.58,84.58,21.99
JUL,30,0,28.88,18.07,NA,15.63,87.36,4.36,74.4,20.5
JUL,30,1,30.68,16.77,NA,11.85,92.25,4.34,73.53,19.81
JUL,30,2,26.63,14.49,NA,14.88,84.35,2.52,113.5,18.63
JUL,30,3,15.41,15.95,NA,17.7,94.5,2.4,115.06,17.33
JUL,30,4,28.35,13.33,NA,11.47,52.89,2.28,75.52,17.57
JUL,30,5,28.81,24.03,NA,13.38,62.14,2.46,60.65,17.8
JUL,30,6,18.69,20.98,NA,18.76,91.86,2.29,113.71,17.25
JUL,30,7,12.7,16.36,NA,18.69,116.3,2.38,129.12,15.94
JUL,30,8,16.02,15.19,NA,16.54,23.5,2.21,133.33,19.52
JUL,30,9,29.03,13.49,NA,12.88,10.68,3.78,95.85,23.4
JUL,30,10,38.29,12.46,NA,11.64,22.62,4.72,88.77,24.89
JUL,30,11,42.61,11.95,NA,10.75,38.61,3.79,92.26,26.59
JUL,30,12,52.89,11.35,NA,9.84,24.59,3.31,101.78,28.47
JUL,30,13,57.64,12.1,NA,10.51,46.55,2.87,100.6,29.45
JUL,30,14,58.78,12.28,NA,10.12,131.94,2.91,111,29.71
JUL,30,15,61.21,15.02,NA,11.26,69.19,2.7,94.52,29.94
JUL,30,16,57.94,29.68,NA,13.79,42.12,2.87,63.69,29.64
JUL,30,17,47.57,19.46,NA,17.45,87.45,3.84,276.65,24.89
JUL,30,18,41.71,15.32,NA,17.69,43.33,4.22,76.14,26.14
JUL,30,19,38.19,22.32,NA,15.54,94.43,5.4,62.25,22.49
JUL,30,20,30.9,37.3,NA,20.39,72.65,2.71,65.54,22.64
JUL,30,21,23.54,24.37,NA,18.83,61.43,3.29,80.26,21.96
JUL,30,22,20.78,15.57,NA,17.37,100.06,3.14,96.37,20.68
JUL,30,23,21.5,13.02,NA,13.31,69.41,3.4,99.12,19.88
JUL,31,0,21.91,11.97,NA,12.75,51.31,2.71,82.09,18.84
JUL,31,1,18.44,12.78,NA,14.4,76.66,2.12,103.56,17.72
JUL,31,2,19.24,12.78,NA,14.52,58.49,2.69,102.3,17
JUL,31,3,21.78,13.98,NA,13.42,58.54,3.72,81.87,16.96
JUL,31,4,26.5,14.5,NA,11.6,69.08,3.63,75.09,16.87
JUL,31,5,25.84,15.29,NA,12.79,65.91,2.06,110.59,16.55
JUL,31,6,13.97,14.78,NA,18.33,88.94,2.24,104.83,15.45
JUL,31,7,12.67,13.78,NA,17.67,99.41,2.53,112.56,15.18
JUL,31,8,16.89,13.54,NA,15.37,42.32,2.91,111.6,18.22
JUL,31,9,28.4,13.38,NA,12.42,26.97,4,71.14,21.29
JUL,31,10,35.82,13.49,NA,11.68,46.21,4.47,96.6,23.22
JUL,31,11,42.14,12.58,NA,11.53,55.36,4.02,86.77,24.72
JUL,31,12,52.22,12.51,NA,12.1,52.84,2.97,97.78,26.82
JUL,31,13,62.8,12.41,NA,11.53,60.09,3.02,94.96,27.82
JUL,31,14,62.99,16.95,NA,11.98,52.53,2.63,83.59,28.93
JUL,31,15,61.62,31.38,NA,13.02,55.62,2.36,110.15,29.11
JUL,31,16,60.68,24.31,NA,12.69,55.76,3.01,91.28,29.81
JUL,31,17,58.33,18.65,NA,12.35,53.33,2.68,82.15,29.52
JUL,31,18,54.19,18.57,NA,13.58,49.22,3.7,68.22,29.78
JUL,31,19,43.55,17.42,NA,17.05,84.24,2.87,75.29,27.78
JUL,31,20,32.1,19.26,NA,18.94,79.94,3.4,66.08,26.11
JUL,31,21,28.28,38.15,NA,16.54,81.17,3.97,58.29,24.19
JUL,31,22,28.45,26.58,NA,14.25,79.09,4.06,75.15,23.04
JUL,31,23,27.53,15.41,NA,12.97,89.82,3.87,96.13,21.38
