DATOS HORARIOS 2023_NATIVITAS,,,,,,,,,,,
NOTA: LOS DATOS SON PREVALIDADOS,,,,,,,,,,,
,,,,,,,,,,,
MES,DIA,HORA,O3 [ppm],SO2 [ppm],NO2 [ppm],CO [ppm],PM10 [Ąg/m│],TEMP,WS,WD,HR
ENERO,1,0,0.024,0.010,0.014,NA,201,10.38,1.09,236.97,55.65
ENERO,1,1,0.041,0.021,0.014,NA,285,14.57,1.50,279.41,58.29
ENERO,1,2,NA,0.017,0.012,NA,391,13.37,1.69,283.43,63.24
ENERO,1,3,NA,0.027,0.014,NA,343,12.28,1.25,243.25,65.08
ENERO,1,4,0.046,0.015,0.014,NA,427,11.49,1.53,238.98,68.21
ENERO,1,5,0.045,0.010,0.012,NA,264,10.54,1.23,120.48,72.20
ENERO,1,6,0.029,0.007,0.010,NA,165,9.27,1.15,96.74,79.65
ENERO,1,7,0.024,0.006,0.010,NA,171,8.48,1.18,114.70,83.52
ENERO,1,8,0.016,0.006,0.008,NA,129,7.82,1.87,126.37,86.49
ENERO,1,9,0.016,0.006,0.007,NA,95,11.76,1.76,122.20,76.34
ENERO,1,10,0.023,0.007,0.005,NA,84,15.87,2.22,119.47,62.16
ENERO,1,11,0.037,0.007,0.004,NA,66,18.80,2.21,155.76,52.82
ENERO,1,12,0.042,0.010,0.004,NA,44,21.89,1.58,232.53,43.58
ENERO,1,13,0.046,0.008,0.004,NA,46,22.87,2.24,237.86,39.08
ENERO,1,14,0.048,0.006,0.004,NA,29,24.07,2.26,214.70,35.02
ENERO,1,15,0.046,0.006,0.004,NA,35,22.67,1.88,260.60,37.45
ENERO,1,16,0.046,0.006,0.004,NA,54,21.49,2.57,175.64,40.16
ENERO,1,17,0.038,0.006,0.004,NA,84,20.66,3.52,133.44,43.77
ENERO,1,18,0.021,0.006,0.006,NA,53,15.18,2.80,238.25,70.27
ENERO,1,19,0.012,0.007,0.010,NA,19,14.01,1.64,281.48,84.88
ENERO,1,20,0.007,0.007,0.013,NA,38,14.10,1.50,298.84,85.61
ENERO,1,21,0.008,0.006,0.012,NA,57,13.20,0.96,233.06,86.64
ENERO,1,22,0.010,0.006,0.011,NA,64,12.44,1.04,179.88,88.69
ENERO,1,23,0.009,0.006,0.011,NA,51,11.75,1.53,241.55,88.31
ENERO,2,0,0.014,0.006,0.010,NA,78,11.15,1.05,176.29,88.31
ENERO,2,1,0.016,0.006,0.009,NA,64,10.95,1.01,159.73,89.90
ENERO,2,2,0.014,0.005,0.007,NA,51,10.02,1.06,198.00,89.72
ENERO,2,3,0.009,0.005,0.007,NA,43,9.70,1.00,282.32,89.13
ENERO,2,4,0.013,0.005,0.008,NA,33,9.00,1.21,115.59,90.85
ENERO,2,5,NA,0.005,0.007,NA,36,8.05,1.05,194.35,91.89
ENERO,2,6,0.009,0.005,0.006,NA,36,8.19,1.03,251.52,90.75
ENERO,2,7,0.009,0.005,0.007,NA,44,8.45,1.07,273.56,89.11
ENERO,2,8,0.009,0.005,0.007,NA,42,8.16,1.00,231.95,90.01
ENERO,2,9,0.010,0.005,0.011,NA,40,12.98,1.22,251.93,82.47
ENERO,2,10,0.017,0.005,0.009,NA,39,16.58,1.03,183.46,70.65
ENERO,2,11,0.023,0.005,0.006,NA,39,19.09,1.59,227.57,64.75
ENERO,2,12,0.025,0.005,0.003,NA,28,19.93,3.42,244.17,54.35
ENERO,2,13,0.028,0.005,0.003,NA,19,21.18,4.47,235.39,38.44
ENERO,2,14,0.033,0.005,0.003,NA,18,22.07,4.90,248.44,27.26
ENERO,2,15,0.032,0.005,0.005,NA,23,21.29,4.98,277.20,29.15
ENERO,2,16,0.028,0.004,0.005,NA,28,19.68,4.45,274.08,29.32
ENERO,2,17,0.030,0.005,0.005,NA,21,20.40,4.64,272.68,28.06
ENERO,2,18,0.028,0.005,0.006,NA,28,19.09,4.02,264.44,32.98
ENERO,2,19,0.018,0.005,0.010,NA,33,17.13,2.81,264.10,41.78
ENERO,2,20,0.010,0.005,0.015,NA,48,15.18,2.66,271.32,47.91
ENERO,2,21,0.013,0.006,0.012,NA,74,14.51,2.36,230.87,49.31
ENERO,2,22,0.021,0.006,0.013,NA,59,13.03,1.78,143.82,51.87
ENERO,2,23,0.015,0.005,0.013,NA,67,11.68,1.13,129.02,56.42
ENERO,3,0,0.011,0.005,0.013,NA,47,11.53,1.40,231.73,57.25
ENERO,3,1,0.008,0.005,0.012,NA,54,11.49,1.77,294.22,59.34
ENERO,3,2,0.009,0.005,0.011,NA,43,11.97,1.31,198.44,56.91
ENERO,3,3,0.012,0.005,0.011,NA,37,10.98,1.43,144.47,57.82
ENERO,3,4,0.007,0.006,0.010,NA,33,9.93,1.37,278.42,60.49
ENERO,3,5,0.008,0.005,0.010,NA,36,9.28,1.66,279.15,63.82
ENERO,3,6,0.009,0.005,0.010,NA,37,8.67,1.62,245.64,66.32
ENERO,3,7,0.010,0.005,0.011,NA,43,8.11,1.33,218.63,68.52
ENERO,3,8,0.011,0.005,0.011,NA,69,8.31,1.30,263.81,68.19
ENERO,3,9,0.018,0.006,0.014,NA,93,14.09,1.06,198.34,60.01
ENERO,3,10,0.018,0.006,0.016,NA,98,17.48,1.80,264.46,51.07
ENERO,3,11,0.027,0.006,0.008,NA,56,19.15,2.29,285.26,44.52
ENERO,3,12,0.034,0.005,0.005,NA,28,20.75,2.72,265.59,38.55
ENERO,3,13,0.039,0.005,0.005,NA,24,21.92,3.46,279.08,35.19
ENERO,3,14,0.039,0.005,0.004,NA,26,23.05,4.27,259.59,30.83
ENERO,3,15,0.038,0.005,0.003,NA,32,23.49,4.74,252.66,26.34
ENERO,3,16,0.043,0.005,0.003,NA,30,23.51,4.66,246.45,25.71
ENERO,3,17,0.042,0.005,0.004,NA,28,23.37,4.57,264.53,24.04
ENERO,3,18,0.042,0.012,0.005,NA,40,22.15,3.76,269.93,27.25
ENERO,3,19,0.027,0.005,0.010,NA,47,19.35,2.71,261.97,34.74
ENERO,3,20,0.017,0.005,0.014,NA,50,17.21,2.40,271.16,41.08
ENERO,3,21,0.015,0.005,0.015,NA,76,15.79,1.95,244.95,45.15
ENERO,3,22,0.021,0.005,0.012,NA,85,14.41,1.32,190.02,48.97
ENERO,3,23,0.017,0.007,0.013,NA,73,13.66,1.50,198.01,50.18
ENERO,4,0,0.011,0.012,0.015,NA,63,12.94,1.56,272.07,52.47
ENERO,4,1,0.012,0.011,0.013,NA,75,11.57,0.98,210.72,54.73
ENERO,4,2,0.012,0.006,0.011,NA,79,10.87,1.01,198.32,57.47
ENERO,4,3,0.013,0.006,0.011,NA,72,10.07,1.19,218.55,60.34
ENERO,4,4,0.034,0.006,0.010,NA,57,8.93,1.05,74.47,65.25
ENERO,4,5,0.016,0.007,0.011,NA,59,8.15,1.05,150.78,67.74
ENERO,4,6,0.017,0.006,0.011,NA,60,7.52,1.25,144.86,69.67
ENERO,4,7,0.012,0.006,0.011,NA,80,7.06,1.19,101.69,73.19
ENERO,4,8,0.017,0.006,0.012,NA,75,7.52,0.97,63.64,73.62
ENERO,4,9,0.014,0.007,0.013,NA,102,12.03,1.24,163.61,64.17
ENERO,4,10,0.019,0.007,0.014,NA,102,14.68,1.74,133.38,56.43
ENERO,4,11,0.040,0.045,0.011,NA,96,17.96,1.69,154.68,47.96
ENERO,4,12,0.054,0.076,0.012,NA,119,21.24,1.52,209.85,40.79
ENERO,4,13,0.066,0.038,0.010,NA,77,22.78,2.11,248.28,35.06
ENERO,4,14,0.065,0.013,0.008,NA,43,23.66,1.98,207.38,31.71
ENERO,4,15,NA,NA,NA,NA,NA,NA,NA,NA,NA
ENERO,4,16,NA,NA,NA,NA,NA,NA,NA,NA,NA
ENERO,4,17,NA,0.022,0.006,NA,42,25.23,1.84,175.50,22.49
ENERO,4,18,NA,0.016,0.008,NA,103,23.83,1.19,202.13,23.31
ENERO,4,19,NA,0.009,0.024,NA,108,20.03,1.13,259.99,28.97
ENERO,4,20,NA,0.012,0.034,NA,148,17.52,0.97,216.82,32.99
ENERO,4,21,NA,0.010,0.032,NA,261,15.85,0.97,138.82,36.60
ENERO,4,22,NA,0.011,0.031,NA,310,14.38,1.04,133.90,41.51
ENERO,4,23,NA,0.010,0.030,NA,231,13.27,1.90,103.38,47.68
ENERO,5,0,NA,0.009,0.026,NA,147,12.61,2.67,111.63,50.53
ENERO,5,1,NA,0.008,0.020,NA,104,12.14,2.66,116.39,53.34
ENERO,5,2,NA,0.007,0.016,NA,69,11.83,2.58,85.67,56.34
ENERO,5,3,NA,0.006,0.013,NA,64,10.91,2.09,89.74,59.87
ENERO,5,4,NA,0.006,0.017,NA,59,10.18,2.33,112.74,63.98
ENERO,5,5,NA,0.006,0.016,NA,67,9.46,1.86,112.83,68.54
ENERO,5,6,NA,0.006,0.016,NA,89,8.90,1.73,105.58,72.24
ENERO,5,7,NA,0.006,0.016,NA,64,8.96,2.57,89.42,72.80
ENERO,5,8,NA,0.007,0.016,NA,71,8.96,2.27,65.18,74.77
ENERO,5,9,0.014,0.008,0.016,NA,70,11.92,2.66,80.90,67.19
ENERO,5,10,0.021,0.007,0.013,NA,75,15.36,3.16,106.10,53.73
ENERO,5,11,0.041,0.007,0.007,NA,63,19.02,3.82,95.31,41.50
ENERO,5,12,0.047,0.006,0.006,NA,57,21.21,3.83,86.29,34.91
ENERO,5,13,0.056,0.006,0.007,NA,43,23.03,4.37,93.40,29.76
ENERO,5,14,0.060,0.006,0.006,NA,46,24.22,3.97,99.70,27.00
ENERO,5,15,0.058,0.006,0.005,NA,45,25.25,3.52,95.36,22.11
ENERO,5,16,0.058,0.005,0.005,NA,44,25.92,3.08,112.78,20.31
ENERO,5,17,0.062,0.006,0.005,NA,53,25.60,3.18,132.05,21.58
ENERO,5,18,0.061,0.006,0.007,NA,64,24.25,2.53,124.85,24.30
ENERO,5,19,0.038,0.025,0.012,NA,86,21.41,4.42,66.59,27.07
ENERO,5,20,0.033,0.027,0.007,NA,73,19.40,6.00,46.07,29.68
ENERO,5,21,0.028,0.016,0.010,NA,55,17.65,3.96,55.49,38.17
ENERO,5,22,0.032,0.022,0.010,NA,54,16.46,2.98,79.01,40.32
ENERO,5,23,0.027,0.006,0.009,NA,53,14.38,4.15,98.59,49.57
ENERO,6,0,0.027,0.006,0.008,NA,50,13.16,4.25,98.48,52.42
ENERO,6,1,0.037,0.006,0.006,NA,42,12.38,3.93,82.12,54.61
ENERO,6,2,0.039,0.006,0.006,NA,27,12.22,4.04,81.55,55.75
ENERO,6,3,0.029,0.006,0.007,NA,36,10.65,2.33,137.73,58.75
ENERO,6,4,0.023,0.006,0.007,NA,33,8.63,2.29,127.22,66.24
ENERO,6,5,0.027,0.006,0.006,NA,31,8.53,3.17,108.39,68.26
ENERO,6,6,0.025,0.006,0.007,NA,34,8.19,3.03,112.13,70.04
ENERO,6,7,0.021,0.006,0.011,NA,32,7.79,3.19,110.37,71.83
ENERO,6,8,0.018,0.006,0.014,NA,48,8.09,3.31,113.15,71.64
ENERO,6,9,0.018,0.008,0.017,NA,68,10.77,3.28,112.67,64.47
ENERO,6,10,0.030,0.008,0.012,NA,67,13.79,3.66,89.57,54.45
ENERO,6,11,0.036,0.007,0.008,NA,51,17.09,3.70,85.92,42.43
ENERO,6,12,0.043,0.009,0.006,NA,NA,19.56,4.01,98.70,34.06
ENERO,6,13,0.048,0.007,0.005,NA,NA,22.27,2.67,119.04,29.42
ENERO,6,14,0.051,0.007,0.004,NA,14,24.28,2.15,151.01,22.90
ENERO,6,15,0.055,0.009,0.004,NA,17,24.89,2.28,159.40,19.19
ENERO,6,16,0.059,0.014,0.004,NA,30,25.40,2.20,192.40,18.00
ENERO,6,17,0.058,0.009,0.004,NA,32,25.14,1.75,238.85,17.41
ENERO,6,18,0.055,0.008,0.006,NA,42,23.79,1.56,215.66,17.63
ENERO,6,19,0.030,0.008,0.020,NA,78,19.96,1.17,230.30,20.47
ENERO,6,20,0.011,0.008,0.030,NA,125,17.50,0.96,238.20,24.03
ENERO,6,21,0.020,0.023,0.030,NA,173,16.15,1.72,121.71,27.94
ENERO,6,22,0.024,0.030,0.017,NA,129,16.53,2.20,65.47,26.71
ENERO,6,23,0.021,0.008,0.016,NA,71,14.16,1.32,120.23,29.49
ENERO,7,0,0.021,0.005,0.011,NA,62,12.34,2.37,86.85,35.23
ENERO,7,1,0.022,0.005,0.009,NA,38,11.49,2.61,95.33,40.03
ENERO,7,2,0.017,0.005,0.008,NA,34,10.24,2.51,125.37,47.09
ENERO,7,3,0.013,0.005,0.011,NA,40,9.82,2.33,114.94,52.52
ENERO,7,4,0.013,0.005,0.011,NA,42,9.18,2.23,105.77,54.88
ENERO,7,5,0.009,0.005,0.013,NA,54,8.10,1.57,115.34,58.60
ENERO,7,6,0.008,0.005,0.015,NA,60,7.77,2.02,102.79,61.78
ENERO,7,7,0.009,0.005,0.015,NA,56,8.16,2.67,100.73,64.85
ENERO,7,8,0.008,0.006,0.014,NA,74,6.97,1.64,150.27,67.55
ENERO,7,9,0.018,0.006,0.013,NA,100,9.92,2.05,129.43,59.91
ENERO,7,10,0.017,0.007,0.014,NA,102,13.12,3.02,105.84,53.16
ENERO,7,11,0.025,0.006,0.012,NA,86,16.86,2.80,105.88,45.59
ENERO,7,12,0.039,0.006,0.008,NA,59,20.39,2.26,131.72,36.48
ENERO,7,13,0.053,0.006,0.006,NA,49,23.29,1.84,210.43,30.19
ENERO,7,14,0.061,0.009,0.005,NA,48,24.88,1.86,235.68,23.02
ENERO,7,15,0.067,0.017,0.005,NA,45,25.09,2.03,197.13,18.28
ENERO,7,16,0.068,0.010,0.005,NA,47,25.38,2.12,197.95,17.47
ENERO,7,17,0.065,0.005,0.004,NA,45,24.89,2.09,226.26,17.66
ENERO,7,18,0.062,0.005,0.005,NA,44,23.32,2.02,233.86,18.11
ENERO,7,19,0.026,0.005,0.024,NA,87,19.73,1.11,252.92,20.30
ENERO,7,20,0.014,0.006,0.032,NA,123,17.70,1.19,274.75,25.72
ENERO,7,21,0.017,0.007,0.031,NA,128,15.90,0.96,201.06,27.11
ENERO,7,22,0.024,0.008,0.026,NA,216,14.47,1.00,237.73,31.17
ENERO,7,23,0.055,0.007,0.024,NA,257,13.28,1.96,124.80,39.63
ENERO,8,0,0.023,0.006,0.022,NA,150,12.44,1.72,159.47,41.27
ENERO,8,1,0.020,0.006,0.022,NA,123,11.68,1.02,248.03,41.55
ENERO,8,2,0.020,0.006,0.019,NA,126,11.16,1.56,109.31,43.99
ENERO,8,3,0.022,0.005,0.016,NA,78,9.69,1.91,114.83,48.04
ENERO,8,4,0.018,0.005,0.016,NA,64,9.07,1.97,104.31,48.91
ENERO,8,5,0.018,0.005,0.016,NA,66,8.53,1.42,86.84,49.61
ENERO,8,6,0.015,0.005,0.014,NA,56,7.52,1.07,162.40,50.58
ENERO,8,7,0.011,0.005,0.017,NA,58,7.15,1.05,96.24,53.27
ENERO,8,8,0.011,0.005,0.016,NA,63,7.28,1.18,89.58,54.03
ENERO,8,9,0.018,0.006,0.014,NA,69,10.70,2.18,99.39,45.57
ENERO,8,10,0.026,0.008,0.011,NA,77,13.68,3.74,115.69,39.03
ENERO,8,11,0.031,0.008,0.011,NA,74,17.17,3.09,108.81,32.98
ENERO,8,12,0.042,0.008,0.007,NA,52,20.34,3.20,112.42,25.52
ENERO,8,13,0.052,0.007,0.005,NA,36,22.67,2.77,123.56,20.24
ENERO,8,14,0.064,0.006,0.005,NA,53,24.64,2.31,154.29,17.51
ENERO,8,15,0.063,0.005,0.005,NA,43,25.13,2.75,121.07,15.24
ENERO,8,16,0.068,0.005,0.004,NA,43,25.37,2.45,160.83,14.53
ENERO,8,17,0.068,0.005,0.004,NA,38,25.42,1.73,217.47,13.99
ENERO,8,18,0.065,0.005,0.006,NA,44,23.88,1.39,257.18,14.31
ENERO,8,19,0.032,0.006,0.026,NA,65,20.00,1.02,295.19,16.23
ENERO,8,20,0.016,0.007,0.032,NA,122,17.58,1.04,232.95,21.98
ENERO,8,21,0.017,0.067,0.030,NA,122,16.23,1.56,211.88,26.16
ENERO,8,22,0.032,0.061,0.010,NA,80,15.86,3.39,85.28,36.52
ENERO,8,23,NA,0.006,0.006,NA,70,15.14,4.19,86.59,46.62
ENERO,9,0,NA,0.005,0.004,NA,43,13.71,3.46,74.72,55.05
ENERO,9,1,0.029,0.005,0.004,NA,40,12.83,4.48,78.22,63.49
ENERO,9,2,0.031,0.005,0.003,NA,37,12.71,4.68,71.67,66.67
ENERO,9,3,0.033,0.005,0.003,NA,32,11.98,4.16,78.00,69.99
ENERO,9,4,0.037,0.005,0.003,NA,31,11.14,3.30,86.56,72.75
ENERO,9,5,0.030,0.005,0.005,NA,29,10.43,2.77,87.81,74.74
ENERO,9,6,0.019,0.005,0.007,NA,34,9.37,3.18,102.93,78.22
ENERO,9,7,NA,0.005,0.011,NA,39,8.48,2.52,95.28,82.79
ENERO,9,8,NA,0.005,0.014,NA,68,8.30,1.67,108.24,84.42
ENERO,9,9,0.014,0.005,0.014,NA,81,11.17,1.65,100.33,74.82
ENERO,9,10,0.023,0.006,0.008,NA,80,14.16,2.96,86.06,64.50
ENERO,9,11,0.032,0.005,0.006,NA,46,16.59,3.27,93.75,52.64
ENERO,9,12,0.038,0.006,0.007,NA,46,19.31,2.59,113.70,43.86
ENERO,9,13,0.052,0.018,0.007,NA,55,22.20,1.82,214.22,34.90
ENERO,9,14,0.062,0.007,0.006,NA,56,23.27,2.72,270.03,30.88
ENERO,9,15,0.069,0.006,0.004,NA,47,23.62,2.64,246.56,29.23
ENERO,9,16,0.072,0.006,0.005,NA,59,23.85,2.77,273.42,27.69
ENERO,9,17,0.069,0.005,0.005,NA,53,23.92,2.37,265.42,26.77
ENERO,9,18,0.063,0.005,0.007,NA,58,22.54,1.85,253.86,27.49
ENERO,9,19,0.032,0.005,0.023,NA,73,19.92,2.34,274.60,32.55
ENERO,9,20,0.016,0.007,0.030,NA,81,18.24,1.12,217.45,37.25
ENERO,9,21,0.044,0.016,0.034,NA,177,16.27,0.96,148.92,40.06
ENERO,9,22,0.024,0.010,0.029,NA,292,15.09,1.19,211.59,42.72
ENERO,9,23,0.010,0.007,0.027,NA,181,14.26,1.38,242.26,48.26
ENERO,10,0,0.028,0.006,0.025,NA,132,13.94,2.07,227.06,50.72
ENERO,10,1,0.047,0.008,0.025,NA,112,13.35,1.11,141.14,50.88
ENERO,10,2,0.011,0.006,0.024,NA,109,12.52,1.50,128.23,53.71
ENERO,10,3,0.011,0.006,0.024,NA,104,12.05,1.29,115.57,55.95
ENERO,10,4,0.012,0.006,0.022,NA,101,11.21,1.71,93.93,57.86
ENERO,10,5,0.011,0.006,0.019,NA,84,10.48,2.67,108.82,62.72
ENERO,10,6,0.012,0.005,0.018,NA,73,9.91,1.90,70.45,68.65
ENERO,10,7,0.007,0.005,0.017,NA,62,9.32,1.69,98.24,73.60
ENERO,10,8,0.010,0.005,0.014,NA,69,9.11,2.45,102.46,79.78
ENERO,10,9,0.010,0.005,0.013,NA,69,11.48,2.75,89.33,74.24
ENERO,10,10,0.019,0.005,0.009,NA,67,14.70,3.40,99.44,64.20
ENERO,10,11,0.033,0.005,0.006,NA,50,17.58,3.93,91.19,54.18
ENERO,10,12,0.042,0.005,0.005,NA,52,19.39,3.69,101.78,47.54
ENERO,10,13,0.054,0.005,0.005,NA,54,21.30,3.00,105.41,39.81
ENERO,10,14,0.069,0.006,0.005,NA,56,23.34,2.61,150.56,33.19
ENERO,10,15,0.070,0.005,0.004,NA,51,24.37,2.55,119.02,26.01
ENERO,10,16,0.068,0.005,0.005,NA,47,25.18,1.90,177.27,22.83
ENERO,10,17,0.061,0.019,0.006,NA,54,24.51,3.10,158.94,22.59
ENERO,10,18,0.050,0.013,0.009,NA,60,22.00,3.29,184.27,25.85
ENERO,10,19,0.049,0.008,0.012,NA,70,19.26,2.51,183.68,32.48
ENERO,10,20,0.054,0.008,0.014,NA,158,16.47,2.26,153.06,43.09
ENERO,10,21,0.038,0.005,0.016,NA,108,15.34,1.88,85.06,47.57
ENERO,10,22,0.032,0.007,0.015,NA,97,14.94,2.38,117.42,49.47
ENERO,10,23,0.029,0.006,0.014,NA,81,14.21,1.52,145.73,51.07
ENERO,11,0,0.022,0.005,0.016,NA,86,13.97,2.41,90.50,50.53
ENERO,11,1,0.026,0.005,0.010,NA,70,13.86,2.92,107.30,52.53
ENERO,11,2,0.031,0.005,0.008,NA,55,13.93,2.51,102.12,52.31
ENERO,11,3,0.024,0.005,0.012,NA,51,13.16,1.88,106.73,56.50
ENERO,11,4,0.019,0.005,0.014,NA,48,11.72,1.98,134.54,61.31
ENERO,11,5,0.018,0.005,0.015,NA,56,10.89,1.00,140.43,64.74
ENERO,11,6,0.017,0.005,0.020,NA,58,10.08,1.32,86.03,68.46
ENERO,11,7,0.008,0.005,0.021,NA,58,9.70,1.51,93.54,69.35
ENERO,11,8,0.007,0.005,0.019,NA,90,8.81,2.23,116.27,70.04
ENERO,11,9,0.008,0.005,0.018,NA,85,10.63,2.20,123.73,65.05
ENERO,11,10,0.018,0.007,0.018,NA,93,14.21,2.87,118.93,55.00
ENERO,11,11,0.032,0.007,0.014,NA,94,17.24,3.18,108.51,47.42
ENERO,11,12,0.049,0.009,0.009,NA,83,20.66,1.93,149.48,40.19
ENERO,11,13,0.067,0.011,0.007,NA,55,23.40,1.98,251.82,31.87
ENERO,11,14,0.078,0.014,0.007,NA,66,24.01,2.31,267.77,28.93
ENERO,11,15,0.072,0.010,0.007,NA,65,23.75,2.68,269.12,26.48
ENERO,11,16,0.062,0.006,0.005,NA,44,24.20,2.19,269.29,19.81
ENERO,11,17,0.064,0.005,0.006,NA,46,24.13,2.82,283.64,18.95
ENERO,11,18,0.056,0.005,0.011,NA,53,22.46,2.55,273.37,22.91
ENERO,11,19,0.031,0.006,0.025,NA,73,19.41,1.82,307.64,29.11
ENERO,11,20,0.019,0.006,0.029,NA,90,17.81,1.23,306.36,32.20
ENERO,11,21,0.014,0.006,0.029,NA,172,16.13,1.40,171.87,35.30
ENERO,11,22,0.034,0.005,0.013,NA,163,15.43,1.88,181.03,43.06
ENERO,11,23,0.015,0.006,0.024,NA,100,14.54,0.96,238.61,45.71
ENERO,12,0,0.008,0.009,0.026,NA,120,13.42,1.00,307.41,47.27
ENERO,12,1,0.014,0.010,0.022,NA,95,12.28,0.99,210.99,52.09
ENERO,12,2,0.012,0.006,0.020,NA,107,11.33,0.97,243.80,53.36
ENERO,12,3,0.013,0.006,0.018,NA,117,10.87,0.97,241.79,55.97
ENERO,12,4,0.013,0.006,0.020,NA,103,11.06,1.71,254.44,57.76
ENERO,12,5,0.018,0.005,0.017,NA,93,10.91,1.39,246.93,56.69
ENERO,12,6,0.017,0.005,0.019,NA,91,11.25,0.99,249.16,54.84
ENERO,12,7,0.025,0.005,0.019,NA,92,10.89,0.97,149.51,55.52
ENERO,12,8,0.060,0.007,0.017,NA,111,9.67,1.07,70.73,60.88
ENERO,12,9,0.025,0.007,0.019,NA,127,12.24,1.25,128.38,58.04
ENERO,12,10,0.031,0.009,0.015,NA,128,16.13,1.79,111.28,47.85
ENERO,12,11,0.048,0.028,0.010,NA,85,20.33,1.16,154.32,37.34
ENERO,12,12,0.069,0.106,0.014,NA,104,21.92,1.88,257.33,33.42
ENERO,12,13,0.094,0.087,0.013,NA,113,23.55,1.85,248.93,29.72
ENERO,12,14,0.088,0.038,0.012,NA,93,24.73,1.83,136.93,24.55
ENERO,12,15,0.068,0.008,0.004,NA,67,25.63,3.09,131.96,18.80
ENERO,12,16,0.069,0.014,0.006,NA,55,24.80,2.58,110.71,18.12
ENERO,12,17,0.074,0.006,0.006,NA,57,24.58,3.27,109.13,17.85
ENERO,12,18,0.074,0.005,0.005,NA,63,23.40,2.62,148.53,18.65
ENERO,12,19,0.052,0.005,0.016,NA,96,21.32,1.16,169.92,19.96
ENERO,12,20,0.017,0.006,0.035,NA,188,19.93,1.17,174.07,21.28
ENERO,12,21,0.041,0.008,0.010,NA,142,19.15,4.52,86.31,34.52
ENERO,12,22,0.036,0.006,0.008,NA,110,16.74,4.68,101.49,47.32
ENERO,12,23,0.040,0.008,0.007,NA,119,15.24,6.12,95.26,52.88
ENERO,13,0,0.035,0.021,0.008,NA,100,13.43,6.39,65.89,53.88
ENERO,13,1,0.038,0.008,0.005,NA,79,12.30,5.64,63.09,56.89
ENERO,13,2,0.039,0.010,0.004,NA,65,11.53,5.33,65.32,59.42
ENERO,13,3,0.036,0.021,0.007,NA,58,11.23,4.56,67.71,61.40
ENERO,13,4,0.036,0.025,0.006,NA,56,10.82,5.28,70.49,61.25
ENERO,13,5,0.035,0.029,0.007,NA,65,10.30,4.78,70.94,60.39
ENERO,13,6,0.034,0.022,0.007,NA,54,9.64,3.21,91.04,60.15
ENERO,13,7,0.026,0.007,0.008,NA,43,7.91,2.28,113.78,61.43
ENERO,13,8,0.021,0.009,0.013,NA,53,8.25,2.28,117.21,61.81
ENERO,13,9,0.023,0.006,0.010,NA,62,9.96,2.57,127.60,56.48
ENERO,13,10,0.036,0.013,0.007,NA,65,12.57,4.48,88.99,50.97
ENERO,13,11,0.039,0.013,0.006,NA,61,14.25,5.04,71.77,47.29
ENERO,13,12,0.042,0.025,0.008,NA,52,16.61,4.35,64.43,42.08
ENERO,13,13,0.048,0.024,0.007,NA,56,18.58,4.37,56.14,35.70
ENERO,13,14,0.052,0.019,0.008,NA,51,20.92,3.33,78.70,28.71
ENERO,13,15,0.056,0.021,0.007,NA,55,22.03,3.13,82.72,24.98
ENERO,13,16,0.059,0.017,0.006,NA,57,22.88,3.23,106.61,23.41
ENERO,13,17,0.053,0.023,0.007,NA,59,22.72,3.58,79.56,20.98
ENERO,13,18,0.049,0.017,0.006,NA,54,21.55,3.62,55.46,18.90
ENERO,13,19,0.044,0.014,0.006,NA,58,19.07,5.72,43.77,20.22
ENERO,13,20,0.033,0.036,0.008,NA,69,16.68,5.06,56.74,24.70
ENERO,13,21,0.032,0.022,0.008,NA,56,15.22,4.71,63.57,26.75
ENERO,13,22,0.026,0.012,0.011,NA,57,13.32,2.55,75.50,29.47
ENERO,13,23,0.026,0.009,0.008,NA,47,11.23,2.56,90.16,33.64
ENERO,14,0,0.029,0.007,0.006,NA,45,10.28,3.13,100.33,34.77
ENERO,14,1,0.030,0.006,0.006,NA,42,9.52,2.83,99.01,35.78
ENERO,14,2,0.028,0.016,0.007,NA,31,8.71,2.94,98.81,38.28
ENERO,14,3,0.027,0.006,0.006,NA,30,7.18,1.75,121.41,42.03
ENERO,14,4,0.023,0.005,0.008,NA,30,5.76,1.91,107.56,48.15
ENERO,14,5,0.023,0.004,0.008,NA,29,5.17,2.16,117.21,51.04
ENERO,14,6,0.018,0.004,0.011,NA,35,4.85,2.29,104.93,52.90
ENERO,14,7,0.016,0.005,0.013,NA,44,4.72,2.88,92.49,53.69
ENERO,14,8,0.013,0.006,0.015,NA,80,4.44,2.87,111.98,55.80
ENERO,14,9,0.017,0.005,0.014,NA,64,7.26,3.10,109.48,49.14
ENERO,14,10,0.028,0.005,0.010,NA,78,10.56,3.70,105.69,40.69
ENERO,14,11,0.040,0.005,0.007,NA,73,14.39,3.69,97.36,31.10
ENERO,14,12,0.046,0.006,0.005,NA,62,17.03,4.00,102.13,25.21
ENERO,14,13,0.050,0.006,0.005,NA,50,19.32,3.82,96.00,20.34
ENERO,14,14,0.054,0.018,0.007,NA,41,21.83,2.29,116.78,16.51
ENERO,14,15,0.060,0.035,0.009,NA,64,23.55,1.98,174.66,15.74
ENERO,14,16,0.074,0.028,0.007,NA,58,24.04,2.10,267.65,15.33
ENERO,14,17,0.068,0.007,0.005,NA,56,23.16,2.74,262.52,17.11
ENERO,14,18,0.062,0.007,0.009,NA,66,21.74,3.09,297.95,18.00
ENERO,14,19,0.039,0.006,0.019,NA,61,18.72,1.37,273.96,20.50
ENERO,14,20,0.012,0.007,0.033,NA,108,16.45,1.04,300.44,24.56
ENERO,14,21,0.014,0.008,0.031,NA,154,15.01,1.01,294.83,27.73
ENERO,14,22,0.018,0.008,0.028,NA,224,13.08,0.99,210.03,31.27
ENERO,14,23,0.018,0.007,0.027,NA,310,12.38,1.02,219.43,33.78
ENERO,15,0,0.017,0.008,0.026,NA,256,11.46,1.08,185.86,36.89
ENERO,15,1,0.029,0.007,0.023,NA,181,10.10,1.12,110.78,41.30
ENERO,15,2,0.018,0.006,0.018,NA,143,9.00,1.16,143.80,42.37
ENERO,15,3,0.019,0.006,0.017,NA,96,9.16,1.15,135.61,43.12
ENERO,15,4,0.017,0.006,0.017,NA,93,8.23,1.20,146.79,44.02
ENERO,15,5,0.016,0.006,0.017,NA,103,7.43,1.05,108.40,47.16
ENERO,15,6,0.016,0.005,0.016,NA,81,6.69,1.07,133.03,48.22
ENERO,15,7,NA,0.005,0.017,NA,88,5.80,1.26,125.17,51.38
ENERO,15,8,NA,0.005,0.013,NA,81,5.41,1.83,119.20,53.04
ENERO,15,9,0.017,0.006,0.013,NA,86,8.68,1.79,121.59,46.68
ENERO,15,10,0.030,0.006,0.010,NA,81,13.45,2.04,121.75,38.67
ENERO,15,11,0.048,0.006,0.009,NA,84,17.97,1.32,158.35,31.97
ENERO,15,12,0.063,0.006,0.007,NA,71,20.69,1.63,232.02,30.00
ENERO,15,13,0.068,0.006,0.005,NA,51,21.59,2.95,266.29,27.27
ENERO,15,14,0.070,0.005,0.005,NA,49,22.71,3.08,252.12,25.80
ENERO,15,15,0.070,0.005,0.004,NA,55,23.40,3.27,242.33,23.54
ENERO,15,16,0.065,0.005,0.004,NA,56,23.89,3.75,252.81,20.99
ENERO,15,17,0.064,0.005,0.004,NA,57,23.51,3.88,255.54,19.79
ENERO,15,18,0.059,0.005,0.005,NA,63,22.42,3.62,252.43,19.34
ENERO,15,19,0.048,0.005,0.008,NA,59,19.58,3.34,255.11,21.97
ENERO,15,20,0.039,0.005,0.013,NA,75,17.48,2.71,254.89,23.27
ENERO,15,21,0.029,0.005,0.015,NA,72,15.98,2.58,257.95,24.76
ENERO,15,22,0.023,0.005,0.016,NA,78,14.88,2.63,275.78,28.06
ENERO,15,23,0.017,0.005,0.018,NA,98,13.07,1.25,271.65,30.87
ENERO,16,0,0.027,0.005,0.012,NA,78,12.09,1.04,268.42,33.06
ENERO,16,1,0.024,0.005,0.011,NA,68,11.14,1.23,234.88,35.28
ENERO,16,2,0.032,0.005,0.006,NA,59,10.91,1.69,255.17,44.87
ENERO,16,3,0.022,0.005,0.012,NA,57,9.99,1.85,294.05,50.56
ENERO,16,4,0.020,0.005,0.013,NA,66,9.07,1.84,269.29,52.95
ENERO,16,5,0.020,0.005,0.010,NA,56,8.26,1.01,174.49,55.48
ENERO,16,6,0.020,0.005,0.013,NA,60,7.64,1.07,255.70,56.73
ENERO,16,7,0.015,0.005,0.014,NA,61,7.50,1.78,270.26,59.74
ENERO,16,8,0.010,0.005,0.017,NA,74,7.27,1.27,255.94,59.30
ENERO,16,9,0.011,0.005,0.019,NA,102,11.66,1.85,287.58,51.84
ENERO,16,10,0.021,0.005,0.015,NA,93,15.15,2.22,260.70,42.73
ENERO,16,11,0.037,0.005,0.006,NA,60,17.76,2.12,270.23,36.48
ENERO,16,12,0.043,0.005,0.004,NA,32,19.66,2.59,259.76,31.84
ENERO,16,13,0.048,0.005,0.004,NA,40,20.96,2.85,270.69,31.24
ENERO,16,14,0.054,0.005,0.004,NA,43,22.22,3.84,263.44,27.24
ENERO,16,15,0.055,0.005,0.005,NA,44,22.56,3.86,270.75,22.03
ENERO,16,16,0.057,0.005,0.005,NA,47,23.37,3.05,274.48,20.93
ENERO,16,17,0.055,0.005,0.006,NA,42,23.18,3.35,287.73,18.95
ENERO,16,18,0.056,0.005,0.008,NA,47,22.52,2.57,296.37,19.17
ENERO,16,19,0.025,0.005,0.024,NA,76,19.76,1.83,289.02,23.26
ENERO,16,20,0.011,0.005,0.026,NA,120,16.74,1.03,238.82,24.92
ENERO,16,21,0.011,0.006,0.024,NA,181,14.72,1.12,269.98,28.32
ENERO,16,22,0.015,0.006,0.022,NA,159,13.62,1.42,251.79,30.55
ENERO,16,23,0.016,0.006,0.019,NA,146,12.77,1.50,239.26,30.10
ENERO,17,0,0.018,0.005,0.018,NA,131,11.65,0.98,240.83,29.34
ENERO,17,1,0.018,0.005,0.018,NA,112,10.39,1.09,287.64,31.77
ENERO,17,2,0.013,0.006,0.018,NA,103,8.82,1.01,215.88,35.56
ENERO,17,3,NA,0.006,0.016,NA,102,7.74,0.97,170.15,40.85
ENERO,17,4,NA,0.006,0.017,NA,126,6.44,1.12,106.80,48.88
ENERO,17,5,NA,0.006,0.016,NA,129,5.21,1.06,120.67,53.23
ENERO,17,6,NA,0.006,0.016,NA,118,4.33,1.22,113.89,56.75
ENERO,17,7,NA,0.007,0.016,NA,124,4.21,2.12,113.55,55.30
ENERO,17,8,NA,0.005,0.017,NA,105,4.63,1.85,107.10,54.63
ENERO,17,9,NA,0.006,0.018,NA,130,8.38,2.22,103.30,44.16
ENERO,17,10,0.027,0.006,0.015,NA,128,13.10,2.56,104.49,38.89
ENERO,17,11,0.044,0.007,0.011,NA,84,16.88,2.22,121.48,39.54
ENERO,17,12,0.051,0.006,0.008,NA,77,20.97,1.52,169.13,32.93
ENERO,17,13,0.066,0.006,0.006,NA,62,23.53,1.63,236.06,27.81
ENERO,17,14,0.073,0.006,0.006,NA,60,25.00,2.19,212.84,21.49
ENERO,17,15,0.061,0.005,0.005,NA,52,25.18,3.19,251.46,16.45
ENERO,17,16,0.061,0.005,0.005,NA,46,25.83,3.31,258.19,13.49
ENERO,17,17,0.066,0.005,0.006,NA,51,25.65,3.05,273.46,14.04
ENERO,17,18,0.053,0.005,0.009,NA,59,23.43,3.20,260.85,15.69
ENERO,17,19,0.034,0.005,0.018,NA,82,21.47,1.82,251.58,16.57
ENERO,17,20,0.022,0.006,0.024,NA,166,18.45,1.41,190.80,19.94
ENERO,17,21,0.016,0.006,0.026,NA,178,16.63,1.15,197.38,24.61
ENERO,17,22,0.031,0.005,0.008,NA,145,16.59,2.79,235.74,32.41
ENERO,17,23,0.024,0.007,0.011,NA,71,14.75,1.36,215.73,34.32
ENERO,18,0,0.018,0.008,0.014,NA,75,13.40,1.08,243.58,39.00
ENERO,18,1,0.009,0.006,0.017,NA,78,12.55,1.02,288.65,41.69
ENERO,18,2,0.013,0.006,0.015,NA,76,11.29,0.99,254.43,44.73
ENERO,18,3,0.014,0.005,0.015,NA,74,10.23,1.01,224.58,48.09
ENERO,18,4,0.015,0.005,0.014,NA,70,9.63,0.98,253.10,49.29
ENERO,18,5,0.016,0.005,0.013,NA,68,8.73,0.98,233.14,54.97
ENERO,18,6,0.016,0.005,0.015,NA,81,7.76,1.00,134.02,62.25
ENERO,18,7,0.012,0.005,0.015,NA,87,6.80,0.98,204.13,63.31
ENERO,18,8,0.034,0.006,0.016,NA,114,6.84,0.98,70.27,67.31
ENERO,18,9,0.027,0.007,0.020,NA,160,10.48,0.97,120.97,61.10
ENERO,18,10,0.026,0.012,0.030,NA,172,16.24,1.18,200.61,49.12
ENERO,18,11,0.036,0.007,0.014,NA,127,19.07,1.57,254.21,41.35
ENERO,18,12,0.048,0.009,0.009,NA,60,20.16,1.76,267.68,34.65
ENERO,18,13,0.054,0.005,0.005,NA,40,22.59,2.01,218.78,26.02
ENERO,18,14,0.054,0.005,0.004,NA,36,23.61,3.08,264.79,18.63
ENERO,18,15,0.061,0.005,0.005,NA,36,24.52,2.66,250.67,16.83
ENERO,18,16,0.057,0.005,0.006,NA,43,24.63,3.47,274.63,15.16
ENERO,18,17,0.057,0.005,0.005,NA,43,24.89,2.10,239.62,14.44
ENERO,18,18,0.052,0.005,0.006,NA,48,23.90,2.67,262.40,14.35
ENERO,18,19,0.025,0.005,0.020,NA,60,20.07,1.30,272.74,14.59
ENERO,18,20,0.013,0.005,0.027,NA,89,18.46,1.59,299.17,18.38
ENERO,18,21,0.020,0.006,0.023,NA,118,17.05,1.40,189.07,21.16
ENERO,18,22,0.019,0.007,0.023,NA,135,15.19,1.00,140.32,24.27
ENERO,18,23,0.027,0.007,0.023,NA,168,13.31,0.99,118.25,26.60
ENERO,19,0,0.021,0.007,0.021,NA,170,12.45,0.96,175.46,32.01
ENERO,19,1,0.016,0.007,0.022,NA,192,11.56,0.97,229.47,31.60
ENERO,19,2,0.018,0.006,0.018,NA,167,10.78,0.98,235.68,34.40
ENERO,19,3,0.018,0.006,0.018,NA,143,10.07,1.34,150.77,44.68
ENERO,19,4,0.009,0.006,0.017,NA,99,8.85,1.25,133.71,46.49
ENERO,19,5,NA,0.006,0.017,NA,77,8.06,0.97,199.10,47.28
ENERO,19,6,0.009,0.005,0.017,NA,73,8.34,1.14,162.50,50.42
ENERO,19,7,0.008,0.005,0.016,NA,90,7.32,1.62,130.27,53.79
ENERO,19,8,0.009,0.006,0.015,NA,93,7.12,2.20,136.67,54.16
ENERO,19,9,0.012,0.006,0.017,NA,112,9.83,2.42,134.93,48.02
ENERO,19,10,0.021,0.009,0.017,NA,114,14.96,2.76,92.77,34.77
ENERO,19,11,0.035,0.008,0.012,NA,106,18.58,2.59,110.12,31.56
ENERO,19,12,0.046,0.006,0.009,NA,84,21.53,2.09,142.09,28.60
ENERO,19,13,0.061,0.007,0.008,NA,77,23.15,2.16,159.71,25.56
ENERO,19,14,0.069,0.006,0.007,NA,67,25.49,1.66,165.25,22.25
ENERO,19,15,0.072,0.006,0.006,NA,66,27.14,1.51,177.29,19.11
ENERO,19,16,0.072,0.005,0.007,NA,65,26.29,2.04,206.89,18.27
ENERO,19,17,0.066,0.005,0.005,NA,48,26.66,1.99,235.51,16.83
ENERO,19,18,0.060,0.007,0.011,NA,52,24.18,2.15,270.63,19.13
ENERO,19,19,0.028,0.009,0.031,NA,94,21.90,1.72,298.97,21.94
ENERO,19,20,0.014,0.009,0.038,NA,124,20.03,1.38,312.98,25.50
ENERO,19,21,0.013,0.008,0.037,NA,159,17.97,1.41,232.75,28.73
ENERO,19,22,0.020,0.007,0.026,NA,213,16.67,1.11,251.80,32.28
ENERO,19,23,0.014,0.005,0.018,NA,125,15.15,1.03,160.87,33.44
ENERO,20,0,0.050,0.006,0.018,NA,115,14.11,1.41,84.75,39.55
ENERO,20,1,NA,0.007,0.019,NA,104,12.31,1.77,132.47,45.09
ENERO,20,2,0.001,0.006,0.020,NA,97,11.98,1.67,116.68,49.27
ENERO,20,3,0.005,0.006,0.020,NA,92,11.27,2.33,126.59,56.27
ENERO,20,4,NA,0.006,0.019,NA,89,10.43,2.34,126.64,63.21
ENERO,20,5,0.003,0.005,0.018,NA,81,9.43,2.47,116.42,68.37
ENERO,20,6,0.007,0.005,0.016,NA,78,8.17,2.23,120.86,72.23
ENERO,20,7,0.005,0.005,0.016,NA,78,7.59,2.09,116.29,77.41
ENERO,20,8,NA,0.005,0.016,NA,93,7.35,2.24,113.74,82.34
ENERO,20,9,0.014,0.006,0.015,NA,109,11.03,3.31,101.12,74.29
ENERO,20,10,0.022,0.006,0.013,NA,101,14.83,3.56,112.02,62.99
ENERO,20,11,0.033,0.007,0.010,NA,84,18.09,2.67,114.65,49.30
ENERO,20,12,0.046,0.007,0.008,NA,77,21.47,1.60,169.88,37.68
ENERO,20,13,0.058,0.006,0.006,NA,66,24.70,1.75,254.18,29.40
ENERO,20,14,0.060,0.005,0.006,NA,54,25.66,2.36,257.50,24.12
ENERO,20,15,0.055,0.005,0.005,NA,43,25.85,2.02,246.30,21.37
ENERO,20,16,0.054,0.005,0.005,NA,33,27.41,2.14,244.70,17.12
ENERO,20,17,0.055,0.005,0.006,NA,46,26.54,2.96,284.57,16.30
ENERO,20,18,0.050,0.005,0.010,NA,50,23.92,2.29,271.64,19.19
ENERO,20,19,0.017,0.005,0.025,NA,70,22.06,1.52,291.82,19.45
ENERO,20,20,0.011,0.006,0.028,NA,116,19.32,0.98,285.26,20.46
ENERO,20,21,0.011,0.007,0.025,NA,198,17.36,1.19,241.60,26.62
ENERO,20,22,0.012,0.006,0.022,NA,179,16.62,1.26,267.25,28.61
ENERO,20,23,0.014,0.006,0.021,NA,161,15.64,1.76,277.23,31.53
ENERO,21,0,0.012,0.005,0.019,NA,127,14.30,1.02,264.36,33.28
ENERO,21,1,0.010,0.006,0.018,NA,130,13.05,1.00,232.07,38.26
ENERO,21,2,0.010,0.006,0.017,NA,116,12.43,1.54,228.03,43.33
ENERO,21,3,0.011,0.005,0.014,NA,84,11.86,1.12,285.63,49.16
ENERO,21,4,0.010,0.005,0.014,NA,76,10.74,0.97,165.78,52.47
ENERO,21,5,0.007,0.006,0.018,NA,79,9.73,1.02,302.92,51.97
ENERO,21,6,0.012,0.006,0.015,NA,85,8.81,0.97,186.43,58.26
ENERO,21,7,0.010,0.006,0.015,NA,120,7.95,1.01,124.14,63.56
ENERO,21,8,0.003,0.005,0.016,NA,102,7.63,0.97,155.56,63.81
ENERO,21,9,0.008,0.007,0.018,NA,144,13.32,0.97,199.63,51.76
ENERO,21,10,0.015,0.007,0.023,NA,150,17.44,1.04,245.06,42.01
ENERO,21,11,0.030,0.006,0.013,NA,95,19.39,1.86,257.83,40.65
ENERO,21,12,0.043,0.006,0.006,NA,53,21.28,2.32,254.97,39.19
ENERO,21,13,0.049,0.006,0.005,NA,51,22.85,2.87,256.47,32.99
ENERO,21,14,0.056,0.005,0.005,NA,47,24.05,3.58,279.52,27.96
ENERO,21,15,0.048,0.005,0.006,NA,45,25.02,3.44,282.09,22.40
ENERO,21,16,0.042,0.005,0.005,NA,28,25.94,3.65,269.16,14.91
ENERO,21,17,0.050,0.005,0.005,NA,54,25.54,3.70,262.01,18.66
ENERO,21,18,0.046,0.005,0.005,NA,51,24.23,3.75,263.06,19.48
ENERO,21,19,0.037,0.005,0.010,NA,60,21.52,2.84,257.81,26.12
ENERO,21,20,0.022,0.005,0.018,NA,99,18.94,1.37,234.33,32.29
ENERO,21,21,0.019,0.005,0.017,NA,118,17.65,1.55,243.88,37.11
ENERO,21,22,0.020,0.005,0.012,NA,89,16.55,2.32,254.98,40.75
ENERO,21,23,0.024,0.005,0.009,NA,58,15.33,1.90,266.62,42.97
ENERO,22,0,0.024,0.005,0.009,NA,52,14.51,1.90,265.15,47.25
ENERO,22,1,0.029,0.005,0.011,NA,46,13.17,1.04,199.90,50.62
ENERO,22,2,0.023,0.005,0.014,NA,77,12.31,1.00,280.45,51.56
ENERO,22,3,0.010,0.005,0.015,NA,66,11.68,1.05,251.13,55.90
ENERO,22,4,0.012,0.005,0.012,NA,62,10.75,1.04,239.06,59.32
ENERO,22,5,0.016,0.005,0.010,NA,62,9.88,1.06,254.07,62.22
ENERO,22,6,0.019,0.005,0.010,NA,61,9.66,0.97,268.79,64.12
ENERO,22,7,0.014,0.005,0.013,NA,63,8.94,0.98,286.41,64.82
ENERO,22,8,0.031,0.005,0.014,NA,91,8.33,1.12,126.80,68.88
ENERO,22,9,0.019,0.006,0.015,NA,101,12.31,1.06,93.90,58.90
ENERO,22,10,0.032,0.008,0.011,NA,101,17.86,1.06,172.90,48.20
ENERO,22,11,0.041,0.027,0.008,NA,77,20.42,1.29,213.17,43.22
ENERO,22,12,0.048,0.007,0.007,NA,61,21.38,1.95,254.73,39.97
ENERO,22,13,0.050,0.006,0.005,NA,33,22.76,2.24,216.95,35.17
ENERO,22,14,0.052,0.005,0.004,NA,41,23.59,2.25,225.92,32.11
ENERO,22,15,0.049,0.005,0.005,NA,44,24.29,3.10,272.25,28.54
ENERO,22,16,0.046,0.005,0.005,NA,38,24.61,3.73,278.13,24.54
ENERO,22,17,0.046,0.005,0.004,NA,40,24.94,2.65,280.44,23.66
ENERO,22,18,0.037,0.005,0.006,NA,38,23.97,3.46,271.34,20.98
ENERO,22,19,0.030,0.005,0.010,NA,47,21.09,1.95,262.38,25.88
ENERO,22,20,0.012,0.005,0.019,NA,86,18.65,1.40,234.15,28.72
ENERO,22,21,0.020,0.005,0.015,NA,117,17.46,1.73,157.45,32.75
ENERO,22,22,0.016,0.005,0.014,NA,117,15.95,1.22,202.85,38.26
ENERO,22,23,0.012,0.005,0.013,NA,89,14.69,1.56,250.84,41.56
ENERO,23,0,0.013,0.005,0.012,NA,76,13.79,1.34,154.27,47.06
ENERO,23,1,0.013,0.006,0.016,NA,88,12.40,0.97,174.82,49.90
ENERO,23,2,0.010,0.006,0.015,NA,87,12.01,0.98,173.60,49.98
ENERO,23,3,0.012,0.005,0.011,NA,51,11.58,0.97,291.30,52.81
ENERO,23,4,0.034,0.006,0.013,NA,54,10.42,1.02,130.67,58.91
ENERO,23,5,0.023,0.006,0.014,NA,71,9.46,1.19,122.77,63.33
ENERO,23,6,0.007,0.006,0.013,NA,64,8.14,1.04,133.94,67.18
ENERO,23,7,0.006,0.005,0.014,NA,51,8.06,0.97,122.45,70.48
ENERO,23,8,0.006,0.005,0.014,NA,66,8.01,1.58,105.02,74.63
ENERO,23,9,0.009,0.006,0.014,NA,84,11.47,2.78,115.31,66.31
ENERO,23,10,0.017,0.007,0.014,NA,92,14.14,3.79,92.67,61.62
ENERO,23,11,0.027,0.007,0.011,NA,106,17.49,3.54,98.20,52.06
ENERO,23,12,0.038,0.006,0.004,NA,67,20.77,3.55,137.93,41.30
ENERO,23,13,0.044,0.005,0.003,NA,83,23.09,4.50,152.02,32.29
ENERO,23,14,0.050,0.005,0.004,NA,67,24.67,3.29,222.18,28.62
ENERO,23,15,0.051,0.005,0.004,NA,49,26.04,2.60,201.97,25.81
ENERO,23,16,0.050,0.005,0.003,NA,56,26.67,2.57,212.69,23.36
ENERO,23,17,0.042,0.005,0.003,NA,78,25.24,4.15,160.43,25.84
ENERO,23,18,0.039,0.005,0.003,NA,109,24.07,4.40,163.14,27.59
ENERO,23,19,0.036,0.006,0.005,NA,97,21.04,4.51,184.15,34.18
ENERO,23,20,0.029,0.007,0.008,NA,103,18.86,3.20,187.91,39.98
ENERO,23,21,0.018,0.006,0.011,NA,89,17.17,1.88,201.99,39.67
ENERO,23,22,0.017,0.005,0.009,NA,70,15.49,1.56,230.49,44.23
ENERO,23,23,0.020,0.005,0.006,NA,44,14.71,2.50,236.04,49.61
ENERO,24,0,NA,0.005,0.004,NA,31,13.82,2.05,222.06,51.21
ENERO,24,1,NA,0.005,0.009,NA,45,12.61,1.00,155.83,54.01
ENERO,24,2,NA,0.006,0.012,NA,52,11.55,1.16,225.16,56.65
ENERO,24,3,NA,0.005,0.007,NA,33,10.69,0.98,215.24,59.07
ENERO,24,4,NA,0.005,0.011,NA,41,9.34,1.04,194.44,60.42
ENERO,24,5,NA,0.005,0.011,NA,53,8.71,0.97,149.38,65.98
ENERO,24,6,NA,0.006,0.012,NA,66,7.68,0.97,71.53,69.52
ENERO,24,7,NA,0.007,0.011,NA,75,6.96,1.00,212.22,70.12
ENERO,24,8,NA,0.007,0.013,NA,135,7.32,0.99,149.39,70.73
ENERO,24,9,NA,0.011,0.017,NA,208,12.38,1.04,126.40,58.63
ENERO,24,10,NA,0.018,0.024,NA,185,17.86,1.23,220.93,44.94
ENERO,24,11,NA,0.007,0.008,NA,68,19.38,2.18,260.60,37.49
ENERO,24,12,NA,0.006,0.005,NA,31,20.74,2.46,246.71,32.82
ENERO,24,13,NA,0.005,0.005,NA,29,22.19,3.12,271.63,29.41
ENERO,24,14,NA,0.005,0.004,NA,36,23.50,3.75,268.00,24.81
ENERO,24,15,NA,0.005,0.004,NA,45,24.25,4.68,273.82,21.16
ENERO,24,16,NA,0.005,0.004,NA,56,24.64,4.93,263.33,18.16
ENERO,24,17,NA,0.004,0.004,NA,62,24.71,4.86,265.16,14.35
ENERO,24,18,NA,0.004,0.005,NA,65,23.69,4.48,263.11,12.46
ENERO,24,19,NA,0.004,0.008,NA,58,20.65,3.35,263.66,14.96
ENERO,24,20,NA,0.005,0.012,NA,60,18.14,3.17,261.51,21.00
ENERO,24,21,NA,0.005,0.009,NA,75,17.26,2.96,225.46,25.40
ENERO,24,22,NA,0.005,0.007,NA,57,15.99,2.66,210.66,30.03
ENERO,24,23,NA,0.005,0.006,NA,53,14.58,2.85,247.64,35.55
ENERO,25,0,NA,0.006,0.007,NA,38,12.81,1.74,183.13,40.54
ENERO,25,1,NA,0.013,0.012,NA,46,12.17,1.41,253.06,42.81
ENERO,25,2,NA,0.007,0.013,NA,46,11.05,1.05,149.20,44.87
ENERO,25,3,NA,0.007,0.012,NA,64,9.90,1.13,246.03,46.23
ENERO,25,4,NA,0.007,0.012,NA,80,8.54,1.10,149.02,52.15
ENERO,25,5,NA,0.005,0.012,NA,69,8.42,1.15,231.30,53.11
ENERO,25,6,NA,0.006,0.011,NA,58,7.49,1.19,100.84,58.46
ENERO,25,7,NA,0.006,0.012,NA,73,6.16,1.50,117.96,60.77
ENERO,25,8,NA,0.007,0.013,NA,108,6.16,1.57,111.11,62.52
ENERO,25,9,NA,0.008,0.013,NA,145,10.70,1.63,123.22,51.53
ENERO,25,10,NA,0.008,0.013,NA,105,15.31,1.77,120.46,40.64
ENERO,25,11,NA,0.016,0.009,NA,77,19.66,1.21,178.32,33.10
ENERO,25,12,0.038,0.020,0.008,NA,53,21.49,1.83,245.61,29.79
ENERO,25,13,0.045,0.012,0.007,NA,56,22.90,2.10,226.92,26.40
ENERO,25,14,0.043,0.006,0.004,NA,38,23.99,2.06,239.59,21.25
ENERO,25,15,0.045,0.005,0.004,NA,29,24.50,2.35,212.51,17.00
ENERO,25,16,0.044,0.005,0.004,NA,30,24.93,2.65,254.78,13.78
ENERO,25,17,0.047,0.005,0.005,NA,37,25.03,2.25,261.13,13.01
ENERO,25,18,0.043,0.005,0.008,NA,51,23.90,2.56,295.54,12.92
ENERO,25,19,0.025,0.005,0.019,NA,51,20.79,2.29,313.23,18.01
ENERO,25,20,0.010,0.005,0.028,NA,75,18.28,1.60,318.12,23.57
ENERO,25,21,0.010,0.006,0.026,NA,96,16.51,1.02,248.54,26.70
ENERO,25,22,0.016,0.006,0.021,NA,172,14.76,1.91,169.71,29.39
ENERO,25,23,0.069,0.007,0.019,NA,129,13.38,1.54,96.40,31.25
ENERO,26,0,0.028,0.006,0.015,NA,108,12.82,2.86,95.59,32.86
ENERO,26,1,0.024,0.005,0.009,NA,75,12.80,3.39,99.43,43.05
ENERO,26,2,0.039,0.005,0.007,NA,69,11.87,3.00,88.36,48.62
ENERO,26,3,NA,0.005,0.007,NA,46,10.93,2.81,98.63,52.40
ENERO,26,4,NA,0.005,0.005,NA,38,10.19,3.14,94.99,55.12
ENERO,26,5,0.018,0.005,0.009,NA,37,9.57,2.63,101.09,57.91
ENERO,26,6,0.012,0.005,0.013,NA,42,8.89,2.96,107.00,60.68
ENERO,26,7,0.008,0.005,0.016,NA,49,8.26,2.76,97.83,62.63
ENERO,26,8,0.014,0.005,0.016,NA,68,8.00,2.70,86.91,63.69
ENERO,26,9,0.022,0.005,0.011,NA,78,10.26,3.81,88.31,57.38
ENERO,26,10,0.024,0.005,0.007,NA,76,12.83,4.30,95.08,50.34
ENERO,26,11,0.032,0.005,0.007,NA,83,14.74,4.66,93.59,46.02
ENERO,26,12,0.039,0.005,0.006,NA,71,17.31,4.25,88.47,40.30
ENERO,26,13,0.045,0.005,0.005,NA,61,20.06,3.05,97.04,33.99
ENERO,26,14,0.051,0.013,0.005,NA,48,22.93,2.23,258.61,28.11
ENERO,26,15,0.059,0.011,0.005,NA,48,23.76,2.46,261.62,26.94
ENERO,26,16,0.067,0.013,0.005,NA,54,24.52,2.32,259.79,25.86
ENERO,26,17,0.069,0.011,0.006,NA,65,24.48,1.96,251.48,25.53
ENERO,26,18,0.062,0.006,0.007,NA,61,23.17,1.66,266.95,27.54
ENERO,26,19,0.047,0.006,0.014,NA,65,20.61,1.04,141.75,29.79
ENERO,26,20,0.030,0.008,0.026,NA,88,19.31,1.61,116.95,35.02
ENERO,26,21,0.024,0.006,0.010,NA,154,16.49,5.18,101.01,44.71
ENERO,26,22,0.026,0.005,0.007,NA,147,14.18,5.42,95.57,51.53
ENERO,26,23,0.024,0.005,0.005,NA,76,12.27,4.60,93.23,56.64
ENERO,27,0,NA,0.005,0.005,NA,47,10.83,4.40,88.11,61.44
ENERO,27,1,NA,0.005,0.005,NA,31,9.79,3.95,94.75,64.78
ENERO,27,2,NA,0.005,0.005,NA,26,8.80,4.02,108.05,68.71
ENERO,27,3,NA,0.005,0.004,NA,28,7.94,4.30,104.89,72.42
ENERO,27,4,NA,0.005,0.004,NA,24,7.25,3.94,100.82,74.94
ENERO,27,5,0.020,0.004,0.005,NA,27,6.66,3.41,97.45,77.53
ENERO,27,6,NA,0.004,0.006,NA,22,6.23,3.30,94.42,80.48
ENERO,27,7,NA,0.005,0.010,NA,31,5.52,3.07,88.18,82.27
ENERO,27,8,NA,0.004,0.011,NA,54,5.56,2.83,85.50,83.27
ENERO,27,9,NA,0.005,0.009,NA,45,8.32,3.48,93.51,75.88
ENERO,27,10,0.022,0.005,0.006,NA,50,11.10,4.66,88.52,65.38
ENERO,27,11,0.027,0.005,0.006,NA,57,13.57,4.32,104.53,56.81
ENERO,27,12,NA,NA,NA,NA,58,16.23,3.74,95.61,48.87
ENERO,27,13,NA,NA,NA,NA,48,19.42,2.60,134.23,41.17
ENERO,27,14,NA,NA,NA,NA,63,22.37,2.04,184.80,33.77
ENERO,27,15,NA,NA,NA,NA,53,23.28,2.10,174.60,31.58
ENERO,27,16,NA,NA,NA,NA,54,24.10,2.15,252.94,29.36
ENERO,27,17,NA,NA,NA,NA,60,24.00,2.33,235.82,28.93
ENERO,27,18,NA,NA,NA,NA,73,22.62,3.05,282.09,31.29
ENERO,27,19,NA,NA,NA,NA,75,20.17,2.46,309.65,36.44
ENERO,27,20,0.009,0.006,0.028,0.99866,89,18.29,1.29,139.54,39.25
ENERO,27,21,0.009,0.006,0.014,0.586164,139,17.32,2.33,163.07,42.86
ENERO,27,22,0.008,0.005,0.008,NA,76,16.78,2.71,246.93,36.21
ENERO,27,23,0.007,0.005,0.009,NA,50,15.34,1.75,263.40,34.86
ENERO,28,0,0.006,0.005,0.012,NA,41,13.79,1.02,199.64,38.49
ENERO,28,1,0.006,0.005,0.013,NA,57,12.65,0.97,120.68,45.34
ENERO,28,2,0.006,0.007,0.015,NA,81,11.22,1.27,109.36,49.94
ENERO,28,3,0.005,0.005,0.015,NA,65,10.08,1.36,136.91,55.75
ENERO,28,4,0.004,0.005,0.015,NA,61,9.66,2.47,121.58,60.79
ENERO,28,5,0.003,0.005,0.013,NA,46,9.06,2.88,99.56,65.57
ENERO,28,6,0.003,0.005,0.012,NA,50,7.91,2.81,95.25,69.03
ENERO,28,7,0.003,0.005,0.013,NA,43,6.95,1.99,109.69,73.68
ENERO,28,8,0.005,0.005,0.013,0.370032,112,6.83,2.66,99.19,75.63
ENERO,28,9,0.004,0.005,0.011,NA,104,9.85,3.15,99.49,67.57
ENERO,28,10,0.003,0.006,0.012,NA,76,13.58,3.16,107.83,57.02
ENERO,28,11,0.003,0.007,0.011,NA,71,17.16,2.50,111.56,46.96
ENERO,28,12,0.004,0.007,0.007,NA,59,21.25,1.68,236.35,36.75
ENERO,28,13,0.005,0.006,0.005,NA,37,23.19,1.98,231.39,29.23
ENERO,28,14,0.008,0.005,0.006,NA,44,22.95,2.32,211.69,27.83
ENERO,28,15,0.010,0.005,0.005,NA,28,23.85,2.79,269.31,24.32
ENERO,28,16,0.014,0.005,0.004,NA,36,24.81,3.48,250.19,21.27
ENERO,28,17,0.012,0.005,0.005,NA,36,23.77,3.96,276.82,20.57
ENERO,28,18,0.014,0.005,0.008,NA,38,22.75,4.30,293.83,22.12
ENERO,28,19,0.009,0.005,0.012,NA,43,20.71,2.94,288.92,22.93
ENERO,28,20,0.004,0.005,0.018,NA,53,18.78,2.15,274.01,27.48
ENERO,28,21,0.003,0.005,0.017,NA,68,18.21,1.75,264.33,30.08
ENERO,28,22,0.003,0.005,0.017,NA,97,16.50,1.72,260.84,33.53
ENERO,28,23,0.003,0.005,0.017,NA,95,15.49,1.51,277.91,35.95
ENERO,29,0,0.004,0.005,0.016,NA,85,14.58,1.00,263.90,36.55
ENERO,29,1,0.005,0.005,0.015,NA,84,13.03,0.97,223.15,37.77
ENERO,29,2,0.005,0.005,0.015,NA,92,12.81,0.97,229.51,39.27
ENERO,29,3,0.005,0.005,0.013,NA,71,12.12,0.97,227.96,40.75
ENERO,29,4,0.006,0.005,0.010,NA,62,11.80,1.05,276.89,45.46
ENERO,29,5,0.008,0.005,0.009,NA,44,10.86,0.97,246.25,47.84
ENERO,29,6,0.011,0.006,0.012,NA,53,10.31,1.07,104.46,54.81
ENERO,29,7,0.008,0.005,0.012,NA,74,9.16,1.23,92.09,56.74
ENERO,29,8,0.006,0.005,0.012,NA,77,9.02,1.40,125.13,57.75
ENERO,29,9,0.005,0.005,0.012,NA,71,12.40,2.00,117.94,49.25
ENERO,29,10,0.005,0.006,0.010,NA,79,17.55,1.84,132.80,37.79
ENERO,29,11,0.005,0.009,0.006,NA,66,20.13,2.13,136.86,33.85
ENERO,29,12,0.006,0.010,0.005,NA,40,23.10,1.93,157.72,29.39
ENERO,29,13,0.007,0.008,0.004,NA,32,25.36,1.55,187.41,25.13
ENERO,29,14,0.009,0.006,0.004,NA,32,26.53,1.76,211.19,22.27
ENERO,29,15,0.010,0.006,0.004,NA,30,26.65,2.50,224.22,20.10
ENERO,29,16,0.011,0.005,0.004,NA,28,26.87,2.69,222.34,19.25
ENERO,29,17,0.011,0.005,0.004,NA,26,27.07,2.24,197.71,19.27
ENERO,29,18,0.011,0.005,0.005,NA,34,26.04,2.49,276.43,19.75
ENERO,29,19,0.009,0.005,0.014,NA,31,23.07,1.85,277.26,22.93
ENERO,29,20,0.006,0.005,0.025,NA,65,20.53,0.99,280.11,26.07
ENERO,29,21,0.005,0.006,0.022,NA,160,18.99,1.09,271.01,28.89
ENERO,29,22,0.007,0.006,0.020,NA,215,17.17,0.96,142.30,34.25
ENERO,29,23,0.006,0.006,0.020,NA,276,15.96,1.03,213.28,34.84
ENERO,30,0,0.006,0.006,0.019,NA,175,15.25,0.97,275.57,36.88
ENERO,30,1,0.007,0.006,0.016,NA,114,13.92,0.97,196.40,41.44
ENERO,30,2,0.009,0.006,0.016,NA,141,12.47,1.47,156.97,45.42
ENERO,30,3,0.006,0.006,0.015,NA,88,10.98,1.17,158.25,48.96
ENERO,30,4,0.005,0.005,0.014,NA,72,11.00,0.97,117.75,48.42
ENERO,30,5,0.005,0.006,0.013,NA,89,10.47,1.01,272.89,50.12
ENERO,30,6,0.006,0.006,0.011,NA,78,9.64,1.02,194.96,52.80
ENERO,30,7,0.006,0.006,0.013,NA,78,8.43,1.34,104.92,59.93
ENERO,30,8,0.005,0.005,0.014,NA,85,8.45,1.22,142.13,59.33
ENERO,30,9,0.004,0.007,0.014,NA,84,13.28,1.60,141.22,49.51
ENERO,30,10,0.004,0.007,0.017,NA,104,17.99,1.21,140.91,38.09
ENERO,30,11,0.004,0.007,0.016,NA,110,21.67,1.27,230.59,31.78
ENERO,30,12,0.004,0.006,0.012,NA,79,23.35,2.20,278.70,27.85
ENERO,30,13,0.005,0.005,0.006,NA,49,25.16,2.24,258.03,25.75
ENERO,30,14,0.009,0.005,0.005,NA,31,26.49,2.38,246.74,22.30
ENERO,30,15,0.010,0.009,0.004,NA,29,27.31,2.17,227.38,20.11
ENERO,30,16,NA,0.017,0.005,NA,39,28.08,1.90,204.82,18.49
ENERO,30,17,NA,0.006,0.005,NA,42,27.82,2.07,252.00,18.99
ENERO,30,18,NA,0.006,0.007,NA,44,26.80,2.14,281.88,19.31
ENERO,30,19,NA,0.005,0.021,NA,59,23.92,1.79,311.63,21.67
ENERO,30,20,NA,0.006,0.031,NA,102,20.69,0.96,293.72,24.32
ENERO,30,21,NA,0.007,0.029,NA,222,19.22,0.99,217.32,29.05
ENERO,30,22,NA,0.007,0.026,NA,310,18.10,1.60,227.06,32.71
ENERO,30,23,NA,0.006,0.020,NA,145,17.13,2.18,134.52,33.71
ENERO,31,0,NA,0.006,0.022,NA,127,15.77,1.14,146.14,36.79
ENERO,31,1,NA,0.007,0.021,NA,134,15.06,1.20,111.50,41.74
ENERO,31,2,NA,0.006,0.021,NA,104,13.96,2.03,128.95,45.41
ENERO,31,3,NA,0.006,0.018,NA,78,13.59,2.10,124.17,48.13
ENERO,31,4,NA,0.006,0.018,NA,50,12.72,1.39,98.73,52.07
ENERO,31,5,NA,0.006,0.019,NA,64,11.99,1.72,97.70,56.84
ENERO,31,6,NA,0.006,0.018,NA,70,11.17,1.88,89.50,61.27
ENERO,31,7,NA,0.005,0.018,NA,64,10.75,1.52,102.83,65.26
ENERO,31,8,NA,0.005,0.018,NA,76,10.49,1.77,106.30,66.57
ENERO,31,9,NA,0.005,0.017,NA,91,13.15,2.81,98.58,61.90
ENERO,31,10,NA,0.006,0.014,NA,95,16.42,2.97,89.26,53.52
ENERO,31,11,NA,0.006,0.008,NA,72,19.24,3.33,98.54,44.87
ENERO,31,12,NA,0.007,0.008,NA,64,22.25,2.18,116.39,37.68
ENERO,31,13,NA,0.020,0.007,NA,61,25.30,1.88,211.83,29.67
ENERO,31,14,NA,0.011,0.007,NA,53,26.52,2.06,246.98,25.96
ENERO,31,15,NA,0.007,0.006,NA,49,27.32,1.87,228.17,24.79
ENERO,31,16,NA,0.006,0.005,NA,51,28.18,1.87,210.83,22.59
ENERO,31,17,NA,0.006,0.005,NA,52,28.01,2.03,143.93,21.90
ENERO,31,18,NA,0.006,0.006,NA,53,26.76,1.57,117.00,22.42
ENERO,31,19,NA,0.008,0.015,NA,55,23.52,0.95,147.32,25.33
ENERO,31,20,NA,0.007,0.020,NA,114,21.61,2.00,156.41,30.41
ENERO,31,21,NA,0.006,0.009,NA,118,20.76,2.83,209.24,35.38
ENERO,31,22,NA,0.007,0.007,NA,97,19.31,2.22,237.15,44.40
ENERO,31,23,NA,0.007,0.009,NA,82,17.59,1.32,186.82,48.18
