DATOS MÓVILES  DE ACUERDO AL ÍNDICE AIRE Y SALUD_CRUZ ROJA 2021,,,,,,,,,
NOTA: LOS DATOS SON PREVALIDADOS,,,,,,,,,
,,,,,,,,,
MES,DIA,HORA,O3 Horario [ppm],O3 Promedio de 8 hrs. [ppm],SO2 promedio de 24 hrs. [ppm],CO Promedio de 8 hrs. [ppm],PM10 Promedio ponderado  de 12 hrs. [µg/m³],PM2.5 Promedio ponderado  de 12 hrs.  [µg/m³],NO2 Horario [ppm]
SEPTIEMBRE,1,0,0.0167,0.0251,0.0074,0.7291,13,8,NA
SEPTIEMBRE,1,1,0.0261,0.0222,0.0095,0.6981,18,9,NA
SEPTIEMBRE,1,2,0.0296,0.0220,0.0095,0.6449,14,10,NA
SEPTIEMBRE,1,3,0.0308,0.0226,0.0087,0.5860,14,9,0.008
SEPTIEMBRE,1,4,0.0285,0.0234,0.0077,0.5388,10,8,0.0085
SEPTIEMBRE,1,5,0.0166,0.0239,0.0070,0.4074,12,12,0.0153
SEPTIEMBRE,1,6,0.0076,0.0215,0.0069,0.4025,18,12,0.02
SEPTIEMBRE,1,7,0.0055,0.0202,0.0068,0.4134,25,14,0.0233
SEPTIEMBRE,1,8,0.0113,0.0195,0.0067,0.4284,22,15,0.0215
SEPTIEMBRE,1,9,0.0194,0.0187,0.0066,0.4435,20,14,0.0148
SEPTIEMBRE,1,10,0.0302,0.0187,0.0066,0.4814,17,14,0.0128
SEPTIEMBRE,1,11,0.0394,0.0198,0.0066,0.5121,19,16,0.0122
SEPTIEMBRE,1,12,0.0353,0.0207,0.0067,0.5505,30,21,0.0143
SEPTIEMBRE,1,13,0.0401,0.0236,0.0067,0.5698,27,23,0.0123
SEPTIEMBRE,1,14,0.0473,0.0286,0.0067,0.5569,26,23,0.0101
SEPTIEMBRE,1,15,0.0489,0.0340,0.0067,0.5263,16,18,0.011
SEPTIEMBRE,1,16,0.0459,0.0383,0.0067,0.5040,10,15,0.0124
SEPTIEMBRE,1,17,0.0394,0.0408,0.0067,0.5087,7,17,0.0143
SEPTIEMBRE,1,18,0.0329,0.0411,0.0067,0.5064,5,14,0.0136
SEPTIEMBRE,1,19,0.023,0.0391,0.0068,0.5174,5,11,0.015
SEPTIEMBRE,1,20,0.0267,0.0380,0.0068,0.5196,4,10,0.0141
SEPTIEMBRE,1,21,0.0232,0.0359,0.0060,0.5384,3,9,0.0191
SEPTIEMBRE,1,22,0.0208,0.0326,0.0056,0.5303,3,7,0.0145
SEPTIEMBRE,1,23,0.0171,0.0286,0.0049,0.5282,2,8,0.0162
SEPTIEMBRE,2,0,0.0168,0.0250,0.0043,0.5043,2,9,0.0143
SEPTIEMBRE,2,1,0.0185,0.0224,0.0020,0.4795,20,10,0.0129
SEPTIEMBRE,2,2,0.0078,0.0192,0.0018,0.4495,33,11,0.0201
SEPTIEMBRE,2,3,0.0059,0.0171,0.0017,0.4153,26,12,0.0219
SEPTIEMBRE,2,4,0.0094,0.0149,0.0017,0.3843,23,13,0.0178
SEPTIEMBRE,2,5,0.007,0.0129,0.0016,0.3576,25,14,0.0181
SEPTIEMBRE,2,6,0.0061,0.0111,0.0016,0.3750,25,16,0.0181
SEPTIEMBRE,2,7,0.0096,0.0101,0.0016,0.4075,20,16,0.0209
SEPTIEMBRE,2,8,0.021,0.0106,0.0024,0.4393,17,14,0.0175
SEPTIEMBRE,2,9,0.0205,0.0109,0.0034,0.4853,17,15,0.0214
SEPTIEMBRE,2,10,0.0197,0.0124,0.0036,0.5716,16,15,0.0212
SEPTIEMBRE,2,11,0.0183,0.0139,0.0037,0.6296,13,16,0.0194
SEPTIEMBRE,2,12,0.0193,0.0152,0.0038,0.6866,15,15,0.0166
SEPTIEMBRE,2,13,0.0215,0.0170,0.0040,0.7502,19,19,0.018
SEPTIEMBRE,2,14,0.043,0.0216,0.0044,0.7811,21,22,0.012
SEPTIEMBRE,2,15,0.0547,0.0272,0.0046,0.7816,21,24,0.0104
SEPTIEMBRE,2,16,0.0513,0.0310,0.0048,0.8081,28,23,0.0164
SEPTIEMBRE,2,17,0.0561,0.0355,0.0054,0.8635,32,21,0.0209
SEPTIEMBRE,2,18,0.037,0.0376,0.0062,0.8624,41,29,0.0196
SEPTIEMBRE,2,19,0.0305,0.0392,0.0070,0.8284,31,27,0.0129
SEPTIEMBRE,2,20,0.0332,0.0409,0.0078,0.7906,23,25,0.013
SEPTIEMBRE,2,21,0.0245,0.0413,0.0082,0.7380,23,21,0.0168
SEPTIEMBRE,2,22,0.0173,0.0381,0.0087,0.7070,23,18,0.0158
SEPTIEMBRE,2,23,0.0117,0.0327,0.0091,0.6826,21,21,0.0168
SEPTIEMBRE,3,0,0.016,0.0283,0.0093,0.6383,20,19,0.0125
SEPTIEMBRE,3,1,0.0232,0.0242,0.0101,0.5328,14,17,0.0097
SEPTIEMBRE,3,2,0.0254,0.0227,0.0145,0.4443,16,17,NA
SEPTIEMBRE,3,3,0.0233,0.0218,0.0169,0.4130,12,13,NA
SEPTIEMBRE,3,4,0.0225,0.0205,0.0181,0.3824,13,13,NA
SEPTIEMBRE,3,5,0.0239,0.0204,0.0189,0.3525,13,16,NA
SEPTIEMBRE,3,6,0.0222,0.0210,0.0192,0.3329,12,13,0.0101
SEPTIEMBRE,3,7,0.0159,0.0215,0.0200,0.3273,11,11,0.0154
SEPTIEMBRE,3,8,0.0111,0.0209,0.0201,0.3401,15,13,0.0191
SEPTIEMBRE,3,9,0.0105,0.0193,0.0199,0.3455,15,13,0.018
SEPTIEMBRE,3,10,0.0168,0.0183,0.0216,0.3887,19,NA,0.0161
SEPTIEMBRE,3,11,0.0237,0.0183,0.0228,0.4152,22,NA,0.0087
SEPTIEMBRE,3,12,0.0324,0.0196,0.0231,0.4325,20,17,0.0061
SEPTIEMBRE,3,13,0.0362,0.0211,0.0236,0.4714,25,16,0.0082
SEPTIEMBRE,3,14,0.0335,0.0225,0.0236,NA,28,18,0.0104
SEPTIEMBRE,3,15,0.0186,0.0229,0.0234,NA,29,18,0.0189
SEPTIEMBRE,3,16,0.0154,0.0234,0.0234,NA,43,18,0.0263
SEPTIEMBRE,3,17,0.039,0.0270,0.0237,NA,29,18,0.0169
SEPTIEMBRE,3,18,0.0458,0.0306,0.0244,NA,39,15,0.0132
SEPTIEMBRE,3,19,0.0334,0.0318,0.0237,NA,37,20,0.0076
SEPTIEMBRE,3,20,0.0273,0.0312,0.0234,NA,27,18,0.0076
SEPTIEMBRE,3,21,0.0236,0.0296,0.0263,NA,19,14,0.0087
SEPTIEMBRE,3,22,0.0132,0.0270,0.0310,NA,29,17,0.0117
SEPTIEMBRE,3,23,0.0129,0.0263,0.0339,NA,31,22,0.0095
SEPTIEMBRE,4,0,0.0151,0.0263,0.0381,NA,24,22,0.0094
SEPTIEMBRE,4,1,0.0213,0.0241,0.0417,NA,23,21,0.0059
SEPTIEMBRE,4,2,0.0213,0.0210,0.0380,NA,19,20,0.0051
SEPTIEMBRE,4,3,0.0243,0.0199,0.0357,NA,20,19,0.0032
SEPTIEMBRE,4,4,0.0194,0.0189,0.0349,NA,16,13,NA
SEPTIEMBRE,4,5,0.0199,0.0184,0.0373,NA,17,11,NA
SEPTIEMBRE,4,6,0.0218,0.0195,0.0417,NA,15,15,NA
SEPTIEMBRE,4,7,0.023,0.0207,0.0452,NA,13,15,NA
SEPTIEMBRE,4,8,0.0215,0.0215,0.0507,NA,15,16,0.0076
SEPTIEMBRE,4,9,0.0179,0.0211,0.0506,NA,16,19,0.0096
SEPTIEMBRE,4,10,0.0276,0.0219,0.0510,NA,19,22,0.0063
SEPTIEMBRE,4,11,0.0339,0.0231,0.0505,NA,22,25,0.0079
SEPTIEMBRE,4,12,0.0354,0.0251,0.0508,NA,23,21,0.0081
SEPTIEMBRE,4,13,0.0361,0.0271,0.0506,NA,19,17,0.0096
SEPTIEMBRE,4,14,0.0481,0.0304,0.0504,NA,22,15,0.0054
SEPTIEMBRE,4,15,0.0517,0.0340,0.0506,NA,22,13,0.0062
SEPTIEMBRE,4,16,0.052,0.0378,0.0506,NA,21,13,0.0053
SEPTIEMBRE,4,17,0.048,0.0416,0.0497,NA,19,13,0.0051
SEPTIEMBRE,4,18,0.0403,0.0432,0.0482,NA,21,13,0.0069
SEPTIEMBRE,4,19,0.0379,0.0437,0.0480,NA,29,11,0.006
SEPTIEMBRE,4,20,0.0274,0.0427,0.0477,NA,29,12,0.0118
SEPTIEMBRE,4,21,0.0243,0.0412,0.0445,NA,20,14,0.0211
SEPTIEMBRE,4,22,0.0294,0.0389,0.0394,NA,19,15,0.0185
SEPTIEMBRE,4,23,0.0295,0.0361,0.0362,NA,18,14,0.0169
SEPTIEMBRE,5,0,0.023,0.0325,0.0320,NA,19,14,0.0106
SEPTIEMBRE,5,1,0.0278,0.0300,0.0277,NA,18,13,0.0097
SEPTIEMBRE,5,2,0.0196,0.0274,0.0270,NA,17,11,0.0104
SEPTIEMBRE,5,3,0.0153,0.0245,0.0269,NA,17,11,0.0108
SEPTIEMBRE,5,4,0.013,0.0227,0.0271,NA,18,13,0.0102
SEPTIEMBRE,5,5,0.0114,0.0211,0.0259,NA,19,15,NA
SEPTIEMBRE,5,6,0.0081,0.0185,0.0220,NA,20,14,0.012
SEPTIEMBRE,5,7,0.0065,0.0156,0.0180,NA,20,15,0.009
SEPTIEMBRE,5,8,0.0073,0.0136,0.0128,NA,23,14,0.0092
SEPTIEMBRE,5,9,0.0134,0.0118,0.0133,NA,27,23,0.0073
SEPTIEMBRE,5,10,0.0282,0.0129,0.0137,NA,23,25,0.0032
SEPTIEMBRE,5,11,0.0336,0.0152,0.0139,NA,21,22,0.0048
SEPTIEMBRE,5,12,0.045,0.0192,0.0135,NA,24,22,0.0039
SEPTIEMBRE,5,13,0.0574,0.0249,0.0131,NA,30,19,0.0063
SEPTIEMBRE,5,14,0.0624,0.0317,0.0131,NA,30,21,0.008
SEPTIEMBRE,5,15,0.0646,0.0390,0.0130,NA,35,22,0.009
SEPTIEMBRE,5,16,0.0722,0.0471,0.0130,NA,33,24,0.0065
SEPTIEMBRE,5,17,0.077,0.0550,0.0132,NA,36,27,0.0054
SEPTIEMBRE,5,18,0.0582,0.0588,0.0133,NA,45,26,0.0039
SEPTIEMBRE,5,19,0.0431,0.0600,0.0134,NA,45,18,0.0079
SEPTIEMBRE,5,20,0.028,0.0579,0.0133,NA,29,16,0.0169
SEPTIEMBRE,5,21,0.0308,0.0545,0.0133,NA,22,14,0.0118
SEPTIEMBRE,5,22,0.034,0.0510,0.0136,NA,20,13,0.0065
SEPTIEMBRE,5,23,0.0308,0.0468,0.0137,NA,20,16,0.0068
SEPTIEMBRE,6,0,0.0292,0.0444,0.0148,NA,NA,NA,0.0068
SEPTIEMBRE,6,1,0.0319,0.0369,0.0161,NA,12,17,0.0058
SEPTIEMBRE,6,2,0.0297,0.0321,0.0173,NA,17,16,0.0059
SEPTIEMBRE,6,3,0.0259,0.0292,0.0174,NA,17,14,0.0059
SEPTIEMBRE,6,4,0.0241,0.0286,0.0168,NA,19,15,0.0072
SEPTIEMBRE,6,5,0.0203,0.0269,0.0151,NA,21,17,0.0101
SEPTIEMBRE,6,6,0.0176,0.0262,0.0147,NA,21,17,0.0123
SEPTIEMBRE,6,7,0.0132,0.0240,0.0152,NA,21,18,0.017
SEPTIEMBRE,6,8,0.0122,0.0219,0.0152,NA,20,21,0.0179
SEPTIEMBRE,6,9,0.0182,0.0201,0.0148,NA,17,18,0.0125
SEPTIEMBRE,6,10,0.0319,0.0204,0.0167,NA,17,22,0.005
SEPTIEMBRE,6,11,0.039,0.0221,0.0192,NA,14,21,0.0038
SEPTIEMBRE,6,12,0.0408,0.0241,0.0197,NA,16,18,0.0071
SEPTIEMBRE,6,13,0.0465,0.0274,0.0201,NA,19,17,0.0074
SEPTIEMBRE,6,14,0.0452,0.0309,0.0203,NA,22,17,0.0075
SEPTIEMBRE,6,15,0.0267,0.0326,0.0204,NA,16,14,0.0178
SEPTIEMBRE,6,16,0.0258,0.0343,0.0207,NA,21,15,0.0214
SEPTIEMBRE,6,17,0.0367,0.0366,0.0208,NA,25,15,0.0098
SEPTIEMBRE,6,18,0.033,0.0367,0.0208,NA,30,14,0.0136
SEPTIEMBRE,6,19,0.0283,0.0354,0.0208,NA,30,13,0.0104
SEPTIEMBRE,6,20,0.0174,0.0325,0.0208,NA,25,11,0.0146
SEPTIEMBRE,6,21,0.0193,0.0291,0.0208,NA,31,10,0.009
SEPTIEMBRE,6,22,0.0315,0.0273,0.0220,0.6067,22,13,0.0065
SEPTIEMBRE,6,23,0.0313,0.0279,0.0287,0.5853,26,10,0.0066
SEPTIEMBRE,7,0,0.033,0.0288,0.0388,0.5577,16,9,0.0067
SEPTIEMBRE,7,1,0.0317,0.0282,0.0404,0.5458,20,9,0.0047
SEPTIEMBRE,7,2,0.0277,0.0275,0.0425,0.4731,16,8,0.0051
SEPTIEMBRE,7,3,0.0246,0.0270,0.0427,0.4352,12,6,0.0044
SEPTIEMBRE,7,4,0.0229,0.0277,0.0427,0.3750,10,8,0.0029
SEPTIEMBRE,7,5,0.0208,0.0279,0.0426,0.3466,8,8,0.0051
SEPTIEMBRE,7,6,0.0151,0.0259,0.0418,0.3501,7,8,0.0097
SEPTIEMBRE,7,7,0.0054,0.0226,0.0412,0.3822,13,8,0.0171
SEPTIEMBRE,7,8,0.0061,0.0193,0.0406,0.4260,18,8,0.0154
SEPTIEMBRE,7,9,0.0072,0.0162,0.0400,0.4725,21,12,0.0153
SEPTIEMBRE,7,10,0.0111,0.0141,0.0360,0.5440,22,14,0.0152
SEPTIEMBRE,7,11,0.0227,0.0139,0.0344,0.5945,26,17,0.0118
SEPTIEMBRE,7,12,0.0315,0.0150,0.0343,0.6301,32,24,0.0108
SEPTIEMBRE,7,13,0.056,0.0194,0.0357,0.6677,32,23,0.0064
SEPTIEMBRE,7,14,0.0547,0.0243,0.0360,0.6958,30,25,0.012
SEPTIEMBRE,7,15,0.0599,0.0311,0.0361,0.6805,28,24,0.0099
SEPTIEMBRE,7,16,0.0522,0.0369,0.0358,0.6474,27,23,0.0054
SEPTIEMBRE,7,17,0.0401,0.0410,0.0355,0.6059,20,18,0.0114
SEPTIEMBRE,7,18,0.0348,0.0440,0.0355,0.5830,22,15,0.0143
SEPTIEMBRE,7,19,0.0287,0.0447,0.0355,0.5529,23,12,0.0063
SEPTIEMBRE,7,20,0.0304,0.0446,0.0356,0.5419,24,11,0.0068
SEPTIEMBRE,7,21,0.0271,0.0410,0.0364,0.5280,16,9,0.0087
SEPTIEMBRE,7,22,0.024,0.0372,0.0393,0.5003,15,13,0.0096
SEPTIEMBRE,7,23,0.0231,0.0326,0.0355,0.4594,15,15,NA
SEPTIEMBRE,8,0,0.0245,0.0291,0.0270,0.4340,14,13,NA
SEPTIEMBRE,8,1,0.0227,0.0269,0.0295,0.4049,18,12,NA
SEPTIEMBRE,8,2,0.0139,0.0243,0.0270,0.3681,17,12,NA
SEPTIEMBRE,8,3,0.0132,0.0224,0.0268,0.3644,18,12,NA
SEPTIEMBRE,8,4,0.0139,0.0203,0.0269,0.3554,15,12,NA
SEPTIEMBRE,8,5,0.0073,0.0178,0.0269,0.3543,18,12,0.0147
SEPTIEMBRE,8,6,0.0052,0.0155,0.0268,0.3759,21,13,0.0167
SEPTIEMBRE,8,7,0.0047,0.0132,0.0268,0.4480,27,16,0.016
SEPTIEMBRE,8,8,0.0057,0.0108,0.0268,0.5197,27,21,0.0153
SEPTIEMBRE,8,9,0.0126,0.0096,0.0261,0.5496,27,25,0.0125
SEPTIEMBRE,8,10,0.0214,0.0105,0.0268,0.5719,21,25,0.0095
SEPTIEMBRE,8,11,0.0331,0.0130,0.0258,0.5801,24,23,0.0079
SEPTIEMBRE,8,12,0.0465,0.0171,0.0258,0.5896,27,21,0.0065
SEPTIEMBRE,8,13,0.058,0.0234,0.0245,0.5949,26,20,0.0086
SEPTIEMBRE,8,14,0.0625,0.0306,0.0247,0.5764,27,21,0.0074
SEPTIEMBRE,8,15,0.061,0.0376,0.0255,0.5327,24,20,0.0046
SEPTIEMBRE,8,16,0.0653,0.0450,0.0261,0.4894,21,18,0.0064
SEPTIEMBRE,8,17,0.0662,0.0517,0.0265,0.4716,28,21,0.0081
SEPTIEMBRE,8,18,0.0462,0.0548,0.0265,0.4772,38,19,0.0098
SEPTIEMBRE,8,19,0.0336,0.0549,0.0265,0.5016,34,18,0.0094
SEPTIEMBRE,8,20,0.0337,0.0533,0.0264,0.5077,29,16,0.0074
SEPTIEMBRE,8,21,0.0232,0.0490,0.0255,0.5080,23,13,0.009
SEPTIEMBRE,8,22,0.0258,0.0444,0.0211,0.5022,20,10,0.0063
SEPTIEMBRE,8,23,0.0207,0.0393,0.0180,0.4940,17,10,0.0065
SEPTIEMBRE,9,0,0.0158,0.0331,0.0160,0.4882,16,11,0.0085
SEPTIEMBRE,9,1,0.0131,0.0265,0.0107,0.4799,17,11,0.0097
SEPTIEMBRE,9,2,0.0266,0.0241,0.0100,0.4571,20,15,0.0114
SEPTIEMBRE,9,3,0.0189,0.0222,0.0107,0.4389,25,15,0.0124
SEPTIEMBRE,9,4,0.0257,0.0217,0.0106,0.3941,18,19,0.0028
SEPTIEMBRE,9,5,0.028,0.0228,0.0104,0.3585,13,18,0.0026
SEPTIEMBRE,9,6,0.023,0.0225,0.0117,0.3706,15,14,NA
SEPTIEMBRE,9,7,0.0238,0.0229,0.0137,0.4663,15,13,0.0091
SEPTIEMBRE,9,8,0.0249,0.0238,0.0141,0.4706,17,15,0.008
SEPTIEMBRE,9,9,0.0283,0.0253,0.0134,0.4787,15,15,0.0037
SEPTIEMBRE,9,10,0.0417,0.0268,0.0138,0.5003,12,14,0.0023
SEPTIEMBRE,9,11,0.0498,0.0299,0.0142,0.5298,18,15,0.0021
SEPTIEMBRE,9,12,0.0591,0.0341,0.0145,0.5945,20,15,0.0029
SEPTIEMBRE,9,13,0.068,0.0398,0.0149,0.6778,18,15,NA
SEPTIEMBRE,9,14,0.0687,0.0455,0.0148,0.6928,18,16,NA
SEPTIEMBRE,9,15,0.0686,0.0511,0.0146,0.6123,18,15,NA
SEPTIEMBRE,9,16,0.0643,0.0561,0.0143,0.6337,21,14,0.0018
SEPTIEMBRE,9,17,0.0555,0.0595,0.0143,0.6426,23,14,0.0022
SEPTIEMBRE,9,18,0.0522,0.0608,0.0143,0.6093,22,14,NA
SEPTIEMBRE,9,19,0.0456,0.0602,0.0154,0.6826,25,14,0.0056
SEPTIEMBRE,9,20,0.0412,0.0580,0.0157,0.6558,68,14,NA
SEPTIEMBRE,9,21,0.0406,0.0546,0.0157,0.6216,45,13,NA
SEPTIEMBRE,9,22,0.0387,0.0508,0.0158,0.5826,33,12,0.0018
SEPTIEMBRE,9,23,0.0343,0.0466,0.0215,0.6941,29,11,NA
SEPTIEMBRE,10,0,0.0333,0.0427,0.0227,0.6546,27,11,0.0045
SEPTIEMBRE,10,1,0.0292,0.0394,0.0233,0.6237,18,13,NA
SEPTIEMBRE,10,2,0.0364,0.0374,0.0236,0.6138,19,14,NA
SEPTIEMBRE,10,3,0.0393,0.0366,0.0280,0.5013,20,14,NA
SEPTIEMBRE,10,4,0.0386,0.0363,0.0307,0.4892,21,14,NA
SEPTIEMBRE,10,5,0.0371,0.0359,0.0354,0.4977,20,16,0.006
SEPTIEMBRE,10,6,0.0269,0.0344,0.0361,0.5127,24,17,NA
SEPTIEMBRE,10,7,0.015,0.0320,0.0346,0.3848,34,18,0.0178
SEPTIEMBRE,10,8,0.0223,0.0306,0.0351,0.4283,36,23,0.0154
SEPTIEMBRE,10,9,0.0384,0.0318,0.0363,0.5402,35,23,0.0104
SEPTIEMBRE,10,10,0.0579,0.0344,0.0356,0.5907,26,22,0.0027
SEPTIEMBRE,10,11,0.0634,0.0374,0.0352,0.5938,26,21,0.0027
SEPTIEMBRE,10,12,0.0668,0.0410,0.0346,0.6393,25,18,NA
SEPTIEMBRE,10,13,0.0555,0.0433,0.0338,0.7291,22,16,NA
SEPTIEMBRE,10,14,0.0486,0.0460,0.0332,NA,22,15,NA
SEPTIEMBRE,10,15,0.0533,0.0508,0.0324,NA,18,14,NA
SEPTIEMBRE,10,16,0.0564,0.0550,0.0320,NA,20,12,NA
SEPTIEMBRE,10,17,0.0643,0.0583,0.0316,NA,22,14,NA
SEPTIEMBRE,10,18,0.0583,0.0583,0.0316,NA,22,11,NA
SEPTIEMBRE,10,19,0.0504,0.0567,0.0304,NA,24,9,NA
SEPTIEMBRE,10,20,0.051,0.0547,0.0301,NA,23,10,NA
SEPTIEMBRE,10,21,0.0484,0.0538,0.0320,NA,23,10,NA
SEPTIEMBRE,10,22,0.0456,0.0534,0.0364,NA,22,9,NA
SEPTIEMBRE,10,23,0.0473,0.0527,0.0350,NA,22,12,NA
SEPTIEMBRE,11,0,0.0468,0.0515,0.0342,NA,19,14,NA
SEPTIEMBRE,11,1,0.0461,0.0492,0.0340,NA,19,13,NA
SEPTIEMBRE,11,2,0.0399,0.0469,0.0370,NA,19,13,NA
SEPTIEMBRE,11,3,0.0364,0.0452,0.0328,0.5151,20,14,NA
SEPTIEMBRE,11,4,0.0346,0.0431,0.0317,0.4940,20,17,NA
SEPTIEMBRE,11,5,0.0364,0.0416,0.0283,0.4711,19,16,NA
SEPTIEMBRE,11,6,0.0303,0.0397,0.0263,0.4504,19,14,NA
SEPTIEMBRE,11,7,0.0181,0.0361,0.0258,0.3769,25,12,NA
SEPTIEMBRE,11,8,0.0116,0.0317,0.0257,0.3689,24,12,NA
SEPTIEMBRE,11,9,0.026,0.0292,0.0300,0.4761,35,NA,NA
SEPTIEMBRE,11,10,0.0425,0.0295,0.0295,0.4932,26,NA,NA
SEPTIEMBRE,11,11,0.0543,0.0317,0.0293,0.6162,14,15,NA
SEPTIEMBRE,11,12,0.0566,0.0345,0.0300,0.6810,13,11,NA
SEPTIEMBRE,11,13,0.0561,0.0369,0.0307,0.7301,8,10,NA
SEPTIEMBRE,11,14,0.0565,0.0402,0.0307,0.7229,8,10,NA
SEPTIEMBRE,11,15,0.0582,0.0452,0.0307,0.6827,6,10,NA
SEPTIEMBRE,11,16,0.0597,0.0512,0.0315,0.6513,7,10,NA
SEPTIEMBRE,11,17,0.0553,0.0549,0.0316,0.5536,11,14,NA
SEPTIEMBRE,11,18,0.0515,0.0560,0.0315,0.5281,15,10,NA
SEPTIEMBRE,11,19,0.0474,0.0552,0.0315,0.4157,16,7,NA
SEPTIEMBRE,11,20,0.0458,0.0538,0.0315,0.3440,16,6,NA
SEPTIEMBRE,11,21,0.0441,0.0523,0.0295,0.2927,15,5,NA
SEPTIEMBRE,11,22,0.0408,0.0504,0.0248,0.2789,14,4,NA
SEPTIEMBRE,11,23,0.0333,0.0472,0.0207,0.3378,11,5,NA
SEPTIEMBRE,12,0,0.0284,0.0433,0.0238,0.3505,12,6,NA
SEPTIEMBRE,12,1,0.0304,0.0402,0.0241,0.3609,11,8,NA
SEPTIEMBRE,12,2,0.0283,0.0373,0.0229,0.3798,12,9,NA
SEPTIEMBRE,12,3,0.0236,0.0343,0.0239,0.4185,19,7,NA
SEPTIEMBRE,12,4,0.0202,0.0311,0.0236,0.4191,19,8,NA
SEPTIEMBRE,12,5,0.0205,0.0282,0.0242,0.4205,15,9,NA
SEPTIEMBRE,12,6,0.0239,0.0261,0.0245,0.4309,12,10,NA
SEPTIEMBRE,12,7,0.0138,0.0236,0.0244,0.3758,13,10,NA
SEPTIEMBRE,12,8,0.0259,0.0233,0.0251,0.3896,11,9,NA
SEPTIEMBRE,12,9,0.0341,0.0238,0.0219,0.4939,7,11,NA
SEPTIEMBRE,12,10,0.0411,0.0254,0.0229,0.5531,8,12,NA
SEPTIEMBRE,12,11,0.0434,0.0278,0.0245,0.5389,7,14,NA
SEPTIEMBRE,12,12,0.0445,0.0309,0.0241,0.5437,9,12,NA
SEPTIEMBRE,12,13,0.0455,0.0340,0.0242,0.5795,8,10,NA
SEPTIEMBRE,12,14,0.0454,0.0367,0.0249,0.6037,7,9,NA
SEPTIEMBRE,12,15,0.0446,0.0405,0.0250,0.6217,7,9,NA
SEPTIEMBRE,12,16,0.0473,0.0432,0.0242,0.5795,5,9,NA
SEPTIEMBRE,12,17,0.0493,0.0451,0.0246,0.5420,8,9,NA
SEPTIEMBRE,12,18,0.0477,0.0459,0.0247,0.4661,11,9,NA
SEPTIEMBRE,12,19,0.042,0.0458,0.0247,0.4498,11,7,NA
SEPTIEMBRE,12,20,0.039,0.0451,0.0247,0.4511,11,5,NA
SEPTIEMBRE,12,21,0.0374,0.0441,0.0246,0.4189,11,5,NA
SEPTIEMBRE,12,22,0.0343,0.0427,0.0247,0.3904,12,5,NA
SEPTIEMBRE,12,23,0.0307,0.0410,0.0250,0.5523,12,7,NA
SEPTIEMBRE,13,0,0.0265,0.0384,0.0222,0.5806,8,9,NA
SEPTIEMBRE,13,1,0.0303,0.0360,0.0237,0.6279,9,10,NA
SEPTIEMBRE,13,2,0.0337,0.0342,0.0224,0.6988,9,10,NA
SEPTIEMBRE,13,3,0.0319,0.0330,0.0229,0.7614,7,8,NA
SEPTIEMBRE,13,4,0.0281,0.0316,0.0301,0.7861,7,6,NA
SEPTIEMBRE,13,5,0.0295,0.0306,0.0317,0.9765,7,7,NA
SEPTIEMBRE,13,6,0.0295,0.0300,0.0314,0.9815,9,8,NA
SEPTIEMBRE,13,7,0.0242,0.0292,0.0312,0.8094,9,6,NA
SEPTIEMBRE,13,8,0.03,0.0297,0.0296,0.7916,9,11,NA
SEPTIEMBRE,13,9,0.0331,0.0300,0.0296,NA,9,9,NA
SEPTIEMBRE,13,10,0.0392,0.0307,0.0306,NA,14,13,NA
SEPTIEMBRE,13,11,0.0405,0.0318,0.0308,NA,10,9,NA
SEPTIEMBRE,13,12,0.0434,0.0337,0.0325,NA,13,8,NA
SEPTIEMBRE,13,13,0.0496,0.0362,0.0325,NA,17,10,NA
SEPTIEMBRE,13,14,0.0337,0.0367,0.0322,NA,18,13,NA
SEPTIEMBRE,13,15,0.0597,0.0412,0.0325,NA,18,15,NA
SEPTIEMBRE,13,16,0.0602,0.0449,0.0325,NA,19,15,NA
SEPTIEMBRE,13,17,0.0487,0.0469,0.0322,NA,29,15,NA
SEPTIEMBRE,13,18,0.041,0.0471,0.0322,NA,34,14,NA
SEPTIEMBRE,13,19,0.0342,0.0463,0.0323,NA,40,14,NA
SEPTIEMBRE,13,20,0.0231,0.0438,0.0326,NA,30,15,NA
SEPTIEMBRE,13,21,0.0216,0.0403,0.0326,0.6373,26,16,NA
SEPTIEMBRE,13,22,0.0193,0.0385,0.0327,0.6031,18,14,NA
SEPTIEMBRE,13,23,0.01,0.0323,0.0316,0.5768,15,13,NA
SEPTIEMBRE,14,0,0.0113,0.0262,0.0310,0.5643,13,10,NA
SEPTIEMBRE,14,1,0.0157,0.0220,0.0286,0.4987,12,8,NA
SEPTIEMBRE,14,2,0.0247,0.0200,0.0278,0.4385,11,8,NA
SEPTIEMBRE,14,3,0.0214,0.0184,0.0249,0.4043,8,6,NA
SEPTIEMBRE,14,4,0.0204,0.0181,0.0168,0.3580,10,4,NA
SEPTIEMBRE,14,5,0.0127,0.0169,0.0144,0.3312,7,5,NA
SEPTIEMBRE,14,6,0.0075,0.0155,0.0142,0.3426,7,7,NA
SEPTIEMBRE,14,7,0.0047,0.0148,0.0142,0.3887,14,8,NA
SEPTIEMBRE,14,8,0.0056,0.0141,0.0143,0.4325,14,12,NA
SEPTIEMBRE,14,9,0.0093,0.0133,0.0127,0.4580,14,14,NA
SEPTIEMBRE,14,10,0.015,0.0121,0.0104,0.4917,15,16,NA
SEPTIEMBRE,14,11,0.0168,0.0115,0.0079,0.5406,17,17,NA
SEPTIEMBRE,14,12,0.0267,0.0123,0.0054,0.5730,19,15,NA
SEPTIEMBRE,14,13,0.0423,0.0160,0.0044,0.5932,15,16,NA
SEPTIEMBRE,14,14,0.038,0.0198,0.0040,0.6019,18,14,NA
SEPTIEMBRE,14,15,0.0304,0.0230,0.0036,0.5913,16,12,NA
SEPTIEMBRE,14,16,0.0348,0.0267,0.0033,0.5673,20,11,NA
SEPTIEMBRE,14,17,0.0304,0.0293,0.0032,0.5729,14,10,NA
SEPTIEMBRE,14,18,0.0263,0.0307,0.0031,0.5894,17,10,NA
SEPTIEMBRE,14,19,0.0234,0.0315,0.0030,0.5786,29,8,NA
SEPTIEMBRE,14,20,0.0166,0.0303,0.0027,0.5925,22,7,NA
SEPTIEMBRE,14,21,0.0173,0.0272,0.0026,0.5989,16,5,NA
SEPTIEMBRE,14,22,0.0166,0.0245,0.0026,0.5869,14,5,NA
SEPTIEMBRE,14,23,0.0192,0.0231,0.0025,0.5459,10,5,NA
SEPTIEMBRE,15,0,0.0189,0.0211,0.0025,0.5163,11,5,NA
SEPTIEMBRE,15,1,0.0135,0.0190,0.0025,0.4806,9,5,NA
SEPTIEMBRE,15,2,0.0134,0.0174,0.0024,0.4336,8,6,NA
SEPTIEMBRE,15,3,0.016,0.0164,0.0023,0.3922,9,6,NA
SEPTIEMBRE,15,4,0.0169,0.0165,0.0022,0.3425,6,5,NA
SEPTIEMBRE,15,5,0.0111,0.0157,0.0022,0.3152,11,4,NA
SEPTIEMBRE,15,6,0.0093,0.0148,0.0022,0.3129,17,6,NA
SEPTIEMBRE,15,7,0.005,0.0130,0.0021,0.3780,22,9,NA
SEPTIEMBRE,15,8,0.0066,0.0115,0.0019,0.4590,28,11,NA
SEPTIEMBRE,15,9,0.0084,0.0109,0.0013,0.5286,30,14,NA
SEPTIEMBRE,15,10,0.0144,0.0110,0.0012,0.5694,18,12,NA
SEPTIEMBRE,15,11,0.0269,0.0123,0.0012,0.6047,20,11,NA
SEPTIEMBRE,15,12,0.0362,0.0147,0.0013,0.6480,17,11,NA
SEPTIEMBRE,15,13,0.0517,0.0198,0.0016,0.6777,19,15,NA
SEPTIEMBRE,15,14,0.0558,0.0256,0.0017,0.6912,22,18,NA
SEPTIEMBRE,15,15,NA,NA,0.0018,0.6632,21,16,NA
SEPTIEMBRE,15,16,NA,NA,0.0018,0.6285,20,15,NA
SEPTIEMBRE,15,17,NA,NA,0.0019,0.5985,17,15,NA
SEPTIEMBRE,15,18,NA,NA,0.0019,0.6087,20,15,NA
SEPTIEMBRE,15,19,NA,NA,0.0019,0.6108,25,11,NA
SEPTIEMBRE,15,20,NA,NA,0.0020,0.6348,30,10,NA
SEPTIEMBRE,15,21,0.0139,NA,0.0020,0.6541,34,11,0.0165
SEPTIEMBRE,15,22,0.0131,NA,0.0020,0.6415,31,17,0.0095
SEPTIEMBRE,15,23,0.0138,NA,0.0020,0.6223,28,17,0.0137
SEPTIEMBRE,16,0,0.0113,NA,0.0025,0.6078,32,17,0.0202
SEPTIEMBRE,16,1,0.0174,NA,0.0033,0.5851,34,22,0.0135
SEPTIEMBRE,16,2,0.0213,0.0151,0.0077,0.5451,30,21,0.0109
SEPTIEMBRE,16,3,0.0173,0.0155,0.0088,0.5228,25,20,0.0106
SEPTIEMBRE,16,4,0.0137,0.0152,0.0093,0.4736,23,20,0.0122
SEPTIEMBRE,16,5,0.0124,0.0150,0.0094,0.4403,26,17,0.0143
SEPTIEMBRE,16,6,0.0096,0.0146,0.0096,0.4467,26,23,0.0162
SEPTIEMBRE,16,7,0.0062,0.0136,0.0102,0.4515,28,24,0.0204
SEPTIEMBRE,16,8,0.0076,0.0132,0.0106,0.4496,30,23,0.0183
SEPTIEMBRE,16,9,0.013,0.0126,0.0113,0.4582,25,22,0.0155
SEPTIEMBRE,16,10,0.0238,0.0130,0.0128,0.4552,17,23,0.0118
SEPTIEMBRE,16,11,0.0313,0.0147,0.0135,0.4522,18,26,0.0084
SEPTIEMBRE,16,12,0.0364,0.0175,0.0141,0.4535,21,22,0.0083
SEPTIEMBRE,16,13,0.0435,0.0214,0.0143,0.4473,21,21,0.0069
SEPTIEMBRE,16,14,0.0442,0.0258,0.0144,0.4357,19,21,0.0057
SEPTIEMBRE,16,15,0.0424,0.0303,0.0144,0.4140,16,20,0.0041
SEPTIEMBRE,16,16,0.0357,0.0338,0.0144,0.3950,17,17,0.0057
SEPTIEMBRE,16,17,0.0335,0.0364,0.0143,0.3815,14,16,0.0043
SEPTIEMBRE,16,18,0.0294,0.0371,0.0143,0.3867,47,13,0.0063
SEPTIEMBRE,16,19,0.023,0.0360,0.0143,0.4043,47,10,0.0099
SEPTIEMBRE,16,20,0.0197,0.0339,0.0143,0.4277,77,9,0.0119
SEPTIEMBRE,16,21,0.0199,0.0310,0.0143,0.4459,41,9,0.0104
SEPTIEMBRE,16,22,0.0143,0.0272,0.0143,0.4474,32,9,0.0159
SEPTIEMBRE,16,23,0.014,0.0237,0.0143,0.4506,26,15,0.0104
SEPTIEMBRE,17,0,0.0099,0.0205,0.0141,0.4499,20,12,0.014
SEPTIEMBRE,17,1,0.0069,0.0171,0.0135,0.4518,21,12,0.0194
SEPTIEMBRE,17,2,0.0068,0.0143,0.0091,0.4511,23,14,0.0165
SEPTIEMBRE,17,3,0.007,0.0123,0.0080,0.4423,28,15,0.017
SEPTIEMBRE,17,4,0.0052,0.0105,0.0077,0.4260,30,15,0.0211
SEPTIEMBRE,17,5,0.0084,0.0091,0.0075,0.4094,30,15,0.0143
SEPTIEMBRE,17,6,0.0089,0.0084,0.0074,0.4063,25,16,0.0105
SEPTIEMBRE,17,7,0.0053,0.0073,0.0069,0.4571,26,12,0.0315
SEPTIEMBRE,17,8,0.0075,0.0070,0.0065,0.5265,32,15,0.0409
SEPTIEMBRE,17,9,0.0126,0.0077,0.0059,0.5481,27,18,0.0196
SEPTIEMBRE,17,10,0.018,0.0091,0.0045,0.5665,27,21,0.0247
SEPTIEMBRE,17,11,0.0297,0.0120,0.0037,0.5706,30,22,0.0094
SEPTIEMBRE,17,12,0.0354,0.0157,0.0030,0.5663,22,21,0.0085
SEPTIEMBRE,17,13,0.0395,0.0196,0.0026,0.5769,16,20,0.0093
SEPTIEMBRE,17,14,0.0422,0.0238,0.0023,0.5939,16,19,0.0133
SEPTIEMBRE,17,15,0.0443,0.0287,0.0022,0.5594,23,17,0.0113
SEPTIEMBRE,17,16,0.0433,0.0331,0.0022,0.4991,23,17,0.0094
SEPTIEMBRE,17,17,0.047,0.0374,0.0023,0.4945,29,18,0.0103
SEPTIEMBRE,17,18,0.0318,0.0392,0.0023,0.4763,27,18,0.0062
SEPTIEMBRE,17,19,0.0273,0.0389,0.0026,0.4684,34,16,0.0109
SEPTIEMBRE,17,20,0.0287,0.0380,0.0027,0.4636,29,14,0.0114
SEPTIEMBRE,17,21,0.0312,0.0370,0.0028,0.4568,23,12,0.0121
SEPTIEMBRE,17,22,0.0317,0.0357,0.0028,0.4383,19,9,0.0136
SEPTIEMBRE,17,23,0.0322,0.0342,0.0027,0.4134,14,9,0.0086
SEPTIEMBRE,18,0,0.0297,0.0325,0.0026,0.3929,10,8,NA
SEPTIEMBRE,18,1,0.034,0.0308,0.0024,0.3639,15,6,NA
SEPTIEMBRE,18,2,0.0278,0.0303,0.0024,0.3510,9,7,NA
SEPTIEMBRE,18,3,0.0431,0.0323,0.0023,0.3412,9,6,NA
SEPTIEMBRE,18,4,0.0311,0.0326,0.0023,0.3290,9,5,NA
SEPTIEMBRE,18,5,0.0399,0.0337,0.0024,0.3153,6,7,0.0085
SEPTIEMBRE,18,6,0.0223,0.0325,0.0025,0.3199,11,9,0.0149
SEPTIEMBRE,18,7,0.0155,0.0304,0.0030,0.3383,16,11,0.0176
SEPTIEMBRE,18,8,0.0139,0.0284,0.0033,0.3666,18,14,0.023
SEPTIEMBRE,18,9,0.0174,0.0264,0.0041,0.3971,18,17,0.0212
SEPTIEMBRE,18,10,0.0232,0.0258,0.0064,0.4309,17,20,0.0162
SEPTIEMBRE,18,11,0.0309,0.0243,0.0093,0.4623,16,20,0.0124
SEPTIEMBRE,18,12,0.0401,0.0254,0.0106,0.4912,15,18,0.0111
SEPTIEMBRE,18,13,0.0475,0.0263,0.0116,0.5124,24,19,0.0109
SEPTIEMBRE,18,14,0.0499,0.0298,0.0123,0.5155,20,20,0.0093
SEPTIEMBRE,18,15,0.0526,0.0344,0.0130,0.5264,22,19,0.0064
SEPTIEMBRE,18,16,0.0496,0.0389,0.0133,0.5272,18,16,0.0045
SEPTIEMBRE,18,17,0.0469,0.0426,0.0135,0.5039,14,15,0.0039
SEPTIEMBRE,18,18,0.0404,0.0447,0.0140,0.5017,14,14,0.0084
SEPTIEMBRE,18,19,0.035,0.0453,0.0138,0.4955,27,15,0.0133
SEPTIEMBRE,18,20,0.0284,0.0438,0.0150,0.4825,33,15,0.0047
SEPTIEMBRE,18,21,0.0263,0.0411,0.0153,0.4610,28,14,NA
SEPTIEMBRE,18,22,0.0176,0.0371,0.0186,0.4793,30,15,NA
SEPTIEMBRE,18,23,0.019,0.0329,0.0201,0.4524,24,16,0.0088
SEPTIEMBRE,19,0,0.0225,0.0295,0.0263,0.4262,18,15,NA
SEPTIEMBRE,19,1,0.016,0.0257,0.0292,0.4172,26,14,NA
SEPTIEMBRE,19,2,0.0191,0.0230,0.0326,0.3804,25,16,NA
SEPTIEMBRE,19,3,0.0169,0.0207,0.0333,0.3518,20,16,0.0076
SEPTIEMBRE,19,4,0.0183,0.0195,0.0334,0.3282,20,16,NA
SEPTIEMBRE,19,5,0.0209,0.0188,0.0335,0.3207,17,16,0.0054
SEPTIEMBRE,19,6,0.0128,0.0182,0.0334,0.2841,19,13,0.0098
SEPTIEMBRE,19,7,0.0151,0.0177,0.0378,0.3203,20,17,0.0105
SEPTIEMBRE,19,8,0.0188,0.0172,0.0406,0.3406,16,17,0.0066
SEPTIEMBRE,19,9,0.0198,0.0177,0.0471,0.3500,16,12,0.0067
SEPTIEMBRE,19,10,0.0214,0.0180,0.0494,0.3965,14,14,0.0088
SEPTIEMBRE,19,11,0.0263,0.0192,0.0489,0.4038,15,15,0.0084
SEPTIEMBRE,19,12,0.0283,0.0204,0.0484,0.4173,21,18,0.0087
SEPTIEMBRE,19,13,0.0355,0.0223,0.0476,0.4301,17,16,0.0066
SEPTIEMBRE,19,14,0.0367,0.0252,0.0470,0.4381,15,15,0.0075
SEPTIEMBRE,19,15,0.0374,0.0280,0.0462,0.4061,14,14,0.0063
SEPTIEMBRE,19,16,0.0398,0.0306,0.0459,0.4012,14,12,0.0081
SEPTIEMBRE,19,17,0.0359,0.0327,0.0457,0.4132,19,9,0.0116
SEPTIEMBRE,19,18,0.0279,0.0335,0.0452,0.3998,28,9,0.0143
SEPTIEMBRE,19,19,0.0236,0.0331,0.0451,0.4261,23,9,0.0143
SEPTIEMBRE,19,20,0.0191,0.0320,0.0437,0.4455,22,9,0.0135
SEPTIEMBRE,19,21,0.0183,0.0298,0.0435,0.4601,23,11,0.0125
SEPTIEMBRE,19,22,0.0201,0.0277,0.0406,0.4585,18,11,0.0097
SEPTIEMBRE,19,23,0.0211,0.0257,0.0399,0.4471,14,9,NA
SEPTIEMBRE,20,0,0.0254,0.0239,0.0341,0.4265,11,9,0.0056
SEPTIEMBRE,20,1,0.0267,0.0228,0.0314,0.4046,14,7,NA
SEPTIEMBRE,20,2,0.0236,0.0222,0.0280,0.3730,13,6,NA
SEPTIEMBRE,20,3,0.0206,0.0219,0.0275,0.3406,9,4,0.0066
SEPTIEMBRE,20,4,0.0206,0.0221,0.0276,0.3135,9,4,NA
SEPTIEMBRE,20,5,0.0165,0.0218,0.0276,0.3098,11,7,NA
SEPTIEMBRE,20,6,0.0085,0.0204,0.0276,0.3459,13,9,0.0283
SEPTIEMBRE,20,7,0.0053,0.0184,0.0226,0.4551,16,11,0.0539
SEPTIEMBRE,20,8,0.0057,0.0159,0.0195,0.5804,19,11,0.0536
SEPTIEMBRE,20,9,0.0114,0.0140,0.0122,0.6738,18,12,0.0364
SEPTIEMBRE,20,10,0.0196,0.0135,0.0077,0.7321,17,13,0.0247
SEPTIEMBRE,20,11,0.0283,0.0145,0.0052,0.7654,19,17,0.0139
SEPTIEMBRE,20,12,0.0347,0.0163,0.0044,0.7942,19,18,0.011
SEPTIEMBRE,20,13,0.0424,0.0195,0.0042,0.8036,17,14,0.0131
SEPTIEMBRE,20,14,0.0423,0.0237,0.0042,0.7899,16,17,0.0124
SEPTIEMBRE,20,15,0.0392,0.0280,0.0041,0.7004,13,15,0.0105
SEPTIEMBRE,20,16,0.0484,0.0333,0.0041,0.6124,18,14,0.0135
SEPTIEMBRE,20,17,0.0342,0.0361,0.0041,0.5474,14,14,0.0148
SEPTIEMBRE,20,18,0.0318,0.0377,0.0041,0.5273,12,12,0.0173
SEPTIEMBRE,20,19,0.0251,0.0373,0.0041,0.5265,26,11,0.0165
SEPTIEMBRE,20,20,0.0241,0.0359,0.0040,0.5298,32,10,0.0157
SEPTIEMBRE,20,21,0.0277,0.0341,0.0040,0.5122,25,9,0.0109
SEPTIEMBRE,20,22,0.0259,0.0321,0.0035,0.4897,20,9,0.0079
SEPTIEMBRE,20,23,0.0236,0.0301,0.0027,0.4850,16,9,0.01
SEPTIEMBRE,21,0,0.0219,0.0268,0.0022,0.4594,14,7,NA
SEPTIEMBRE,21,1,0.0152,0.0244,0.0021,0.4351,11,7,0.0124
SEPTIEMBRE,21,2,0.0177,0.0226,0.0020,0.4020,19,9,0.0115
SEPTIEMBRE,21,3,0.0069,0.0204,0.0019,0.3715,19,18,0.0288
SEPTIEMBRE,21,4,0.0075,0.0183,0.0017,0.3392,20,13,0.0172
SEPTIEMBRE,21,5,0.0075,0.0158,0.0017,0.3290,22,12,0.017
SEPTIEMBRE,21,6,0.0053,0.0132,0.0016,0.3428,24,12,0.0427
SEPTIEMBRE,21,7,0.0054,0.0109,0.0016,0.3693,29,15,0.0318
SEPTIEMBRE,21,8,0.0063,0.0090,0.0015,0.4187,32,19,0.05
SEPTIEMBRE,21,9,0.0085,0.0081,0.0021,0.4776,32,22,0.0397
SEPTIEMBRE,21,10,0.0233,0.0089,0.0028,0.5106,30,27,0.0204
SEPTIEMBRE,21,11,0.0371,0.0126,0.0041,0.5767,29,27,0.0212
SEPTIEMBRE,21,12,0.0496,0.0179,0.0050,0.6231,33,28,0.0166
SEPTIEMBRE,21,13,0.0517,0.0234,0.0061,0.6819,29,28,0.01
SEPTIEMBRE,21,14,0.0532,0.0294,0.0068,0.6857,24,28,0.01
SEPTIEMBRE,21,15,0.0526,0.0353,0.0070,0.6672,20,24,0.0091
SEPTIEMBRE,21,16,0.0557,0.0414,0.0076,0.6208,24,20,0.0069
SEPTIEMBRE,21,17,0.0591,0.0478,0.0084,0.5805,20,19,NA
SEPTIEMBRE,21,18,0.0587,0.0522,0.0088,0.5704,27,18,0.0082
SEPTIEMBRE,21,19,0.0404,0.0526,0.0091,0.5546,27,20,0.0221
SEPTIEMBRE,21,20,0.0284,0.0500,0.0091,0.5433,26,21,0.0194
SEPTIEMBRE,21,21,0.029,0.0471,0.0092,0.5029,31,16,0.0083
SEPTIEMBRE,21,22,0.0261,0.0438,0.0103,0.5093,25,14,0.0061
SEPTIEMBRE,21,23,0.0214,0.0399,0.0178,0.5275,24,12,0.0083
SEPTIEMBRE,22,0,0.0222,0.0357,0.0258,0.5667,21,12,NA
SEPTIEMBRE,22,1,0.0235,0.0312,0.0323,0.5529,21,12,0.0057
SEPTIEMBRE,22,2,0.0265,0.0272,0.0432,0.5602,19,15,NA
SEPTIEMBRE,22,3,0.0201,0.0247,0.0437,0.5082,17,16,NA
SEPTIEMBRE,22,4,0.0204,0.0237,0.0443,0.4743,19,12,0.0085
SEPTIEMBRE,22,5,0.0185,0.0223,0.0460,0.4669,21,20,NA
SEPTIEMBRE,22,6,0.0177,0.0213,0.0469,0.5114,22,21,0.014
SEPTIEMBRE,22,7,0.0124,0.0202,0.0477,0.5005,27,17,0.0186
SEPTIEMBRE,22,8,0.0137,0.0191,0.0487,0.4739,39,20,0.0175
SEPTIEMBRE,22,9,0.0247,0.0193,0.0526,0.4736,36,20,0.01
SEPTIEMBRE,22,10,0.0349,0.0203,0.0533,0.4597,28,21,0.0041
SEPTIEMBRE,22,11,0.038,0.0225,0.0522,0.4861,27,18,0.0041
SEPTIEMBRE,22,12,0.0425,0.0253,0.0519,0.5343,25,14,0.0047
SEPTIEMBRE,22,13,0.0418,0.0282,0.0515,0.5451,22,15,0.0051
SEPTIEMBRE,22,14,0.0434,0.0314,0.0513,0.4814,21,18,0.005
SEPTIEMBRE,22,15,0.0431,0.0353,0.0521,0.4905,18,18,0.0047
SEPTIEMBRE,22,16,0.0412,0.0387,0.0534,0.4762,21,15,0.0064
SEPTIEMBRE,22,17,0.0404,0.0407,0.0537,0.5049,31,16,0.0043
SEPTIEMBRE,22,18,0.0377,0.0410,0.0558,0.5459,33,12,0.0048
SEPTIEMBRE,22,19,0.0331,0.0404,0.0556,0.5251,31,13,0.0042
SEPTIEMBRE,22,20,0.0308,0.0389,0.0606,0.5531,24,12,0.0047
SEPTIEMBRE,22,21,0.0293,0.0374,0.0647,0.6365,19,12,NA
SEPTIEMBRE,22,22,0.0232,0.0348,0.0704,0.6372,15,11,NA
SEPTIEMBRE,22,23,0.0235,0.0324,0.0692,0.6319,21,18,0.0064
SEPTIEMBRE,23,0,0.0224,0.0300,0.0657,0.6366,34,15,0.0085
SEPTIEMBRE,23,1,0.0239,0.0280,0.0668,0.7183,20,14,NA
SEPTIEMBRE,23,2,0.0221,0.0260,0.0608,0.8102,17,17,0.0083
SEPTIEMBRE,23,3,0.0215,0.0246,0.0639,0.8313,12,14,NA
SEPTIEMBRE,23,4,0.0221,0.0235,0.0646,0.8049,11,11,NA
SEPTIEMBRE,23,5,0.0119,0.0213,0.0647,0.6991,13,9,0.0096
SEPTIEMBRE,23,6,0.0074,0.0193,0.0659,0.6994,19,15,0.0133
SEPTIEMBRE,23,7,0.0052,0.0171,0.0665,0.7092,31,18,0.0335
SEPTIEMBRE,23,8,0.0196,0.0167,0.0662,0.7373,30,23,0.0319
SEPTIEMBRE,23,9,0.018,0.0160,0.0667,0.6580,32,21,0.0192
SEPTIEMBRE,23,10,0.0331,0.0173,0.0679,0.5254,25,24,0.0036
SEPTIEMBRE,23,11,0.0364,0.0192,0.0699,0.5130,15,22,0.0033
SEPTIEMBRE,23,12,0.0385,0.0212,0.0712,0.4685,13,18,0.0039
SEPTIEMBRE,23,13,0.042,0.0250,0.0720,0.4783,11,14,0.0033
SEPTIEMBRE,23,14,0.0428,0.0294,0.0726,0.4886,10,11,0.0027
SEPTIEMBRE,23,15,0.0438,0.0343,0.0721,0.4657,8,11,0.0035
SEPTIEMBRE,23,16,0.0457,0.0375,0.0709,0.4637,8,13,0.003
SEPTIEMBRE,23,17,0.0484,0.0413,0.0703,0.4578,9,12,0.0026
SEPTIEMBRE,23,18,0.0486,0.0433,0.0685,0.5142,14,12,0.0036
SEPTIEMBRE,23,19,0.041,0.0438,0.0685,0.5109,15,10,NA
SEPTIEMBRE,23,20,0.0344,0.0433,0.0635,0.5205,18,8,0.0077
SEPTIEMBRE,23,21,0.0312,0.0420,0.0594,0.5184,20,8,NA
SEPTIEMBRE,23,22,0.0291,0.0403,0.0526,0.4980,14,9,NA
SEPTIEMBRE,23,23,0.0131,0.0364,0.0480,0.4879,21,10,0.0124
SEPTIEMBRE,24,0,0.0125,0.0323,0.0459,0.4493,36,25,0.0128
SEPTIEMBRE,24,1,0.0134,0.0279,0.0403,0.4128,28,30,0.0113
SEPTIEMBRE,24,2,0.0117,0.0233,0.0365,0.3331,31,24,NA
SEPTIEMBRE,24,3,0.0109,0.0195,0.0344,0.3180,47,21,0.0109
SEPTIEMBRE,24,4,0.0082,0.0163,0.0346,0.3001,40,18,0.015
SEPTIEMBRE,24,5,0.0073,0.0133,0.0340,0.2932,38,19,0.0158
SEPTIEMBRE,24,6,0.0052,0.0103,0.0328,0.3112,33,20,0.0253
SEPTIEMBRE,24,7,0.0049,0.0093,0.0320,0.3239,34,23,0.0218
SEPTIEMBRE,24,8,0.006,0.0084,0.0329,0.3557,38,22,0.0307
SEPTIEMBRE,24,9,0.0105,0.0081,0.0299,0.3814,46,26,0.0265
SEPTIEMBRE,24,10,0.0179,0.0089,0.0291,0.4044,42,35,0.0161
SEPTIEMBRE,24,11,0.0268,0.0108,0.0278,0.4286,36,34,0.0167
SEPTIEMBRE,24,12,0.0403,0.0149,0.0267,0.4466,25,30,0.0099
SEPTIEMBRE,24,13,0.0482,0.0200,0.0261,0.4787,27,25,0.0082
SEPTIEMBRE,24,14,0.0517,0.0258,0.0254,0.4808,25,21,0.0079
SEPTIEMBRE,24,15,0.0478,0.0312,0.0253,0.4761,18,16,0.0043
SEPTIEMBRE,24,16,0.0482,0.0364,0.0251,0.4592,11,13,0.0036
SEPTIEMBRE,24,17,0.0529,0.0417,0.0249,0.4450,14,11,0.0033
SEPTIEMBRE,24,18,0.0468,0.0454,0.0244,0.4605,23,10,0.008
SEPTIEMBRE,24,19,0.0323,0.0460,0.0243,0.4641,52,10,0.0126
SEPTIEMBRE,24,20,0.0183,0.0433,0.0243,0.4852,41,11,0.0202
SEPTIEMBRE,24,21,0.0247,0.0403,0.0243,0.4669,32,15,0.0117
SEPTIEMBRE,24,22,0.0276,0.0373,0.0243,0.4483,22,11,NA
SEPTIEMBRE,24,23,0.0191,0.0337,0.0241,0.4558,20,10,0.0075
SEPTIEMBRE,25,0,0.0183,0.0300,0.0269,0.4413,20,16,0.0064
SEPTIEMBRE,25,1,0.0221,0.0261,0.0267,0.4429,21,21,NA
SEPTIEMBRE,25,2,0.0191,0.0227,0.0258,0.4078,16,17,NA
SEPTIEMBRE,25,3,0.025,0.0218,0.0242,0.3841,14,14,NA
SEPTIEMBRE,25,4,0.0276,0.0229,0.0228,0.3459,23,11,NA
SEPTIEMBRE,25,5,0.0277,0.0233,0.0223,0.3500,28,13,NA
SEPTIEMBRE,25,6,0.0087,0.0209,0.0222,0.3721,44,10,0.0188
SEPTIEMBRE,25,7,0.0073,0.0195,0.0218,0.3833,39,11,0.0238
SEPTIEMBRE,25,8,0.0132,0.0188,0.0215,0.3940,36,14,0.0169
SEPTIEMBRE,25,9,0.0226,0.0189,0.0204,0.3923,32,21,0.0112
SEPTIEMBRE,25,10,0.0324,0.0205,0.0202,0.3948,24,30,0.0041
SEPTIEMBRE,25,11,0.0364,0.0220,0.0204,0.3953,18,20,0.003
SEPTIEMBRE,25,12,0.0416,0.0237,0.0212,0.4238,14,14,0.0032
SEPTIEMBRE,25,13,0.0434,0.0257,0.0209,0.4397,14,12,0.0041
SEPTIEMBRE,25,14,0.0458,0.0303,0.0209,0.4631,10,12,0.0054
SEPTIEMBRE,25,15,0.0498,0.0357,0.0211,0.4717,7,10,0.0032
SEPTIEMBRE,25,16,0.0523,0.0405,0.0218,0.5229,10,9,0.0033
SEPTIEMBRE,25,17,0.0528,0.0443,0.0223,0.5456,10,10,0.0027
SEPTIEMBRE,25,18,0.0504,0.0466,0.0223,0.5521,18,10,0.002
SEPTIEMBRE,25,19,0.0393,0.0469,0.0223,0.5569,23,11,0.0031
SEPTIEMBRE,25,20,0.0304,0.0455,0.0273,0.6520,26,11,0.0057
SEPTIEMBRE,25,21,0.031,0.0440,0.0402,0.6628,22,14,0.0047
SEPTIEMBRE,25,22,0.0272,0.0416,0.0436,0.8313,22,16,0.0058
SEPTIEMBRE,25,23,0.0217,0.0381,0.0496,0.7998,20,18,0.0074
SEPTIEMBRE,26,0,0.0249,0.0347,0.0502,0.7560,23,22,NA
SEPTIEMBRE,26,1,0.0297,0.0318,0.0504,0.8758,19,21,NA
SEPTIEMBRE,26,2,0.0159,0.0275,0.0530,0.8985,21,20,NA
SEPTIEMBRE,26,3,0.0151,0.0245,0.0575,0.9137,28,22,NA
SEPTIEMBRE,26,4,0.0109,0.0220,0.0599,0.8048,28,25,0.008
SEPTIEMBRE,26,5,0.0144,0.0200,0.0636,0.7576,25,30,NA
SEPTIEMBRE,26,6,0.0102,0.0179,0.0644,0.5566,25,30,0.0088
SEPTIEMBRE,26,7,0.0127,0.0167,0.0656,0.5578,23,26,0.0089
SEPTIEMBRE,26,8,0.0125,0.0152,0.0669,0.5485,25,28,0.0111
SEPTIEMBRE,26,9,0.02,0.0140,0.0667,0.4120,21,32,0.0092
SEPTIEMBRE,26,10,0.0272,0.0154,0.0673,0.4043,15,25,0.0091
SEPTIEMBRE,26,11,0.0337,0.0177,0.0678,0.3979,16,23,0.0064
SEPTIEMBRE,26,12,0.0402,0.0214,0.0673,0.4271,16,25,0.0066
SEPTIEMBRE,26,13,0.047,0.0254,0.0676,0.4496,15,21,0.0075
SEPTIEMBRE,26,14,0.057,0.0313,0.0689,0.4825,15,20,0.0083
SEPTIEMBRE,26,15,0.062,0.0374,0.0692,0.5247,16,22,0.0073
SEPTIEMBRE,26,16,0.0562,0.0429,0.0685,0.5330,17,20,0.0044
SEPTIEMBRE,26,17,0.0529,0.0470,0.0677,0.5215,15,14,0.003
SEPTIEMBRE,26,18,0.0496,0.0498,0.0676,0.5002,18,12,0.0034
SEPTIEMBRE,26,19,0.031,0.0495,0.0676,0.5306,19,11,0.0186
SEPTIEMBRE,26,20,0.0164,0.0465,0.0626,0.5950,28,11,0.0326
SEPTIEMBRE,26,21,0.0072,0.0415,0.0496,0.6573,34,15,0.0381
SEPTIEMBRE,26,22,0.0217,0.0371,0.0463,0.6438,34,15,0.0156
SEPTIEMBRE,26,23,0.0306,0.0332,0.0388,0.6094,38,15,0.0105
SEPTIEMBRE,27,0,0.0258,0.0294,0.0333,0.6030,36,17,NA
SEPTIEMBRE,27,1,0.0209,0.0254,0.0357,0.6567,35,16,NA
SEPTIEMBRE,27,2,0.0246,0.0223,0.0332,0.6500,66,14,NA
SEPTIEMBRE,27,3,0.0206,0.0210,0.0290,0.6045,42,13,0.0045
SEPTIEMBRE,27,4,0.0175,0.0211,0.0268,0.4920,31,17,0.0062
SEPTIEMBRE,27,5,0.0272,0.0236,0.0224,0.4032,27,16,NA
SEPTIEMBRE,27,6,0.0335,0.0251,0.0208,0.3664,17,16,0.0067
SEPTIEMBRE,27,7,0.0294,0.0249,0.0194,0.3636,16,11,0.0102
SEPTIEMBRE,27,8,0.0223,0.0245,0.0172,0.3867,32,10,0.0195
SEPTIEMBRE,27,9,0.0323,0.0259,0.0174,0.3496,38,13,0.019
SEPTIEMBRE,27,10,0.0416,0.0280,0.0184,0.3776,37,17,0.0167
SEPTIEMBRE,27,11,0.0448,0.0311,0.0173,0.4114,42,25,0.0155
SEPTIEMBRE,27,12,0.0494,0.0351,0.0163,0.4581,37,24,0.0142
SEPTIEMBRE,27,13,0.0549,0.0385,0.0155,0.5156,39,22,0.017
SEPTIEMBRE,27,14,0.0583,0.0416,0.0139,0.5615,40,24,0.0149
SEPTIEMBRE,27,15,0.0538,0.0447,0.0128,0.5792,35,27,0.0149
SEPTIEMBRE,27,16,0.0519,0.0484,0.0125,0.5759,33,26,0.0149
SEPTIEMBRE,27,17,0.0401,0.0494,0.0125,0.6272,34,24,0.0221
SEPTIEMBRE,27,18,0.0338,0.0484,0.0125,0.6821,34,19,0.0254
SEPTIEMBRE,27,19,0.0265,0.0461,0.0125,0.7299,35,19,0.0268
SEPTIEMBRE,27,20,0.0331,0.0440,0.0124,0.7274,35,18,0.0147
SEPTIEMBRE,27,21,0.034,0.0414,0.0124,0.6909,32,18,0.009
SEPTIEMBRE,27,22,0.0367,0.0387,0.0124,0.6483,29,17,0.0069
SEPTIEMBRE,27,23,0.0385,0.0368,0.0124,0.6136,21,17,NA
SEPTIEMBRE,28,0,0.0365,0.0349,0.0120,0.5807,15,15,NA
SEPTIEMBRE,28,1,0.0262,0.0332,0.0080,0.5082,12,13,0.0058
SEPTIEMBRE,28,2,0.0278,0.0324,0.0083,0.4263,14,12,NA
SEPTIEMBRE,28,3,0.0281,0.0326,0.0101,0.3564,14,11,NA
SEPTIEMBRE,28,4,0.0264,0.0318,0.0104,0.3154,12,13,NA
SEPTIEMBRE,28,5,0.0249,0.0306,0.0105,0.2952,11,11,NA
SEPTIEMBRE,28,6,0.0194,0.0285,0.0106,0.2986,19,11,NA
SEPTIEMBRE,28,7,0.0139,0.0254,0.0109,0.3318,16,12,0.0211
SEPTIEMBRE,28,8,0.0151,0.0227,0.0108,0.3747,15,15,0.0178
SEPTIEMBRE,28,9,0.017,0.0216,0.0100,0.4066,13,15,0.0199
SEPTIEMBRE,28,10,0.0254,0.0213,0.0070,0.4371,15,22,0.0146
SEPTIEMBRE,28,11,0.0301,0.0215,0.0064,0.4521,20,22,0.0138
SEPTIEMBRE,28,12,0.0464,0.0240,0.0063,0.4656,17,18,0.0071
SEPTIEMBRE,28,13,0.0493,0.0271,0.0062,0.4866,14,17,0.0106
SEPTIEMBRE,28,14,0.0514,0.0311,0.0061,0.4981,18,17,0.0086
SEPTIEMBRE,28,15,0.0519,0.0358,0.0061,0.4764,20,16,0.0091
SEPTIEMBRE,28,16,0.0518,0.0404,0.0061,0.4583,13,16,0.0105
SEPTIEMBRE,28,17,0.0381,0.0431,0.0060,0.4655,30,14,0.0163
SEPTIEMBRE,28,18,0.0281,0.0434,0.0060,0.5007,36,13,0.0209
SEPTIEMBRE,28,19,0.0242,0.0427,0.0060,0.5276,30,12,0.0206
SEPTIEMBRE,28,20,0.0242,0.0399,0.0059,0.5493,25,10,0.0137
SEPTIEMBRE,28,21,0.0218,0.0364,0.0059,0.5683,18,9,0.0148
SEPTIEMBRE,28,22,0.0229,0.0329,0.0059,0.5590,18,10,0.0106
SEPTIEMBRE,28,23,0.0221,0.0292,0.0058,0.5486,15,13,0.0096
SEPTIEMBRE,29,0,0.0058,0.0234,0.0058,0.5346,17,11,0.0235
SEPTIEMBRE,29,1,0.01,0.0199,0.0055,0.5064,15,13,0.0149
SEPTIEMBRE,29,2,0.006,0.0171,0.0050,0.4528,22,11,0.0181
SEPTIEMBRE,29,3,0.0129,0.0157,0.0028,0.4035,20,10,0.0101
SEPTIEMBRE,29,4,0.0049,0.0133,0.0022,0.3809,18,11,0.0311
SEPTIEMBRE,29,5,0.0048,0.0112,0.0021,0.3618,19,12,0.0358
SEPTIEMBRE,29,6,0.0072,0.0092,0.0020,0.3965,22,16,0.0326
SEPTIEMBRE,29,7,0.0122,0.0080,0.0017,0.4926,31,17,0.0465
SEPTIEMBRE,29,8,0.0071,0.0082,0.0015,0.5754,37,18,0.0362
SEPTIEMBRE,29,9,0.0114,0.0083,0.0013,0.6342,31,16,0.0266
SEPTIEMBRE,29,10,0.0166,0.0097,0.0021,0.6827,29,16,0.0226
SEPTIEMBRE,29,11,0.0272,0.0114,0.0034,0.7280,35,22,0.0187
SEPTIEMBRE,29,12,0.0513,0.0172,0.0043,0.7586,39,27,0.0122
SEPTIEMBRE,29,13,0.0572,0.0238,0.0046,0.7771,39,35,0.0103
SEPTIEMBRE,29,14,0.0523,0.0294,0.0048,0.7577,32,32,0.0094
SEPTIEMBRE,29,15,0.0585,0.0352,0.0049,0.6921,30,24,0.0102
SEPTIEMBRE,29,16,0.0517,0.0408,0.0050,0.6340,27,23,0.0112
SEPTIEMBRE,29,17,0.0472,0.0453,0.0050,0.5950,24,22,0.0107
SEPTIEMBRE,29,18,0.0366,0.0478,0.0050,0.5933,28,16,0.0182
SEPTIEMBRE,29,19,0.0286,0.0479,0.0050,0.5764,34,13,0.012
SEPTIEMBRE,29,20,0.0287,0.0451,0.0051,0.5665,31,12,0.0108
SEPTIEMBRE,29,21,0.0235,0.0409,0.0051,0.5591,31,11,0.0105
SEPTIEMBRE,29,22,0.0217,0.0371,0.0051,0.5481,NA,12,0.0078
SEPTIEMBRE,29,23,NA,0.0340,0.0053,0.5463,NA,12,NA
SEPTIEMBRE,30,0,0.0204,0.0295,0.0053,0.5209,NA,NA,NA
SEPTIEMBRE,30,1,0.017,0.0252,0.0053,0.4923,11,NA,0.0068
SEPTIEMBRE,30,2,0.0227,0.0232,0.0060,0.4288,14,6,NA
SEPTIEMBRE,30,3,0.0287,0.0232,0.0087,0.4071,16,12,NA
SEPTIEMBRE,30,4,0.0314,0.0236,0.0090,0.3816,11,14,NA
SEPTIEMBRE,30,5,0.0267,0.0241,0.0090,0.3558,10,13,0.0126
SEPTIEMBRE,30,6,0.0139,0.0230,0.0090,0.3934,15,11,0.0282
SEPTIEMBRE,30,7,0.0085,0.0212,0.0091,0.4878,14,11,0.0544
SEPTIEMBRE,30,8,0.0102,0.0199,0.0092,0.5774,17,11,0.0459
SEPTIEMBRE,30,9,0.0359,0.0223,0.0093,0.6224,18,17,0.0292
SEPTIEMBRE,30,10,0.0341,0.0237,0.0086,0.6472,17,17,0.0172
SEPTIEMBRE,30,11,0.0353,0.0245,0.0083,0.6591,19,18,0.0161
SEPTIEMBRE,30,12,0.0467,0.0264,0.0083,0.7229,17,18,0.0138
SEPTIEMBRE,30,13,0.0502,0.0294,0.0083,0.7786,13,14,0.0118
SEPTIEMBRE,30,14,0.0497,0.0338,0.0089,0.7951,15,15,0.0123
SEPTIEMBRE,30,15,0.0561,0.0398,0.0091,0.7028,11,10,0.0096
SEPTIEMBRE,30,16,0.0583,0.0458,0.0094,0.6582,12,9,0.0124
SEPTIEMBRE,30,17,0.0563,0.0483,0.0097,0.6705,12,9,0.0159
SEPTIEMBRE,30,18,0.0491,0.0502,0.0102,0.7544,19,11,0.0285
SEPTIEMBRE,30,19,0.0299,0.0496,0.0103,0.8012,31,13,0.0285
SEPTIEMBRE,30,20,0.0236,0.0467,0.0104,0.7795,32,13,0.0189
SEPTIEMBRE,30,21,0.0243,0.0434,0.0104,0.7487,27,12,0.0123
SEPTIEMBRE,30,22,0.0317,0.0412,0.0104,0.7011,20,10,0.009
SEPTIEMBRE,30,23,0.0277,0.0376,0.0104,0.6956,23,10,NA
