DATOS HORARIOS 2015_ DIF,,,,,,,,,,
,,,,,,,,,,
MES,DIA,HORA,O3,SO2,CO,NO2,PM10,WS,WD,TEMP
AGO,1,0,35.78,10.15,0.62,12.85,65.03,3.84,86.35,21.27
AGO,1,1,35.89,11.24,0.57,12.88,51.36,3.6,72.51,20.79
AGO,1,2,34.78,10.94,0.55,12.41,47.64,2.94,81.87,20.11
AGO,1,3,27.68,10.4,0.56,15.89,46.97,2.34,102.54,18.89
AGO,1,4,22.92,9.65,0.56,20.89,51.36,2.08,92.35,18.46
AGO,1,5,22.05,9.33,0.63,21.31,54.08,2.25,91.83,18
AGO,1,6,16.63,11.08,0.71,24.72,62.83,2.07,119.13,17.16
AGO,1,7,16.22,14.78,1.01,25.93,73.6,1.75,149.97,17.1
AGO,1,8,21.25,14.39,1.04,22.58,99.69,2.9,101.61,18.17
AGO,1,9,34.62,11.53,0.95,16.08,102.9,2.33,103.61,20.36
AGO,1,10,47.13,9.86,0.8,13.9,73.37,3.43,82.18,22.15
AGO,1,11,52.38,9.97,0.83,15.07,79.58,3.65,85.36,23.42
AGO,1,12,65.59,10.95,0.86,16.31,80.12,2.39,122.22,24.97
AGO,1,13,72.81,10.48,0.84,16.37,124.61,2.45,106.61,26.06
AGO,1,14,74.96,9.85,0.79,13.87,88.96,2.26,111.33,27.09
AGO,1,15,76.32,11.47,0.86,16.6,58.26,2.43,126.88,27.8
AGO,1,16,74.94,19.65,0.78,14.08,106.94,2.08,101.95,28.41
AGO,1,17,68.92,17.45,0.64,8.45,48.61,2.69,41.96,28.7
AGO,1,18,62.22,13.82,0.62,8.58,223.91,2.12,51.18,29.16
AGO,1,19,62.23,8.93,0.6,8.9,62.91,2.52,309.21,28.15
AGO,1,20,49.01,8.74,0.76,20.15,47.28,1.86,289.02,26.76
AGO,1,21,37.37,8.71,0.76,18.75,58.54,2.87,88.6,25.33
AGO,1,22,35,14.44,0.71,14.52,68.88,2.77,67.7,23.06
AGO,1,23,39.66,38.01,0.66,13.78,82.83,4.2,69.41,22.3
AGO,2,0,41.28,13.04,0.63,10.98,66.56,3.88,76.72,21.3
AGO,2,1,36.06,13.24,0.61,14.41,53.85,3.25,79.76,20.57
AGO,2,2,33.22,16.28,0.56,16.71,55.98,3.97,76.18,19.89
AGO,2,3,38.48,47.27,0.55,13.27,52.94,3.85,64.2,20.19
AGO,2,4,41.08,29.22,0.56,9.75,64.22,3.29,68.91,19.92
AGO,2,5,29.14,12.77,0.62,17.41,58.36,1.4,121.06,18.89
AGO,2,6,24.02,11.16,0.63,20.51,61.99,1.82,127.04,18.1
AGO,2,7,17.59,12.42,0.75,24.14,64.94,2.11,108.5,17.64
AGO,2,8,28.63,12.67,0.83,16.55,75.46,2.94,91.05,18.91
AGO,2,9,39.84,10.36,0.77,12.47,64.99,3.6,85.03,20.58
AGO,2,10,46.95,9.63,0.82,12.8,62.55,3.45,96.76,22.32
AGO,2,11,54.73,11.03,0.78,14.77,66.27,2.95,93.07,23.76
AGO,2,12,61.27,11.51,0.83,14.77,59.05,2.05,122.22,25.83
AGO,2,13,64.4,32.45,0.78,13.53,57.46,2.03,110.67,26.94
AGO,2,14,64.08,22.37,0.76,12.34,55.64,2.45,147.44,28
AGO,2,15,67.52,25.38,0.74,11.89,54.5,2.32,129.39,29.21
AGO,2,16,59.46,11.36,0.62,7.2,59.11,4.16,270.06,28.49
AGO,2,17,66.84,13.55,0.63,7.05,33.28,2.97,297.02,29.4
AGO,2,18,58.73,9.85,0.58,6.36,41.54,2.29,288.41,29.6
AGO,2,19,58.11,8.81,0.63,8.8,46.74,3.26,321.3,28.21
AGO,2,20,46.47,12.89,0.96,19.95,90.26,4.19,143.28,21.58
AGO,2,21,46.28,10.71,0.88,22.31,49.01,3.38,173.93,20.01
AGO,2,22,44.98,9.67,0.93,22.02,32.65,1.86,139.86,19.02
AGO,2,23,46.27,9.43,0.73,19.53,26.33,2.09,229.44,19.04
AGO,3,0,48.44,9.3,0.63,15.01,25.07,1.6,59.19,19.05
AGO,3,1,35.17,10.46,0.62,28.14,30.46,2.95,119.76,18.9
AGO,3,2,23.72,9.71,0.62,29.87,36.04,2.09,100.74,18.54
AGO,3,3,24.56,9.2,0.61,27.32,39.45,1.41,238.55,18.14
AGO,3,4,30.2,8.92,0.58,16.46,38.48,2.21,254.97,17.38
AGO,3,5,25.69,8.63,0.58,21.71,39.39,1.11,281.67,17.3
AGO,3,6,21.41,8.56,0.77,26.47,38.56,0.94,34.27,17.6
AGO,3,7,15.62,9.05,1.6,28.97,51.3,0.87,195.26,17.67
AGO,3,8,17.3,9.15,1.8,29.25,68.03,1.95,163.27,18.09
AGO,3,9,27.37,9.14,1.14,23.15,59.77,1.84,153,18.68
AGO,3,10,45.66,10.59,1.01,24.38,60.55,2.1,117.06,20.71
AGO,3,11,71.21,21.82,0.94,22.76,105.57,1.51,122.32,22.95
AGO,3,12,41.43,46.72,0.94,21.81,110.82,1.7,123.33,24.95
AGO,3,13,100.84,81.25,1.01,23.17,147.59,2.04,138.43,25.6
AGO,3,14,110.37,42.76,0.86,16.14,84.24,1.64,252.98,27.26
AGO,3,15,124.78,40.63,0.87,16.74,89,1.97,277.08,28.25
AGO,3,16,106.84,25.68,0.73,12.51,78.49,2.32,259.98,28.61
AGO,3,17,91.45,15.26,0.68,10.7,51.82,2.6,276.33,28.79
AGO,3,18,96.93,11.97,0.71,12.38,47.41,2.67,272.03,28.43
AGO,3,19,94.08,11.64,0.82,16.93,130.19,2.14,278.19,27.93
AGO,3,20,61.82,11.29,0.89,26.57,68.39,2.13,259.39,26.04
AGO,3,21,52.43,10.72,0.78,26.22,56.16,2.71,258.39,24.83
AGO,3,22,51.89,10,0.72,19.12,48.32,3.23,131.82,22.81
AGO,3,23,57.26,10.12,0.65,12.98,51.66,4.48,173.57,19.23
AGO,4,0,60.53,9.6,0.56,10.01,22.57,3.1,249.56,19
AGO,4,1,61.18,9.01,0.54,9.78,24.96,1.62,308.26,19.14
AGO,4,2,52.41,8.96,0.54,13.87,22.93,2.16,293.19,18.74
AGO,4,3,51.93,8.77,0.54,12.08,29.82,1.64,304.69,18.72
AGO,4,4,47.73,8.73,0.55,15,25.89,1.28,7.33,18.72
AGO,4,5,26.77,10.1,0.73,30.46,31.94,0.98,152.64,18.74
AGO,4,6,21.71,9.62,0.78,29.11,47.14,1.48,208.55,17.66
AGO,4,7,18.12,9.63,1.73,33.22,43.94,0.92,169.34,17.69
AGO,4,8,24.65,10.11,1.77,33.99,57.05,1.45,141.08,19.62
AGO,4,9,40.13,10.5,1.05,19.84,48.23,2.29,112.28,20.69
AGO,4,10,44.55,11.2,0.95,22.47,60.82,2.5,105.56,22.3
AGO,4,11,59.71,10.32,0.84,14.73,69.02,3.88,86.83,23.47
AGO,4,12,64.1,9.56,0.93,16.35,58.91,3.69,99.96,25.06
AGO,4,13,64.88,9.27,0.89,16.41,61.6,3.25,107.52,26.38
AGO,4,14,67.76,9.19,0.83,15.36,53.56,3.08,113.01,27.33
AGO,4,15,68.26,9.04,0.8,14.45,46.11,2.95,109.09,28.38
AGO,4,16,64.44,9.22,0.81,14.92,48.86,2.49,109.48,29.56
AGO,4,17,70.94,9.36,0.66,10.34,55.84,2.75,55.65,30.42
AGO,4,18,78.39,9.88,0.7,11.09,41.98,3.08,262.17,29.5
AGO,4,19,80.22,11.18,0.71,14.65,64.9,3.37,260.73,28.1
AGO,4,20,64.75,11.65,0.82,18.21,72.46,2.44,261.48,24.95
AGO,4,21,55.64,9.84,0.82,19.78,47.57,3.18,180.68,23.66
AGO,4,22,40.38,9.29,0.8,24.05,55.37,2.13,124.04,22.49
AGO,4,23,35.79,9.87,0.72,25.4,54.71,2.68,100.55,21.67
AGO,5,0,28.62,9.34,0.65,30.86,51.74,1.71,92.66,21.17
AGO,5,1,24.54,10.47,0.6,29.56,49.92,1.96,96.53,21.24
AGO,5,2,25.65,9.77,0.57,22.3,42.65,2.28,97.15,20.06
AGO,5,3,23.73,9.21,0.54,21.68,42.89,2.17,100.24,19.37
AGO,5,4,21.48,9.09,0.54,21.86,40.67,1.92,113.27,18.91
AGO,5,5,15.42,10.84,0.59,27.71,51.99,2.51,124.56,18.65
AGO,5,6,15.65,12.16,0.7,28.06,56.85,1.86,81.95,18.46
AGO,5,7,17.36,10.71,1.07,28.11,69.72,1.74,117.24,18.81
AGO,5,8,20.72,11.74,1.28,26.62,93.19,2.4,97.4,19.76
AGO,5,9,34.97,11.53,1,18.55,75.81,2.06,100.54,21.84
AGO,5,10,48.29,10.83,0.92,15.03,149.45,3.07,87.06,23.27
AGO,5,11,55.8,12.04,0.86,16.9,61.74,2.72,116.02,24.48
AGO,5,12,73.46,16.27,0.74,13.65,54.85,2.03,114.84,26.08
AGO,5,13,82.86,34.67,0.76,15.47,55.05,2.14,113.78,26.85
AGO,5,14,73.66,25.65,0.77,13.74,61.57,2.38,111.29,27.8
AGO,5,15,74.39,16.86,0.73,13.55,57.5,2.1,142.7,28.98
AGO,5,16,76.28,21.1,0.71,13.94,178.25,1.99,136.57,29.48
AGO,5,17,55.31,12.84,0.68,15.3,105.18,4.31,333.9,23.13
AGO,5,18,43.9,9.94,0.77,24.31,44.63,1.86,279.92,22.76
AGO,5,19,42.56,20.66,0.88,27.69,50.89,2.22,297.24,22.96
AGO,5,20,30.33,21.57,0.99,34.77,55.29,2.44,228.7,23.23
AGO,5,21,32.47,15.34,0.91,30.84,54.43,2.25,166.85,22.35
AGO,5,22,45.41,11.87,0.74,18.19,65.13,3.61,125.87,21.25
AGO,5,23,51.05,9.9,0.66,15.56,44.96,2.87,124.52,20.81
AGO,6,0,45.78,9.31,0.57,16.4,41.96,1.97,91.76,20.19
AGO,6,1,41.85,9.12,0.57,19.79,30.18,1.82,112.11,19.88
AGO,6,2,37.95,9.09,0.54,23.08,34.31,1.42,120.02,20.01
AGO,6,3,25.81,9.18,0.53,25.95,30.79,1.71,110.05,19.9
AGO,6,4,17.58,9.69,0.52,26.96,42.03,1.74,116.74,19.32
AGO,6,5,15.03,11.49,0.56,27.76,55.26,1.68,105.79,18.69
AGO,6,6,15.42,10.69,0.73,24.22,60.35,1.94,102.86,18.33
AGO,6,7,15.73,10.54,0.92,22.75,78.88,2.15,93.04,17.91
AGO,6,8,20.95,10.85,1.03,21.74,83.52,2.02,120.14,19.21
AGO,6,9,30.36,11.29,1.01,21.52,83.84,2.92,118.83,20.87
AGO,6,10,45.28,11.45,0.85,18.28,79.2,2.99,89.27,22.56
AGO,6,11,58.31,11.12,0.86,18.41,69.56,2.46,120.36,24.05
AGO,6,12,69.23,10.21,0.75,13.03,49.49,2.26,162.94,25.46
AGO,6,13,72.2,9.43,0.68,11.13,35.26,2.03,174.36,26.71
AGO,6,14,78.11,9.24,0.64,10.24,32.84,2.1,299.63,27.16
AGO,6,15,86.94,10.27,0.63,10.01,31.59,2.26,266.61,28.59
AGO,6,16,91.49,15.62,0.63,10.47,39.11,2.12,317.65,29.33
AGO,6,17,88.62,15.05,0.61,9.68,58.09,2.99,273.98,29.39
AGO,6,18,79.8,13.12,0.66,13.05,55.7,2.32,326.99,28.34
AGO,6,19,56.6,15.56,0.83,21.37,70.64,3.98,39.78,26.23
AGO,6,20,37.8,35.76,1.02,29.81,98.47,2.33,87.84,25.23
AGO,6,21,26.76,14.96,0.9,36.43,214.84,2.62,120.79,24.36
AGO,6,22,31.52,12.28,0.8,28.36,71.02,3.63,127.32,23.58
AGO,6,23,54.67,9.71,0.55,14.61,60.15,3.92,191.43,21.34
AGO,7,0,54.15,8.99,0.49,11.61,32.11,2.49,240.29,20.37
AGO,7,1,51.19,8.83,0.47,10.78,20.18,1.37,276.98,19.71
AGO,7,2,42.26,8.68,0.47,15.8,32.89,2.12,260.69,18.73
AGO,7,3,45.06,8.48,0.47,15.65,25.87,1.59,272.02,18.42
AGO,7,4,52.75,8.03,0.44,10.3,25.26,1.31,273.66,18.26
AGO,7,5,39.92,2.72,0.48,18.39,28.05,1.2,307.69,18.04
AGO,7,6,21.44,NA,0.7,27.35,39.74,1.24,274.06,17.72
AGO,7,7,15.56,NA,0.91,29.32,65.04,1.4,258.86,17.15
AGO,7,8,19.69,2.51,1.24,30.86,62.08,1.59,169.34,19.19
AGO,7,9,41.38,NA,0.73,20.82,70.94,1.67,265.82,21.36
AGO,7,10,56.94,15.16,0.67,20.05,41.58,1.53,247.22,23.23
AGO,7,11,68.72,9.53,0.66,15.73,53.44,1.71,208.74,24.53
AGO,7,12,79.77,11.57,0.63,11.27,50.22,1.72,207.62,25.92
AGO,7,13,84.03,9.87,0.58,10.56,35.1,2.09,263.83,26.76
AGO,7,14,82.56,12.36,0.57,9.64,23.06,2.47,260.35,27.62
AGO,7,15,88.09,17.34,0.57,8.91,17.71,2.1,280.6,29.03
AGO,7,16,94.42,19.3,0.6,10.45,36.38,2.19,272.87,29.49
AGO,7,17,91.4,19.1,0.62,11.13,56.02,2.84,263.98,29.17
AGO,7,18,80.5,19.67,0.65,13.25,146,3.92,238.97,28.68
AGO,7,19,71.47,19.92,0.69,16.76,111.12,4.06,223.01,27.88
AGO,7,20,53.41,20.55,0.75,21.17,131.26,3.66,199.5,25.42
AGO,7,21,55.16,20.05,0.68,18.67,35.31,4.14,169.65,22.76
AGO,7,22,51.14,20.11,0.66,20.25,43.24,3.22,111.81,21.87
AGO,7,23,57.88,20.54,0.56,16.31,52.56,4.61,75.22,20.94
AGO,8,0,59.19,21.06,0.54,15.11,67.36,3.45,55.7,18.92
AGO,8,1,54.93,20.36,0.49,12.69,19.78,1.87,277.11,18.71
AGO,8,2,41.93,20.3,0.49,18.69,32,2.58,197.16,18.54
AGO,8,3,42.18,20.23,0.51,19.5,32.9,1.23,191.82,18.5
AGO,8,4,45.8,20.27,0.54,17.77,30.65,1.54,57.11,19.11
AGO,8,5,30.28,20.63,0.58,25.53,42.02,1.21,86.25,18.78
AGO,8,6,23.86,20.71,0.75,29.78,46.02,0.85,236.6,18.49
AGO,8,7,15.35,21.42,1.2,33.71,60.57,1.23,228.55,18.18
AGO,8,8,20.72,21.43,1.04,29.3,65.58,1.33,214.98,19.22
AGO,8,9,42.22,20.86,0.89,22.24,52.41,1.59,110,21.22
AGO,8,10,55.93,20.5,0.84,20.93,48.99,1.84,117.58,22.68
AGO,8,11,70.32,20.62,0.77,15.13,47.71,2.13,105.02,24.02
AGO,8,12,77.55,20.44,0.87,16.67,38.38,2.17,115.04,25.58
AGO,8,13,88.55,20.81,0.75,16.81,50.26,2.14,182.77,27.07
AGO,8,14,97.61,20.92,0.75,15.97,37.27,1.97,106.4,28.16
AGO,8,15,103.13,21.1,0.84,18.78,48.42,2.09,137.94,29.15
AGO,8,16,108.12,19.69,0.87,17.68,65.1,1.94,121.25,29.7
AGO,8,17,122.38,19.94,0.87,17.43,80.89,2.5,239.63,29.7
AGO,8,18,75.72,18.63,0.63,11.86,88.83,6.19,231.29,27.24
AGO,8,19,54.6,17.5,0.63,15.85,61.79,3.83,238.16,24.46
AGO,8,20,44.72,13.41,0.85,26.58,51.71,2.39,143.74,23.35
AGO,8,21,35.51,11.83,0.92,37.38,53.69,1.24,234.29,23.74
AGO,8,22,48.03,17.15,0.79,25.48,84.2,2.23,118.05,23.12
AGO,8,23,49.56,18.5,0.68,21.13,78.45,3.65,89.27,21.44
AGO,9,0,66.71,18.38,0.54,13.56,47.08,4.61,77.7,21.28
AGO,9,1,48.16,18.15,0.6,23.96,43.18,1.76,123.12,20.5
AGO,9,2,42.85,18.26,0.52,23.8,38.56,1.18,284.52,19.66
AGO,9,3,24.35,18.38,0.66,35.45,41.63,1.44,143.81,19.34
AGO,9,4,27.35,18.4,0.61,33.2,39.34,1.03,68.53,18.93
AGO,9,5,16.06,18.25,0.61,33.12,42.32,0.99,234.81,17.74
AGO,9,6,16.3,18.5,0.69,35.25,37.73,1.12,229.53,17.38
AGO,9,7,15.4,18.72,1.05,35.13,54.65,0.78,136.48,17.9
AGO,9,8,19.75,18.91,0.99,31.4,68.75,1.08,218.77,19.02
AGO,9,9,38.3,18.89,0.82,24.76,56.63,1.92,92.41,20.8
AGO,9,10,49.47,18.71,0.72,24.58,53.33,1.95,97.23,22.82
AGO,9,11,64.98,18.46,0.64,15.58,40.04,1.99,219.02,24.76
AGO,9,12,72.22,18.42,0.64,11.74,48.42,2.72,231.63,25.88
AGO,9,13,77.49,18.43,0.59,9.76,126.62,2.92,261.93,26.9
AGO,9,14,82.87,18.49,0.58,10.15,32.29,2.94,265.4,27.88
AGO,9,15,83.29,18.4,0.58,8.96,26.38,2.49,261.06,29
AGO,9,16,85.1,18.37,0.52,8.27,36.49,2.4,264.64,29.6
AGO,9,17,89.85,18.4,0.54,9.14,77.35,2.29,264.05,29.82
AGO,9,18,90.37,18.52,0.57,10.79,40.88,2.1,254.38,29.74
AGO,9,19,78.41,18.58,0.73,19.3,60.35,2.64,153.99,28.69
AGO,9,20,62.43,18.64,0.71,23.7,146.18,1.6,232.73,26.92
AGO,9,21,50.06,19,1.02,38.2,95.28,1.5,147.27,26.1
AGO,9,22,32.63,18.95,0.89,36.74,104.11,2.13,85.2,24.68
AGO,9,23,29.32,18.86,0.83,34.78,73.06,1.58,218.24,23.52
AGO,10,0,44.63,18.52,0.59,22.45,61.27,1.28,271.39,22.52
AGO,10,1,35.32,18.52,0.59,29.47,45,1.38,127.75,22.42
AGO,10,2,31.67,18.79,0.52,26.48,50.11,1.6,64.83,22.1
AGO,10,3,30.69,19.74,0.52,26.33,41.14,1.67,89.99,21.73
AGO,10,4,21.84,18.6,0.47,30.95,41.17,1.48,96.46,20.57
AGO,10,5,40.99,18.52,0.46,14.63,44.73,2.54,101.78,20.8
AGO,10,6,40.46,18.54,0.53,17.94,40.74,2.33,303.46,19.73
AGO,10,7,27.84,18.58,0.68,28.77,46.91,1.9,308.49,19.09
AGO,10,8,35.9,18.13,0.8,23.83,50.9,1.17,309.73,21.36
AGO,10,9,38.32,13.53,0.96,24.57,123.21,2.37,138.13,22.25
AGO,10,10,47.47,13.18,0.84,19.77,107.99,2.52,118.51,23.28
AGO,10,11,56.63,16.59,0.81,16.15,145.53,2.79,100.93,24.75
AGO,10,12,62.78,18.77,0.75,14.93,53.69,2.81,110.27,26.27
AGO,10,13,63.7,18.3,0.71,13.64,57.09,3.26,100.57,27.88
AGO,10,14,60.45,18.43,0.71,13.19,48.9,3.41,87.48,28.92
AGO,10,15,65.06,18.42,0.59,11.8,45.14,3.83,58.1,29.65
AGO,10,16,64.43,18.48,0.64,14.09,67.51,4.86,70.76,30.28
AGO,10,17,61.16,18.58,0.79,16.96,74.57,3.43,101.03,30.23
AGO,10,18,55.63,17.35,0.8,17.59,69.17,3.98,106.78,29.1
AGO,10,19,43.57,15.55,0.83,24.01,75.32,3.03,100.76,27.71
AGO,10,20,35.7,15.46,0.78,33.08,90.15,1.91,271.11,25.16
AGO,10,21,28.74,16.36,0.84,36.66,95.73,2.27,55.47,24.42
AGO,10,22,39.52,15.13,0.6,18.16,70.56,3.14,86.87,23.94
AGO,10,23,36.42,16.67,0.6,19.04,58.48,2.83,95.02,22.67
AGO,11,0,38.76,17.82,0.47,14.93,47.75,2.73,69.15,21.53
AGO,11,1,33.05,18.22,0.46,18.21,41.72,1.63,97.86,20.61
AGO,11,2,32.21,17.79,0.44,17.14,39.11,1.81,115.68,19.57
AGO,11,3,22.91,18.75,0.47,24.13,62.3,1.21,85.12,18.91
AGO,11,4,29.95,18.39,0.47,18.81,72.23,1.66,358.71,18.77
AGO,11,5,26.68,18.24,0.56,22.03,37.37,1.72,120.73,18.78
AGO,11,6,16.08,18.99,0.7,28.33,66.95,1.42,108.83,17.59
AGO,11,7,18.92,18.79,0.91,6.43,74.18,1.75,93.66,17.4
AGO,11,8,28.43,16.3,0.93,2.7,83.54,2.58,90.83,18.89
AGO,11,9,41.76,16.07,0.77,2.7,172.89,3.61,81.56,20.78
AGO,11,10,49.76,16.91,0.67,2.7,95.91,4.55,77.09,22.5
AGO,11,11,54.52,16.86,0.64,2.7,90.69,5.49,78.92,23.87
AGO,11,12,62.77,15.53,0.72,2.77,84.55,5.24,77.36,25.05
AGO,11,13,66.76,14.56,0.64,2.74,62.18,4.71,66.42,26.26
AGO,11,14,67.19,17.09,0.6,NA,52.13,3.57,76.47,27.72
AGO,11,15,56.56,17.18,0.61,NA,48.4,3.76,74.64,28.71
AGO,11,16,52.26,17.93,0.67,NA,66.7,4.71,91.85,29.06
AGO,11,17,48.63,18.64,0.61,NA,76.06,5.13,57.82,28.59
AGO,11,18,42.4,20.43,0.7,NA,94.1,5.79,55.72,27.73
AGO,11,19,41.67,19.24,0.64,NA,113.22,5.49,72.46,26.59
AGO,11,20,35.59,19.62,0.66,NA,99.77,5.05,68.22,24.72
AGO,11,21,26.63,26.23,0.94,1.9,85.11,4.63,52.41,23.75
AGO,11,22,32.79,22.27,0.61,NA,83.44,4.31,60.48,22.74
AGO,11,23,38.24,18.89,0.48,NA,134.71,3.79,91.2,21.67
AGO,12,0,30.95,18.58,0.45,NA,51.39,2.35,112.51,20.86
AGO,12,1,31.09,18.39,0.43,NA,28.97,2.39,129.82,20.32
AGO,12,2,36.52,18.13,0.4,NA,32.11,2.9,98.85,20.21
AGO,12,3,29.13,17.99,0.42,NA,34.02,2.88,159.84,19.26
AGO,12,4,25.67,17.85,0.44,NA,37.53,2.78,121.07,19.01
AGO,12,5,18.33,18.12,0.49,NA,47.09,1.81,130.31,18.17
AGO,12,6,23.71,17.2,0.6,NA,41.34,2.9,86.1,18.41
AGO,12,7,16.27,17.05,0.92,NA,59.73,2.32,100.26,18.36
AGO,12,8,26.23,17.89,1.01,NA,78.9,2.1,120.8,19.69
AGO,12,9,36.32,16.8,0.75,NA,58.39,3.3,76.07,20.96
AGO,12,10,43.48,16.64,0.72,NA,56.09,4.43,80.88,22.17
AGO,12,11,49.63,17.39,0.7,NA,52.65,4.31,83.28,23.95
AGO,12,12,51.32,18.13,0.78,NA,55.64,3.94,76.74,24.56
AGO,12,13,51.59,17.6,0.69,NA,50.73,3.99,61.99,25.25
AGO,12,14,56.3,17.9,0.7,18.13,81.98,5.24,83.15,27.05
AGO,12,15,49.28,17.65,0.67,17.08,155.31,5.07,58.43,27.35
AGO,12,16,46.85,16.57,0.76,15.37,NA,4.6,54.38,27.26
AGO,12,17,48.06,18.66,0.67,14.31,61.78,5.2,64.28,27.14
AGO,12,18,45.12,19.84,0.72,14.52,87.12,6.08,48.12,26.34
AGO,12,19,41.17,22.82,0.97,20.08,73.02,5.33,52.99,25.68
AGO,12,20,42.66,21.7,0.66,16.63,84.78,5.08,59.73,24.34
AGO,12,21,35.04,18.99,0.75,19.62,57.29,3.49,75.98,22.96
AGO,12,22,34.26,19.21,0.58,19.53,49.47,4.05,72.51,22.35
AGO,12,23,38.34,18.91,0.52,14.4,64.05,3.37,78.61,21.86
AGO,13,0,30.65,18.42,0.45,18.3,43.12,3.31,82.07,20.73
AGO,13,1,41.56,17.73,0.42,8.75,28.02,4.16,79.81,20.46
AGO,13,2,41.14,17.21,0.39,13.6,26.74,3.79,79.01,20.21
AGO,13,3,41.03,17.13,0.39,8.03,23.34,3.44,81.77,19.73
AGO,13,4,34.69,17.64,0.4,11.43,24.96,3.2,77.05,18.89
AGO,13,5,33.21,17.97,0.43,11.99,23.31,3.36,81.35,17.98
AGO,13,6,26.05,18.19,0.56,16.81,39.96,3.21,80.01,17.55
AGO,13,7,24.78,18.19,0.67,16.66,45,3.37,80.93,17.3
AGO,13,8,27.4,18.43,0.69,15.73,56.82,4.5,76.42,18.44
AGO,13,9,36.37,18.34,0.67,10.54,56.44,4.62,83.3,20.17
AGO,13,10,42.59,18.27,0.6,9.68,90.4,5.86,77.72,21.81
AGO,13,11,46.73,18.11,0.63,11.4,72.4,5.65,90.1,23.52
AGO,13,12,53.14,18.03,0.64,11.98,65.28,5.51,88.59,25.24
AGO,13,13,54.7,17.88,0.64,11.84,77.1,5.5,90.25,26.56
AGO,13,14,55.12,17.53,0.64,11.41,102.67,5.95,86.99,27.51
AGO,13,15,54.64,17.75,0.63,10.69,69.92,5.59,89.1,28.28
AGO,13,16,48.09,17.84,0.64,11.43,63.23,5.18,79.04,28.61
AGO,13,17,43.96,18.03,0.68,13.03,60.98,5.01,65.56,28.24
AGO,13,18,41.27,19.54,0.89,13.18,138.05,6.44,46.2,27.51
AGO,13,19,33.53,26.59,1.27,20.07,231.02,6.46,50.29,25.83
AGO,13,20,36.11,21.4,0.6,15.04,114.42,5.48,60.35,24.61
AGO,13,21,33.6,21.37,0.71,15.22,63.95,5.03,71.29,23.38
AGO,13,22,33.26,19.39,0.52,13.45,94.6,4.09,69.01,22.13
AGO,13,23,32.35,18.19,0.48,12.79,78.71,3.1,82.28,21.34
AGO,14,0,31.38,18.3,0.43,12.53,31.63,2.86,87.12,20.64
AGO,14,1,30.29,18.23,0.39,13.34,45.44,3,83.25,20.63
AGO,14,2,32.3,18.09,0.39,10.37,31.16,3.3,82.15,19.94
AGO,14,3,28.85,17.71,0.39,14.1,22.72,3.17,78.37,19.92
AGO,14,4,31.76,18.09,0.39,11.06,28.45,2.85,87.42,19.18
AGO,14,5,25.79,18.32,0.41,15.67,24.98,3.23,77.75,18.79
AGO,14,6,25.01,18.32,0.58,16.59,38.35,2.73,90.6,18.26
AGO,14,7,20.54,18.05,0.8,20.47,50.13,2,86.08,18.23
AGO,14,8,23.54,18.08,1.03,18.48,70.51,2.44,104.61,19.51
AGO,14,9,36.47,18.25,0.78,11.98,76.72,4.07,85.18,21.24
AGO,14,10,41.84,18.05,0.67,11.16,59.73,4.83,90.45,22.31
AGO,14,11,47.43,18.2,0.77,13.31,52.99,4.14,87.86,23.88
AGO,14,12,56.82,12.61,0.69,12.48,55.24,3.92,88.05,25.43
AGO,14,13,67.66,9.75,0.69,13.75,48.8,3.16,101.65,26.84
AGO,14,14,70.01,10.41,0.72,14.17,44.44,2.48,115.45,28.41
AGO,14,15,66.61,11.13,0.61,11.83,43.37,3.11,86.21,29.39
AGO,14,16,65.48,10.88,0.68,12.23,44.54,3.25,97.75,29.95
AGO,14,17,59.13,11.65,0.6,11.97,47.34,4.05,68.44,30.38
AGO,14,18,56.97,9.33,0.74,16.01,66.62,3.59,101.95,29.96
AGO,14,19,44.57,12.61,0.67,15.57,71.15,4.23,51.49,28.91
AGO,14,20,25.59,120.1,0.97,25.69,72.17,4.39,43.37,27.07
AGO,14,21,24.64,136.02,1.04,25.49,73.88,4.78,43.86,25.71
AGO,14,22,27.39,52.95,0.78,20.41,69.67,3.34,80.33,24.32
AGO,14,23,15.92,14.74,0.61,29.12,65.99,3.33,108.02,22.65
AGO,15,0,18.29,12.44,0.51,25.97,52.65,2.61,100.95,21.63
AGO,15,1,19.81,11.21,0.46,22.15,41.39,2.37,97.78,20.72
AGO,15,2,25.83,10.95,0.38,16.26,35.76,2.3,86.86,19.77
AGO,15,3,24.03,12.42,0.38,16.78,26.93,2.63,99.36,18.99
AGO,15,4,21.72,9.35,0.39,18.99,27.75,2.32,91,18.49
AGO,15,5,18.72,9.54,0.43,20.19,33.07,2.13,117.05,17.57
AGO,15,6,15.08,11.97,0.61,24.65,39.76,1.59,94.22,17.18
AGO,15,7,15.58,11.48,0.95,24.95,68.53,1.75,78.13,17.21
AGO,15,8,22.76,10.95,0.96,20.93,95.36,2.39,92.26,18.66
AGO,15,9,32.62,15.85,0.9,21.24,76.63,1.88,109.71,20.7
AGO,15,10,42.32,21.58,0.81,17.7,64.97,2.26,122.5,23.21
AGO,15,11,49.14,10.37,0.63,13.01,51.16,3.19,98.36,24.66
AGO,15,12,54.45,8.95,0.69,12.45,49.07,3.91,93.51,25.98
AGO,15,13,63.93,9.23,0.72,14.37,40.72,3.44,94.42,27.3
AGO,15,14,65.37,9.57,0.65,13.55,49.43,3.21,88.16,28.62
AGO,15,15,68.23,9.95,0.59,11,34,2.89,113.28,29.34
AGO,15,16,62.38,10.52,0.61,11.95,41.76,2.26,139.64,30.36
AGO,15,17,58.97,15.4,0.6,11.64,40.98,1.91,113.37,30.5
AGO,15,18,53.26,15.23,0.54,10.35,48.89,3.7,62.68,30.03
AGO,15,19,51.11,10.44,0.55,10.96,53.94,4.78,37.67,28.87
AGO,15,20,35.76,97.5,0.93,25.89,51.09,3.76,44.74,27.53
AGO,15,21,37.83,20.17,0.72,18.16,66.31,3.71,75.16,25.76
AGO,15,22,33.23,18.31,0.63,19.6,60.52,3.78,78.3,24.37
AGO,15,23,26.49,10.18,0.64,23.1,63.24,3.21,104.33,23.07
AGO,16,0,28.57,10.2,0.56,20.9,63.24,2.84,96.2,22.02
AGO,16,1,36.41,8.85,0.49,15.29,46.55,2.39,95.2,21.17
AGO,16,2,35.8,8.43,0.43,13.9,44.23,2.24,92.08,20.48
AGO,16,3,26.07,11.29,0.45,24.45,47.32,2.16,82.48,19.66
AGO,16,4,41.78,20.53,0.39,9.61,37.38,3.58,59.78,20.43
AGO,16,5,33.02,52.7,0.53,17.42,41.86,2.74,58.55,20.02
AGO,16,6,27.62,92.14,0.62,23.26,52.68,2.1,62.59,19.7
AGO,16,7,21.38,17.38,0.61,23.4,50.62,1.75,127.82,18.23
AGO,16,8,25.71,12.68,0.7,21.24,55.43,2.35,118.36,18.6
AGO,16,9,38.23,11.91,0.68,15.6,87.23,3.18,100.6,21.14
AGO,16,10,50.6,10.31,0.67,12.59,580.61,3.57,109.7,23.01
AGO,16,11,57.56,9.69,0.65,11.38,50.28,2.75,109.19,24.69
AGO,16,12,66.5,9.75,0.7,11.92,48.18,2.82,146.75,26.05
AGO,16,13,72.45,13.2,0.74,12.28,55.07,2.34,162.65,27.55
AGO,16,14,72.12,12.99,0.67,11.6,47.59,2.6,143.41,28.31
AGO,16,15,72.41,15.17,0.61,9.64,37.2,2.52,229.66,28.46
AGO,16,16,57.68,10.21,0.49,7.7,49.67,3.28,283.19,26.21
AGO,16,17,53.87,8.5,0.48,7.14,37.69,3.7,272.33,25.6
AGO,16,18,53.69,8.01,0.5,8.54,38.5,3.24,261.85,25.93
AGO,16,19,57.19,7.78,0.5,8.99,42.11,3.1,51.69,25.66
AGO,16,20,52.67,7.88,0.49,10.84,52.23,3.82,312.92,24.27
AGO,16,21,49.54,8.35,0.52,12.86,57.21,2.74,291.69,21.84
AGO,16,22,45.9,8.66,0.51,12,51.42,3.09,226.12,20.01
AGO,16,23,45.13,8.19,0.44,9.98,29.98,2.01,277.27,19.27
AGO,17,0,46.94,5.42,0.42,10.24,29.94,1.97,222.9,19.11
AGO,17,1,45.31,6.65,0.41,8.78,28.07,2.92,109.96,18.78
AGO,17,2,51.68,NA,0.38,8.16,24.19,1.7,92.56,18.38
AGO,17,3,47.83,5.04,0.38,9.92,20.76,1.67,109.04,18.12
AGO,17,4,36.65,4.67,0.39,16.43,29.68,1.4,202.39,17.66
AGO,17,5,27.32,5.18,0.47,21.79,27.27,1.32,187.02,17.32
AGO,17,6,16.05,5.32,0.92,32.89,45.71,1.27,149.32,17.36
AGO,17,7,15.26,8.77,1.27,26.56,66.58,1.19,284.11,16.98
AGO,17,8,19.54,10.32,1.5,29.2,82.01,1.76,122.5,18.28
AGO,17,9,31.59,11.76,0.86,24.51,74.4,2.03,98.3,19.69
AGO,17,10,48.97,12.23,0.73,22.78,55.6,1.71,134.5,21.89
AGO,17,11,63.59,18.72,0.62,14.06,37.07,1.47,197.44,24.41
AGO,17,12,71.23,14.82,0.6,12.32,42.96,1.86,182.31,25.4
AGO,17,13,72.64,11.25,0.61,10.46,35.63,2.37,178.74,26.41
AGO,17,14,78.96,13.71,0.64,10.04,31.73,2.06,107.05,27.27
AGO,17,15,83.07,17.99,0.56,11.24,30.98,2.53,259.93,28.28
AGO,17,16,87.02,21.04,0.59,11.16,48.58,2.36,237.15,28.94
AGO,17,17,89.79,16.38,0.55,8.4,49.98,2.49,264.78,28.85
AGO,17,18,92.23,12.72,0.61,11.5,69.34,3.38,296.33,27.77
AGO,17,19,74.7,10.17,0.6,13.03,190.97,3.22,302.72,26.36
AGO,17,20,59.18,8.47,0.68,22.39,185.24,2.9,345.72,25.49
AGO,17,21,54.96,5.88,0.67,16.47,72.27,2.97,205.79,23.77
AGO,17,22,57.22,9.25,0.62,15.56,61.64,3.86,105.15,20.66
AGO,17,23,60.84,8.12,0.51,11.57,46.01,3.27,169.9,18.01
AGO,18,0,67.15,8.48,0.45,9,16.44,2.4,158.4,17.55
AGO,18,1,61.93,8.53,0.45,9.95,25.55,2.07,116.67,17.8
AGO,18,2,50.98,8.38,0.43,14.79,28.07,2.09,86.51,17.52
AGO,18,3,45.8,8.4,0.43,18.72,32.4,1.32,82.94,17.44
AGO,18,4,37.63,8.35,0.45,24.56,31.3,1.67,91.75,17.35
AGO,18,5,20.1,8.54,0.49,37.47,55.94,2.02,124.33,16.98
AGO,18,6,16.41,8.49,0.63,39.21,53.31,1.52,101.57,16.91
AGO,18,7,16.48,8.35,1.09,36.13,54.36,1.84,128.7,16.76
AGO,18,8,21.57,8.67,1.18,34.06,52.4,1.71,106.32,17.66
AGO,18,9,39.16,8.79,0.92,23.75,59.96,2.32,130.55,19.35
AGO,18,10,62.03,8.85,0.75,14.59,29.81,1.6,156.83,22.15
AGO,18,11,67.79,8.87,0.6,12.06,80.85,1.88,199.86,23.65
AGO,18,12,70.11,8.73,0.52,7.33,21.24,2.44,251.58,25.09
AGO,18,13,68.89,8.31,0.54,8.14,22.26,2.67,244.76,25.55
AGO,18,14,71.86,8.31,0.54,7.9,77.79,2.51,248.5,26.65
AGO,18,15,77.28,8.21,0.49,6.88,155.11,2.91,283.08,27.46
AGO,18,16,75.15,8.05,0.52,7.59,30.67,2.55,255.67,28.15
AGO,18,17,74.27,8.09,0.53,8.18,34.97,3.03,245.69,28.13
AGO,18,18,62.13,8.24,0.65,13.94,72.25,3.55,190.44,26.57
AGO,18,19,47.36,8.49,0.73,22.63,165.41,3.36,182.14,24.68
AGO,18,20,59.2,8.56,0.55,16.2,102.88,3.28,302.07,23.26
AGO,18,21,62.89,8.02,0.54,14.01,40.74,2.12,276.85,21.35
AGO,18,22,61.69,7.67,0.46,10.96,31.43,2.99,298.12,20.34
AGO,18,23,54.47,9.79,0.52,16.62,24.27,1.94,143.68,20.28
AGO,19,0,47.4,12.79,0.51,17.17,30.16,2.13,167.42,19.83
AGO,19,1,37.98,11.58,0.47,20.66,35.39,1.22,317.41,19.19
AGO,19,2,29.94,10.55,0.47,26.02,41.09,1.68,310.31,18.69
AGO,19,3,27.05,10.56,0.46,27.17,31.83,1.01,289.11,18.28
AGO,19,4,15.63,10.07,0.49,35.76,35.41,1.11,265.21,18.27
AGO,19,5,15.47,10.54,0.49,31.94,41.26,1.4,276.14,18.17
AGO,19,6,15.05,10.02,0.65,30.19,82.72,1.12,212.95,17.76
AGO,19,7,16.45,10.52,1.11,34.29,120.27,0.94,199.57,18.55
AGO,19,8,26.16,10.58,0.93,27.9,51.29,1.16,239.14,20.16
AGO,19,9,40.47,8.98,0.6,15.63,44.36,1.75,272.68,21.47
AGO,19,10,51.49,8.96,0.52,11.07,36.99,1.81,281.67,22.71
AGO,19,11,59.62,8.94,0.52,8.22,42.15,1.8,267.72,24.17
AGO,19,12,67.29,8.42,0.63,8.33,167.49,1.84,263.93,25.44
AGO,19,13,73.14,8.36,0.96,8.49,26.89,1.68,223.01,26.52
AGO,19,14,74.17,8.27,0.99,10.02,27.77,1.85,226.86,27.47
AGO,19,15,78.32,8.14,0.9,8.35,42.56,2.33,289.24,27.62
AGO,19,16,80.78,8.26,0.91,10.56,33.44,2.74,302.94,28.35
AGO,19,17,86.33,8.46,0.93,8.9,43.79,2.43,342.16,28.2
AGO,19,18,71.17,8.33,1.02,12.53,78.1,3.38,199.15,27.16
AGO,19,19,61.25,8.11,0.99,12.26,212.29,5.19,219.74,21.88
AGO,19,20,56.93,8.19,0.94,15.14,39.64,1.92,248.48,21.46
AGO,19,21,47.48,8.61,1.09,22.29,25.64,1.48,82.4,21.71
AGO,19,22,23.41,9.25,1.23,40.35,59.98,1.6,106.22,21.4
AGO,19,23,16.91,12.5,1.13,48.99,76.6,1.03,111.54,20.9
AGO,20,0,17.85,11.58,1.1,45.18,63.52,1.34,99.67,20.61
AGO,20,1,16.31,9.22,0.95,35.02,71,0.97,290.87,19.31
AGO,20,2,15.24,10.52,0.91,36.92,51.98,1.86,111.65,19
AGO,20,3,16.42,9.99,0.91,33.92,42.65,1.85,125.89,19.03
AGO,20,4,19.34,9.96,0.91,32.19,50.63,1.19,178.92,19.33
AGO,20,5,15.06,9.31,0.94,30.84,48.52,1.1,232.38,19.04
AGO,20,6,15.46,9.14,1.06,28.2,56.3,1.03,316.46,18.98
AGO,20,7,15.36,9.38,1.51,26.6,69.73,1.01,153.59,18.69
AGO,20,8,16.63,10.27,1.64,38.52,117.22,1.35,93.19,19.59
AGO,20,9,24.65,12.87,1.44,38.31,104.52,1.35,131.7,21.75
AGO,20,10,43.18,11.75,1.11,22.04,98.19,1.46,206.37,23.95
AGO,20,11,50.9,10.38,1.2,21.2,106.92,1.55,207.79,25.15
AGO,20,12,70.37,9.74,1.03,14.77,53.5,1.92,218.94,26.38
AGO,20,13,84.41,9.18,0.95,10.57,39.98,1.72,287.17,27.15
AGO,20,14,80.59,8.53,1,9.94,48.54,1.79,186.12,28.39
AGO,20,15,76,7.87,0.97,8.58,27.01,2.1,179,28.88
AGO,20,16,54.42,7.9,0.97,8.25,41.81,2.23,240.05,29.27
AGO,20,17,14.65,7.76,0.88,5.88,97.24,2.44,257.12,29.58
AGO,20,18,14.62,8.26,0.98,12.38,592.74,3.11,294.95,27.99
AGO,20,19,14.88,8.15,0.96,12.59,243.08,4.2,257.26,25.05
AGO,20,20,14.79,8.15,0.9,12.86,102.2,2.69,269.72,22.22
AGO,20,21,37.5,9.91,1.14,28.91,72.05,2.63,109.47,21.95
AGO,20,22,36.21,17.76,1.09,29.76,71.8,2.59,65.03,21.26
AGO,20,23,51.7,13.98,0.91,14.84,41.25,2.23,80.16,20.91
AGO,21,0,41.01,11.28,0.87,24.56,40.69,3.38,112.04,19.15
AGO,21,1,35.78,10.71,0.87,22.56,68.86,2.93,112.94,18.92
AGO,21,2,36.39,9.42,0.88,19.63,207.26,3.33,89.35,19.02
AGO,21,3,29.78,9.06,0.89,25.17,35.04,3.03,91.87,18.58
AGO,21,4,36.65,9.11,0.88,17.94,129.43,2.57,84.48,18.23
AGO,21,5,41.3,8.81,0.87,14.61,82.09,2.56,97.27,18.05
AGO,21,6,29.14,8.48,1.04,23.78,90.64,2.05,98.87,18.15
AGO,21,7,19.25,8.65,1.45,31.31,31.24,1.64,91.95,18.3
AGO,21,8,24.87,8.6,1.48,28.82,41.4,2.18,98.52,19.01
AGO,21,9,27.09,10.16,1.43,33.29,69.76,2.66,101.63,19.82
AGO,21,10,43.8,11.86,1.21,22.9,80.56,1.97,95.25,21.58
AGO,21,11,57.66,11.54,1.03,18.09,116.2,1.49,232.82,24.31
AGO,21,12,71.57,9.68,0.99,12.12,63.03,2.13,294.49,25.09
AGO,21,13,82.68,9.35,0.94,9.26,329.99,2.12,258.42,26.56
AGO,21,14,83.77,8.76,0.96,8.34,45.86,2.18,246.89,27.57
AGO,21,15,84.32,8.61,0.89,6.8,58.74,1.8,258.99,28.55
AGO,21,16,80.98,8.54,0.93,7.67,53.48,2.04,241.75,29.11
AGO,21,17,81.28,9.13,0.92,10.12,51.12,3.5,297.07,27.78
AGO,21,18,63.58,9.16,1.12,17.73,67.46,3.41,196.69,24.32
AGO,21,19,54.31,16.67,1.2,26.67,68.86,2.79,79.53,24.31
AGO,21,20,51.26,10.78,1.07,14.95,74.15,2.3,196.54,20.34
AGO,21,21,45.91,11.87,1.28,22.94,44.56,2.63,140.5,18.79
AGO,21,22,51.56,9.78,1.04,14.27,39.61,2.96,124.57,18.19
AGO,21,23,52.15,9.31,0.94,11.55,31.45,2.31,111.09,17.97
AGO,22,0,45.23,8.42,0.9,21.81,30.89,2.08,111.64,17.8
AGO,22,1,55.37,7.19,0.84,9.63,38.9,2.33,152.01,17.8
AGO,22,2,50.27,5.32,0.81,8.49,33.2,1.93,163.62,17.65
AGO,22,3,57.91,3.08,0.79,8.52,34.91,1.09,114.89,17.56
AGO,22,4,48.37,2.79,0.8,10.7,30.32,1.19,81.68,17.78
AGO,22,5,28.07,NA,0.85,21.74,35.21,1.01,270.51,17.85
AGO,22,6,29.68,8.64,0.93,22.21,51.3,1.14,297.02,17.88
AGO,22,7,30.67,9.73,1.13,25.56,53.74,1.29,62.87,18.03
AGO,22,8,20.29,10.31,1.41,29.64,51.94,0.99,157.25,18.15
AGO,22,9,26.47,11.56,1.49,30.38,59.5,1.03,179.66,19.27
AGO,22,10,53.15,10.03,1.2,20.26,70.91,1.09,240.97,21.39
AGO,22,11,64.3,9.45,1.03,14.03,54.85,1.24,274.98,22.26
AGO,22,12,74.35,8.99,1.02,10.78,50.95,1.5,212.23,23.93
AGO,22,13,78.62,10.56,1.14,13.54,47.28,1.72,194.88,24.21
AGO,22,14,84.91,11.55,1,11.19,48.06,1.93,209.81,25.34
AGO,22,15,83.41,10.38,1.04,12.16,52.64,1.85,170.33,26.3
AGO,22,16,78.39,9.17,1,11.63,53.69,1.94,208.68,26.23
AGO,22,17,71.71,8.48,1.04,12.12,48.65,2.24,160.09,26.75
AGO,22,18,66.54,8.5,1.02,12.6,45.98,2.66,181.93,26.24
AGO,22,19,52.79,8.53,1.04,14.55,43.66,3.28,224.99,24.41
AGO,22,20,38.8,8.61,1.25,23.36,51.63,2.32,209.33,22.84
AGO,22,21,31.77,8.87,1.3,26.01,57.92,2.23,180.13,22.2
AGO,22,22,36.48,8.72,1.11,19.12,87.02,1.33,200.63,21.6
AGO,22,23,39.57,8.63,0.91,14.63,48.7,2.03,273.56,20.75
AGO,23,0,52.98,8.27,0.88,12.46,45.87,2.18,310.46,19.86
AGO,23,1,45.92,9.35,0.88,13.43,33.12,1.4,55.41,20.04
AGO,23,2,50.02,10,0.85,11.17,30.21,2.57,93.99,19.79
AGO,23,3,49.5,8.68,0.84,11.29,37.83,1.84,86.63,19.49
AGO,23,4,39.09,8.81,0.86,14.14,39.92,1.22,317.02,19.33
AGO,23,5,39.9,9.08,0.83,12.99,38,1.31,297,18.76
AGO,23,6,32.1,8.74,0.88,16.79,32.82,1.23,265.7,18.49
AGO,23,7,29.99,8.58,1.1,22.13,41.19,1.61,96.28,18.52
AGO,23,8,33.29,8.41,1.1,21.21,46.83,1.73,85.42,18.84
AGO,23,9,38.45,9.11,1.26,18.52,49.01,2.31,92.69,19.83
AGO,23,10,48.59,11.87,1.24,19.57,62.93,2.04,111.86,22.11
AGO,23,11,61.89,10.77,1.25,16.94,77.29,2.43,105.01,24.22
AGO,23,12,73.4,10.37,1.18,15.64,77.9,2.51,100.2,25.19
AGO,23,13,79.56,9.76,1.07,13.37,67.02,2.46,95.84,26.21
AGO,23,14,81.75,9.84,1.08,13.13,61.01,2.34,100.19,27.25
AGO,23,15,73.84,13.78,1.03,12.97,61.55,3.8,73.33,27.05
AGO,23,16,58.98,32.51,1.15,15.45,65.49,4.1,46.91,24.33
AGO,23,17,58.73,17.06,1.05,18.35,53.66,2.49,82.54,25.22
AGO,23,18,54.56,20.8,1.02,22.68,54.87,1.43,116.5,25.35
AGO,23,19,50.24,11.16,1.04,20.98,55.85,3.16,189.99,23.52
AGO,23,20,55.93,9.52,1.04,19.77,56.25,1.88,91.19,20.32
AGO,23,21,54.61,9.29,1.06,19.82,37.82,2.06,86.39,18.53
AGO,23,22,49.09,10.32,1.01,23.81,40.75,1.01,290.92,18.42
AGO,23,23,19.26,14.83,1,22.11,39.15,2.76,79.07,18.24
AGO,24,0,14.65,10.37,0.83,10.47,41.16,2.62,79.76,17.83
AGO,24,1,14.82,9.46,0.8,8.31,38.14,1.64,81.04,17.55
AGO,24,2,14.69,15.87,0.8,11.67,35.53,2.1,51.52,17.73
AGO,24,3,14.59,22,0.85,12.73,39.66,1.48,175.71,17.65
AGO,24,4,14.74,13.86,0.81,18.06,37.33,1.62,165.77,17.52
AGO,24,5,14.74,10.38,0.89,21.7,40.9,2.03,124.55,17.66
AGO,24,6,14.6,9.51,1.42,25.41,41.75,1.95,113.18,17.55
AGO,24,7,14.8,10.47,1.65,30.14,43.39,1.27,79.49,17.32
AGO,24,8,14.54,10.68,1.79,23.62,66.96,1.96,112.53,18.2
AGO,24,9,14.63,10.95,1.31,15.48,58.37,3.51,87.88,20.39
AGO,24,10,14.67,9.55,1.1,11.67,54.1,4.58,84.49,21.6
AGO,24,11,14.72,9.23,1.1,12.92,60.35,4.07,82.03,22.92
AGO,24,12,19.6,10.14,1.12,14.53,73.33,3.32,76.5,24.28
AGO,24,13,43.92,11.27,1.27,17.41,72.38,3.14,93.9,25.51
AGO,24,14,68.66,9.81,1.17,14.27,71.08,2.95,102.65,26.51
AGO,24,15,66.71,10.2,1.04,13.29,77.24,3.32,89.5,27.43
AGO,24,16,63.63,11.18,1.03,15.21,65.09,3.26,93.4,27.67
AGO,24,17,59.89,16.88,1.08,16.83,68.23,3.23,78.32,28.13
AGO,24,18,56.65,17.22,1.16,18.38,68.51,3.16,70.67,28.49
AGO,24,19,47.56,6.7,0.97,13.67,71.65,5.12,41.29,26.64
AGO,24,20,29.25,136.55,1.2,26.3,59.57,5.57,42.05,24.82
AGO,24,21,27.83,202.38,1.33,24.21,79.98,5.35,57.67,23.63
AGO,24,22,33.77,35.91,0.91,12.65,93.96,4.07,81.39,22.27
AGO,24,23,33.12,11.69,0.81,10.21,58.76,3.6,95.12,21.2
AGO,25,0,28.48,10.51,0.78,16.11,43.56,2.95,116.75,20.36
AGO,25,1,28.77,13.36,0.76,17.45,53.12,2.42,84.31,19.93
AGO,25,2,23.07,19.02,0.73,16.87,50.36,2.96,82.69,19.21
AGO,25,3,33.94,14.91,0.72,10.13,36.7,3.05,87.07,19.06
AGO,25,4,31.04,9.85,0.73,11.23,41.43,2.21,97.82,18.54
AGO,25,5,19.59,10.29,0.84,18.75,48.32,1.55,112.73,17.92
AGO,25,6,15.61,10.81,1.28,21.54,65.63,1.5,103.99,17.65
AGO,25,7,15.39,10.25,1.76,21.92,91.84,0.84,124.48,17.81
AGO,25,8,19.98,10.44,1.72,21.44,116.43,1.52,117.65,19.48
AGO,25,9,34.68,13.97,1.16,17.31,122.74,3.21,78.12,21.48
AGO,25,10,45.06,NA,1.03,12.71,96.83,4.29,79.02,22.9
AGO,25,11,51.77,7.1,0.99,10.85,77.58,4.21,88.89,23.86
AGO,25,12,55.66,10,1.03,12.93,77.13,4.07,77.99,25.41
AGO,25,13,58.21,10.07,1.14,14.51,69.37,3.9,77.14,26.67
AGO,25,14,58.38,10.51,1.05,14.89,71.45,3.77,89.63,27.55
AGO,25,15,60.41,11.07,0.96,12.22,66.1,3.38,80.42,28.44
AGO,25,16,59.52,9,0.96,13.17,57.76,4.34,84.08,28.81
AGO,25,17,54.09,10.72,1.01,14.11,75.67,3.89,77.09,28.74
AGO,25,18,44.24,43.76,1.06,16.05,69.82,5.39,61.63,27.99
AGO,25,19,37.43,29.74,0.99,18.68,91.27,5.92,67.66,25.79
AGO,25,20,45.61,19.35,1.01,19.43,131.39,4.23,72.42,22.97
AGO,25,21,38.34,9.65,1.13,24.53,71.96,2.71,102.41,21.76
AGO,25,22,45.2,9.39,0.95,20.47,67.3,3.49,94.7,21.21
AGO,25,23,36.22,19.11,0.82,23.63,58.34,3.13,100.02,20.62
AGO,26,0,32.75,10.64,0.78,21.96,45.44,3.12,98.39,19.65
AGO,26,1,29.61,10.59,0.76,24.09,41.45,2.93,98.08,19.11
AGO,26,2,38.02,5.52,0.73,11.69,43.21,3.16,101.44,18.76
AGO,26,3,35.76,NA,0.73,12.09,32.26,2.81,100.04,18.27
AGO,26,4,36.94,NA,0.72,10.57,32.66,2.5,103.44,18.01
AGO,26,5,28.78,NA,0.77,16.56,34.46,2.5,105.62,17.77
AGO,26,6,23.84,NA,1.15,19.16,41.85,2.59,92.67,17.33
AGO,26,7,17.56,NA,1.44,25.1,76.15,2.53,94.79,17.06
AGO,26,8,23.46,8.08,1.32,27.75,121.87,2.57,79.04,18.62
AGO,26,9,32.05,17.53,1.16,21.42,96.59,2.52,98.14,20.57
AGO,26,10,43.79,11.84,1.06,16.99,87.47,3.47,83.2,22.34
AGO,26,11,51.22,5.49,0.92,12.27,67.62,4.31,67.15,23.9
AGO,26,12,51.77,26.83,1.04,13.47,66.74,3.64,72.53,24.8
AGO,26,13,55.51,11.32,1.16,14.81,60.54,4.05,87.06,25.49
AGO,26,14,52.94,10.52,1.03,14.06,73.49,3.96,75.26,26.17
AGO,26,15,52.27,11.83,0.96,12.2,75.13,3.9,68.49,26.48
AGO,26,16,51.2,30.33,0.93,11.73,80.86,3.88,73.51,27.52
AGO,26,17,51.01,19.85,0.93,12.7,68.42,4.39,72.39,27.55
AGO,26,18,49.7,21.84,1.03,13.97,83.92,4.35,68.7,27.38
AGO,26,19,46.29,35.95,1,17.67,99.82,4.09,57.83,26.88
AGO,26,20,35.44,52.79,1.17,25.6,91.02,3.36,66.84,25.28
AGO,26,21,32.86,39.07,1.06,22.45,96.55,3.06,70.99,23.82
AGO,26,22,34.77,53.81,1.02,18.66,74.61,3.34,59.14,22.97
AGO,26,23,30.66,58.77,0.94,19.78,57.78,3.51,87.53,21.76
AGO,27,0,30.29,12.67,0.79,17.18,61.58,3.93,95.39,20.32
AGO,27,1,35.91,9.73,0.74,12.43,53.09,3.1,88.92,19.75
AGO,27,2,36.89,10.51,0.74,10.65,32.42,2.74,83.89,19.11
AGO,27,3,38.64,9.04,0.73,8.95,36.19,2.7,89.53,18.44
AGO,27,4,36.7,8.82,0.74,9.79,29.02,2.23,76.19,17.93
AGO,27,5,31.04,10.43,0.79,14.87,42.67,2.05,83.75,17.72
AGO,27,6,20.71,12.97,1.23,23.85,50.31,2.29,103.86,17.24
AGO,27,7,16.26,10.15,1.6,25.99,76.93,1.44,122.87,16.93
AGO,27,8,20.83,11.97,1.53,24.66,135.99,1.83,92.28,18.38
AGO,27,9,34.78,17.2,1.22,19.74,126.02,2.78,93.44,20.37
AGO,27,10,50.98,10.51,1.03,12.53,101.49,3.82,89.83,21.79
AGO,27,11,53.77,14.28,1,13.12,62.96,3.78,84.91,22.76
AGO,27,12,58.23,12.51,1.01,13.16,64.85,3.67,90.35,24.02
AGO,27,13,59.99,13.99,1.11,16.26,68.42,3.12,80.71,24.78
AGO,27,14,64.67,27.66,0.98,11.96,71.56,3.34,54.83,26.03
AGO,27,15,63.34,24.8,0.92,11.84,62.9,3.58,66.91,27.06
AGO,27,16,63.1,14.38,0.84,10.84,64.01,4.51,47.32,27.16
AGO,27,17,59.99,19.95,0.9,11.99,65.27,4.82,62.69,26.95
AGO,27,18,57,31.24,0.99,14.47,61.01,4.63,54.19,26.98
AGO,27,19,50.71,25.99,1.02,19.56,66.57,3.76,65.38,26.31
AGO,27,20,47.59,25.31,0.98,19.64,72.12,4.82,67.39,24.38
AGO,27,21,44.15,66.08,1.09,20.93,80.7,4.37,67.99,22.87
AGO,27,22,41.85,10.5,0.88,18.85,91.75,3.29,89.51,21.55
AGO,27,23,34.71,10.83,0.86,21.03,50.36,2.89,105.16,20.52
AGO,28,0,42.84,9.72,0.75,14.22,56.5,3.93,93.42,19.83
AGO,28,1,42.83,7.78,0.74,13.29,44.78,3.54,91.61,19.21
AGO,28,2,31.48,18.26,0.72,23.47,40.92,3.28,75.6,18.62
AGO,28,3,41.8,12.06,0.71,14.66,37.58,2.11,88.79,18.01
AGO,28,4,47.18,11.33,0.71,12.76,41.2,2.4,73.76,18
AGO,28,5,43.6,28.25,0.79,16.13,51.63,1.68,90.96,17.8
AGO,28,6,21.3,11.91,1.13,29.64,53.67,1.97,95.21,16.56
AGO,28,7,20.61,10.73,1.49,31.64,75.16,2.3,83.67,16.79
AGO,28,8,30.62,10.88,1.37,26.83,105.1,2.14,87.71,18.24
AGO,28,9,49.4,26.34,1.87,19.59,106.55,2.78,70.86,20.37
AGO,28,10,61.35,16.07,NA,15.51,97.55,3.94,67.47,21.93
AGO,28,11,66.95,10.78,NA,12.32,68.89,3.83,86.95,23.12
AGO,28,12,65.73,11.31,0.69,14.16,63.91,3.87,83.71,24.15
AGO,28,13,67.8,9.92,0.87,14.36,68.84,3.6,87.67,25.48
AGO,28,14,71.42,8.82,0.72,12.54,70.52,3.14,88.72,26.18
AGO,28,15,71.91,4.64,0.74,14.58,71.27,2.88,101.6,26.5
AGO,28,16,71.13,4.79,0.73,14.01,79.12,3.1,109.42,27.19
AGO,28,17,67.4,6.36,0.74,15.85,69.87,2.73,96.46,27.66
AGO,28,18,61.7,9.1,0.8,19.28,76.55,3.04,95.37,27.59
AGO,28,19,53.77,10.15,0.96,24.69,86.86,3.26,90.54,26.27
AGO,28,20,40.03,9.8,1,27.21,122.21,3.18,78.61,24.51
AGO,28,21,35.58,10.87,0.89,26.46,107.8,3.19,82.18,23.51
AGO,28,22,31.89,12.26,0.79,26.4,85.15,3,93.41,21.85
AGO,28,23,38.2,9.74,0.63,20.49,79.42,3.07,90.79,20.63
AGO,29,0,41.45,10.43,0.52,17.26,55.87,3.19,101.24,19.68
AGO,29,1,39.85,9.63,0.49,17.41,49.21,2.39,95.6,18.82
AGO,29,2,33.58,8.83,0.47,21.08,50.45,2.66,100.01,18.03
AGO,29,3,39.52,9.56,0.45,14.78,44.21,2.6,92.95,17.14
AGO,29,4,34.58,8.74,0.47,18.15,39.82,2.21,96.38,16.62
AGO,29,5,27.56,8.61,0.5,22.77,42.14,1.99,97.88,16.06
AGO,29,6,27.65,8.87,0.65,22.31,40.8,1.88,107.73,15.7
AGO,29,7,18.04,11.1,0.99,32.04,62.24,1.85,113.55,15.63
AGO,29,8,25.15,12.08,1,28.69,92.34,1.92,86.49,17.14
AGO,29,9,40.83,10.68,0.87,17.12,119.76,3,82.83,19.09
AGO,29,10,54.3,10.89,0.75,14.17,96.36,4.09,84.15,21.19
AGO,29,11,57.69,11.18,0.73,13.37,78.05,3.76,72.42,22.63
AGO,29,12,59.98,11.55,0.78,13.96,76.18,3.62,83.38,24.2
AGO,29,13,64.71,12.1,0.73,13,72.97,3.53,83.68,25.21
AGO,29,14,66.82,12.03,0.74,13.84,70.38,3.23,85.36,26.45
AGO,29,15,66.28,11.84,0.75,13.45,65.52,3.3,102.71,27.47
AGO,29,16,66.64,13.41,0.67,12.97,67.04,2.99,91.29,28.26
AGO,29,17,42.43,12.7,0.65,NA,22.9,2.67,85.96,28.51
AGO,29,18,58.93,13.14,0.72,17.19,17,2.52,89.14,28.68
AGO,29,19,50.81,10.77,0.85,21.83,45.28,2.43,55.98,27.8
AGO,29,20,50.52,11.39,0.66,16.88,67.75,4.26,42.68,25.66
AGO,29,21,41.68,91.33,0.91,21.64,61.56,4.16,63.82,24.54
AGO,29,22,42.6,86.95,0.8,17.47,85.4,4.49,65.61,23.27
AGO,29,23,38.36,20.32,0.64,19.44,83.74,2.68,80.37,21.96
AGO,30,0,41.79,10.77,0.56,15.37,56.32,2.97,105.31,20.2
AGO,30,1,44.93,9.58,0.51,10.93,52.64,3.35,86.48,19.8
AGO,30,2,43.07,9.44,0.49,9.33,39.53,3.35,90.47,19.11
AGO,30,3,40.69,9.39,0.48,10.47,38.24,2.82,89.53,18.53
AGO,30,4,26.59,18.2,0.52,22.17,39.2,2.95,81.85,18.6
AGO,30,5,36.21,12.03,0.49,12.37,46.32,1.95,107.23,17.75
AGO,30,6,27.29,9.83,0.59,18.22,43.52,1.33,112.22,17.42
AGO,30,7,22.95,10.08,0.76,21.64,47.18,1.15,89.13,17.46
AGO,30,8,23.53,13.73,1,23.82,54.15,1.16,219.82,19.43
AGO,30,9,39.12,28.8,0.92,23.85,81.84,1.46,158.51,21.58
AGO,30,10,50.79,8.98,0.75,12.9,83.89,2.83,83.86,23.14
AGO,30,11,56.39,8.28,0.71,9.87,57.38,2.47,96.79,24.33
AGO,30,12,59.68,19.4,0.82,14.29,53.58,2.27,140.87,25.49
AGO,30,13,66.75,32.85,0.69,12.88,57.27,1.97,233.55,26.64
AGO,30,14,70.68,41.19,0.8,14.9,58.2,2.29,191.07,27.35
AGO,30,15,72.14,43.56,0.86,15.58,61.87,1.88,114.36,28.57
AGO,30,16,75.02,33.17,0.75,12.43,60.42,2.04,207.27,28.93
AGO,30,17,64.44,15.59,0.56,7.28,58.74,2.3,67.22,28.64
AGO,30,18,63.91,5.18,0.48,6.13,41.05,2.51,303.26,29.38
AGO,30,19,56.28,NA,0.58,12.12,44.81,2.22,301.51,27.96
AGO,30,20,41.11,4.1,0.81,24.73,51.55,2.11,3.36,26.68
AGO,30,21,33.81,4.79,0.72,21.13,64.99,4.25,85.66,23.83
AGO,30,22,38.62,NA,0.64,16.65,96.29,3.77,92.8,21.94
AGO,30,23,28.21,NA,0.63,23.21,60.3,2.41,106.5,21.35
AGO,31,0,34.56,2.14,0.54,18.04,57.12,1.95,100.15,20.89
AGO,31,1,43.51,NA,0.49,13,48.67,1.84,112.93,20.4
AGO,31,2,27.15,NA,0.49,26.68,41.05,1.7,94.67,19.53
AGO,31,3,19.08,2.89,0.51,35.47,42.02,1.42,102.61,19.25
AGO,31,4,15.99,3.85,0.52,35.63,48.78,1.61,106.58,18.75
AGO,31,5,17.03,1.94,0.61,31.11,50.4,1.58,124.46,18.7
AGO,31,6,15.22,1.95,1.11,32.08,60.96,1.66,124.57,18.07
AGO,31,7,15.26,3.71,1.26,26.78,88.73,2,97.38,17.45
AGO,31,8,18.8,4.21,1.15,20.9,123.36,2.3,99.29,18.26
AGO,31,9,25.67,3.22,1.06,20.42,122.42,2.88,114.11,20.3
AGO,31,10,36.99,7.74,0.92,16.4,104.26,2.85,98.74,21.84
AGO,31,11,49.36,19.27,0.77,16.03,82.85,1.89,131.91,23.66
AGO,31,12,74.58,54.41,0.82,17.58,80.07,1.74,226.4,25.95
AGO,31,13,90.72,36.48,0.74,13.82,81.04,2.32,240.87,26.7
AGO,31,14,96.67,31.3,0.69,11.4,67.27,1.96,253.33,26.98
AGO,31,15,96.38,24.58,0.59,8.35,76.29,2.3,281.28,28.22
AGO,31,16,96.97,29.6,0.74,13.92,66.7,1.86,174.6,28.99
AGO,31,17,93.25,34.3,0.89,19.63,78.51,2.36,169.57,28.98
AGO,31,18,83.89,29.16,0.81,17.87,90.6,2.59,195.39,27.89
AGO,31,19,57.11,17.21,0.69,14.21,81.18,3.34,207.75,25.66
AGO,31,20,53.09,16.46,0.68,15.26,68.44,2.98,255.22,24.27
AGO,31,21,61.21,20.05,0.61,11.4,67.18,3.69,345.48,22.36
AGO,31,22,42.95,60.42,0.78,19.01,66.68,3.89,54.82,21.27
AGO,31,23,33.9,28.98,0.55,21.4,69.4,2.43,76.99,21.3
