DATOS MÓVILES  DE ACUERDO AL ÍNDICE AIRE Y SALUD_NATIVITAS 2023,,,,,,,,
NOTA,LOS DATOS SON PREVALIDADOS ,,,,,,,
,,,,,,,,
MES,DIA,HORA,O3 Horario [ppm],O3 Promedio de 8 hrs. [ppm],SO2 promedio de 24 hrs. [ppm],CO Promedio de 8 hrs. [ppm],PM10 Promedio ponderado  de 12 hrs. [µg/mł],NO2 Horario [ppm]
JULIO,1,0,0.018,NA,0.007,0.81,25,NA
JULIO,1,1,0.019,NA,0.007,0.795,18,0.006
JULIO,1,2,0.017,NA,0.007,0.791,17,0.007
JULIO,1,3,0.013,NA,0.007,0.783,15,0.008
JULIO,1,4,0.008,NA,0.007,0.784,15,0.01
JULIO,1,5,0.007,0.014,0.007,0.785,15,0.01
JULIO,1,6,0.008,0.013,0.007,0.777,16,0.009
JULIO,1,7,0.007,0.012,0.007,0.794,21,0.009
JULIO,1,8,0.011,0.011,0.007,0.819,31,0.01
JULIO,1,9,0.017,0.011,0.007,0.84,35,0.008
JULIO,1,10,0.022,0.012,0.007,0.856,33,0.006
JULIO,1,11,0.029,0.013,0.007,0.865,29,0.005
JULIO,1,12,0.034,0.017,0.007,0.87,27,0.004
JULIO,1,13,0.037,0.02,0.007,0.869,21,0.003
JULIO,1,14,0.036,0.024,0.007,0.861,18,0.003
JULIO,1,15,0.038,0.028,0.007,0.839,14,0.003
JULIO,1,16,0.043,0.032,0.007,0.807,23,0.005
JULIO,1,17,0.041,0.035,0.007,0.791,51,0.005
JULIO,1,18,0.032,0.036,0.007,0.781,52,0.006
JULIO,1,19,0.025,0.036,0.007,0.776,47,0.01
JULIO,1,20,0.027,0.035,0.008,0.792,90,0.008
JULIO,1,21,0.028,0.034,0.008,0.814,101,0.011
JULIO,1,22,0.022,0.032,0.009,0.822,72,0.009
JULIO,1,23,0.017,0.029,0.009,0.836,48,0.011
JULIO,2,0,0.022,0.027,0.009,0.849,35,0.011
JULIO,2,1,0.024,0.025,0.009,0.854,23,0.009
JULIO,2,2,0.024,0.024,0.009,0.857,16,0.008
JULIO,2,3,0.018,0.023,0.009,0.862,16,0.01
JULIO,2,4,0.014,0.021,0.009,0.849,16,0.011
JULIO,2,5,0.011,0.019,0.009,0.84,20,0.012
JULIO,2,6,0.012,0.018,0.009,0.849,25,0.011
JULIO,2,7,0.007,0.017,0.009,0.867,30,0.013
JULIO,2,8,0.013,0.016,0.009,0.872,33,0.01
JULIO,2,9,0.019,0.015,0.009,0.889,33,0.01
JULIO,2,10,0.028,0.015,0.009,0.895,31,0.005
JULIO,2,11,0.035,0.017,0.009,0.899,28,0.005
JULIO,2,12,0.043,0.021,0.009,0.897,31,0.004
JULIO,2,13,0.043,0.025,0.009,0.883,30,0.004
JULIO,2,14,0.045,0.029,0.009,0.868,29,0.003
JULIO,2,15,0.049,0.035,0.009,0.84,25,0.004
JULIO,2,16,0.057,0.04,0.01,0.835,27,0.005
JULIO,2,17,0.063,0.046,0.01,0.82,30,0.005
JULIO,2,18,0.058,0.049,0.01,0.803,36,0.005
JULIO,2,19,0.047,0.051,0.01,0.803,45,0.008
JULIO,2,20,0.045,0.051,0.01,0.804,105,0.007
JULIO,2,21,0.038,0.05,0.009,0.841,89,0.009
JULIO,2,22,0.042,0.05,0.009,0.844,61,0.005
JULIO,2,23,0.033,0.048,0.009,0.846,43,0.006
JULIO,3,0,0.037,0.045,0.009,0.82,29,0.004
JULIO,3,1,0.034,0.042,0.008,0.8,22,0.005
JULIO,3,2,0.031,0.038,0.008,0.802,20,0.005
JULIO,3,3,0.029,0.036,0.009,0.789,18,0.005
JULIO,3,4,0.023,0.033,0.009,0.783,18,0.006
JULIO,3,5,0.022,0.031,0.009,0.748,19,0.006
JULIO,3,6,NA,NA,0.009,0.747,18,0.007
JULIO,3,7,0.011,NA,0.009,0.754,15,0.009
JULIO,3,8,0.015,NA,0.009,0.78,21,0.01
JULIO,3,9,0.022,NA,0.009,0.81,33,0.01
JULIO,3,10,0.032,NA,0.009,0.832,35,0.008
JULIO,3,11,0.039,NA,0.009,0.858,40,0.007
JULIO,3,12,0.046,NA,0.009,0.865,36,0.004
JULIO,3,13,0.054,NA,0.009,0.871,32,0.004
JULIO,3,14,0.059,0.035,0.009,0.875,33,0.004
JULIO,3,15,0.063,0.041,0.009,0.871,27,0.004
JULIO,3,16,0.064,0.048,0.008,0.862,30,0.005
JULIO,3,17,0.066,0.053,0.008,0.843,36,0.005
JULIO,3,18,0.07,0.058,0.008,0.823,42,0.005
JULIO,3,19,0.058,0.06,0.008,0.8,51,0.005
JULIO,3,20,0.047,0.06,0.008,0.8,51,0.007
JULIO,3,21,0.043,0.059,0.01,0.937,57,0.012
JULIO,3,22,0.037,0.056,0.011,0.986,68,0.011
JULIO,3,23,0.032,0.052,0.011,0.992,59,0.008
JULIO,4,0,0.029,0.048,0.011,0.981,47,0.007
JULIO,4,1,0.032,0.043,0.011,0.975,40,0.006
JULIO,4,2,0.037,0.039,0.011,0.969,25,0.005
JULIO,4,3,0.031,0.036,0.011,0.961,21,0.006
JULIO,4,4,0.024,0.033,0.011,0.946,22,0.008
JULIO,4,5,0.024,0.031,0.011,0.798,18,0.008
JULIO,4,6,0.016,0.028,0.011,0.744,17,0.009
JULIO,4,7,0.01,0.025,0.011,0.747,21,0.013
JULIO,4,8,0.015,0.024,0.011,0.781,30,0.012
JULIO,4,9,0.022,0.022,0.011,0.802,34,0.008
JULIO,4,10,0.032,0.022,0.011,0.821,36,0.006
JULIO,4,11,0.044,0.023,0.011,0.837,46,0.005
JULIO,4,12,0.055,0.027,0.011,0.851,50,0.005
JULIO,4,13,0.061,0.032,0.011,0.866,46,0.005
JULIO,4,14,0.068,0.038,0.011,0.871,45,0.005
JULIO,4,15,0.072,0.046,0.011,0.865,44,0.006
JULIO,4,16,0.082,0.055,0.011,0.845,51,0.006
JULIO,4,17,0.073,0.061,0.012,0.831,58,0.005
JULIO,4,18,0.054,0.064,0.016,1.057,65,0.012
JULIO,4,19,0.05,0.064,0.016,1.075,62,0.01
JULIO,4,20,0.049,0.064,0.016,1.081,56,0.008
JULIO,4,21,0.035,0.06,0.014,1.11,55,0.013
JULIO,4,22,0.034,0.056,0.013,1.125,57,0.011
JULIO,4,23,0.035,0.051,0.013,1.137,53,0.011
JULIO,5,0,0.036,0.046,0.013,1.13,43,0.008
JULIO,5,1,0.041,0.042,0.013,1.118,38,0.005
JULIO,5,2,0.044,0.04,0.013,0.869,29,0.004
JULIO,5,3,0.039,0.039,0.013,0.834,22,0.004
JULIO,5,4,0.036,0.037,0.013,0.815,19,0.005
JULIO,5,5,0.036,0.038,0.013,0.771,17,0.005
JULIO,5,6,0.029,0.037,0.013,0.749,21,0.007
JULIO,5,7,0.028,0.036,0.013,0.731,22,0.007
JULIO,5,8,0.026,0.035,0.013,0.743,22,0.008
JULIO,5,9,0.035,0.034,0.013,0.767,21,0.007
JULIO,5,10,0.039,0.034,0.013,0.784,29,0.005
JULIO,5,11,0.042,0.034,0.013,0.801,35,0.005
JULIO,5,12,0.046,0.035,0.013,0.813,42,0.004
JULIO,5,13,0.055,0.038,0.013,0.824,41,0.004
JULIO,5,14,0.064,0.042,0.013,0.834,41,0.004
JULIO,5,15,0.064,0.046,0.013,0.834,31,0.004
JULIO,5,16,0.067,0.051,0.012,0.821,23,0.004
JULIO,5,17,0.07,0.056,0.012,0.805,29,0.004
JULIO,5,18,0.068,0.059,0.008,0.8,39,0.006
JULIO,5,19,0.047,0.06,0.008,0.83,51,0.007
JULIO,5,20,0.033,0.058,0.009,0.875,56,0.014
JULIO,5,21,0.022,0.054,0.009,0.918,65,0.018
JULIO,5,22,0.022,0.049,0.009,0.929,60,0.015
JULIO,5,23,0.016,0.043,0.009,0.925,54,0.011
JULIO,6,0,0.017,0.037,0.009,0.923,50,0.01
JULIO,6,1,0.014,0.03,0.009,0.916,51,0.009
JULIO,6,2,0.015,0.023,0.01,0.904,47,0.008
JULIO,6,3,0.016,0.019,0.01,0.853,40,0.008
JULIO,6,4,0.017,0.017,0.01,0.793,35,0.008
JULIO,6,5,0.018,0.017,0.01,0.734,29,0.006
JULIO,6,6,0.01,0.015,0.01,0.712,26,0.01
JULIO,6,7,0.009,0.014,0.01,0.728,30,0.012
JULIO,6,8,0.012,0.014,0.01,0.756,49,0.01
JULIO,6,9,0.022,0.015,0.01,0.778,59,0.007
JULIO,6,10,0.033,0.017,0.011,0.796,51,0.005
JULIO,6,11,0.041,0.02,0.011,0.812,54,0.004
JULIO,6,12,0.047,0.024,0.011,0.824,111,0.004
JULIO,6,13,0.054,0.029,0.011,0.835,113,0.004
JULIO,6,14,0.056,0.034,0.011,0.842,79,0.004
JULIO,6,15,0.061,0.041,0.011,0.826,56,0.004
JULIO,6,16,0.062,0.047,0.011,0.796,47,0.004
JULIO,6,17,0.065,0.052,0.011,0.776,53,0.004
JULIO,6,18,0.065,0.056,0.011,0.762,63,0.004
JULIO,6,19,0.062,0.059,0.01,0.754,55,0.005
JULIO,6,20,0.043,0.059,0.009,0.759,65,0.009
JULIO,6,21,0.035,0.056,0.009,0.757,68,0.007
JULIO,6,22,0.037,0.054,0.009,0.749,70,0.004
JULIO,6,23,0.036,0.051,0.009,0.739,56,0.004
JULIO,7,0,0.036,0.047,0.009,0.734,42,0.004
JULIO,7,1,0.035,0.044,0.009,0.732,31,0.004
JULIO,7,2,NA,0.04,0.008,0.73,22,0.004
JULIO,7,3,NA,0.037,0.008,0.726,17,0.004
JULIO,7,4,0.028,0.034,0.008,0.712,16,0.006
JULIO,7,5,0.023,0.033,0.008,0.707,15,0.007
JULIO,7,6,0.014,0.029,0.008,0.711,18,0.011
JULIO,7,7,0.016,0.025,0.008,0.726,18,0.01
JULIO,7,8,0.012,0.021,0.008,0.747,23,0.011
JULIO,7,9,0.025,0.02,0.008,0.765,27,0.007
JULIO,7,10,0.033,0.022,0.007,0.775,28,0.003
JULIO,7,11,0.032,0.023,0.007,0.785,59,0.003
JULIO,7,12,0.034,0.024,0.007,0.793,102,0.003
JULIO,7,13,0.035,0.025,0.007,0.796,95,0.002
JULIO,7,14,0.037,0.028,0.007,0.794,59,0.003
JULIO,7,15,0.038,0.031,0.007,0.783,44,0.003
JULIO,7,16,0.036,0.034,0.007,0.763,34,0.003
JULIO,7,17,0.037,0.035,0.007,0.741,29,0.003
JULIO,7,18,0.039,0.036,0.007,0.729,30,0.003
JULIO,7,19,0.039,0.037,0.007,0.72,35,0.004
JULIO,7,20,0.027,0.036,0.007,0.717,44,0.007
JULIO,7,21,0.018,0.034,0.007,0.719,52,0.007
JULIO,7,22,0.016,0.031,0.007,0.725,50,0.008
JULIO,7,23,0.024,0.03,0.007,0.734,46,0.007
JULIO,8,0,0.024,0.028,0.007,0.748,42,0.007
JULIO,8,1,0.026,0.027,0.007,0.758,32,0.006
JULIO,8,2,0.022,0.024,0.007,0.767,30,0.008
JULIO,8,3,0.023,0.022,0.007,0.773,29,0.007
JULIO,8,4,NA,0.022,0.007,0.771,28,0.007
JULIO,8,5,0.019,0.022,0.007,0.77,22,0.008
JULIO,8,6,0.02,0.023,0.007,0.765,22,0.008
JULIO,8,7,0.016,0.021,0.007,0.768,22,0.01
JULIO,8,8,0.012,0.02,0.007,0.773,25,0.01
JULIO,8,9,0.023,0.019,0.007,0.793,30,0.007
JULIO,8,10,0.03,0.02,0.007,0.808,32,0.005
JULIO,8,11,0.038,0.022,0.007,0.816,32,0.004
JULIO,8,12,0.043,0.025,0.007,0.828,33,0.004
JULIO,8,13,0.047,0.029,0.007,0.83,33,0.003
JULIO,8,14,0.047,0.032,0.007,0.839,32,0.004
JULIO,8,15,0.045,0.036,0.007,0.839,34,0.004
JULIO,8,16,0.044,0.039,0.007,0.834,37,0.004
JULIO,8,17,0.041,0.042,0.008,0.826,50,0.008
JULIO,8,18,0.039,0.043,0.008,0.822,47,0.007
JULIO,8,19,0.038,0.043,0.008,0.826,47,0.007
JULIO,8,20,0.035,0.042,0.009,0.83,52,0.007
JULIO,8,21,0.031,0.04,0.009,0.841,74,0.007
JULIO,8,22,0.025,0.037,0.009,0.847,120,0.007
JULIO,8,23,0.026,0.035,0.009,0.849,87,0.006
JULIO,9,0,0.024,0.032,0.009,0.85,61,0.005
JULIO,9,1,0.022,0.03,0.009,0.848,56,0.006
JULIO,9,2,0.023,0.028,0.009,0.847,45,0.005
JULIO,9,3,0.025,0.026,0.009,0.848,30,0.004
JULIO,9,4,0.029,0.026,0.009,0.84,24,0.004
JULIO,9,5,0.028,0.025,0.009,0.831,24,0.004
JULIO,9,6,0.026,0.025,0.009,0.826,17,0.005
JULIO,9,7,0.019,0.024,0.009,0.836,18,0.007
JULIO,9,8,0.019,0.024,0.009,0.86,18,0.007
JULIO,9,9,0.023,0.024,0.009,0.887,22,0.007
JULIO,9,10,0.029,0.025,0.009,0.9,22,0.005
JULIO,9,11,0.037,0.026,0.009,0.905,25,0.004
JULIO,9,12,0.041,0.028,0.009,0.915,22,0.003
JULIO,9,13,0.043,0.03,0.009,0.923,25,0.004
JULIO,9,14,0.048,0.032,0.009,0.929,27,0.004
JULIO,9,15,0.05,0.036,0.009,0.92,24,0.004
JULIO,9,16,0.054,0.041,0.009,0.896,27,0.004
JULIO,9,17,0.057,0.045,0.008,0.868,28,0.004
JULIO,9,18,0.06,0.049,0.008,0.848,29,0.004
JULIO,9,19,0.059,0.051,0.008,0.838,30,0.004
JULIO,9,20,0.049,0.052,0.008,0.865,37,0.009
JULIO,9,21,0.029,0.051,0.008,0.916,52,0.017
JULIO,9,22,0.033,0.049,0.009,0.903,51,0.004
JULIO,9,23,0.03,0.046,0.009,0.895,42,0.005
JULIO,10,0,0.032,0.044,0.009,0.887,28,0.005
JULIO,10,1,0.026,0.04,0.009,0.896,25,0.008
JULIO,10,2,0.019,0.035,0.009,0.9,26,0.01
JULIO,10,3,NA,0.031,0.009,0.896,23,0.009
JULIO,10,4,0.012,0.026,0.009,0.85,25,0.011
JULIO,10,5,0.016,0.024,0.009,0.785,27,0.008
JULIO,10,6,0.015,0.022,0.009,0.786,27,0.008
JULIO,10,7,0.007,0.018,0.009,0.801,26,0.01
JULIO,10,8,0.011,0.015,0.009,0.829,26,0.008
JULIO,10,9,0.02,0.014,0.009,0.829,27,0.006
JULIO,10,10,0.028,0.016,0.009,0.835,31,0.004
JULIO,10,11,0.034,0.018,0.01,0.84,36,0.004
JULIO,10,12,0.041,0.022,0.01,0.849,34,0.003
JULIO,10,13,0.048,0.025,0.01,0.856,36,0.004
JULIO,10,14,0.053,0.03,0.01,0.862,40,0.005
JULIO,10,15,0.055,0.036,0.01,0.849,41,0.004
JULIO,10,16,0.055,0.042,0.01,0.824,36,0.003
JULIO,10,17,0.053,0.046,0.01,0.803,38,0.003
JULIO,10,18,0.056,0.049,0.01,0.792,43,0.004
JULIO,10,19,0.046,0.051,0.01,0.784,68,0.005
JULIO,10,20,0.04,0.051,0.01,0.782,107,0.007
JULIO,10,21,0.034,0.049,0.01,0.783,84,0.008
JULIO,10,22,0.027,0.046,0.009,0.785,54,0.009
JULIO,10,23,0.025,0.042,0.01,0.802,40,0.01
JULIO,11,0,0.025,0.038,0.01,0.802,26,0.009
JULIO,11,1,0.025,0.035,0.009,0.804,21,0.007
JULIO,11,2,0.028,0.031,0.01,0.801,20,0.008
JULIO,11,3,0.032,0.03,0.01,0.797,13,0.004
JULIO,11,4,0.027,0.028,0.009,0.793,10,0.005
JULIO,11,5,0.025,0.027,0.009,0.786,8,0.006
JULIO,11,6,0.023,0.026,0.009,0.78,8,0.007
JULIO,11,7,NA,0.027,0.009,0.776,NA,0.008
JULIO,11,8,0.024,0.026,0.009,0.804,NA,0.009
JULIO,11,9,0.033,0.028,0.009,0.821,11,0.005
JULIO,11,10,0.034,0.028,0.01,0.84,11,0.006
JULIO,11,11,0.041,0.03,0.01,0.855,12,0.004
JULIO,11,12,0.045,0.032,0.01,0.865,13,0.003
JULIO,11,13,0.049,0.036,0.01,0.873,12,0.004
JULIO,11,14,0.049,0.039,0.01,0.878,14,0.004
JULIO,11,15,0.049,0.04,0.01,0.863,15,0.004
JULIO,11,16,0.049,0.044,0.01,0.835,22,0.004
JULIO,11,17,0.047,0.045,0.01,0.818,23,0.005
JULIO,11,18,0.043,0.046,0.01,0.799,25,0.004
JULIO,11,19,0.049,0.047,0.011,0.802,27,0.005
JULIO,11,20,0.042,0.047,0.011,0.821,36,0.009
JULIO,11,21,0.028,0.044,0.011,0.846,50,0.014
JULIO,11,22,0.039,0.043,0.011,0.84,58,0.005
JULIO,11,23,0.033,0.041,0.011,0.851,38,0.008
JULIO,12,0,0.032,0.039,0.011,0.858,28,0.007
JULIO,12,1,0.028,0.037,0.011,0.862,33,0.008
JULIO,12,2,0.026,0.035,0.011,0.868,23,0.006
JULIO,12,3,0.017,0.031,0.011,0.859,17,0.009
JULIO,12,4,0.02,0.028,0.01,0.834,14,0.008
JULIO,12,5,0.02,0.027,0.01,0.806,14,0.007
JULIO,12,6,0.016,0.024,0.01,0.815,15,0.009
JULIO,12,7,NA,NA,0.01,0.837,20,0.015
JULIO,12,8,0.007,NA,0.01,0.918,28,0.016
JULIO,12,9,0.024,NA,0.01,0.977,33,0.012
JULIO,12,10,0.036,NA,0.01,0.993,31,0.006
JULIO,12,11,0.047,NA,0.01,1.005,27,0.005
JULIO,12,12,0.067,NA,0.01,1.063,30,0.01
JULIO,12,13,0.075,NA,0.011,1.106,35,0.007
JULIO,12,14,0.068,NA,0.011,1.13,37,0.006
JULIO,12,15,0.079,0.051,0.012,1.145,35,0.006
JULIO,12,16,0.073,0.059,0.012,1.084,42,0.006
JULIO,12,17,0.057,0.063,0.012,1.025,38,0.004
JULIO,12,18,0.059,0.066,0.012,1.007,35,0.004
JULIO,12,19,0.058,0.067,0.011,0.993,36,0.005
JULIO,12,20,0.046,0.064,0.011,0.949,44,0.011
JULIO,12,21,0.032,0.059,0.011,0.951,55,0.019
JULIO,12,22,0.028,0.054,0.011,0.928,55,0.012
JULIO,12,23,0.027,0.047,0.011,0.889,49,0.011
JULIO,13,0,0.029,0.042,0.011,0.867,43,0.01
JULIO,13,1,0.026,0.038,0.011,0.862,29,0.01
JULIO,13,2,0.019,0.033,0.011,0.864,28,0.013
JULIO,13,3,0.017,0.028,0.011,0.866,27,0.013
JULIO,13,4,0.009,0.023,0.011,0.857,31,0.016
JULIO,13,5,0.005,0.02,0.011,0.827,38,0.017
JULIO,13,6,0.004,0.017,0.011,0.826,42,0.016
JULIO,13,7,0.005,0.014,0.011,0.834,39,0.014
JULIO,13,8,0.008,0.012,0.011,0.864,45,0.014
JULIO,13,9,0.025,0.011,0.011,0.88,45,0.007
JULIO,13,10,0.036,0.014,0.011,0.886,39,0.004
JULIO,13,11,0.047,0.017,0.011,0.891,37,0.004
JULIO,13,12,0.056,0.023,0.011,0.899,42,0.008
JULIO,13,13,0.072,0.032,0.012,0.946,52,0.008
JULIO,13,14,0.064,0.039,0.013,0.983,48,0.006
JULIO,13,15,0.081,0.049,0.013,1.008,50,0.008
JULIO,13,16,0.068,0.056,0.013,0.991,53,0.006
JULIO,13,17,0.062,0.061,0.014,0.98,45,0.004
JULIO,13,18,0.063,0.064,0.014,0.981,39,0.005
JULIO,13,19,0.06,0.066,0.014,0.979,43,0.005
JULIO,13,20,0.032,0.063,0.015,0.976,56,0.013
JULIO,13,21,0.029,0.057,0.015,0.925,49,0.013
JULIO,13,22,0.031,0.053,0.015,0.884,44,0.011
JULIO,13,23,0.025,0.046,0.015,0.839,42,0.009
JULIO,14,0,0.027,0.041,0.015,0.814,40,0.006
JULIO,14,1,0.024,0.036,0.015,0.802,36,0.006
JULIO,14,2,0.015,0.03,0.015,0.785,31,0.01
JULIO,14,3,0.017,0.025,0.015,0.77,28,0.008
JULIO,14,4,0.015,0.023,0.015,0.755,30,0.009
JULIO,14,5,0.01,0.02,0.015,0.741,37,0.011
JULIO,14,6,0.003,0.017,0.015,0.735,39,0.013
JULIO,14,7,0.008,0.015,0.015,0.75,39,0.016
JULIO,14,8,0.013,0.013,0.015,0.784,41,0.015
JULIO,14,9,0.034,0.014,0.015,0.804,34,0.007
JULIO,14,10,NA,0.014,0.015,0.822,32,0.006
JULIO,14,11,NA,0.014,0.015,0.834,33,0.005
JULIO,14,12,NA,NA,0.015,0.841,32,0.004
JULIO,14,13,NA,NA,0.013,0.869,35,0.006
JULIO,14,14,NA,NA,0.014,0.929,46,0.008
JULIO,14,15,NA,NA,0.013,0.956,71,0.008
JULIO,14,16,NA,NA,0.013,0.936,71,0.005
JULIO,14,17,NA,NA,0.013,0.918,53,0.004
JULIO,14,18,0.061,NA,0.012,0.898,45,0.003
JULIO,14,19,0.054,NA,0.012,0.884,52,0.005
JULIO,14,20,0.051,NA,0.013,0.913,63,0.008
JULIO,14,21,0.049,NA,0.013,0.91,68,0.007
JULIO,14,22,0.043,NA,0.013,0.869,43,0.009
JULIO,14,23,0.034,0.049,0.014,0.866,34,0.012
JULIO,15,0,0.023,0.045,0.014,0.88,36,0.015
JULIO,15,1,0.02,0.042,0.014,0.903,39,0.016
JULIO,15,2,0.024,0.037,0.014,0.921,35,0.011
JULIO,15,3,0.012,0.032,0.014,0.942,27,0.017
JULIO,15,4,0.006,0.026,0.014,0.924,26,0.019
JULIO,15,5,0.005,0.021,0.015,0.912,26,0.019
JULIO,15,6,0.006,0.016,0.015,0.918,31,0.018
JULIO,15,7,0.011,0.013,0.015,0.95,51,0.016
JULIO,15,8,0.011,0.012,0.015,0.993,61,0.016
JULIO,15,9,0.019,0.012,0.015,1.021,60,0.015
JULIO,15,10,0.027,0.012,0.015,1.033,59,0.009
JULIO,15,11,0.036,0.015,0.015,1.039,52,0.005
JULIO,15,12,0.04,0.019,0.015,1.04,45,0.004
JULIO,15,13,0.044,0.024,0.015,1.037,38,0.004
JULIO,15,14,0.048,0.03,0.014,1.019,34,0.004
JULIO,15,15,0.05,0.034,0.013,0.953,37,0.004
JULIO,15,16,0.055,0.04,0.013,0.897,32,0.004
JULIO,15,17,0.051,0.044,0.014,0.895,34,0.006
JULIO,15,18,0.051,0.047,0.014,0.881,35,0.006
JULIO,15,19,0.053,0.049,0.014,0.868,38,0.005
JULIO,15,20,0.04,0.049,0.013,0.9,41,0.009
JULIO,15,21,0.032,0.047,0.014,0.909,42,0.008
JULIO,15,22,0.029,0.045,0.014,0.902,46,0.006
JULIO,15,23,0.02,0.041,0.014,0.908,57,0.01
JULIO,16,0,0.018,0.037,0.015,0.91,62,0.01
JULIO,16,1,0.022,0.033,0.014,0.865,61,0.007
JULIO,16,2,0.017,0.029,0.014,0.855,56,0.006
JULIO,16,3,0.019,0.025,0.015,0.847,52,0.007
JULIO,16,4,0.017,0.022,0.015,0.797,49,0.006
JULIO,16,5,0.011,0.019,0.015,0.776,45,0.004
JULIO,16,6,0.022,0.018,0.015,0.774,44,0.005
JULIO,16,7,0.017,0.018,0.015,0.772,45,0.008
JULIO,16,8,0.02,0.018,0.015,0.781,49,0.008
JULIO,16,9,0.029,0.019,0.015,0.794,50,0.004
JULIO,16,10,0.033,0.021,0.015,0.811,50,0.004
JULIO,16,11,0.039,0.024,0.014,0.827,52,0.005
JULIO,16,12,0.045,0.027,0.014,0.841,82,0.004
JULIO,16,13,0.049,0.032,0.014,0.854,168,0.004
JULIO,16,14,0.052,0.035,0.014,0.857,130,0.004
JULIO,16,15,0.052,0.04,0.014,0.848,80,0.004
JULIO,16,16,0.051,0.044,0.014,0.832,52,0.003
JULIO,16,17,0.051,0.046,0.013,0.815,40,0.003
JULIO,16,18,0.049,0.048,0.013,0.797,38,0.004
JULIO,16,19,0.044,0.049,0.013,0.779,44,0.004
JULIO,16,20,0.03,0.047,0.012,0.767,47,0.006
JULIO,16,21,0.025,0.044,0.011,0.758,50,0.005
JULIO,16,22,0.022,0.04,0.011,0.753,52,0.005
JULIO,16,23,0.021,0.037,0.011,0.751,52,0.004
JULIO,17,0,0.022,0.033,0.01,0.745,48,0.004
JULIO,17,1,0.022,0.029,0.01,0.742,36,0.004
JULIO,17,2,0.021,0.026,0.01,0.739,30,0.004
JULIO,17,3,0.017,0.023,0.009,0.735,28,0.005
JULIO,17,4,0.017,0.021,0.009,0.732,29,0.005
JULIO,17,5,0.016,0.02,0.009,0.725,27,0.006
JULIO,17,6,0.016,0.019,0.009,0.726,23,0.006
JULIO,17,7,0.014,0.018,0.009,0.743,25,0.007
JULIO,17,8,0.018,0.018,0.009,0.768,29,0.006
JULIO,17,9,0.026,0.018,0.009,0.788,27,0.005
JULIO,17,10,0.027,0.019,0.008,0.806,32,0.004
JULIO,17,11,0.031,0.021,0.008,0.823,33,0.005
JULIO,17,12,0.037,0.023,0.008,0.836,35,0.004
JULIO,17,13,0.044,0.027,0.008,0.844,44,0.004
JULIO,17,14,0.047,0.031,0.008,0.848,42,0.004
JULIO,17,15,0.046,0.035,0.008,0.835,41,0.005
JULIO,17,16,0.045,0.038,0.009,0.818,47,0.005
JULIO,17,17,0.048,0.041,0.009,0.802,51,0.005
JULIO,17,18,0.038,0.042,0.01,0.794,55,0.008
JULIO,17,19,0.032,0.042,0.013,0.897,132,0.007
JULIO,17,20,0.026,0.041,0.015,0.917,174,0.005
JULIO,17,21,0.027,0.039,0.015,0.911,145,0.004
JULIO,17,22,0.031,0.037,0.015,0.905,93,0.003
JULIO,17,23,0.038,0.036,0.014,0.898,56,0.003
JULIO,18,0,0.038,0.035,0.014,0.892,37,0.004
JULIO,18,1,0.033,0.033,0.014,0.893,26,0.005
JULIO,18,2,0.021,0.031,0.015,0.891,24,0.01
JULIO,18,3,0.015,0.029,0.015,0.774,27,0.009
JULIO,18,4,0.017,0.027,0.015,0.741,33,0.006
JULIO,18,5,0.015,0.026,0.015,0.743,33,0.009
JULIO,18,6,0.013,0.024,0.015,0.752,37,0.011
JULIO,18,7,0.008,0.02,0.016,0.775,43,0.011
JULIO,18,8,0.013,0.017,0.016,0.807,55,0.008
JULIO,18,9,0.023,0.016,0.017,0.826,64,0.008
JULIO,18,10,0.03,0.017,0.018,0.836,63,0.006
JULIO,18,11,0.038,0.02,0.018,0.85,55,0.004
JULIO,18,12,0.046,0.023,0.018,0.865,71,0.004
JULIO,18,13,0.051,0.028,0.018,0.876,125,0.004
JULIO,18,14,0.053,0.033,0.018,0.875,114,0.004
JULIO,18,15,0.055,0.039,0.018,0.861,82,0.003
JULIO,18,16,0.058,0.044,0.018,0.836,67,0.003
JULIO,18,17,0.06,0.049,0.018,0.82,55,0.004
JULIO,18,18,0.06,0.053,0.017,0.816,52,0.005
JULIO,18,19,0.059,0.055,0.014,0.81,52,0.005
JULIO,18,20,0.044,0.055,0.012,0.825,64,0.011
JULIO,18,21,0.023,0.052,0.012,0.849,111,0.007
JULIO,18,22,0.018,0.047,0.012,0.851,100,0.006
JULIO,18,23,0.016,0.042,0.012,0.857,82,0.007
JULIO,19,0,0.017,0.037,0.012,0.858,70,0.007
JULIO,19,1,0.016,0.032,0.013,0.857,57,0.008
JULIO,19,2,0.014,0.026,0.013,0.846,49,0.008
JULIO,19,3,0.017,0.021,0.012,0.837,46,0.006
JULIO,19,4,0.015,0.017,0.013,0.807,47,0.008
JULIO,19,5,0.015,0.016,0.013,0.771,47,0.006
JULIO,19,6,0.012,0.015,0.013,0.767,47,0.007
JULIO,19,7,NA,0.015,0.013,0.777,55,0.01
JULIO,19,8,0.015,0.015,0.013,0.79,73,0.008
JULIO,19,9,0.023,0.016,0.012,0.812,72,0.005
JULIO,19,10,0.026,0.018,0.012,0.829,61,0.004
JULIO,19,11,0.03,0.02,0.012,0.849,57,0.005
JULIO,19,12,0.035,0.022,0.012,0.865,92,0.005
JULIO,19,13,0.04,0.026,0.012,0.879,105,0.004
JULIO,19,14,0.043,0.03,0.012,0.882,89,0.004
JULIO,19,15,0.043,0.032,0.012,0.867,105,0.005
JULIO,19,16,0.045,0.036,0.012,0.851,84,0.004
JULIO,19,17,0.045,0.038,0.012,0.827,64,0.004
JULIO,19,18,0.044,0.041,0.012,0.819,54,0.005
JULIO,19,19,0.034,0.041,0.012,0.815,52,0.007
JULIO,19,20,0.026,0.04,0.013,0.812,60,0.006
JULIO,19,21,0.02,0.038,0.012,0.803,67,0.007
JULIO,19,22,0.019,0.034,0.012,0.801,67,0.007
JULIO,19,23,0.016,0.031,0.012,0.796,59,0.008
JULIO,20,0,0.019,0.028,0.012,0.792,50,0.006
JULIO,20,1,0.016,0.024,0.013,0.79,44,0.009
JULIO,20,2,0.018,0.021,0.013,0.779,41,0.008
JULIO,20,3,0.019,0.019,0.014,0.759,44,0.009
JULIO,20,4,0.021,0.019,0.014,0.745,39,0.006
JULIO,20,5,0.019,0.018,0.014,0.738,37,0.006
JULIO,20,6,0.016,0.018,0.015,0.734,41,0.008
JULIO,20,7,0.012,0.018,0.016,0.747,45,0.012
JULIO,20,8,0.015,0.017,0.016,0.777,52,0.011
JULIO,20,9,0.022,0.018,0.018,0.796,56,0.008
JULIO,20,10,0.027,0.019,0.018,0.812,53,0.005
JULIO,20,11,0.034,0.021,0.019,0.83,54,0.005
JULIO,20,12,0.04,0.023,0.019,0.842,50,0.003
JULIO,20,13,0.043,0.026,0.019,0.851,44,0.003
JULIO,20,14,0.046,0.03,0.019,0.863,39,0.004
JULIO,20,15,0.046,0.034,0.019,0.848,34,0.004
JULIO,20,16,0.049,0.038,0.019,0.818,39,0.004
JULIO,20,17,0.046,0.041,0.019,0.799,42,0.004
JULIO,20,18,0.047,0.044,0.019,0.79,45,0.005
JULIO,20,19,0.035,0.044,0.019,0.801,55,0.007
JULIO,20,20,0.026,0.042,0.019,0.797,64,0.006
JULIO,20,21,0.023,0.04,0.019,0.79,65,0.005
JULIO,20,22,0.021,0.037,0.02,0.777,65,0.005
JULIO,20,23,0.021,0.034,0.02,0.777,64,0.005
JULIO,21,0,0.019,0.03,0.02,0.777,54,0.006
JULIO,21,1,0.019,0.026,0.02,0.777,44,0.006
JULIO,21,2,0.02,0.023,0.02,0.77,37,0.005
JULIO,21,3,0.019,0.021,0.019,0.744,32,0.005
JULIO,21,4,0.015,0.02,0.018,0.738,33,0.006
JULIO,21,5,0.019,0.019,0.018,0.738,32,0.006
JULIO,21,6,0.014,0.018,0.017,0.74,33,0.006
JULIO,21,7,0.01,0.017,0.017,0.762,35,0.009
JULIO,21,8,0.014,0.016,0.016,0.795,56,0.008
JULIO,21,9,0.02,0.017,0.015,0.821,68,0.007
JULIO,21,10,0.032,0.018,0.014,0.839,62,0.004
JULIO,21,11,0.038,0.02,0.013,0.855,49,0.004
JULIO,21,12,0.047,0.024,0.013,0.87,77,0.004
JULIO,21,13,0.056,0.029,0.014,0.9,90,0.006
JULIO,21,14,0.065,0.035,0.015,0.945,85,0.006
JULIO,21,15,0.069,0.043,0.016,0.957,75,0.006
JULIO,21,16,0.052,0.048,0.017,0.932,58,0.005
JULIO,21,17,0.051,0.051,0.017,0.922,79,0.004
JULIO,21,18,0.052,0.054,0.017,0.912,97,0.005
JULIO,21,19,0.054,0.056,0.017,0.911,85,0.005
JULIO,21,20,0.045,0.055,0.017,0.929,94,0.009
JULIO,21,21,0.03,0.052,0.016,0.927,92,0.009
JULIO,21,22,0.03,0.048,0.016,0.888,63,0.008
JULIO,21,23,0.027,0.043,0.015,0.869,48,0.008
JULIO,22,0,0.019,0.039,0.015,0.894,36,0.01
JULIO,22,1,0.016,0.034,0.014,0.898,29,0.012
JULIO,22,2,0.015,0.03,0.014,0.907,26,0.01
JULIO,22,3,0.019,0.025,0.014,0.915,21,0.014
JULIO,22,4,NA,NA,0.014,0.904,24,0.016
JULIO,22,5,NA,NA,0.014,0.894,21,0.016
JULIO,22,6,0.011,NA,0.014,0.916,28,0.014
JULIO,22,7,0.012,NA,0.014,0.941,32,0.013
JULIO,22,8,0.013,NA,0.014,0.967,39,0.011
JULIO,22,9,0.018,NA,0.013,0.982,37,0.008
JULIO,22,10,0.029,NA,0.014,0.996,41,0.004
JULIO,22,11,0.035,NA,0.014,1,38,0.005
JULIO,22,12,0.041,NA,0.014,1.004,43,0.004
JULIO,22,13,0.042,0.025,0.013,1.001,41,0.004
JULIO,22,14,0.043,0.029,0.012,0.987,36,0.005
JULIO,22,15,0.046,0.033,0.01,0.967,38,0.005
JULIO,22,16,0.043,0.037,0.01,0.928,38,0.005
JULIO,22,17,0.04,0.04,0.01,0.933,39,0.005
JULIO,22,18,0.03,0.04,0.01,0.919,60,0.007
JULIO,22,19,0.027,0.039,0.011,0.923,106,0.007
JULIO,22,20,0.03,0.038,0.011,0.912,94,0.007
JULIO,22,21,0.03,0.036,0.011,0.917,70,0.007
JULIO,22,22,0.023,0.034,0.011,0.936,58,0.011
JULIO,22,23,0.022,0.031,0.011,0.948,50,0.01
JULIO,23,0,0.017,0.027,0.011,0.948,42,0.011
JULIO,23,1,NA,NA,0.011,0.923,37,0.007
JULIO,23,2,0.006,NA,0.011,0.925,32,0.009
JULIO,23,3,0.008,NA,0.011,0.905,37,0.007
JULIO,23,4,0.005,NA,0.011,0.9,32,0.01
JULIO,23,5,0.011,NA,0.011,0.889,26,0.007
JULIO,23,6,0.009,NA,0.011,0.865,24,0.008
JULIO,23,7,0.004,NA,0.011,0.857,25,0.01
JULIO,23,8,0.011,NA,0.011,0.869,31,0.007
JULIO,23,9,0.019,0.009,0.011,0.882,34,0.005
JULIO,23,10,0.028,0.012,0.011,0.891,36,0.004
JULIO,23,11,0.031,0.015,0.011,0.907,34,0.004
JULIO,23,12,0.037,0.019,0.011,0.921,37,0.005
JULIO,23,13,0.04,0.023,0.011,0.933,34,0.004
JULIO,23,14,0.041,0.027,0.011,0.936,31,0.004
JULIO,23,15,0.04,0.031,0.011,0.928,33,0.004
JULIO,23,16,0.036,0.034,0.011,0.912,32,0.006
JULIO,23,17,0.032,0.036,0.012,0.898,38,0.005
JULIO,23,18,0.028,0.036,0.012,0.885,39,0.006
JULIO,23,19,0.025,0.035,0.011,0.877,90,0.006
JULIO,23,20,0.018,0.033,0.011,0.88,129,0.008
JULIO,23,21,0.014,0.029,0.011,0.872,86,0.006
JULIO,23,22,0.022,0.027,0.011,0.861,62,0.004
JULIO,23,23,0.023,0.025,0.012,0.851,48,0.005
JULIO,24,0,0.019,0.022,0.012,0.836,40,0.007
JULIO,24,1,0.018,0.021,0.013,0.826,38,0.008
JULIO,24,2,0.019,0.02,0.013,0.814,35,0.006
JULIO,24,3,0.016,0.019,0.014,0.798,30,0.005
JULIO,24,4,0.019,0.019,0.014,0.776,28,0.004
JULIO,24,5,0.022,0.02,0.014,0.767,26,0.004
JULIO,24,6,0.022,0.02,0.014,0.772,24,0.006
JULIO,24,7,0.017,0.019,0.014,0.791,28,0.007
JULIO,24,8,0.012,0.018,0.014,0.823,37,0.009
JULIO,24,9,0.02,0.018,0.014,0.848,41,0.006
JULIO,24,10,0.025,0.019,0.014,0.869,37,0.004
JULIO,24,11,0.028,0.021,0.014,0.885,33,0.003
JULIO,24,12,0.033,0.022,0.014,0.896,30,0.003
JULIO,24,13,0.037,0.024,0.014,0.908,35,0.004
JULIO,24,14,0.04,0.026,0.014,0.916,44,0.004
JULIO,24,15,0.037,0.029,0.014,0.906,42,0.005
JULIO,24,16,0.033,0.032,0.014,0.888,44,0.005
JULIO,24,17,0.03,0.033,0.014,0.882,41,0.005
JULIO,24,18,0.027,0.033,0.014,0.879,45,0.005
JULIO,24,19,0.023,0.032,0.014,0.881,45,0.005
JULIO,24,20,0.021,0.031,0.014,0.9,47,0.008
JULIO,24,21,0.02,0.029,0.014,0.896,51,0.005
JULIO,24,22,0.022,0.027,0.014,0.888,46,0.005
JULIO,24,23,0.02,0.024,0.014,0.879,42,0.006
JULIO,25,0,0.021,0.023,0.014,0.867,35,0.005
JULIO,25,1,0.023,0.022,0.014,0.852,32,0.004
JULIO,25,2,0.029,0.022,0.013,0.836,25,0.004
JULIO,25,3,0.022,0.022,0.013,0.819,18,0.006
JULIO,25,4,0.023,0.022,0.013,0.788,15,0.005
JULIO,25,5,0.02,0.022,0.014,0.78,13,0.005
JULIO,25,6,0.016,0.022,0.014,0.783,13,0.007
JULIO,25,7,0.013,0.021,0.014,0.802,14,0.009
JULIO,25,8,0.013,0.02,0.014,0.834,30,0.01
JULIO,25,9,0.013,0.019,0.013,0.866,38,0.007
JULIO,25,10,0.018,0.017,0.013,0.899,35,0.006
JULIO,25,11,0.024,0.018,0.014,0.926,35,0.005
JULIO,25,12,0.029,0.018,0.014,0.951,37,0.005
JULIO,25,13,0.033,0.02,0.014,0.973,35,0.006
JULIO,25,14,0.037,0.022,0.015,0.991,39,0.005
JULIO,25,15,0.04,0.026,0.014,0.991,55,0.005
JULIO,25,16,0.035,0.029,0.014,0.969,67,0.003
JULIO,25,17,0.034,0.031,0.013,0.946,90,0.003
JULIO,25,18,0.034,0.033,0.013,0.928,62,0.003
JULIO,25,19,0.028,0.034,0.013,0.931,45,0.006
JULIO,25,20,0.023,0.033,0.012,0.945,38,0.009
JULIO,25,21,0.021,0.031,0.012,0.952,37,0.01
JULIO,25,22,0.018,0.029,0.012,0.953,40,0.01
JULIO,25,23,0.026,0.027,0.012,0.953,35,0.008
JULIO,26,0,0.026,0.026,0.012,0.958,27,0.007
JULIO,26,1,0.033,0.026,0.012,0.962,24,0.005
JULIO,26,2,0.032,0.026,0.011,0.962,19,0.005
JULIO,26,3,0.029,0.026,0.011,0.949,16,0.005
JULIO,26,4,0.027,0.026,0.011,0.927,17,0.006
JULIO,26,5,0.02,0.026,0.011,0.916,17,0.008
JULIO,26,6,0.014,0.026,0.011,0.91,21,0.009
JULIO,26,7,0.011,0.024,0.011,0.914,22,0.009
JULIO,26,8,0.01,0.022,0.011,0.935,30,0.01
JULIO,26,9,0.015,0.02,0.01,0.956,32,0.008
JULIO,26,10,0.022,0.018,0.01,0.97,35,0.006
JULIO,26,11,0.026,0.018,0.01,0.981,39,0.006
JULIO,26,12,0.034,0.019,0.01,0.989,94,0.005
JULIO,26,13,0.041,0.022,0.01,0.992,97,0.004
JULIO,26,14,0.047,0.026,0.01,0.991,66,0.003
JULIO,26,15,0.051,0.031,0.009,0.983,50,0.003
JULIO,26,16,0.046,0.036,0.009,0.977,47,0.006
JULIO,26,17,0.045,0.039,0.009,0.975,48,0.007
JULIO,26,18,0.046,0.042,0.011,0.983,60,0.007
JULIO,26,19,0.04,0.044,0.011,0.996,82,0.008
JULIO,26,20,0.033,0.044,0.012,1.039,61,0.012
JULIO,26,21,0.023,0.041,0.012,1.061,43,0.013
JULIO,26,22,0.032,0.04,0.012,1.063,35,0.006
JULIO,26,23,0.032,0.037,0.012,1.06,26,0.004
JULIO,27,0,0.023,0.034,0.012,1.055,23,0.009
JULIO,27,1,0.015,0.031,0.012,1.042,22,0.01
JULIO,27,2,0.018,0.027,0.011,1.025,17,0.01
JULIO,27,3,0.021,0.025,0.011,1.03,37,0.008
JULIO,27,4,0.011,0.022,0.011,0.999,51,0.012
JULIO,27,5,0.012,0.021,0.011,0.981,35,0.011
JULIO,27,6,0.01,0.018,0.011,0.977,25,0.01
JULIO,27,7,0.005,0.014,0.011,0.99,24,0.012
JULIO,27,8,0.006,0.012,0.011,1.004,28,0.011
JULIO,27,9,0.014,0.012,0.011,1.016,30,0.008
JULIO,27,10,0.027,0.013,0.011,1.022,40,0.005
JULIO,27,11,0.033,0.015,0.011,0.999,45,0.005
JULIO,27,12,0.038,0.018,0.011,0.983,53,0.004
JULIO,27,13,0.044,0.022,0.011,0.973,45,0.004
JULIO,27,14,0.046,0.027,0.012,0.977,40,0.005
JULIO,27,15,0.048,0.032,0.012,0.97,39,0.005
JULIO,27,16,0.047,0.037,0.012,0.948,38,0.004
JULIO,27,17,0.047,0.041,0.013,0.934,38,0.005
JULIO,27,18,0.045,0.043,0.012,0.925,44,0.005
JULIO,27,19,0.039,0.044,0.011,0.922,48,0.006
JULIO,27,20,0.036,0.044,0.01,0.927,75,0.008
JULIO,27,21,0.04,0.043,0.01,0.926,67,0.005
JULIO,27,22,0.029,0.041,0.01,0.929,53,0.009
JULIO,27,23,0.024,0.038,0.01,0.931,41,0.01
JULIO,28,0,0.021,0.035,0.01,0.939,NA,0.01
JULIO,28,1,0.018,0.031,0.01,0.94,31,0.011
JULIO,28,2,0.017,0.028,0.01,0.941,31,0.01
JULIO,28,3,0.014,0.025,0.011,0.941,33,0.01
JULIO,28,4,0.013,0.022,0.011,0.932,33,0.01
JULIO,28,5,0.015,0.019,0.011,0.93,31,0.008
JULIO,28,6,0.013,0.017,0.011,0.922,26,0.008
JULIO,28,7,0.006,0.015,0.011,0.929,33,0.012
JULIO,28,8,0.009,0.013,0.011,0.95,51,0.011
JULIO,28,9,0.022,0.014,0.011,0.964,53,0.007
JULIO,28,10,0.03,0.015,0.011,0.976,45,0.005
JULIO,28,11,0.039,0.018,0.011,0.985,40,0.005
JULIO,28,12,0.047,0.023,0.011,0.992,60,0.004
JULIO,28,13,0.051,0.027,0.011,0.999,50,0.003
JULIO,28,14,0.052,0.032,0.01,1.003,40,0.003
JULIO,28,15,0.053,0.038,0.01,0.988,32,0.003
JULIO,28,16,0.058,0.044,0.009,0.962,31,0.004
JULIO,28,17,0.067,0.05,0.009,0.956,39,0.005
JULIO,28,18,0.071,0.055,0.01,0.943,48,0.005
JULIO,28,19,0.066,0.058,0.01,0.927,53,0.004
JULIO,28,20,0.039,0.057,0.01,0.929,67,0.009
JULIO,28,21,0.03,0.055,0.01,0.929,92,0.007
JULIO,28,22,0.028,0.052,0.011,0.927,77,0.009
JULIO,28,23,0.026,0.048,0.012,0.929,60,0.009
JULIO,29,0,0.024,0.044,0.013,0.923,53,0.011
JULIO,29,1,0.031,0.039,0.013,0.91,41,0.004
JULIO,29,2,0.032,0.035,0.013,0.907,29,0.005
JULIO,29,3,0.029,0.03,0.012,0.909,21,0.005
JULIO,29,4,0.023,0.028,0.012,0.9,17,0.006
JULIO,29,5,0.02,0.027,0.012,0.899,17,0.007
JULIO,29,6,0.016,0.025,0.012,0.903,19,0.008
JULIO,29,7,0.01,0.023,0.012,0.928,24,0.012
JULIO,29,8,0.011,0.021,0.012,0.971,42,0.013
JULIO,29,9,0.017,0.02,0.012,0.996,53,0.008
JULIO,29,10,0.028,0.019,0.012,1.015,58,0.005
JULIO,29,11,0.036,0.02,0.012,1.035,51,0.005
JULIO,29,12,0.045,0.023,0.012,1.046,35,0.004
JULIO,29,13,0.054,0.027,0.012,1.054,31,0.004
JULIO,29,14,0.058,0.032,0.012,1.059,34,0.005
JULIO,29,15,0.057,0.038,0.012,1.037,36,0.004
JULIO,29,16,0.057,0.044,0.012,1.003,32,0.004
JULIO,29,17,0.056,0.049,0.012,0.983,34,0.004
JULIO,29,18,0.055,0.052,0.012,0.973,43,0.005
JULIO,29,19,0.045,0.054,0.012,0.965,62,0.007
JULIO,29,20,0.034,0.052,0.012,0.961,71,0.007
JULIO,29,21,0.024,0.048,0.012,0.966,64,0.007
JULIO,29,22,0.023,0.044,0.012,0.968,51,0.007
JULIO,29,23,0.022,0.039,0.011,0.974,45,0.006
JULIO,30,0,0.018,0.035,0.011,0.974,37,0.006
JULIO,30,1,0.017,0.03,0.011,0.974,37,0.006
JULIO,30,2,0.016,0.025,0.011,0.967,24,0.005
JULIO,30,3,0.015,0.021,0.011,0.957,19,0.005
JULIO,30,4,0.016,0.019,0.011,0.946,20,0.005
JULIO,30,5,0.013,0.017,0.011,0.929,24,0.006
JULIO,30,6,0.014,0.016,0.011,0.916,26,0.007
JULIO,30,7,0.018,0.016,0.011,0.912,30,0.005
JULIO,30,8,0.016,0.015,0.012,0.921,32,0.007
JULIO,30,9,0.022,0.016,0.012,0.93,47,0.005
JULIO,30,10,0.025,0.017,0.012,0.941,46,0.005
JULIO,30,11,0.028,0.019,0.013,0.952,35,0.004
JULIO,30,12,0.032,0.021,0.013,0.966,26,0.004
JULIO,30,13,0.036,0.024,0.013,0.978,23,0.005
JULIO,30,14,0.035,0.027,0.013,0.989,25,0.004
JULIO,30,15,0.032,0.028,0.013,0.987,30,0.005
JULIO,30,16,0.026,0.03,0.015,0.978,43,0.009
JULIO,30,17,0.029,0.031,0.016,0.968,44,0.006
JULIO,30,18,0.027,0.031,0.016,0.96,35,0.004
JULIO,30,19,0.025,0.03,0.016,0.957,30,0.005
JULIO,30,20,0.031,0.03,0.016,0.956,27,0.006
JULIO,30,21,0.032,0.03,0.016,0.947,20,0.005
JULIO,30,22,0.022,0.028,0.016,0.953,21,0.008
JULIO,30,23,0.022,0.027,0.016,0.947,18,0.004
JULIO,31,0,0.02,0.026,0.016,0.94,16,0.004
JULIO,31,1,0.02,0.025,0.015,0.933,20,0.003
JULIO,31,2,0.016,0.023,0.016,0.927,20,0.005
JULIO,31,3,0.015,0.022,0.016,0.916,19,0.005
JULIO,31,4,0.016,0.02,0.016,0.903,18,0.005
JULIO,31,5,0.013,0.018,0.017,0.897,18,0.006
JULIO,31,6,0.011,0.017,0.017,0.881,21,0.007
JULIO,31,7,0.009,0.015,0.017,0.895,22,0.007
JULIO,31,8,0.009,0.013,0.017,0.92,25,0.007
JULIO,31,9,0.017,0.013,0.017,0.936,32,0.005
JULIO,31,10,0.023,0.014,0.017,0.948,28,0.004
JULIO,31,11,0.028,0.016,0.017,0.962,30,0.005
JULIO,31,12,0.036,0.018,0.017,0.976,38,0.004
JULIO,31,13,0.038,0.021,0.017,0.987,66,0.004
JULIO,31,14,0.04,0.025,0.017,0.991,56,0.004
JULIO,31,15,NA,NA,NA,0.989,56,NA
JULIO,31,16,0.043,NA,NA,0.972,37,0.004
JULIO,31,17,0.041,NA,NA,0.961,59,0.006
JULIO,31,18,0.038,NA,NA,0.957,61,0.006
JULIO,31,19,0.034,NA,NA,0.955,57,0.007
JULIO,31,20,0.03,NA,NA,0.95,55,0.005
JULIO,31,21,0.026,NA,NA,0.945,52,0.005
JULIO,31,22,0.025,NA,NA,0.947,43,0.005
JULIO,31,23,0.025,0.033,NA,0.944,37,0.005
