DATOS MÓVILES 2014_DIF,,,,,,,,
,,,,,,,,
Ańo,Mes,Día,Hora,NO2,MPM10,MSO2 24HRS,MO3,MCO
2014,ENE,1,0,NA,47.36304348,16.88565217,9.554285714,0.365462344
2014,ENE,1,1,6.66,47.59043478,16.52434783,8.747142857,0.36345752
2014,ENE,1,2,3.23,48.98043478,16.14826087,8.344285714,0.354309838
2014,ENE,1,3,3.4,50.25086957,15.79086957,8.207142857,0.353733585
2014,ENE,1,4,3.61,50.93173913,15.43434783,8.811428571,0.323157331
2014,ENE,1,5,3.45,51.73826087,15.07608696,9.2,0.304009649
2014,ENE,1,6,2.94,52.66782609,14.44478261,9.745714286,0.246290539
2014,ENE,1,7,5.92,53.42652174,14.00217391,9.464285714,0.241428571
2014,ENE,1,8,9.14,54.43826087,13.59304348,8.56625,0.24875
2014,ENE,1,9,5.12,55.29956522,13.1973913,7.925,0.245
2014,ENE,1,10,0.96,54.61130435,12.82608696,8.13625,0.22625
2014,ENE,1,11,0.42,53.52652174,12.45521739,9.0025,0.20875
2014,ENE,1,12,3.05,52.67652174,12.11565217,10.40375,0.19625
2014,ENE,1,13,3.41,52.2773913,11.75086957,12.20875,0.18375
2014,ENE,1,14,2.29,51.89304348,11.09782609,14.555,0.17125
2014,ENE,1,15,0.2,51.1273913,10.54826087,17.705,0.1525
2014,ENE,1,16,NA,49.81391304,9.994782609,21.0475,0.12125
2014,ENE,1,17,NA,48.48086957,9.317391304,23.895,0.10625
2014,ENE,1,18,NA,46.78608696,8.647826087,25.73625,0.1
2014,ENE,1,19,4.02,46.83043478,8.242173913,25.68875,0.11875
2014,ENE,1,20,8.06,47.24217391,7.373043478,24.475,0.13875
2014,ENE,1,21,12.05,47.8726087,6.457826087,22.31375,0.19
2014,ENE,1,22,6.15,47.15913043,5.896521739,20.02125,0.225
2014,ENE,1,23,0.64,44.95956522,5.414782609,17.475,0.23
2014,ENE,2,0,2.23,43.94,5.37875,14.64375,0.235
2014,ENE,2,1,2.96,42.00583333,5.249166667,11.705,0.23375
2014,ENE,2,2,4.63,40.33708333,5.18125,8.7525,0.2375
2014,ENE,2,3,5.98,38.74,5.127083333,6.89,0.22
2014,ENE,2,4,6.9,37.62583333,5.079583333,5.68375,0.19125
2014,ENE,2,5,7.66,36.46333333,5.052916667,5.185,0.13875
2014,ENE,2,6,8.39,35.60583333,5.037916667,4.30875,0.11625
2014,ENE,2,7,8.22,34.92375,5.02125,3.395,0.18
2014,ENE,2,8,9.7,34.04333333,5.012083333,2.83625,0.34
2014,ENE,2,9,10.02,32.85208333,5.005,2.35375,0.45625
2014,ENE,2,10,10.02,33.31583333,4.98125,2.105,0.53
2014,ENE,2,11,5.19,34.10291667,4.9475,2.56875,0.5825
2014,ENE,2,12,4.66,34.60708333,5.784166667,3.705,0.61125
2014,ENE,2,13,4.91,34.315,6.255,4.9325,0.63875
2014,ENE,2,14,4.48,33.87416667,6.34125,6.56625,0.65875
2014,ENE,2,15,4.28,34.53875,6.5425,8.2925,0.6225
2014,ENE,2,16,4.61,35.42125,7.083333333,9.805,0.49125
2014,ENE,2,17,5.76,36.2225,8.8375,11.01875,0.42125
2014,ENE,2,18,6.83,37.38208333,11.38583333,11.78375,0.38
2014,ENE,2,19,6.82,38.13708333,12.70833333,11.69875,0.35875
2014,ENE,2,20,6.7,37.225,13.83125,10.64625,0.36375
2014,ENE,2,21,7.13,36.03083333,15.23,9.405,0.3625
2014,ENE,2,22,4.94,35.0575,16.21416667,8.93375,0.35375
2014,ENE,2,23,6.27,34.80458333,18.01875,8.1425,0.33125
2014,ENE,3,0,3.84,35.22916667,19.53083333,7.9925,0.2975
2014,ENE,3,1,2.35,35.42583333,20.72833333,8.41125,0.2425
2014,ENE,3,2,NA,34.66875,21.00416667,9.65,0.228571429
2014,ENE,3,3,0.65,34.55625,21.43916667,11.015,0.205
2014,ENE,3,4,1.35,34.07458333,22.03458333,12.52,NA
2014,ENE,3,5,1.23,33.87291667,22.65708333,14.05875,NA
2014,ENE,3,6,NA,33.30083333,22.83666667,14.66,NA
2014,ENE,3,7,0.13,32.77666667,23.14208333,14.99,NA
2014,ENE,3,8,2.12,32.57666667,23.42541667,14.56,NA
2014,ENE,3,9,0.88,32.41583333,24.05458333,14.06125,NA
2014,ENE,3,10,NA,31.79916667,24.52625,13.5575,NA
2014,ENE,3,11,NA,31.46,24.91541667,13.59375,NA
2014,ENE,3,12,NA,31.06291667,24.35041667,14.0775,NA
2014,ENE,3,13,NA,30.73958333,23.89333333,14.985,NA
2014,ENE,3,14,0.35,30.88,23.81583333,16.31375,0.088333333
2014,ENE,3,15,1.54,30.72,23.6025,18.4225,0.092857143
2014,ENE,3,16,4.7,30.57583333,23.05916667,20.98625,0.105
2014,ENE,3,17,4.35,30.20291667,21.43916667,23.43625,0.11125
2014,ENE,3,18,2.88,29.41875,19.02875,25.30625,0.105
2014,ENE,3,19,16.91,28.89875,17.84583333,24.84625,0.1475
2014,ENE,3,20,25.11,31.96208333,16.955,22.755,0.37
2014,ENE,3,21,23.82,36.38083333,15.84291667,20.28375,0.6725
2014,ENE,3,22,22.25,42.71208333,15.18833333,17.28,0.94125
2014,ENE,3,23,14.28,45.5875,13.55,14.58875,0.99625
2014,ENE,4,0,14.7,47.23583333,12.1225,11.35125,1.02625
2014,ENE,4,1,11.93,48.62166667,11.01375,7.9775,1.03875
2014,ENE,4,2,15.92,50.11083333,10.91875,4.6075,1.0425
2014,ENE,4,3,18.99,52.0825,10.61083333,3.24125,0.9925
2014,ENE,4,4,9.67,53.09833333,10.08875,3.21125,0.872857143
2014,ENE,4,5,9.84,53.9575,9.837916667,3.17375,0.507142857
2014,ENE,4,6,8.12,55.295,9.796666667,3.095,0.188571429
2014,ENE,4,7,7.23,56.53625,9.590833333,2.42875,0.147142857
2014,ENE,4,8,6.58,57.53416667,9.421666667,2.20875,0.147142857
2014,ENE,4,9,10.52,59.80791667,9.158333333,2.17375,0.215714286
2014,ENE,4,10,19.11,64.1425,8.97625,2.51,0.308571429
2014,ENE,4,11,16.35,66.8375,8.964166667,3.48625,0.384285714
2014,ENE,4,12,11.2,68.44958333,8.934583333,5.54875,0.3675
2014,ENE,4,13,6.99,69.45083333,9.06375,8.78375,0.38375
2014,ENE,4,14,0.58,69.5975,9.085,11.985,0.38625
2014,ENE,4,15,NA,68.82666667,9.109583333,15.54875,0.35375
2014,ENE,4,16,1.19,68.42125,9.122083333,19.17625,0.30625
2014,ENE,4,17,1.52,67.89083333,8.992916667,22.42875,0.2275
2014,ENE,4,18,3.37,67.37125,8.835416667,24.55625,0.16
2014,ENE,4,19,16.11,67.35166667,8.717083333,24.07125,0.145714286
2014,ENE,4,20,17.81,66.21958333,8.499166667,22.0275,0.224285714
2014,ENE,4,21,17.05,63.51333333,8.234583333,18.8175,0.33
2014,ENE,4,22,15.5,60.6375,8.034583333,15.6725,0.691428571
2014,ENE,4,23,14.62,62.78041667,7.992916667,12.10875,0.902857143
2014,ENE,5,0,15.56,63.5725,7.986666667,8.46125,1.015714286
2014,ENE,5,1,12.8,64.74916667,7.987916667,5.09125,1.217142857
2014,ENE,5,2,10.11,67.3775,7.8875,2.635,1.16375
2014,ENE,5,3,9.33,67.83333333,7.819583333,2.1425,1.16625
2014,ENE,5,4,9.44,68.74708333,7.822083333,2.12125,1.10625
2014,ENE,5,5,8.21,69.53458333,7.56875,2.085,1.01
2014,ENE,5,6,9.41,69.81708333,7.610416667,2.0125,0.71
2014,ENE,5,7,10.35,70.53666667,7.641666667,2.0075,0.63
2014,ENE,5,8,8.09,72.29166667,7.620416667,2.01,0.62
2014,ENE,5,9,10.26,72.93333333,7.416666667,2.165,0.525
2014,ENE,5,10,15.36,72.4775,7.65625,3.03875,0.52125
2014,ENE,5,11,14.56,72.03458333,8.435,5.82875,0.57125
2014,ENE,5,12,6.66,71.85458333,8.88375,9.67375,0.585
2014,ENE,5,13,2.38,71.19416667,8.996666667,12.92125,0.58875
2014,ENE,5,14,0.31,70.32333333,8.970416667,16.1,0.57375
2014,ENE,5,15,NA,70.21833333,8.930833333,19.12875,0.47875
2014,ENE,5,16,NA,69.86583333,8.899583333,22.27375,0.39625
2014,ENE,5,17,NA,69.45375,8.875833333,25.21125,0.335
2014,ENE,5,18,2.76,69.61541667,8.873333333,26.9725,0.275
2014,ENE,5,19,14.24,69.29083333,8.810833333,24.9525,0.245
2014,ENE,5,20,17.54,69.03291667,8.8225,21.15375,0.4075
2014,ENE,5,21,16.62,70.19333333,8.931666667,17.94,0.71
2014,ENE,5,22,14.29,70.34958333,8.847916667,14.78375,0.925
2014,ENE,5,23,13.05,67.54791667,8.81375,11.7775,1.1325
2014,ENE,6,0,11.87,66.34291667,8.767916667,8.8875,1.24875
2014,ENE,6,1,11.49,65.18458333,8.73875,5.7375,1.31875
2014,ENE,6,2,12.05,63.32791667,8.7475,3.11,1.38375
2014,ENE,6,3,11.75,62.88916667,8.750833333,2.34,1.36125
2014,ENE,6,4,11.4,62.29833333,8.7025,2.49375,1.17875
2014,ENE,6,5,5.65,61.3325,8.5975,3.52,0.87375
2014,ENE,6,6,5.56,60.32041667,8.42,4.7175,0.66375
2014,ENE,6,7,10.25,58.98916667,8.289166667,5.2225,0.48125
2014,ENE,6,8,13.55,57.2325,8.19625,4.94625,0.42
2014,ENE,6,9,8.47,55.38625,8.034166667,4.94625,0.38375
2014,ENE,6,10,4.34,52.5075,7.509166667,5.25,0.33125
2014,ENE,6,11,3.55,51.01583333,6.353333333,6.09125,0.3225
2014,ENE,6,12,4.58,50.4525,5.7125,6.83625,0.3375
2014,ENE,6,13,5.7,50.9075,5.427083333,7.19875,0.375
2014,ENE,6,14,6,52.47458333,5.533333333,7.9525,0.41
2014,ENE,6,15,8.46,54.08958333,5.641666667,9.2725,0.45125
2014,ENE,6,16,8.34,55.36291667,6.480416667,10.945,0.4325
2014,ENE,6,17,10.98,57.31333333,6.62,12.075,0.45125
2014,ENE,6,18,11.91,58.705,6.665416667,12.2825,0.48625
2014,ENE,6,19,12.93,59.77666667,7.217083333,11.53,0.52
2014,ENE,6,20,5.7,59.33666667,7.141666667,10.86875,0.525
2014,ENE,6,21,3.9,57.81666667,7.060833333,10.06125,0.505
2014,ENE,6,22,3.59,55.02083333,7.245416667,9.70625,0.48
2014,ENE,6,23,3.35,53.6775,7.6875,9.42625,0.42125
2014,ENE,7,0,1.05,52.66583333,7.7475,9.605,0.38125
2014,ENE,7,1,1.63,51.385,8.095,10.22125,0.31
2014,ENE,7,2,0.61,49.71333333,8.35125,11.54875,0.26
2014,ENE,7,3,1.52,47.97166667,8.817083333,13.20875,0.195
2014,ENE,7,4,0.3,46.97583333,9.048333333,14.8975,NA
2014,ENE,7,5,NA,46.29375,9.072916667,16.27625,NA
2014,ENE,7,6,NA,45.81541667,9.441666667,16.43875,NA
2014,ENE,7,7,NA,45.55083333,9.553333333,16.5625,NA
2014,ENE,7,8,1.45,44.7425,9.582916667,16.16,NA
2014,ENE,7,9,1.4,43.73208333,9.682083333,16.02125,NA
2014,ENE,7,10,0.23,42.86958333,9.677916667,16.0075,NA
2014,ENE,7,11,NA,42.35875,9.687083333,16.28,NA
2014,ENE,7,12,NA,41.95666667,9.569166667,16.45875,NA
2014,ENE,7,13,NA,41.615,9.52875,16.76,0.118333333
2014,ENE,7,14,NA,40.84458333,9.365833333,17.425,0.14
2014,ENE,7,15,0.47,40.225,9.30625,18.445,0.1675
2014,ENE,7,16,3.08,40.26625,8.79125,19.8225,0.1775
2014,ENE,7,17,4.23,39.45875,9.929583333,21.2225,0.18
2014,ENE,7,18,5.94,38.93333333,10.84875,22.5025,0.1825
2014,ENE,7,19,20.96,38.70916667,11.58666667,21.62125,0.31
2014,ENE,7,20,30.24,42.23541667,13.55291667,19.5025,0.59
2014,ENE,7,21,20.81,45.87458333,13.95833333,17.26875,0.69125
2014,ENE,7,22,18.81,47.41583333,13.82083333,14.845,0.745
2014,ENE,7,23,15.97,48.7475,13.56,12.3575,0.7475
2014,ENE,8,0,5.88,48.9375,13.52291667,10.4375,0.73375
2014,ENE,8,1,10.04,48.85125,13.1975,7.92,0.7225
2014,ENE,8,2,17.44,49.76583333,13.13583333,4.80625,0.7275
2014,ENE,8,3,15.92,51.59916667,12.9025,3.67,0.61625
2014,ENE,8,4,13.68,53.04,12.79791667,3.625,0.32875
2014,ENE,8,5,12.29,54.4075,12.86541667,3.56875,0.21375
2014,ENE,8,6,14.65,56.25375,12.73708333,3.54625,0.145
2014,ENE,8,7,13.59,58.2525,12.88791667,3.31125,0.16625
2014,ENE,8,8,9.31,59.99083333,13.01291667,2.41,0.26875
2014,ENE,8,9,9.33,62.44125,13.11166667,2.0975,0.39
2014,ENE,8,10,9.41,64.29625,13.33541667,2.73875,0.4525
2014,ENE,8,11,17.95,66.67458333,13.65958333,3.74125,0.50625
2014,ENE,8,12,10.87,68.49833333,13.93708333,5.75875,0.54375
2014,ENE,8,13,4.87,68.79208333,14.10166667,8.84125,0.5675
2014,ENE,8,14,2.69,68.98333333,14.1825,12.3825,0.5725
2014,ENE,8,15,2.24,68.63416667,14.17166667,16.07375,0.52375
2014,ENE,8,16,NA,67.69833333,13.85166667,19.72,0.42625
2014,ENE,8,17,NA,66.795,12.57375,23.05375,0.31
2014,ENE,8,18,2,66.30541667,11.66416667,25.9375,0.235
2014,ENE,8,19,15.4,66.02166667,10.39083333,26.5425,0.21
2014,ENE,8,20,24.18,63.55791667,8.498333333,24.73875,0.36125
2014,ENE,8,21,7.9,59.88,7.979583333,23.14375,0.375
2014,ENE,8,22,7.15,57.21208333,7.831666667,21.02,0.3825
2014,ENE,8,23,7.05,54.795,7.542083333,18.7075,0.39
2014,ENE,9,0,9.63,54.12208333,7.47875,16.0875,0.4025
2014,ENE,9,1,15.44,54.54791667,7.440833333,12.87125,0.4225
2014,ENE,9,2,16.09,54.63875,7.2575,9.36875,0.45
2014,ENE,9,3,16.05,53.56833333,7.196666667,7.7575,0.40875
2014,ENE,9,4,13.47,53.05583333,7.147083333,7.6725,0.238571429
2014,ENE,9,5,14.68,52.59458333,7.19,6.2,0.19
2014,ENE,9,6,21.18,53.20333333,7.310833333,4.78375,0.191428571
2014,ENE,9,7,21.21,54.7275,7.27,3.4275,0.275714286
2014,ENE,9,8,16.74,56.65791667,7.325833333,2.43625,0.458571429
2014,ENE,9,9,17.93,57.82333333,7.404583333,2.3,0.572857143
2014,ENE,9,10,17.19,60.60625,7.495416667,2.8225,0.644285714
2014,ENE,9,11,17.18,60.74125,7.52125,4.0325,0.707142857
2014,ENE,9,12,13.59,60.36125,7.8425,6.0075,0.66875
2014,ENE,9,13,9.86,60.11208333,8.983333333,8.855,0.7
2014,ENE,9,14,3.3,60.20083333,9.406666667,12.68875,0.67625
2014,ENE,9,15,1.34,60.19,9.649583333,16.48625,0.657142857
2014,ENE,9,16,NA,60.17041667,9.690833333,20.3175,0.513333333
2014,ENE,9,17,1.06,60.52875,9.704166667,23.28375,0.343333333
2014,ENE,9,18,14.46,60.955,9.707916667,24.495,0.315
2014,ENE,9,19,27.35,62.1825,9.84875,23.58375,0.546666667
2014,ENE,9,20,27.63,65.56041667,9.971666667,21.51375,0.913333333
2014,ENE,9,21,21.92,69.22625,10.07416667,18.9075,1.065
2014,ENE,9,22,13.25,71.34083333,10.10666667,15.6675,1.12
2014,ENE,9,23,9.31,73.0925,10.13083333,12.52625,0.998571429
2014,ENE,10,0,8.67,73.9575,10.13458333,9.08,0.8825
2014,ENE,10,1,10.34,73.93208333,10.1025,6.01,0.88375
2014,ENE,10,2,9.87,73.91916667,10.02041667,4.2475,0.82375
2014,ENE,10,3,9.3,73.7575,9.81875,3.96,0.60375
2014,ENE,10,4,10.62,73.605,9.749583333,3.92625,0.2825
2014,ENE,10,5,9.6,73.81708333,9.636666667,3.675,0.155
2014,ENE,10,6,9.27,72.665,9.3175,3.08625,0.12375
2014,ENE,10,7,8.91,70.95416667,9.17,2.40875,0.16875
2014,ENE,10,8,9.12,70.695,9.118333333,2.005,0.3375
2014,ENE,10,9,11.8,71.25958333,9.091666667,2.0975,0.4675
2014,ENE,10,10,26.15,71.98666667,9.483333333,2.62125,0.55625
2014,ENE,10,11,11.12,72.56708333,9.432083333,4.31125,0.58625
2014,ENE,10,12,4.7,71.27458333,8.997916667,6.86375,0.6025
2014,ENE,10,13,1.52,71.07833333,7.772916667,9.6825,0.5875
2014,ENE,10,14,0.06,70.52708333,7.305833333,12.65625,0.57125
2014,ENE,10,15,0.62,70.42291667,7.035,15.51375,0.49625
2014,ENE,10,16,NA,70.45583333,6.9925,18.83125,0.3225
2014,ENE,10,17,NA,70.44166667,6.979166667,21.66375,0.215714286
2014,ENE,10,18,6.16,70.27083333,6.920416667,22.65625,0.12
2014,ENE,10,19,6.73,69.64958333,6.77125,21.91125,0.082857143
2014,ENE,10,20,6.97,64.5475,6.595833333,20.02625,0.088571429
2014,ENE,10,21,9.6,59.88833333,6.509166667,17.445,0.15
2014,ENE,10,22,4.2,59.16875,6.47125,15.03875,0.181428571
2014,ENE,10,23,6.25,58.13875,6.45875,12.47125,0.254285714
2014,ENE,11,0,7.15,59.18625,6.4875,9.19875,0.314285714
2014,ENE,11,1,7,59.62041667,6.5075,6.25875,0.2825
2014,ENE,11,2,6.93,59.22041667,6.53875,4.8675,0.26875
2014,ENE,11,3,9.08,59.49916667,6.549583333,3.92375,0.27375
2014,ENE,11,4,9.88,59.20791667,6.571666667,3.26375,0.2725
2014,ENE,11,5,9.25,58.94958333,6.59875,3.03625,0.24
2014,ENE,11,6,8.49,58.64375,6.626666667,2.4625,0.24375
2014,ENE,11,7,8.34,57.89291667,6.644166667,2.17125,0.25
2014,ENE,11,8,8.47,55.64666667,6.563333333,2.105,0.25625
2014,ENE,11,9,8.27,52.23958333,6.400416667,2.065,0.30875
2014,ENE,11,10,10.81,47.98,5.9075,1.94,0.37375
2014,ENE,11,11,10.06,46.4425,5.89125,2.81625,0.42
2014,ENE,11,12,6.35,46.68333333,5.913333333,4.40375,0.455
2014,ENE,11,13,6.49,46.4925,6.853333333,6.12375,0.485
2014,ENE,11,14,4.14,46.74375,7.153333333,7.99625,0.49625
2014,ENE,11,15,6.06,46.84875,7.3675,9.89875,0.48125
2014,ENE,11,16,9.16,47.31708333,8.06625,11.7075,0.475
2014,ENE,11,17,10.39,48.29875,9.388333333,13.10875,0.4675
2014,ENE,11,18,7.17,48.80583333,9.568333333,14.1775,0.445
2014,ENE,11,19,9.12,47.89583333,9.979166667,13.83125,0.425
2014,ENE,11,20,9.15,47.74,11.00583333,12.35625,0.42375
2014,ENE,11,21,6.67,47.90833333,11.09916667,10.93,0.41875
2014,ENE,11,22,7.61,46.54708333,11.16,9.43,0.42625
2014,ENE,11,23,6.22,46.32791667,11.19166667,8.07,0.4
2014,ENE,12,0,3.2,44.77041667,11.19625,7.35125,0.36
2014,ENE,12,1,1.46,44.18625,11.18958333,7.29375,0.31625
2014,ENE,12,2,1.04,43.62083333,11.15791667,8.035,0.27125
2014,ENE,12,3,1.06,42.75208333,11.12041667,9.76625,0.225
2014,ENE,12,4,0.43,42.24166667,11.06666667,11.905,0.191428571
2014,ENE,12,5,NA,41.50125,11.00416667,13.97875,0.155
2014,ENE,12,6,NA,40.61375,10.93166667,15.8,NA
2014,ENE,12,7,2.07,39.44916667,10.84208333,17.06375,NA
2014,ENE,12,8,7.35,38.28541667,10.83916667,17.19875,NA
2014,ENE,12,9,13.25,38.6975,10.92958333,16.73375,NA
2014,ENE,12,10,10.16,38.62125,10.9275,16.34625,NA
2014,ENE,12,11,5.86,37.37458333,10.83375,16.1425,NA
2014,ENE,12,12,7.5,37.00083333,10.83916667,16.4375,NA
2014,ENE,12,13,2.62,37.32416667,9.927916667,17.0775,0.296666667
2014,ENE,12,14,0.01,37.26708333,9.646666667,18.23625,0.27
2014,ENE,12,15,NA,36.84625,9.459166667,19.8025,0.2475
2014,ENE,12,16,NA,36.475,8.7925,21.9,0.24875
2014,ENE,12,17,0.74,35.46333333,7.507083333,23.9225,0.23375
2014,ENE,12,18,0.85,34.8,7.354583333,24.92,0.19875
2014,ENE,12,19,2.79,34.65791667,6.955416667,24.83875,0.17125
2014,ENE,12,20,4.73,34.43208333,5.922083333,23.71625,0.13625
2014,ENE,12,21,2.25,33.94208333,5.82375,22.235,0.12
2014,ENE,12,22,5.46,34.01916667,5.792083333,19.96125,0.12125
2014,ENE,12,23,3.89,33.61916667,5.779583333,17.79625,0.12125
2014,ENE,13,0,8.52,33.15333333,5.759166667,15.04125,0.11375
2014,ENE,13,1,11.62,32.68541667,5.772916667,12.205,0.1075
2014,ENE,13,2,11.64,32.64958333,5.880833333,9.835,0.1025
2014,ENE,13,3,10.22,32.77916667,6.009166667,7.995,0.1
2014,ENE,13,4,10.56,32.99708333,6.166666667,6.6275,0.10125
2014,ENE,13,5,7.68,33.67166667,6.417083333,5.45375,0.10625
2014,ENE,13,6,7.68,34.00166667,6.500833333,4.605,0.11875
2014,ENE,13,7,8.51,34.76041667,6.556666667,3.3975,0.185
2014,ENE,13,8,8.01,36.2425,6.600416667,2.83,0.38
2014,ENE,13,9,13.12,37.72916667,6.620833333,2.765,0.58875
2014,ENE,13,10,7.74,38.07708333,6.523333333,3.39125,0.64375
2014,ENE,13,11,3.43,37.7125,6.405416667,4.785,0.665
2014,ENE,13,12,0.58,37.21458333,6.265416667,7.0175,0.67375
2014,ENE,13,13,0.27,36.53833333,6.174166667,9.31125,0.685
2014,ENE,13,14,1.41,35.97916667,6.1275,12.215,0.68875
2014,ENE,13,15,0.52,36.28708333,6.082083333,15.55125,0.63875
2014,ENE,13,16,0.03,35.75666667,6.050416667,18.8125,0.45625
2014,ENE,13,17,0.69,35.34541667,6.01375,21.78875,0.25625
2014,ENE,13,18,1.3,35.01125,5.98625,23.785,0.215
2014,ENE,13,19,10.52,34.86916667,5.958333333,23.7375,0.22375
2014,ENE,13,20,21.21,35.55416667,5.942083333,21.8125,0.27875
2014,ENE,13,21,19.4,36.41291667,5.93375,19.6175,0.3375
2014,ENE,13,22,17.15,37.1725,7.632916667,17.145,0.39125
2014,ENE,13,23,10.75,38.41458333,9.00125,15.065,0.395
2014,ENE,14,0,6.86,39.01458333,9.038333333,13.0425,0.39125
2014,ENE,14,1,1.86,39.40458333,8.997916667,11.9425,0.37625
2014,ENE,14,2,0.04,39.03083333,8.9775,11.3625,0.3575
2014,ENE,14,3,NA,38.69,8.920416667,11.8725,0.315
2014,ENE,14,4,1.44,38.48708333,9.179583333,13.3975,0.268571429
2014,ENE,14,5,2.56,37.985,9.537083333,14.6975,0.2
2014,ENE,14,6,2.81,37.85916667,9.82125,15.55625,0.088333333
2014,ENE,14,7,9.74,37.32541667,9.868333333,14.99375,0.113333333
2014,ENE,14,8,13.01,36.77166667,9.863333333,13.93375,0.26
2014,ENE,14,9,9.85,36.66708333,9.811666667,12.72375,0.405
2014,ENE,14,10,2.48,36.09,9.750416667,12.715,0.46
2014,ENE,14,11,2.54,36.14791667,9.746666667,12.9575,0.521666667
2014,ENE,14,12,4.92,36.70791667,10.46708333,13.3975,0.502857143
2014,ENE,14,13,3.71,37.33791667,10.89583333,14.3775,0.485
2014,ENE,14,14,6.94,38.14333333,14.12583333,16.62375,0.53125
2014,ENE,14,15,2.48,38.89666667,15.23458333,21.5675,0.51125
2014,ENE,14,16,0.17,39.58875,15.305,25.545,0.39625
2014,ENE,14,17,NA,40.37041667,15.34916667,28.85125,0.3025
2014,ENE,14,18,0.54,40.80791667,15.35291667,30.3025,0.27625
2014,ENE,14,19,10,41.25291667,15.35291667,30.29375,0.27125
2014,ENE,14,20,21.45,41.60208333,15.35166667,28.6775,0.30625
2014,ENE,14,21,24.67,42.9325,15.39833333,25.94625,0.37875
2014,ENE,14,22,22.92,45.33,13.83333333,22.1975,0.54875
2014,ENE,14,23,21.8,48.28625,12.60333333,16.56,0.6725
2014,ENE,15,0,10.95,50.01791667,12.62958333,12.515,0.695
2014,ENE,15,1,2.82,50.68375,12.6975,9.50125,0.6825
2014,ENE,15,2,6.33,51.90708333,14.46416667,6.64,0.66625
2014,ENE,15,3,NA,52.38666667,14.60125,5.74375,0.62625
2014,ENE,15,4,NA,52.42666667,14.22708333,6.31625,0.62
2014,ENE,15,5,0.03,52.46083333,13.72583333,7.495,0.488571429
2014,ENE,15,6,NA,52.23458333,13.53166667,9.0725,0.247142857
2014,ENE,15,7,6.69,52.39833333,13.91916667,10.015,0.142857143
2014,ENE,15,8,12.77,52.8775,14.65208333,10.11375,0.218571429
2014,ENE,15,9,5.97,52.13208333,15.49541667,10.67875,0.288571429
2014,ENE,15,10,1.17,53.53291667,16.80125,12.365,0.322857143
2014,ENE,15,11,0.66,56.08583333,17.42208333,13.42125,0.35
2014,ENE,15,12,0.05,58.12291667,16.90583333,14.85875,0.3375
2014,ENE,15,13,NA,60.2125,16.51875,16.71,0.37
2014,ENE,15,14,0.13,61.55083333,13.45958333,18.06625,0.4075
2014,ENE,15,15,0.22,61.94333333,12.49791667,20.1375,0.38875
2014,ENE,15,16,NA,63.3075,12.45333333,23.135,0.32625
2014,ENE,15,17,4.23,64.77916667,12.69916667,24.4775,0.29875
2014,ENE,15,18,7.57,65.9375,13.5575,24.4525,0.3125
2014,ENE,15,19,9.56,66.7275,13.68958333,23.85875,0.34875
2014,ENE,15,20,8.9,66.83333333,14.12708333,22.7825,0.36625
2014,ENE,15,21,5.96,64.90208333,14.43916667,21.525,0.37875
2014,ENE,15,22,6.1,62.545,14.355,20.05375,0.3775
2014,ENE,15,23,6.15,58.77,14.30083333,18.55875,0.36
2014,ENE,16,0,5.9,56.97,14.25166667,16.76,0.33125
2014,ENE,16,1,6.63,56.1075,14.18833333,15.1525,0.29375
2014,ENE,16,2,6.98,55.2075,12.33208333,14.02875,0.25125
2014,ENE,16,3,6.24,55.09916667,12.1125,13.4275,0.215714286
2014,ENE,16,4,14.74,55.41041667,12.15041667,12.245,0.186666667
2014,ENE,16,5,6.4,55.885,12.04375,11.5975,NA
2014,ENE,16,6,10.4,56.68,11.87583333,10.56375,NA
2014,ENE,16,7,13.19,57.21916667,11.44541667,9.1675,NA
2014,ENE,16,8,13.63,57.29416667,10.64166667,7.935,NA
2014,ENE,16,9,13.09,57.45375,9.7075,7.06,NA
2014,ENE,16,10,8.93,56.98041667,8.439583333,7.22625,NA
2014,ENE,16,11,16.37,56.39708333,7.972916667,7.64625,NA
2014,ENE,16,12,14.9,55.62333333,7.89875,9.51125,0.486666667
2014,ENE,16,13,9.73,54.55416667,7.931666667,11.485,0.457142857
2014,ENE,16,14,2.83,53.62708333,7.745,14.935,0.41375
2014,ENE,16,15,NA,52.91416667,7.714166667,19.30125,0.424285714
2014,ENE,16,16,NA,51.94958333,7.777916667,24.165,0.39
2014,ENE,16,17,NA,50.47958333,7.52375,28.5425,NA
2014,ENE,16,18,0.88,49.39416667,6.683333333,30.9475,NA
2014,ENE,16,19,19.95,49.00791667,6.6025,30.435,NA
2014,ENE,16,20,26.89,49.645,6.24625,28.26,NA
2014,ENE,16,21,25.73,52.65541667,5.9725,25.1925,NA
2014,ENE,16,22,23.37,55.25041667,6.062916667,21.3375,NA
2014,ENE,16,23,19.41,60.0675,6.064166667,16.86375,NA
2014,ENE,17,0,16.98,63.71416667,6.152916667,11.83,1.356666667
2014,ENE,17,1,14.87,67.38583333,6.2425,7.06875,1.26
2014,ENE,17,2,17.16,70.08208333,6.284166667,3.29125,1.165
2014,ENE,17,3,15.54,72.895,6.3775,2.185,1.185
2014,ENE,17,4,14.49,75.49125,6.37375,2.02375,1.11125
2014,ENE,17,5,21.07,77.53166667,6.547083333,1.9725,1.00625
2014,ENE,17,6,26.42,80.98416667,6.739166667,1.93125,0.79125
2014,ENE,17,7,22.09,84.475,6.916666667,1.91625,0.72375
2014,ENE,17,8,25.7,87.6225,7.317916667,1.91,0.6975
2014,ENE,17,9,26.54,91.7325,7.710416667,1.91,0.81
2014,ENE,17,10,25.53,95.03875,8.1025,2.15125,0.8875
2014,ENE,17,11,17.87,96.47875,8.112083333,3.6825,0.895
2014,ENE,17,12,13.48,96.27541667,8.270416667,6.29,0.89875
2014,ENE,17,13,7.91,95.74125,8.367916667,9.6075,0.88875
2014,ENE,17,14,8.01,95.2925,8.565416667,12.87625,0.89375
2014,ENE,17,15,4.32,95.0225,8.654166667,15.7775,0.8275
2014,ENE,17,16,3.82,94.84125,8.560833333,19.065,0.70625
2014,ENE,17,17,6.74,94.79083333,8.5325,22.45375,0.555
2014,ENE,17,18,12.86,94.27333333,8.745833333,24.76,0.4875
2014,ENE,17,19,17.33,94.6725,9.745416667,24.575,0.4875
2014,ENE,17,20,15.17,94.53083333,11.81291667,22.82625,0.495
2014,ENE,17,21,14.16,92.31083333,14.92875,20.15,0.665
2014,ENE,17,22,12.69,90.14416667,17.28375,17.8625,0.75875
2014,ENE,17,23,4.04,86.33708333,17.17208333,17.365,0.74125
2014,ENE,18,0,1.64,82.83083333,17.0525,16.64375,0.7125
2014,ENE,18,1,8.64,80.62708333,17.95375,14.655,0.675
2014,ENE,18,2,2.03,78.34541667,18.21,14.27625,0.60375
2014,ENE,18,3,NA,75.36958333,18.22041667,15.6325,0.51125
2014,ENE,18,4,0.58,72.54083333,18.14875,17.44625,0.491428571
2014,ENE,18,5,1.34,70.03,17.97541667,18.925,0.275
2014,ENE,18,6,6.14,65.83291667,17.80166667,19.16,NA
2014,ENE,18,7,14.9,62.27958333,17.63208333,17.26875,NA
2014,ENE,18,8,6.41,58.52416667,17.20708333,16.1725,NA
2014,ENE,18,9,6.95,53.66,16.79041667,16.29,NA
2014,ENE,18,10,4.78,49.50833333,16.33541667,15.9075,NA
2014,ENE,18,11,3.95,46.65791667,16.18083333,15.34625,NA
2014,ENE,18,12,5.11,45.95625,15.93458333,15.015,0.276666667
2014,ENE,18,13,10.06,46.14125,15.87291667,15.46125,0.302857143
2014,ENE,18,14,9.34,47.20125,15.79625,17.4175,0.31375
2014,ENE,18,15,3.48,47.86458333,15.64916667,20.85625,0.3225
2014,ENE,18,16,0.14,47.9275,15.70208333,23.75875,0.30375
2014,ENE,18,17,1.63,47.84041667,15.85291667,26.74,0.27625
2014,ENE,18,18,NA,48.15916667,15.6575,29.25,0.23625
2014,ENE,18,19,10.35,47.56,14.86875,30.25375,0.23875
2014,ENE,18,20,36.81,48.70916667,12.95166667,28.0825,0.39375
2014,ENE,18,21,36.06,52.93541667,10.01125,25.52125,0.64
2014,ENE,18,22,35.1,58.37833333,7.80375,22.35,0.98625
2014,ENE,18,23,28.14,63.84958333,8.053333333,18.4875,1.17375
2014,ENE,19,0,17.47,66.71833333,8.116666667,14.84875,1.2275
2014,ENE,19,1,4.38,67.22083333,7.126666667,12.19625,1.235
2014,ENE,19,2,6.18,67.50416667,6.826666667,9.15375,1.24
2014,ENE,19,3,6.54,68.87083333,6.777916667,6.9575,1.21
2014,ENE,19,4,5.83,69.75875,6.775416667,8.14125,1.01625
2014,ENE,19,5,8.26,70.3625,6.797916667,9.04625,0.72375
2014,ENE,19,6,18.36,71.5225,6.995416667,9.0575,0.35125
2014,ENE,19,7,17.34,72.46208333,7.15875,9.10375,0.17375
2014,ENE,19,8,9.51,72.5925,7.187916667,9.07125,0.15
2014,ENE,19,9,11.11,72.88916667,7.245,8.11125,0.18875
2014,ENE,19,10,6.78,73.58583333,7.300416667,8.4825,0.23125
2014,ENE,19,11,3.59,73.58333333,7.24375,10.145,0.26375
2014,ENE,19,12,1.77,73.78791667,7.150833333,12.0425,0.29125
2014,ENE,19,13,4,73.94041667,7.038333333,14.63,0.33
2014,ENE,19,14,4.18,73.43375,6.933333333,18.2575,0.35375
2014,ENE,19,15,4.17,73.22791667,7.1125,21.9675,0.36375
2014,ENE,19,16,11.52,73.52833333,8.13875,24.6775,0.3675
2014,ENE,19,17,8.58,74.13666667,8.261666667,27.49375,0.3575
2014,ENE,19,18,13.52,74.39458333,8.298333333,29.22375,0.3775
2014,ENE,19,19,32.28,75.38333333,8.724583333,27.7,0.4875
2014,ENE,19,20,17.61,74.4175,11.52958333,25.3975,0.5275
2014,ENE,19,21,17.59,70.11666667,16.47458333,22.83125,0.5825
2014,ENE,19,22,16.68,65.61625,21.97166667,20.15625,0.59875
2014,ENE,19,23,10.68,60.48625,21.8425,17.12,0.59125
2014,ENE,20,0,5.85,57.55458333,21.78458333,15.0375,0.565
2014,ENE,20,1,4.23,55.78041667,21.77916667,12.745,0.52125
2014,ENE,20,2,1.95,55.14791667,21.76375,10.90875,0.514285714
2014,ENE,20,3,15.92,55.04625,21.81875,9.99,0.393333333
2014,ENE,20,4,17.14,55.365,21.92916667,9.05125,0.293333333
2014,ENE,20,5,13.82,55.63375,21.94583333,8.325,NA
2014,ENE,20,6,13.57,55.28375,21.73833333,7.5425,NA
2014,ENE,20,7,15.7,54.8775,21.56333333,6.73375,NA
2014,ENE,20,8,14.14,56.3525,21.58333333,5.40875,NA
2014,ENE,20,9,13.66,57.35125,21.55166667,4.41875,NA
2014,ENE,20,10,12.04,57.27375,21.62375,3.99625,NA
2014,ENE,20,11,16.28,58.71125,21.82416667,5.3275,0.541666667
2014,ENE,20,12,11.91,59.545,21.905,7.87125,0.588333333
2014,ENE,20,13,6.41,59.53125,21.93708333,11.0125,0.521428571
2014,ENE,20,14,3.72,59.59333333,22.12375,14.70625,0.45875
2014,ENE,20,15,2.43,59.66208333,22.18125,19.4525,0.40125
2014,ENE,20,16,NA,59.30375,21.20791667,23.9525,0.325714286
2014,ENE,20,17,NA,58.72083333,21.08458333,28.18375,0.236666667
2014,ENE,20,18,2.28,58.60458333,21.13166667,31.1025,NA
2014,ENE,20,19,23.62,57.7025,20.5625,31.06125,NA
2014,ENE,20,20,41.21,59.51833333,17.84958333,28.6175,NA
2014,ENE,20,21,35.08,65.02375,12.89,25.29875,NA
2014,ENE,20,22,28.96,67.58625,7.22625,21.48625,NA
2014,ENE,20,23,26.45,69.73958333,7.247916667,16.78125,NA
2014,ENE,21,0,22.77,72.70375,7.455833333,12.2775,1.641666667
2014,ENE,21,1,15.85,74.855,7.82375,7.63,1.427142857
2014,ENE,21,2,15.47,76.57375,7.97125,3.6575,1.275
2014,ENE,21,3,16.64,77.395,7.910416667,2.19375,1.225
2014,ENE,21,4,15.29,77.99,7.827916667,2.0875,0.84375
2014,ENE,21,5,15.4,80.29291667,7.995833333,2.06,0.56375
2014,ENE,21,6,14.36,83.18166667,8.156666667,1.99625,0.485
2014,ENE,21,7,15.16,86.45541667,8.39375,1.955,0.43375
2014,ENE,21,8,17.66,88.63375,8.781666667,1.955,0.56375
2014,ENE,21,9,16.19,90.81375,9.195833333,1.96,0.6925
2014,ENE,21,10,11.76,92.57291667,9.258333333,2.7575,0.76
2014,ENE,21,11,3.76,92.77708333,9.133333333,5.385,0.77875
2014,ENE,21,12,2.34,93.3125,9.102916667,8.72,0.77375
2014,ENE,21,13,2.61,96.4875,9.087083333,12.1275,0.7575
2014,ENE,21,14,3.36,98.05833333,8.935416667,15.70625,0.74
2014,ENE,21,15,2.19,99.04416667,8.66375,19.115,0.66375
2014,ENE,21,16,1.78,99.81375,8.572916667,22.4525,0.535
2014,ENE,21,17,3.55,102.1354167,8.452083333,25.58,0.43
2014,ENE,21,18,7.61,104.6670833,8.464166667,27.0975,0.39
2014,ENE,21,19,6.57,106.4029167,8.418333333,26.43375,0.38375
2014,ENE,21,20,7.84,104.4125,8.710833333,24.63375,0.38875
2014,ENE,21,21,5.49,99.06041667,8.91875,22.9725,0.38625
2014,ENE,21,22,5.38,95.03291667,9.494166667,21.275,0.35375
2014,ENE,21,23,4.46,92.025,10.23375,19.84125,0.32625
2014,ENE,22,0,3.19,89.15125,10.805,18.6125,0.29875
2014,ENE,22,1,1.98,87.04291667,10.80291667,17.8575,0.26375
2014,ENE,22,2,1.3,86.39458333,10.69583333,17.98875,0.2125
2014,ENE,22,3,1.92,84.43083333,10.655,18.46,0.184285714
2014,ENE,22,4,8.13,82.72625,10.73791667,18.545,0.151666667
2014,ENE,22,5,10.03,80.26375,10.59916667,18.0425,NA
2014,ENE,22,6,5.95,76.7775,10.42416667,17.82375,NA
2014,ENE,22,7,14.03,72.93541667,10.18458333,16.32625,NA
2014,ENE,22,8,14.69,70.105,9.795416667,14.7175,NA
2014,ENE,22,9,14.94,67.67708333,9.619583333,13.24125,NA
2014,ENE,22,10,9.9,67.17791667,9.586666667,12.8275,NA
2014,ENE,22,11,4.22,65.63916667,9.621666667,13.22625,NA
2014,ENE,22,12,8.29,64.36458333,10.035,14.38125,0.406666667
2014,ENE,22,13,5.69,61.06208333,10.1625,16.62,0.388571429
2014,ENE,22,14,5.14,59.77416667,10.31041667,19.17375,0.36875
2014,ENE,22,15,4.15,59.6,10.50083333,23.56125,0.365
2014,ENE,22,16,2.84,59.595,10.585,28.17,0.28875
2014,ENE,22,17,1.2,57.62791667,10.56708333,32.205,0.21875
2014,ENE,22,18,0.25,54.975,10.43166667,34.9675,0.195714286
2014,ENE,22,19,19.75,53.525,10.4275,34.61125,0.287142857
2014,ENE,22,20,36.7,57.50083333,10.09833333,31.9375,0.808571429
2014,ENE,22,21,33.97,63.91083333,9.9625,28.57125,1.431428571
2014,ENE,22,22,34.37,75.67416667,9.71,24.4625,2.3
2014,ENE,22,23,28.12,86.85125,9.042083333,19.5975,2.65
2014,ENE,23,0,23.72,91.32583333,8.39625,14.525,2.815714286
2014,ENE,23,1,18.42,96.37291667,8.06625,9.99125,2.847142857
2014,ENE,23,2,21.29,98.31458333,8.1675,5.3975,2.595
2014,ENE,23,3,19.61,102.8116667,8.40125,3.15875,2.555
2014,ENE,23,4,17.48,106.22625,8.401666667,3.19,2.1275
2014,ENE,23,5,17.2,108.7054167,8.431666667,3.0825,1.60375
2014,ENE,23,6,20.24,111.5041667,8.551666667,2.975,0.88875
2014,ENE,23,7,20.62,115.0929167,9.090833333,3.075,0.71375
2014,ENE,23,8,20.34,119.19625,9.624166667,3.0525,0.77125
2014,ENE,23,9,20.94,123.3641667,10.13833333,2.82875,0.93
2014,ENE,23,10,20.69,125.99125,10.50291667,3.85625,0.95375
2014,ENE,23,11,13.06,127.9345833,11.63083333,6.70125,0.95375
2014,ENE,23,12,8.75,128.5395833,11.64583333,10.6625,0.94625
2014,ENE,23,13,5.32,128.9991667,11.71541667,15.5225,0.935
2014,ENE,23,14,1.58,128.1875,11.61625,20.37375,0.88125
2014,ENE,23,15,2.29,126.9366667,11.48916667,25.2575,0.75
2014,ENE,23,16,0.83,126.2875,11.41291667,30.0525,0.55125
2014,ENE,23,17,1.68,126.4758333,11.39958333,34.63375,0.37625
2014,ENE,23,18,4.89,127.5625,11.39958333,37.60625,0.28125
2014,ENE,23,19,8.06,128.43625,11.33041667,38.23625,0.25875
2014,ENE,23,20,37.67,126.16875,11.21583333,34.38125,0.59
2014,ENE,23,21,37.86,125.56875,11.1425,29.5125,1.04375
2014,ENE,23,22,29.93,120.5854167,10.80333333,25.15875,1.255
2014,ENE,23,23,25.7,111.6191667,10.61833333,20.6025,1.3275
2014,ENE,24,0,24.76,109.09625,10.52541667,15.87875,1.38875
2014,ENE,24,1,25.98,107.7191667,10.61833333,11.115,1.4475
2014,ENE,24,2,17.83,107.3525,10.77583333,7.1075,1.45375
2014,ENE,24,3,5.28,104.2533333,10.70958333,4.60375,1.41625
2014,ENE,24,4,NA,101.6191667,10.6475,6.7925,1.0275
2014,ENE,24,5,1.39,99.05541667,10.95041667,8.66,0.604285714
2014,ENE,24,6,3.99,96.63583333,11.52208333,9.6875,0.396666667
2014,ENE,24,7,4.28,93.20125,11.45958333,10.69,0.295
2014,ENE,24,8,5.43,87.69958333,11.24291667,11.82,0.256666667
2014,ENE,24,9,3.91,81.6675,11.02333333,13.5275,0.195
2014,ENE,24,10,1.86,77.36875,10.96,15.6125,0.18
2014,ENE,24,11,0.18,76.48666667,9.815,17.32,0.215
2014,ENE,24,12,NA,76.64583333,9.3675,18.08625,0.255
2014,ENE,24,13,NA,76.1875,9.154166667,19.535,0.267142857
2014,ENE,24,14,1.03,76.62375,9.167916667,21.42125,0.27875
2014,ENE,24,15,0.12,77.21708333,9.190833333,23.78375,0.295
2014,ENE,24,16,NA,77.50083333,9.216666667,26.6175,0.27625
2014,ENE,24,17,2.63,77.31291667,9.334166667,28.79,0.2825
2014,ENE,24,18,5.28,77.05,9.532916667,29.95125,0.3125
2014,ENE,24,19,11.49,76.76333333,9.580416667,29.26875,0.36875
2014,ENE,24,20,5.11,74.63,9.441666667,28.345,0.38375
2014,ENE,24,21,11.84,68.18291667,11.8075,26.48,0.41
2014,ENE,24,22,7.88,62.57791667,12.98666667,24.47125,0.4225
2014,ENE,24,23,9.16,60.64375,13.29541667,21.26125,0.445
2014,ENE,25,0,1.4,59.19375,13.40791667,18.6125,0.42875
2014,ENE,25,1,2.06,55.6775,13.35875,16.00125,0.39875
2014,ENE,25,2,10.65,53.86958333,13.2125,12.6325,0.35625
2014,ENE,25,3,1.86,53.12208333,13.13041667,11.3725,0.305714286
2014,ENE,25,4,1.33,52.2575,13.09166667,10.00125,0.295
2014,ENE,25,5,1.09,51.81833333,12.69041667,9.36625,NA
2014,ENE,25,6,4.95,51.43541667,11.99875,8.245,NA
2014,ENE,25,7,6.68,51.39875,11.47666667,7.6625,NA
2014,ENE,25,8,2.57,51.72208333,11.09291667,6.465,NA
2014,ENE,25,9,1.81,52.76416667,10.50333333,5.6375,NA
2014,ENE,25,10,1.44,53.07625,10.025,6.4,NA
2014,ENE,25,11,8.17,52.77125,10.16833333,6.65375,NA
2014,ENE,25,12,14.16,53.38625,10.50708333,7.2875,0.296666667
2014,ENE,25,13,13.85,55.03416667,10.83875,8.8675,0.297142857
2014,ENE,25,14,5.45,56.21375,10.82541667,12.15125,0.28375
2014,ENE,25,15,2.88,55.67541667,12.81791667,16.60875,0.28375
2014,ENE,25,16,6.84,55.88583333,13.98,20.56875,0.28125
2014,ENE,25,17,4.33,55.73875,15.13583333,25.41875,0.25125
2014,ENE,25,18,10.58,55.6975,16.10416667,29.6575,0.255
2014,ENE,25,19,17.43,55.15,16.755,31.3725,0.2825
2014,ENE,25,20,22.12,55.16333333,16.93458333,30.3625,0.34375
2014,ENE,25,21,24.86,56.97041667,14.51833333,28.0025,0.5625
2014,ENE,25,22,23.46,60.39416667,13.48208333,24.515,0.84875
2014,ENE,25,23,20.72,63.16375,13.345,20.1425,0.975
2014,ENE,26,0,17.39,64.51416667,13.39166667,16.14875,1
2014,ENE,26,1,16.28,66.10625,13.46666667,11.01,1.0325
2014,ENE,26,2,16.15,66.60375,13.55708333,5.945,1.0075
2014,ENE,26,3,15.33,67.68041667,13.65208333,3.02375,0.96125
2014,ENE,26,4,13.38,69.3025,13.72,2.5025,0.8675
2014,ENE,26,5,15.91,70.79791667,13.86958333,2.4775,0.64625
2014,ENE,26,6,12.78,72.17958333,13.94833333,2.405,0.365
2014,ENE,26,7,11.34,73.00458333,14.00208333,2.32,0.255
2014,ENE,26,8,10.83,73.40375,14.14166667,2.2275,0.27625
2014,ENE,26,9,12.55,74.13458333,14.53083333,2.37375,0.31375
2014,ENE,26,10,12.47,74.74541667,14.89,3.23125,0.36125
2014,ENE,26,11,18.38,75.55708333,15.03708333,4.5475,0.39
2014,ENE,26,12,8.18,75.00375,14.8575,7.90875,0.40125
2014,ENE,26,13,2.82,73.02208333,14.64416667,12.5925,0.3825
2014,ENE,26,14,NA,71.09541667,14.61666667,17.49875,0.404285714
2014,ENE,26,15,1.12,71.07708333,12.58,22.4375,0.392857143
2014,ENE,26,16,1.32,70.42791667,11.40125,26.925,0.335714286
2014,ENE,26,17,0.37,70.43291667,10.13208333,31.35125,0.248571429
2014,ENE,26,18,3.11,69.8325,8.98125,34.785,0.19
2014,ENE,26,19,10.29,69.38875,8.310416667,36.37625,0.185714286
2014,ENE,26,20,13.52,69.31125,8.110416667,35.00625,0.204285714
2014,ENE,26,21,11.98,67.58083333,7.922083333,32.575,0.242857143
2014,ENE,26,22,10.67,63.02541667,7.65,29.62625,0.235
2014,ENE,26,23,18.69,60.36875,7.475,25.39625,0.29625
2014,ENE,27,0,21.82,59.91875,7.312916667,20.8725,0.35375
2014,ENE,27,1,18.95,60.09541667,7.23,16.29875,0.38
2014,ENE,27,2,17.83,60.22333333,7.034583333,11.96375,0.38875
2014,ENE,27,3,14.81,59.78791667,6.855,9.07375,0.34625
2014,ENE,27,4,14.07,59.18125,6.770416667,7.16875,0.3025
2014,ENE,27,5,13.13,58.72458333,6.620833333,4.9525,0.26375
2014,ENE,27,6,13.32,58.7125,6.548333333,2.99,0.2625
2014,ENE,27,7,12.65,59.05291667,6.5425,2.28125,0.315
2014,ENE,27,8,15.63,62.62791667,6.655416667,2.48625,0.49875
2014,ENE,27,9,20.53,69.69833333,7.15625,2.335,0.6825
2014,ENE,27,10,28.32,77.95,7.747916667,2.32375,0.75125
2014,ENE,27,11,18.05,80.455,7.799166667,2.28375,0.78875
2014,ENE,27,12,4.02,80.225,7.775,2.1925,0.79875
2014,ENE,27,13,0.29,79.57166667,7.7075,2.145,0.78875
2014,ENE,27,14,0.58,79.60041667,7.681666667,2.18,0.877142857
2014,ENE,27,15,0.52,79.26208333,7.65625,2.226666667,0.734285714
2014,ENE,27,16,1.03,79.3525,7.65125,NA,0.444285714
2014,ENE,27,17,0.08,79.01666667,7.645,NA,0.198571429
2014,ENE,27,18,1.38,78.90916667,7.62875,NA,0.1
2014,ENE,27,19,14.57,79.86125,7.63375,NA,0.08
2014,ENE,27,20,21.82,81.2,7.657083333,NA,0.146666667
2014,ENE,27,21,20.56,82.32916667,7.70375,NA,0.24
2014,ENE,27,22,22.89,84.02583333,7.838333333,NA,0.375714286
2014,ENE,27,23,20.1,86.2925,7.89125,NA,0.48
2014,ENE,28,0,17.11,87.27708333,7.925416667,NA,0.548571429
2014,ENE,28,1,13.46,87.61375,7.876666667,NA,0.564285714
2014,ENE,28,2,17.8,87.45541667,7.85625,NA,0.51625
2014,ENE,28,3,16.76,87.60333333,7.884166667,NA,0.5075
2014,ENE,28,4,17.28,88.79875,7.962916667,NA,0.465
2014,ENE,28,5,16.5,89.6475,8.122083333,NA,0.41125
2014,ENE,28,6,18.23,90.17583333,8.52625,NA,0.29375
2014,ENE,28,7,33.12,94.69833333,9.087916667,NA,0.35625
2014,ENE,28,8,18.98,96.19833333,9.597916667,NA,0.475
2014,ENE,28,9,25.02,95.34583333,9.764583333,NA,0.6675
2014,ENE,28,10,24.85,93.18958333,10.045,NA,0.77875
2014,ENE,28,11,18.83,93.44791667,10.32625,NA,0.83375
2014,ENE,28,12,2.34,93.95,10.49583333,NA,0.82
2014,ENE,28,13,2.04,94.07958333,10.6275,NA,0.825
2014,ENE,28,14,0.23,93.95375,10.69583333,NA,0.80875
2014,ENE,28,15,0.27,94.165,10.71166667,NA,0.66125
2014,ENE,28,16,NA,94.31,10.71416667,NA,0.48
2014,ENE,28,17,2.53,96.055,10.73666667,NA,0.285
2014,ENE,28,18,2.9,97.84375,10.75416667,NA,0.155
2014,ENE,28,19,5.34,97.49041667,10.74875,NA,0.09375
2014,ENE,28,20,8.33,95.73291667,10.73375,NA,0.115
2014,ENE,28,21,5.98,95.00083333,10.695,NA,0.1125
2014,ENE,28,22,6.11,93.18333333,10.57625,NA,0.12
2014,ENE,28,23,12.85,90.68875,10.52625,NA,0.13875
2014,ENE,29,0,17.49,88.83875,10.47958333,NA,0.15375
2014,ENE,29,1,18.42,87.6225,10.48833333,NA,0.15
2014,ENE,29,2,21.41,87.02583333,10.52,NA,0.16375
2014,ENE,29,3,19.2,86.49875,10.58541667,NA,0.15625
2014,ENE,29,4,18.66,85.38,10.655,NA,0.1325
2014,ENE,29,5,18.67,84.42791667,10.65208333,NA,0.13125
2014,ENE,29,6,17.61,83.89791667,10.3375,3.04,0.14375
2014,ENE,29,7,17.01,79.3625,9.853333333,2.877142857,0.24
2014,ENE,29,8,17.51,76.10708333,9.290416667,2.755,0.39125
2014,ENE,29,9,17.33,72.12,8.564166667,2.3725,0.53125
2014,ENE,29,10,11.67,66.89291667,7.52875,3.895,0.615
2014,ENE,29,11,8.42,63.49375,6.979583333,7.255,0.67375
2014,ENE,29,12,5.48,62.33666667,6.827916667,11.88875,0.7
2014,ENE,29,13,2.43,62.85625,6.7225,16.14625,0.7
2014,ENE,29,14,0.85,62.74583333,6.651666667,20.79,0.68
2014,ENE,29,15,NA,62.71916667,6.601666667,24.58875,0.56625
2014,ENE,29,16,NA,62.5125,6.581666667,28.44625,0.41
2014,ENE,29,17,NA,60.95166667,6.555416667,31.98,0.26875
2014,ENE,29,18,0.44,59.04333333,6.541666667,34.10875,0.175
2014,ENE,29,19,1.88,58.42708333,6.514583333,33.3175,0.11875
2014,ENE,29,20,3.31,58.2625,6.480416667,30.86375,0.105
2014,ENE,29,21,5.42,56.91041667,6.455,28.22125,0.1225
2014,ENE,29,22,4.73,56.69708333,6.434166667,24.96,0.14
2014,ENE,29,23,5.75,55.90291667,6.41625,22.33875,0.16
2014,ENE,30,0,9.97,55.5275,6.461666667,18.8575,0.175
2014,ENE,30,1,12.01,55.08,6.590833333,15.16375,0.185
2014,ENE,30,2,8.58,54.86583333,6.627916667,12.0725,0.18875
2014,ENE,30,3,5.3,54.42458333,6.55375,10.54875,0.18375
2014,ENE,30,4,7.86,53.45541667,6.421666667,8.69875,0.187142857
2014,ENE,30,5,7.11,52.1725,6.265416667,7.49375,0.17
2014,ENE,30,6,6.94,50.74,6.169583333,6.58375,NA
2014,ENE,30,7,11.57,50.02291667,6.084583333,5.42875,NA
2014,ENE,30,8,8.11,48.475,5.920833333,5.1125,NA
2014,ENE,30,9,7.46,45.58083333,5.649166667,5.3225,NA
2014,ENE,30,10,6.49,44.13916667,5.598333333,6.35,NA
2014,ENE,30,11,11.03,43.95333333,5.843333333,7.40375,NA
2014,ENE,30,12,4.75,44.66,5.792083333,10.50375,0.505
2014,ENE,30,13,1.49,44.46041667,5.775416667,14.33625,0.448571429
2014,ENE,30,14,0.04,45.06875,5.749166667,18.3725,0.395
2014,ENE,30,15,NA,44.79166667,5.740416667,23.35125,0.34125
2014,ENE,30,16,NA,44.51416667,5.730833333,28.90375,0.285714286
2014,ENE,30,17,0.01,44.21125,5.808333333,35.2525,0.201428571
2014,ENE,30,18,NA,44.19041667,5.892916667,40.37125,0.155
2014,ENE,30,19,7.16,44.47083333,5.9875,43.04375,0.108333333
2014,ENE,30,20,31.21,47.60041667,6.273333333,40.04625,0.535
2014,ENE,30,21,32.96,54.85375,6.655416667,35.865,1.098333333
2014,ENE,30,22,29.13,63.19666667,7.024166667,31.43375,1.623333333
2014,ENE,30,23,23.96,72.12083333,7.195833333,26.44625,1.893333333
2014,ENE,31,0,19.42,74.93708333,7.224166667,20.8725,1.722857143
2014,ENE,31,1,18.64,76.62916667,7.117083333,14.115,1.782857143
2014,ENE,31,2,20.02,78.1275,7.130416667,7.405,1.61
2014,ENE,31,3,17.5,80.50333333,7.204166667,2.6225,1.64875
2014,ENE,31,4,17.81,83.55208333,7.302083333,2.3575,1.35875
2014,ENE,31,5,18.06,87.04916667,7.439583333,2.47625,0.96
2014,ENE,31,6,19,90.3825,7.55875,2.5175,0.61625
2014,ENE,31,7,20.26,92.32125,7.7625,2.54875,0.5
2014,ENE,31,8,22.01,96.64333333,8.584166667,2.67375,0.5525
2014,ENE,31,9,24.4,102.8633333,9.467916667,3.08875,0.64875
2014,ENE,31,10,19.33,107.21375,9.947083333,4.135,0.71125
2014,ENE,31,11,15.05,109.3595833,9.842916667,6.83625,0.71125
2014,ENE,31,12,6.53,109.26,9.897916667,11.34875,0.6725
2014,ENE,31,13,0.71,109.1045833,9.923333333,17.14625,0.64
2014,ENE,31,14,0.79,108.5475,10.00291667,23.7075,0.59625
2014,ENE,31,15,0.61,108.6416667,10.055,30.3225,0.515
2014,ENE,31,16,0.58,108.6783333,10.07833333,37.06125,0.428571429
2014,ENE,31,17,0.93,108.6145833,10.00916667,42.94,0.295
2014,ENE,31,18,2.19,108.4125,9.920833333,47.59125,NA
2014,ENE,31,19,15.15,108.3366667,9.855833333,49.4,NA
2014,ENE,31,20,37.42,107.32125,9.695833333,45.83125,NA
2014,ENE,31,21,34.98,107.7833333,9.539583333,40.4625,NA
2014,ENE,31,22,21.86,103.5425,9.240416667,35.2975,NA
2014,ENE,31,23,13.28,96.69,9.106666667,30.3525,NA
