DATOS HORARIOS 2014_ NATIVITAS,,,,,,,,,,,,,,,,
,,,,,,,,,,,,,,,,
Ańo,Mes,Día,Hora,O3,SO2,NO2,CO,PM10,WS,WD,TEMP,HR,PBAR,RADSOL,,
2014,SEP,1,0,26.43,21.44,8.84,0.3,49.43,3.52,76.15,19.98,71.58,623.66,15.72,,
2014,SEP,1,1,26.61,19.44,8.71,0.26,50.46,2.94,99.29,19.31,72.45,623.72,2.4,,
2014,SEP,1,2,25.03,17.3,10.66,0.22,34.27,2.37,96.32,18.67,73.14,623.79,2.44,,
2014,SEP,1,3,24.91,17.45,10.98,0.21,41.9,2.42,79.52,18.87,73.92,623.77,5.77,,
2014,SEP,1,4,32.83,16.6,9.25,0.2,37.66,2.68,76.73,17.88,77.92,623.87,2.53,,
2014,SEP,1,5,25.4,16.98,11.96,0.2,34.09,1.87,105.68,16.86,80.95,623.98,2.59,,
2014,SEP,1,6,15.99,17.59,12.92,0.22,54.26,2.75,80.91,16.37,83.65,624.05,3.76,,
2014,SEP,1,7,9.03,18.82,14.87,0.32,28.19,2.16,108.95,16.01,84.59,624.08,15.7,,
2014,SEP,1,8,9.03,18.42,12.6,0.47,18.91,2.49,104.35,18.66,79.57,623.83,178.27,,
2014,SEP,1,9,27.23,16.77,10.33,0.44,11.64,4.43,102.25,20.81,69.17,623.6,402.39,,
2014,SEP,1,10,38.41,15.73,11.52,0.4,12.44,4.68,95.96,22.85,59.2,623.4,633.5,,
2014,SEP,1,11,50.56,15.33,12.55,0.37,25.55,4.25,88.94,24.53,51.52,623.26,778.45,,
2014,SEP,1,12,60.88,15.79,13.49,0.36,37.39,3.2,106.44,26.06,46.02,623.09,837.8,,
2014,SEP,1,13,75.58,16.4,11.97,0.35,42.73,2.69,112.73,27.01,42.07,622.98,763.5,,
2014,SEP,1,14,81.99,19.92,11.93,0.33,33.62,2.84,93.86,28.68,36.44,622.81,982.22,,
2014,SEP,1,15,85.22,22.97,12.34,0.29,29.36,2.81,111.03,29.8,33.14,622.69,931.05,,
2014,SEP,1,16,86.38,21.34,12.87,0.26,32.01,2.53,128.22,30.48,30.52,622.62,792.02,,
2014,SEP,1,17,82.07,17.54,12.83,0.23,48.31,3.82,151.53,28.69,34.91,622.78,322.18,,
2014,SEP,1,18,75.04,13.85,10.3,0.2,69.87,4.52,176.3,25.79,41.8,623.06,269.19,,
2014,SEP,1,19,62.49,13.44,11.01,0.21,122.06,4.63,149.39,21.41,64.14,623.51,61.07,,
2014,SEP,1,20,41.29,14.48,14.12,0.25,249.92,2.42,122.5,18.39,84.37,623.79,2.62,,
2014,SEP,1,21,43.3,14.08,12.52,0.28,48.48,2.88,155.38,18.18,85.38,623.83,2.58,, 
2014,SEP,1,22,43.13,13.42,11.61,0.26,146.99,2.3,168.21,17.65,88.91,623.88,2.64,,
2014,SEP,1,23,41.69,13.27,11.35,0.23,10.33,1.67,162.6,18.05,88.65,623.85,4.8,,
2014,SEP,2,0,37.56,12.96,10.33,0.21,33.89,2.17,170.27,17.51,88.36,623.9,2.56,,
2014,SEP,2,1,40.15,14.71,9.58,0.2,51.69,1.42,153.37,17.14,88,623.96,2.59,,
2014,SEP,2,2,41.08,16.55,12.13,0.21,47.35,2.35,113.19,16.72,88.92,624.01,9.29,,
2014,SEP,2,3,21.52,17.07,18.78,0.27,122.03,1.76,115.17,16.21,90.73,624.05,11.57,,
2014,SEP,2,4,20.17,17.7,18.03,0.3,156.72,1.45,162.89,15.64,92.26,624.11,4.12,,
2014,SEP,2,5,17.26,16.82,15.69,0.29,64.54,2.1,139.4,15.58,91.65,624.14,4.95,,
2014,SEP,2,6,17.69,16.98,17.32,0.3,40.71,1.86,118.35,16.24,91.11,624.06,2.58,,
2014,SEP,2,7,10.55,17.7,18.59,0.44,121.38,1.81,94.95,16.03,91.78,624.08,18.78,,
2014,SEP,2,8,17.92,17.56,17.61,0.56,32.04,2.18,124.52,18.37,87.06,623.87,164.64,,
2014,SEP,2,9,30.91,16.87,13.76,0.53,10.57,1.8,171.9,21.65,82.32,623.54,387.92,,
2014,SEP,2,10,43.28,16.39,11.52,0.42,10.29,1.59,128.61,24.43,66.45,623.27,592.55,,
2014,SEP,2,11,49.81,16.07,10.63,0.32,11.18,2.68,128.57,25.35,54.44,623.14,702.25,,
2014,SEP,2,12,54.79,15.91,9.92,0.29,37.71,3.16,117.86,24.42,52.99,623.25,492.46,,
2014,SEP,2,13,59.26,16.47,9.47,0.27,12.72,2.87,148.72,26.29,48.23,623.05,919.89,,
2014,SEP,2,14,61.08,15.86,7.98,0.25,10.52,2.86,141.57,27.21,44.03,622.94,905.33,,
2014,SEP,2,15,64.62,15.51,7.2,0.21,10.26,2.15,164.74,28.2,39.54,622.84,788.38,,
2014,SEP,2,16,72.47,15.53,7.2,0.2,27.13,2.28,229.3,28.35,38.81,622.83,555.19,,
2014,SEP,2,17,74.14,15.53,7.2,0.2,20.94,2.85,249.77,28.11,39.4,622.86,514.91,,
2014,SEP,2,18,75.69,15.38,8.03,0.2,27.8,3.55,248.18,27.04,42.38,622.96,299.65,,
2014,SEP,2,19,55.45,12.96,11.68,0.22,280.6,4.22,230.85,23.16,63.35,623.07,55.7,,
2014,SEP,2,20,37.59,12.96,14.59,0.3,245.23,3.66,240.08,20.83,70.44,623.31,2.52,,
2014,SEP,2,21,41,25.51,15.41,0.43,24.84,3.33,249.18,20.71,65.79,623.54,2.34,,
2014,SEP,2,22,26.35,15.28,12.04,0.31,204.63,1.92,225.71,19.03,76.49,623.74,2.54,,
2014,SEP,2,23,20.94,14.78,10.35,0.25,57.23,1.92,215.12,18.46,81.82,623.81,2.5,,
2014,SEP,3,0,20.83,14.79,9.27,0.23,16.85,2.32,223.63,17.97,82.79,623.86,2.54,,
2014,SEP,3,1,20.98,15.44,8.48,0.21,19.41,2.32,243.4,17.28,84.18,623.93,2.57,,
2014,SEP,3,2,14.86,15.81,9.41,0.2,35.09,1.92,260.59,16.65,85.08,624.01,3.17,,
2014,SEP,3,3,10.26,16.16,10.64,0.21,28.03,2.25,264.68,16.5,86.93,624.03,3.21,,
2014,SEP,3,4,11.56,15.96,10.54,0.2,16.71,2.52,267.96,16.51,86.55,624.04,2.64,,
2014,SEP,3,5,11.79,15.9,9.65,0.2,35.47,2.3,233.12,16.14,87.7,624.06,4.33,,
2014,SEP,3,6,9.84,16.07,9.92,0.28,24.79,2.19,249.22,15.99,88.55,624.08,2.68,,
2014,SEP,3,7,9.03,16.56,10.28,0.48,22.34,2.43,257.17,16.33,88.24,624.05,7.37,,
2014,SEP,3,8,11.08,16.83,10.06,0.51,23.83,2.63,244.21,16.75,87.68,624.01,70.01,,
2014,SEP,3,9,17.71,16.99,8.79,0.41,12.45,2.61,249.49,19.42,81.58,623.73,272.96,,
2014,SEP,3,10,24.78,16.71,8.31,0.33,10.3,2.68,252.18,22.29,68.2,623.47,498,,
2014,SEP,3,11,29.86,16.42,8.54,0.29,12.53,3.25,258.87,23.64,58.4,623.35,614.97,,
2014,SEP,3,12,35.63,16.31,9.43,0.28,21.8,3.35,261.55,23.42,55.95,623.36,363.64,,
2014,SEP,3,13,39.22,16.24,10.15,0.35,26.61,3.79,261.76,24.36,54.09,623.28,487.78,,
2014,SEP,3,14,29.37,16.7,14.3,0.56,97.16,3.61,265.5,20.94,72.39,623.6,227.75,,
2014,SEP,3,15,35.22,17.44,15.05,0.57,16.84,2.36,241.82,23.63,62.2,623.32,450.45,,
2014,SEP,3,16,50.88,18.25,12.58,0.38,14.67,2.28,178.29,25.05,55.01,623.15,306.23,,
2014,SEP,3,17,55.93,14.27,7.78,0.2,62.47,4.54,165.88,21.88,64.61,622.03,161.14,,
2014,SEP,3,18,38.6,12.96,8.65,0.32,69.46,2.69,127.49,21.08,69.94,620.51,92.23,,
2014,SEP,3,19,29.64,12.96,10.1,0.33,56.52,2.85,141.69,19.82,76.01,620.68,29.69,,
2014,SEP,3,20,27.49,12.96,10.18,0.32,42.08,3.05,188.78,19.37,78.19,620.76,2.48,,
2014,SEP,3,21,30.09,12.96,10.57,0.34,15.01,2.22,231.79,19.22,73.87,620.76,2.44,,
2014,SEP,3,22,27.61,12.96,10.4,0.31,31.68,2.29,222.65,18.84,75.36,620.82,2.47,,
2014,SEP,3,23,25.29,13.08,10.06,0.28,37.28,1.84,227.9,18.74,76.69,620.82,2.46,,
2014,SEP,4,0,21.89,13.23,9.75,0.24,25.36,1.5,210.45,18.73,76.91,620.82,2.41,,
2014,SEP,4,1,22.07,13.17,9.34,0.22,43.85,1.18,209.96,18.45,78.16,620.85,2.47,,
2014,SEP,4,2,17.37,13.16,9.94,0.21,29.21,1.59,178.76,18.49,78.42,620.85,6.38,,
2014,SEP,4,3,16.3,13.23,9.58,0.2,25.17,1.27,227.51,18.24,79.17,620.89,2.47,,
2014,SEP,4,4,16.04,14.18,9.17,0.2,22.87,0.98,205.88,18.08,79.95,620.89,2.52,,
2014,SEP,4,5,9.16,14.9,10.61,0.2,44.86,1.09,178.94,17.85,81.7,620.9,2.48,,
2014,SEP,4,6,9.03,14.99,10.57,0.23,25.24,1.5,159.59,17.71,82.27,620.93,6.36,,
2014,SEP,4,7,9.03,15.14,9.97,0.25,30.67,1.66,134.34,17.5,83.12,620.95,7.22,,
2014,SEP,4,8,9.03,15.36,9.57,0.35,32.17,1.94,129.84,17.64,83.4,620.94,61.53,,
2014,SEP,4,9,15.42,15.57,8.35,0.33,20.36,2.71,116.36,18.51,81.51,620.85,174.08,,
2014,SEP,4,10,23.46,15.43,7.27,0.25,10.33,3.04,136.42,21.69,69.41,620.53,456,,
2014,SEP,4,11,30.17,15.05,7.6,0.21,10.68,3.34,132.25,24.09,57.07,620.29,608.21,,
2014,SEP,4,12,35.02,15.05,7.64,0.24,11.77,2.71,119.81,25.22,51.47,620.18,690.45,,
2014,SEP,4,13,38.7,14.99,7.2,0.22,16.78,2.57,130.04,25.63,48.45,620.16,470.44,,
2014,SEP,4,14,36,15.09,7.2,0.21,32.11,2.78,186.9,24.27,53.03,620.29,153.38,,
2014,SEP,4,15,30.12,15.37,7.99,0.33,64.49,3.75,267.59,22.33,63.43,620.48,245.99,,
2014,SEP,4,16,30.59,15.53,10.76,0.42,12.59,3.73,292.84,22.58,59.43,620.45,255.21,,
2014,SEP,4,17,32.75,16.08,11.59,0.43,19.3,2.17,284.59,23.62,54.99,620.35,212.61,,
2014,SEP,4,18,35.02,16.24,10.19,0.35,36.89,2.1,133.12,23.52,56.33,620.36,110.18,,
2014,SEP,4,19,29.75,16.53,9.67,0.37,70.35,3.62,113.12,20.42,67.76,620.66,20.28,,
2014,SEP,4,20,23.07,16.86,10.76,0.4,91.4,5.31,95.37,18.58,77.86,620.82,12.52,,
2014,SEP,4,21,24.42,16.26,11.14,0.35,142.41,2.87,106.87,17.29,87.97,620.96,2.63,,
2014,SEP,4,22,28.92,17.52,9.03,0.29,32.18,3.32,66.36,17.1,88.59,620.97,2.68,,
2014,SEP,4,23,29.11,17.71,8.31,0.25,30.43,2.95,71.04,16.63,89.14,621.02,2.66,,
2014,SEP,5,0,28.68,19.48,7.2,0.22,42.4,1.96,109.98,16.68,89.74,621.02,2.68,,
2014,SEP,5,1,20.84,15.64,7.2,0.2,62.39,1.44,168.94,16.42,91.88,621.06,10.47,,
2014,SEP,5,2,12.21,13.26,11.06,0.2,63.23,1.6,173.94,16.39,93.45,621.05,2.69,,
2014,SEP,5,3,11.33,13.02,12.92,0.22,86.56,1.49,94.85,16.34,94.08,621.06,2.68,,
2014,SEP,5,4,12.12,12.96,12.21,0.23,65.98,1.77,316.78,16.34,94.17,621.06,2.66,,
2014,SEP,5,5,12.22,13.36,12,0.3,34.45,2.11,317.65,16.27,94.13,621.06,2.65,,
2014,SEP,5,6,11.37,15.01,13.03,0.45,44.35,1.25,278.19,16.39,94.39,621.07,6.5,,
2014,SEP,5,7,9.03,16.28,13.45,0.74,80.91,1.64,263.35,16.49,94.37,621.05,7.29,,
2014,SEP,5,8,9.03,16.99,13.73,0.92,29.1,2.33,311.09,16.79,94.08,621.02,40.42,,
2014,SEP,5,9,9.03,15.65,13.32,0.99,22.52,2.23,310.9,17.43,93.16,620.96,70.98,,
2014,SEP,5,10,10.34,14.92,11.85,0.79,10.32,2.64,316.02,19.11,90.13,620.8,308.45,,
2014,SEP,5,11,23.19,15.96,12.72,0.69,11.3,2.04,291.22,22.95,73.51,620.42,644.24,,
2014,SEP,5,12,37.56,40.76,14.68,0.89,16.07,2.31,291.95,25.07,55.72,620.23,877.34,,
2014,SEP,5,13,56.63,94.3,19.68,1.38,45.64,2.18,269.21,27.22,44.69,620.02,996.66,,
2014,SEP,5,14,82.21,151.69,25.86,1.34,98.32,1.73,340.15,27.98,42.19,619.94,866.07,,
2014,SEP,5,15,77.27,92.24,22.4,1.22,107.78,2.31,293.43,27.65,41.72,619.96,601.49,,
2014,SEP,5,16,50.09,30.74,16.51,0.68,94.31,3.23,179.53,26.17,47.04,620.11,373.96,,
2014,SEP,5,17,40.83,31.36,14.24,0.64,100.27,3.63,70.3,25.02,49.9,620.2,269.47,,
2014,SEP,5,18,36.31,39.11,15.11,0.66,301.98,3.46,70.04,23.61,55.6,620.32,134.62,,
2014,SEP,5,19,34.12,18.26,15.05,0.48,63.59,3.84,64.58,22.32,57.8,620.44,23.56,,
2014,SEP,5,20,36.36,30.56,15.62,0.45,117.03,3.89,65.62,21.23,63.07,620.56,4.58,,
2014,SEP,5,21,29.57,26.71,15.08,0.43,208.91,3.52,62.59,20.39,70.26,620.65,2.35,,
2014,SEP,5,22,20.24,24.14,15.19,0.37,56.96,2.68,157.58,20.11,71.59,620.69,5.7,,
2014,SEP,5,23,32.65,18.25,11.86,0.29,12.35,2.56,232.39,19.11,70.77,620.8,2.47,,
2014,SEP,6,0,38.23,16.17,9.6,0.24,73.84,2.58,218.59,18.34,74.85,620.89,2.49,,
2014,SEP,6,1,34.56,15,8.24,0.23,221.34,2.6,210.44,16.23,90.32,621.09,2.65,,
2014,SEP,6,2,44.59,14.12,7.2,0.2,88.91,2.23,233.55,15.21,98.31,621.2,2.71,,
2014,SEP,6,3,50.14,13.61,7.95,0.21,55.13,2.51,293.18,14.75,98.88,621.24,2.74,,
2014,SEP,6,4,43.45,13.51,9.4,0.2,25.63,2.71,314.26,14.89,99.33,621.21,2.8,,
2014,SEP,6,5,43.2,13.15,9.85,0.21,23.35,2.85,312.32,14.88,99.7,621.23,2.77,,
2014,SEP,6,6,29.3,13.01,13.29,0.42,49.96,2.42,304.16,14.73,NA,621.23,2.77,,
2014,SEP,6,7,16.28,13.09,16.82,0.61,36.14,1.68,277.62,14.86,NA,621.24,10.61,,
2014,SEP,6,8,9.03,13.64,17.38,0.81,30.72,1.54,160.02,15.79,NA,621.1,94.51,,
2014,SEP,6,9,21.73,14.38,12.96,0.54,24.2,2.43,125.35,18.86,NA,620.81,327.06,,
2014,SEP,6,10,24.49,14.63,11.37,0.45,NA,2.97,123.46,20.78,NA,620.62,531.21,,
2014,SEP,6,11,35.38,13.74,10.2,0.39,42.84,3.56,110.94,22.82,72.41,620.43,770.45,,
2014,SEP,6,12,47.31,12.97,8.63,0.31,17.36,3.81,125.24,24.71,59.63,620.24,930.15,,
2014,SEP,6,13,52.39,12.96,7.37,0.28,11.2,3.63,123.84,26.53,47.63,620.05,979.86,,
2014,SEP,6,14,59.56,15.79,7.2,0.28,10.27,2.89,111.15,27.52,42.49,619.94,935.23,,
2014,SEP,6,15,67.55,16.12,7.5,0.31,25.49,3.08,92.38,27.36,39.51,619.98,530.82,,
2014,SEP,6,16,68.9,18.66,9.83,0.31,29.2,3.36,84.48,28.04,35.57,619.89,574.07,,
2014,SEP,6,17,59.15,18.21,11.16,0.3,47.22,4.92,65.98,26.94,37.62,620.01,456.67,,
2014,SEP,6,18,52.74,19.53,11.52,0.29,21.64,4.31,63.84,26.43,37.33,620.05,234.27,,
2014,SEP,6,19,36.64,20.42,12.46,0.38,87.73,4.69,70.39,23.02,55.2,620.4,71.1,,
2014,SEP,6,20,26.54,25.59,13.84,0.42,35.16,4.42,65.72,20.98,58.77,620.61,2.49,,
2014,SEP,6,21,18.43,26.2,13.28,0.45,77.46,2.81,78.59,19.64,64.54,620.74,2.44,,
2014,SEP,6,22,11.28,25.99,13.34,0.54,62.7,1.91,116.61,17.89,70.01,620.95,11.44,,
2014,SEP,6,23,9.03,25.15,13.2,0.51,43.51,2.32,94.96,17.47,72.08,621,2.58,,
2014,SEP,7,0,9.03,23.67,10.06,0.38,98.57,2.92,77.83,16.71,78.29,621.06,5.96,,
2014,SEP,7,1,9.32,20.31,8.63,0.32,97.66,2.72,70.45,16.27,82.37,621.08,2.65,,
2014,SEP,7,2,13.11,18.21,7.69,0.26,35.02,2.94,68.49,16.5,82.09,621.07,8.21,,
2014,SEP,7,3,9.03,24.86,9.85,0.23,37.94,2.65,90.25,16.53,80.89,621.08,9.26,,
2014,SEP,7,4,14.76,20.35,7.8,0.22,35.98,3.43,78.05,15.85,81.86,621.14,5.56,,
2014,SEP,7,5,19.75,19.45,7.27,0.21,15.16,3.09,72.35,15.83,79.92,621.13,2.71,,
2014,SEP,7,6,14.08,18.7,7.46,0.26,50.83,3.03,95.59,15.24,82.79,621.2,2.71,,
2014,SEP,7,7,10.25,16.44,7.43,0.3,43.27,2.57,108.46,14.84,85.15,621.25,16,,
2014,SEP,7,8,9.03,18.76,8.5,0.43,14.64,2.73,92,17.34,78.7,621,185.12,,
2014,SEP,7,9,17.3,22.97,8.72,0.36,10.65,5.01,72.28,19.56,64.89,620.78,424.24,,
2014,SEP,7,10,33.77,19.15,9.38,0.4,12.41,5.31,90.68,21.27,54.9,620.63,625.25,,
2014,SEP,7,11,39.7,18.9,10.22,0.35,19.32,5.5,96.19,22.95,48.07,620.45,834.3,,
2014,SEP,7,12,47.08,13.18,9.05,0.33,58.24,5.03,94.94,24.28,43.51,620.33,960.6,,
2014,SEP,7,13,49.24,16.02,9.18,0.34,96.91,5.27,85.57,25.68,38.71,620.18,1015.33,,
2014,SEP,7,14,50.84,16.68,10.59,0.34,42.44,6.44,91.66,25.94,37.32,620.14,936.02,,
2014,SEP,7,15,54.42,12.96,10.38,0.33,38.41,6.31,90.26,26.32,33.51,620.12,911.96,,
2014,SEP,7,16,48.9,19.19,11.9,0.33,171.8,6.4,77.92,26.3,34.5,620.1,752.62,,
2014,SEP,7,17,46.22,25.58,12.52,0.28,102.19,6.28,69.56,26.04,34.87,620.11,542.19,,
2014,SEP,7,18,44.49,19.8,11.91,0.28,25.34,5.54,76.63,25.57,36.16,620.17,300.42,,
2014,SEP,7,19,40.86,13.38,10.89,0.3,55.07,4.97,85.85,23.85,42.21,620.34,74.58,,
2014,SEP,7,20,31.1,13.54,12.21,0.37,59.55,4.58,66.79,21.43,52.82,620.57,12.66,,
2014,SEP,7,21,29.06,15.54,11.51,0.38,68,4.38,83.32,20.06,59.98,620.71,2.38,,
2014,SEP,7,22,20.6,20.21,12.46,0.38,77.27,3.93,78.58,18.56,68.33,620.86,2.49,,
2014,SEP,7,23,24.27,15.29,10.49,0.31,52.19,4.5,85.76,17.45,74.22,620.96,2.59,,
2014,SEP,8,0,24.22,12.96,9.46,0.26,28.28,3.87,94.18,16.63,76.93,621.04,2.64,,
2014,SEP,8,1,23.53,12.96,8.44,0.24,40.32,4.17,79.95,16.09,79.16,621.11,2.67,,
2014,SEP,8,2,21.32,15.37,8.05,0.21,40.04,3.67,81.07,15.56,82.39,621.16,3.3,,
2014,SEP,8,3,20.35,18.03,7.73,0.21,31.16,2.37,83.07,15.33,83.09,621.19,2.71,,
2014,SEP,8,4,21.39,15.54,7.2,0.2,29.34,3.01,85.67,15.58,83.02,621.15,2.72,,
2014,SEP,8,5,24.66,16.72,7.2,0.2,17.39,4.48,74.25,15.98,81.46,621.11,2.69,,
2014,SEP,8,6,23.46,19.42,9.11,0.27,33.03,4.2,69.95,16.15,81.31,621.1,2.65,,
2014,SEP,8,7,20.67,18.19,10.06,0.48,27.64,3.31,72.15,15.6,82.36,621.15,7.02,,
2014,SEP,8,8,13.58,20.61,11.55,0.55,43.5,2.34,123.79,15.68,82.01,621.16,67.09,,
2014,SEP,8,9,19.29,18.66,9.82,0.5,41.54,3.08,105.77,17.51,76.94,620.98,276.39,,
2014,SEP,8,10,33.79,16.34,8.28,0.43,11.53,4.22,80.65,19.94,63.8,620.74,469.19,,
2014,SEP,8,11,42.99,16.05,10.01,0.47,55.17,5.38,101.96,21.5,53.56,620.6,633.22,,
2014,SEP,8,12,45.17,16.01,10.5,0.45,147.6,5.47,88.81,22.28,50.44,620.53,728.22,,
2014,SEP,8,13,48.97,15.6,9.95,0.42,108.68,6.11,76.45,23.45,44.86,620.4,848.12,,
2014,SEP,8,14,51.27,15.67,10.56,0.37,100.22,5.16,70.68,23.68,45.67,620.37,562.9,,
2014,SEP,8,15,51.88,15.93,10.53,0.38,146.69,5.31,84.05,25.12,41.28,620.22,515.73,,
2014,SEP,8,16,49.06,15.9,10.4,0.33,69.16,4.88,81.26,24.74,43.76,620.26,396.05,,
2014,SEP,8,17,44.07,16.06,9.73,0.32,27.97,4.53,68.44,23.99,46.48,620.33,210.18,,
2014,SEP,8,18,37.18,20.5,10.58,0.34,52.76,4.47,65.23,23.56,49.48,620.37,189.37,,
2014,SEP,8,19,31.69,26.34,11.14,0.32,64.77,4.19,74.36,22.09,54.72,620.51,43.34,,
2014,SEP,8,20,27.71,30.59,11.71,0.31,66.96,4.15,64.19,20.64,59.56,620.65,2.38,,
2014,SEP,8,21,28.67,34.67,10.41,0.28,44.28,3.66,67.88,19.75,62.86,620.74,2.37,,
2014,SEP,8,22,24.96,29.2,9.99,0.28,148.01,3.49,62.28,18.63,66.9,620.86,2.49,,
2014,SEP,8,23,18.4,21.01,10.84,0.31,54.02,1.9,96.61,17.35,71.45,621,2.6,,
2014,SEP,9,0,20.59,18.98,8.88,0.36,44.32,2.74,97.76,16.48,76.25,621.09,2.61,,
2014,SEP,9,1,25.67,16.02,7.24,0.28,48.79,3.09,84.74,16.16,78.48,621.11,2.67,,
2014,SEP,9,2,23.08,15.43,7.95,0.24,21.55,2.47,101.72,16.07,77.68,621.12,2.7,,
2014,SEP,9,3,18.84,15.12,8.01,0.21,36.38,2.26,127.81,15.71,80.4,621.17,2.64,,
2014,SEP,9,4,11.59,15.29,9.34,0.2,32.45,2.19,126.29,15.58,81.8,621.17,2.68,,
2014,SEP,9,5,13.86,14.68,8.27,0.21,36.7,2.44,119.39,15.95,82.23,621.14,2.67,,
2014,SEP,9,6,11.18,14.84,9.71,0.34,62.33,2.19,112.28,16.14,81.98,621.12,2.67,,
2014,SEP,9,7,9.03,15.64,10.07,0.49,90.29,2.3,111.08,15.48,83.71,621.19,8.07,,
2014,SEP,9,8,11.34,14.72,9.88,0.54,63.7,2.06,110.39,16.46,82.03,621.09,65.82,,
2014,SEP,9,9,18.97,14.04,8.65,0.44,83.16,2.28,113.14,18.43,76.28,620.91,182.18,,
2014,SEP,9,10,29.44,13.32,7.45,0.36,12.06,4.69,72.49,20.04,66.49,620.74,316.99,,
2014,SEP,9,11,34.82,13.53,7.48,0.35,13.52,5.01,70.15,22.62,56.96,620.48,752.66,,
2014,SEP,9,12,39.2,13.33,8.04,0.36,15.72,5.14,71.82,24.47,49.46,620.3,959.16,,
2014,SEP,9,13,43.88,13.08,8.6,0.36,56.12,4.27,78.5,25.05,47.17,620.23,779.24,,
2014,SEP,9,14,50.27,12.96,8.75,0.31,82.69,3.74,77.14,26.06,43.97,620.11,730.87,,
2014,SEP,9,15,51.56,12.96,8.1,0.25,151.52,3.52,89,27.12,40.98,620.01,781.2,,
2014,SEP,9,16,48.55,12.96,8.77,0.26,18.63,3.83,83.71,27.65,38.03,619.94,546.83,,
2014,SEP,9,17,44.12,30.39,11.14,0.56,41.13,3.1,88.94,28.52,35.96,619.85,503.1,,
2014,SEP,9,18,42.48,17.04,11.99,0.55,28.34,3.02,265.88,28.37,36.28,619.88,280.03,,
2014,SEP,9,19,31.26,19.48,16.17,0.53,42.2,3.6,231.89,25.76,44.51,620.13,27.71,,
2014,SEP,9,20,34.32,32.26,14.15,0.43,68.17,4.35,59.49,24.03,52.18,620.32,2.13,,
2014,SEP,9,21,29.02,63.42,12.44,0.37,47.42,4.19,57.52,22.54,59.48,620.47,2.22,,
2014,SEP,9,22,26.11,28.47,10.77,0.32,21.64,3.63,83.71,21.51,62.28,620.58,2.26,,
2014,SEP,9,23,25.06,14.17,9.64,0.28,45.69,3.03,91.11,20.29,66.53,620.71,2.36,,
2014,SEP,10,0,21.53,13.31,9.75,0.27,36.74,2.79,90.8,19.57,69.02,620.78,2.4,,
2014,SEP,10,1,18.94,13.58,9.68,0.25,54.29,2.47,87.78,18.57,73.48,620.88,2.47,,
2014,SEP,10,2,12.02,13.6,11.16,0.22,45.33,2.7,100.32,17.46,78.26,620.99,2.55,,
2014,SEP,10,3,10.97,15.72,11,0.23,49.36,3.14,97.21,17.09,81.1,621.02,2.62,,
2014,SEP,10,4,13.5,13.67,9.7,0.2,40.65,2.52,107.7,16.45,83.08,621.09,2.62,,
2014,SEP,10,5,15.85,13.03,8.52,0.2,134.43,2.95,82.72,16.24,84.22,621.1,2.65,,
2014,SEP,10,6,13.76,15.67,9.35,0.2,171.98,2.37,86.42,16.03,84.44,621.13,2.64,,
2014,SEP,10,7,9.03,16.16,9.94,0.2,82.78,1.58,128.89,15.43,86.74,621.19,15.16,,
2014,SEP,10,8,9.94,17.39,9.37,0.23,13.28,1.68,149.57,18.96,81.39,620.85,176.34,,
2014,SEP,10,9,17.52,16.94,9.15,0.2,10.82,2.57,97.62,22.15,66.78,620.53,407.93,,
2014,SEP,10,10,30.66,14.61,8.73,0.2,20.67,4,82.27,23.39,57.5,620.41,630.71,,
2014,SEP,10,11,38.13,14.16,8.99,0.3,13.2,3.89,77.95,25.11,50.92,620.23,819.88,,
2014,SEP,10,12,44.46,14.33,8.95,0.27,38.22,3.09,100.71,26.5,46.41,620.11,809.89,,
2014,SEP,10,13,53.33,14.15,7.97,0.23,44.76,2.94,99.97,27.97,40.98,619.95,1019.36,,
2014,SEP,10,14,62.6,14.18,7.2,0.2,34.01,3.28,109.78,28.48,38.11,619.89,879.62,,
2014,SEP,10,15,64.97,20.14,7.2,0.3,44.58,2.84,87.46,28.9,36.62,619.84,752.1,,
2014,SEP,10,16,58.44,23.39,8.47,0.27,41.28,2.42,97.05,29.18,35.13,619.81,376.38,,
2014,SEP,10,17,47.75,34.12,10.61,0.44,63.98,2.78,77.76,28.27,38.1,619.89,332.68,,
2014,SEP,10,18,44.2,45.78,11.6,0.69,40.52,3.51,78.26,28.85,36.37,619.82,300.4,,
2014,SEP,10,19,43.95,20.42,10.19,0.38,62.88,4.02,131.79,24.87,46.62,620.25,66.05,,
2014,SEP,10,20,50.18,17.27,8.53,0.31,107.25,2.55,183.94,20.5,63.95,620.68,2.34,,
2014,SEP,10,21,43.77,16.55,7.7,0.28,91.99,2.83,135.76,19.75,68.56,620.76,12.95,,
2014,SEP,10,22,35.26,16.39,8.34,0.25,126.66,3.31,133.99,18.6,78.17,620.87,2.53,,
2014,SEP,10,23,33.91,15.97,9.41,0.25,45.34,2.11,93.89,17.56,82.93,621,2.61,,
2014,SEP,11,0,21.82,17.31,12.05,0.26,57.16,1.62,87.26,17.25,84.04,621.01,2.62,,
2014,SEP,11,1,13.39,19.52,15.33,0.25,46.73,2.09,79.64,17.3,83.29,621,2.59,,
2014,SEP,11,2,11.66,20.02,15.2,0.24,45.85,2.43,82.99,16.88,83.29,621.03,12.66,,
2014,SEP,11,3,14.33,18.64,12.08,0.21,39.16,2.75,93.19,16.65,83.17,621.06,2.61,,
2014,SEP,11,4,10.77,18.28,12.75,0.23,51.68,2.01,147.53,15.7,84.62,621.17,2.67,,
2014,SEP,11,5,9.24,17.73,11.5,0.26,63.72,2.93,88.44,15.67,86.68,621.18,9.36,,
2014,SEP,11,6,9.8,17.89,10.21,0.36,35.67,3.51,64.62,15.92,86.82,621.14,2.72,,
2014,SEP,11,7,11.87,20.26,8.67,0.53,55.15,3.49,73.74,16.07,87.52,621.13,12.35,,
2014,SEP,11,8,12.87,20.78,8.12,0.49,16.81,2.35,110.25,18.84,80.97,620.87,176.87,,
2014,SEP,11,9,20.21,19.32,7.55,0.44,10.31,2.68,98.83,21.94,67.87,620.56,415.53,,
2014,SEP,11,10,31.87,17.9,7.78,0.36,14.86,4.78,85.02,22.94,58.77,620.46,632.25,,
2014,SEP,11,11,38.38,17.07,9.59,0.36,26.2,5.43,86.33,24.04,52.54,620.36,832.82,,
2014,SEP,11,12,47.07,16.38,10.15,0.36,31.24,4.74,83.41,25.44,47.02,620.22,880.02,,
2014,SEP,11,13,63.13,15.34,9.73,0.31,27.95,4.29,102.18,26.68,41.39,620.08,912,,
2014,SEP,11,14,67.66,12.96,8.56,0.28,25.12,4.31,82.48,27.84,36.02,619.95,934.42,,
2014,SEP,11,15,67.44,13.42,8.61,0.27,26.95,4.21,76.86,28.71,32.95,619.87,849.2,,
2014,SEP,11,16,62.65,16.05,9.07,0.23,35.88,4.44,71.4,29.13,30.87,619.81,665.21,,
2014,SEP,11,17,56.68,14.18,9.86,0.23,29.64,4.96,71.15,29.18,29.24,619.79,526.79,,
2014,SEP,11,18,44.24,34.48,12.45,0.37,76.44,4.76,64.52,27.02,38.82,620,113.73,,
2014,SEP,11,19,42.73,26.54,12.66,0.35,76.99,4.86,156.37,23.86,49.36,620.34,15.16,,
2014,SEP,11,20,61.27,16,7.96,0.27,192.35,4.52,156.29,17.32,79.23,620.97,2.64,,
2014,SEP,11,21,50.71,14.89,9.03,0.3,144.12,2.56,159.13,16.54,89.79,621.06,6.09,,
2014,SEP,11,22,36.27,14.9,10.61,0.33,40.82,2.28,120.34,16.51,90.93,621.06,7.81,,
2014,SEP,11,23,28.45,15.09,13.48,0.34,45.04,2.11,112.39,16.27,91.12,621.1,2.73,,
2014,SEP,12,0,26,15.43,15.4,0.29,27.64,2.11,116.44,15.71,91.77,621.15,2.68,,
2014,SEP,12,1,15.07,18.37,17.44,0.26,66.72,2.23,108.35,16.08,90.06,621.11,2.67,,
2014,SEP,12,2,9.03,20.87,17.99,0.29,67.05,2.44,112.6,15.81,89.36,621.14,2.66,,
2014,SEP,12,3,9.56,18.73,16.24,0.27,70.08,2.64,107.89,15.25,90.56,621.19,2.7,,
2014,SEP,12,4,12.91,19.65,12.92,0.22,33.63,2.98,94.03,15.1,89.78,621.2,2.76,,
2014,SEP,12,5,16.95,16.22,10.2,0.2,31.43,3.01,104.26,14.78,89.93,621.25,2.76,,
2014,SEP,12,6,12.68,16.13,11.68,0.39,30.33,3.1,93.84,14.54,89.13,621.27,2.76,,
2014,SEP,12,7,13.01,15.93,10.92,0.55,48.86,3,93.75,14.16,89.65,621.3,11.32,,
2014,SEP,12,8,15.28,15.95,10.56,0.58,17.34,2.97,100.81,17,83.28,621.03,181.41,,
2014,SEP,12,9,25,15.49,8.92,0.47,10.31,3.39,102.01,20.06,72.99,620.72,422.88,,
2014,SEP,12,10,33.02,15.23,9.53,0.41,20.23,4.22,90.83,21.7,60.83,620.57,649.92,,
2014,SEP,12,11,42.27,14.69,9.35,0.35,20.92,4.36,94.86,23.51,50.91,620.38,840.76,,
2014,SEP,12,12,49.87,14.43,10.3,0.35,25.62,4.93,97.25,24.72,43.54,620.27,938.21,,
2014,SEP,12,13,59.4,14.74,10.83,0.37,41.82,3.62,99.95,25.35,42.67,620.21,717.43,,
2014,SEP,12,14,63.19,14.68,9.97,0.34,46.87,2.88,114.42,24.96,44.25,620.25,273.16,,
2014,SEP,12,15,65.43,14.4,8.52,0.31,29.84,2.83,189.54,25.38,43.49,620.21,524.95,,
2014,SEP,12,16,62.61,13.85,7.61,0.27,50.8,3.97,171.44,23.73,48.92,620.37,255.53,,
2014,SEP,12,17,56.62,13.51,7.26,0.24,97.29,4.55,157.19,21.21,59.1,620.61,134.74,,
2014,SEP,12,18,52.16,12.96,7.2,0.24,115.76,3.26,159.01,17.88,72.89,620.93,92.19,,
2014,SEP,12,19,35.32,12.96,13.79,0.47,45.15,2.31,67.67,17.69,76.46,620.96,21.64,,
2014,SEP,12,20,23.23,13.44,18.98,0.57,50.25,1.8,106.76,18.04,72.34,620.93,16.41,,
2014,SEP,12,21,21.1,14.65,19.25,0.63,56.66,1.84,84.56,18.04,72.63,620.94,2.54,,
2014,SEP,12,22,11.41,15.35,21.48,0.56,73.04,1.84,112.9,17.73,75.2,620.97,2.53,,
2014,SEP,12,23,14.41,14.01,16.97,0.45,85.61,2.22,105.94,17.94,77.16,620.95,2.53,,
2014,SEP,13,0,13.78,12.96,13.51,0.33,81.83,2.65,122.25,17.3,81.23,621,19.41,,
2014,SEP,13,1,9.03,14.02,14.81,0.36,66.16,3.1,100.09,17.14,82.08,621.02,4.27,,
2014,SEP,13,2,9.03,15.14,11.85,0.3,51.15,1.92,100.67,17.02,82.45,621.04,7.01,,
2014,SEP,13,3,11.12,14.4,8.06,0.24,41.06,2.65,89.1,16.89,83.44,621.04,2.62,,
2014,SEP,13,4,19.41,13.88,7.2,0.22,14.68,2.32,95.51,16.56,83.22,621.08,2.63,,
2014,SEP,13,5,22.63,13.61,7.27,0.2,15.28,2.64,89.95,15.98,83.01,621.14,2.69,,
2014,SEP,13,6,24.82,13.19,8.51,0.22,17.65,3.09,101.13,15.38,83.07,621.2,12.13,,
2014,SEP,13,7,19.28,13.43,11.31,0.37,32.53,2.97,100.24,15.01,83.74,621.23,14.62,,
2014,SEP,13,8,18.39,13.3,11.46,0.44,26.98,3.35,99.64,15.65,82.22,621.18,89.85,,
2014,SEP,13,9,25.15,15.94,11.36,0.47,33.02,3.51,80.21,17.32,77.07,621.02,182.75,,
2014,SEP,13,10,33.59,16.38,9.76,0.38,12.72,4.99,63.52,19.1,68.2,620.83,286.95,,
2014,SEP,13,11,38.73,16.9,9.71,0.29,16.56,5.43,63.87,20.18,62.74,620.7,356.6,,
2014,SEP,13,12,40.15,20.06,10.15,0.32,27.5,5.12,67.24,21.43,58.95,620.58,474.11,,
2014,SEP,13,13,43.04,19.89,11.31,0.35,20.45,3.79,70.08,23.25,52.38,620.41,496.44,,
2014,SEP,13,14,50.03,17.54,10.66,0.38,22.73,3.03,90.57,24.8,47.02,620.29,518.89,,
2014,SEP,13,15,67.81,16.18,9.3,0.29,42.87,3.1,134.77,24.79,46.2,620.27,368.37,,
2014,SEP,13,16,79.74,16.15,8.28,0.28,58.18,2.24,155.36,24.72,46.09,620.29,285.54,,
2014,SEP,13,17,80.71,15.69,7.2,0.25,50.53,2.01,176.74,24.7,46.74,620.28,233.64,,
2014,SEP,13,18,73.91,15.23,7.81,0.29,65.19,1.99,162.2,23.65,50.36,620.4,120.75,,
2014,SEP,13,19,62.72,15,12.16,0.44,87.25,1.42,196.76,22.42,55.27,620.53,28.17,,
2014,SEP,13,20,48.92,15.58,15.98,0.55,126.01,1.19,163.8,21.4,58.77,620.62,13.38,,
2014,SEP,13,21,30.49,14.58,14.74,0.45,85.86,1.88,128.74,20.18,63.39,620.74,4.58,,
2014,SEP,13,22,17.28,14.06,14.34,0.48,59.21,2.23,125.64,19.51,68.08,620.82,2.37,,
2014,SEP,13,23,26.39,13.51,10.12,0.3,22.89,2.95,152.52,18.84,70.17,620.88,12.75,,
2014,SEP,14,0,25.53,13.06,9.12,0.26,40.67,2.65,118.84,18.67,72.32,620.89,6.41,,
2014,SEP,14,1,19.06,13.55,10.87,0.22,36.87,2.33,116.25,18.37,74.6,620.92,8.1,,
2014,SEP,14,2,12.09,13.9,12.08,0.24,44.55,2.15,125.67,17.97,77.85,620.95,2.51,,
2014,SEP,14,3,18.93,13.62,10.37,0.3,21.42,2.38,97.18,18.17,76.93,620.93,2.51,,
2014,SEP,14,4,13.57,13.89,12.57,0.29,31,2.36,122.55,17.9,77.62,620.96,5.28,,
2014,SEP,14,5,14.71,13.9,11.28,0.3,44.25,3.01,97.36,17.31,81.17,621.02,4.02,,
2014,SEP,14,6,16.81,13.65,11.27,0.33,40.56,2.72,119.98,16.82,82.83,621.06,7.13,,
2014,SEP,14,7,9.03,14.96,12.97,0.44,62.89,1.7,82.56,16.34,85.09,621.12,10.32,,
2014,SEP,14,8,9.03,15.74,11.93,0.6,42.01,1.95,143.7,17.38,83.81,621.01,111.26,,
2014,SEP,14,9,10.66,14.64,10.43,0.47,10.32,3.83,116.14,20.17,75.13,620.72,330.53,,
2014,SEP,14,10,24.98,14.22,10.87,0.44,10.32,4.55,105.09,22.63,63.19,620.5,525.1,,
2014,SEP,14,11,36.84,13.79,11.24,0.43,28.26,5.23,92.95,24.15,55.91,620.32,691.47,,
2014,SEP,14,12,45.67,13.74,11.6,0.41,33.25,5.07,95.56,24.85,51.31,620.25,568.62,,
2014,SEP,14,13,53.44,15.11,11.49,0.43,48.8,4.92,96.61,25.43,47.64,620.17,569.18,,
2014,SEP,14,14,57.05,14.54,11.6,0.45,46.71,4.21,97.11,25.36,46.51,620.19,334.91,,
2014,SEP,14,15,57.41,14.59,11.22,0.44,47.59,4.56,104.46,25.96,44.38,620.13,430.96,,
2014,SEP,14,16,54.32,13.5,8.38,0.35,94.59,3.57,136.62,26.16,47.18,620.1,393.92,,
2014,SEP,14,17,55.79,13.08,7.2,0.33,67.08,3.19,149.17,25.2,50.78,620.2,208.16,,
2014,SEP,14,18,51.5,12.97,7.2,0.35,94.9,3.32,130.99,23.54,58.36,620.35,89.17,,
2014,SEP,14,19,23.92,14.6,10.64,0.46,NA,2.97,68.95,18.94,84.97,620.84,6.92,,
2014,SEP,14,20,14.49,18.6,11.21,0.52,15.96,2.91,65.35,19.4,82,620.79,17.52,,
2014,SEP,14,21,15.28,21.17,10.91,0.49,20.22,3.06,58.26,18.71,77.45,620.87,9.83,,
2014,SEP,14,22,16.95,18.78,8.76,0.41,29.97,3.78,64.29,17.64,79.6,620.97,2.55,,
2014,SEP,14,23,16.51,19.43,8.43,0.32,20.48,4,66.87,17.33,80.59,621.01,14.69,,
2014,SEP,15,0,19.09,18.48,7.32,0.29,10.95,3.94,62.63,17.03,80.35,621.03,2.59,,
2014,SEP,15,1,20.57,15.59,7.2,0.24,16.38,3.68,64.24,16.75,79.52,621.05,3.11,,
2014,SEP,15,2,13.82,20.74,7.2,0.23,37.78,3.2,74.47,16.68,80.43,621.08,2.66,,
2014,SEP,15,3,13.12,21.59,8.1,0.22,24.08,3.13,77.9,16.71,79.6,621.06,2.62,,
2014,SEP,15,4,16.28,22.23,8.07,0.2,14.75,3.61,80.29,16.78,77.29,621.06,2.62,,
2014,SEP,15,5,16.91,20.65,8.37,0.2,21.01,3.26,75.26,16.47,77.93,621.11,13.22,,
2014,SEP,15,6,21.12,22.48,9.24,0.22,19.79,4.12,72.55,16.55,77.34,621.09,2.62,,
2014,SEP,15,7,17.85,23.06,10.33,0.39,36.59,3.67,79.08,16.04,79.38,621.15,15.29,,
2014,SEP,15,8,15.31,21.88,9.92,0.48,20.18,2.9,89.3,17.73,76.77,620.98,176.89,,
2014,SEP,15,9,20.77,25.67,9.47,0.46,13.91,4.66,77.61,20.5,65.92,620.71,432.51,,
2014,SEP,15,10,25.49,27.21,9.26,0.34,31.82,5.58,89.38,21.67,60.96,620.6,634.66,,
2014,SEP,15,11,29.37,19.35,8.77,0.33,28.24,4.84,68.85,22.37,57.07,620.52,522.54,,
2014,SEP,15,12,32.11,19,9.23,0.33,34.46,4.58,65.86,23.34,53.24,620.45,680.63,,
2014,SEP,15,13,37.02,17.68,9.55,0.36,23.9,5.16,88.21,25.27,44.88,620.24,980.5,,
2014,SEP,15,14,44.08,14.28,8.96,0.28,27.32,4.87,98.95,26.47,40.44,620.11,983.97,,
2014,SEP,15,15,49.9,14.56,8.6,0.26,22.08,5.17,94.38,27.27,36.94,619.99,904.19,,
2014,SEP,15,16,50.44,19.26,10.4,0.27,36.55,4.67,77.9,27.76,34.3,619.96,654.26,,
2014,SEP,15,17,53.13,17.31,10.83,0.27,33.08,4.69,86.44,27.81,33.16,619.96,507.73,,
2014,SEP,15,18,43.53,20.07,12.09,0.27,47.72,5.93,71.21,25.96,41.63,620.12,140.49,,
2014,SEP,15,19,28.08,18.53,12.18,0.35,74.9,4.56,69.18,22.98,52.89,620.42,29.89,,
2014,SEP,15,20,24.28,18.03,10.62,0.36,75.19,4.69,60.95,21.59,59.9,620.54,2.28,,
2014,SEP,15,21,22.65,19.91,9.29,0.32,36.27,4.17,62.83,20.81,62.89,620.63,20.27,,
2014,SEP,15,22,22.88,21.16,9.62,0.3,39.62,3.68,62.04,19.69,66.91,620.78,12.37,,
2014,SEP,15,23,21.87,29.52,9.52,0.27,28.92,3.43,80.09,19.01,68.87,620.85,2.43,,
2014,SEP,16,0,19.65,21.97,9.18,0.23,36.32,3.74,96.91,18.4,71.33,620.92,11.39,,
2014,SEP,16,1,24.87,20.78,7.2,0.21,30.57,3.75,101.13,17.69,73.99,620.97,9.31,,
2014,SEP,16,2,14.95,16.85,10.69,0.24,38.24,2.65,115.64,16.46,79.28,621.11,13.2,,
2014,SEP,16,3,13.22,17.33,10.94,0.28,34.8,2.36,124.39,15.67,81.36,621.19,4.91,,
2014,SEP,16,4,10.14,16.54,12.4,0.28,30.11,2.42,120.13,15.01,84.04,621.24,7.16,,
2014,SEP,16,5,9.03,16.61,12.72,0.28,32.01,2.6,107.99,14.75,85.02,621.28,5.65,,
2014,SEP,16,6,9.03,16.42,10.79,0.29,37.92,2.13,103,14.32,86.27,621.31,15.57,,
2014,SEP,16,7,9.03,14.65,10.63,0.34,19.93,2.94,106.03,13.95,86.92,621.37,15.5,,
2014,SEP,16,8,16.18,17.09,9.76,0.39,15.08,3.09,68.68,16.24,82.21,621.13,149.24,,
2014,SEP,16,9,25.14,23.83,10.3,0.34,10.31,4.14,70.03,20.07,64.79,620.75,392.65,,
2014,SEP,16,10,28.92,29.39,11.34,0.32,15.13,4.94,86.99,21.96,54.13,620.58,625.25,,
2014,SEP,16,11,39.78,15.76,10.77,0.31,23.56,5.66,96.12,23.69,47.95,620.42,836.93,,
2014,SEP,16,12,44.76,15.02,11.1,0.31,32.32,6.3,92.57,24.74,44.43,620.32,943.94,,
2014,SEP,16,13,47.06,13.83,10.68,0.31,36.06,6.41,93.75,25.1,42.49,620.26,1024.37,,
2014,SEP,16,14,47.89,12.96,9.81,0.29,33.32,6.09,93.09,25.74,39.64,620.2,987.27,,
2014,SEP,16,15,47.97,15.48,11.61,0.29,33.34,6.26,87.61,26.32,38.26,620.13,892.07,,
2014,SEP,16,16,44.29,17.67,12.41,0.3,33.21,5.62,79.07,26.37,37.62,620.13,634.65,,
2014,SEP,16,17,42.63,19.68,12.27,0.29,27.22,5.14,68.18,26.28,37.41,620.15,425.57,,
2014,SEP,16,18,45.63,15.3,10.5,0.28,25.03,4.83,61.77,26.13,37.04,620.15,318.62,,
2014,SEP,16,19,34.91,18.02,12.5,0.36,28.97,3.92,78.34,24.5,42.48,620.3,56.59,,
2014,SEP,16,20,27.53,19.18,13.53,0.37,69.45,4.43,73.39,21.97,53.22,620.56,2.25,,
2014,SEP,16,21,25.96,20.4,11.99,0.35,58.69,4.17,69.47,20.63,59.56,620.69,2.34,,
2014,SEP,16,22,23.84,21.56,10.56,0.33,48.68,3.86,80.33,19.59,65.51,620.81,2.4,,
2014,SEP,16,23,21.3,20.69,9.81,0.29,48.04,3.19,89.05,18.5,70.89,620.89,2.51,,
2014,SEP,17,0,23.81,21.48,8.92,0.24,32.43,3.69,75.66,18.57,71.36,620.9,2.46,,
2014,SEP,17,1,24.22,19.52,8.47,0.21,29.32,3.43,89.89,18.57,71.93,620.91,2.48,,
2014,SEP,17,2,22.68,17.21,8.16,0.2,33.33,3.3,106.23,18.2,74.45,620.93,2.53,,
2014,SEP,17,3,22.34,16.36,8.18,0.21,101.79,3.89,80.26,15.96,89.34,621.15,2.7,,
2014,SEP,17,4,18.84,17.89,8.25,0.22,69.55,3.11,77.31,15.77,94.13,621.16,2.72,,
2014,SEP,17,5,17.16,18.76,7.78,0.25,26.66,2.45,78.56,16.03,95.07,621.14,2.73,,
2014,SEP,17,6,11.75,21.28,9.43,0.36,17.68,2.16,75.29,16.26,95.41,621.11,2.71,,
2014,SEP,17,7,12.85,21.9,9.59,0.56,22.25,2.55,87.72,16.31,95.48,621.11,6.03,,
2014,SEP,17,8,15.21,19.57,8.96,0.51,10.92,3.08,104.45,16.84,93.27,621.05,86.8,,
2014,SEP,17,9,18.51,18.07,8.49,0.5,10.31,3.12,105.93,18.51,88.87,620.89,263.33,,
2014,SEP,17,10,25.45,17.37,8.96,0.49,10.3,4.52,93.31,20.99,77.21,620.63,531.17,,
2014,SEP,17,11,33.02,16.76,9.61,0.41,11.36,4.23,100.89,23.5,64.02,620.42,826.67,,
2014,SEP,17,12,45.69,16.31,9.59,0.38,11.92,3.12,107.83,25.54,52.95,620.2,772.57,,
2014,SEP,17,13,49.37,15.23,7.99,0.31,21.59,3.39,163.74,26.55,46.22,620.12,765.9,,
2014,SEP,17,14,46.68,14.58,NA,0.26,10.94,3.44,174.39,28.15,40.59,619.95,992.01,,
2014,SEP,17,15,47.89,14.44,NA,0.28,18.18,3.71,169.03,28.42,39.33,619.91,766.65,,
2014,SEP,17,16,45.25,15.05,NA,0.23,27.36,4.42,174.87,27.24,39.02,620.03,573.96,,
2014,SEP,17,17,44.85,14.55,NA,0.23,21.86,4.61,184.77,27.17,37.48,620.03,396.93,,
2014,SEP,17,18,41.61,14.8,7.2,0.28,44.23,3.57,184.27,25.47,45.11,620.18,110.29,,
2014,SEP,17,19,33.68,15.13,7.39,0.37,43.89,2.87,195.49,23.96,49.04,620.37,26.94,,
2014,SEP,17,20,29.47,14.93,8.66,0.41,40.86,2.63,197.37,22.52,52.41,620.51,2.18,,
2014,SEP,17,21,26.24,15.11,9.54,0.41,57.95,2.87,169.85,20.9,58.83,620.68,2.38,,
2014,SEP,17,22,24.5,15.11,9.72,0.42,42.99,1.4,169.69,19.93,62.42,620.78,2.41,,
2014,SEP,17,23,22.7,15.39,9.51,0.4,39.47,1.81,92.27,19.43,65.54,620.81,2.4,,
2014,SEP,18,0,15.09,15.55,10.89,0.36,59.07,1.85,111.42,18.81,70.68,620.87,2.49,,
2014,SEP,18,1,15.01,17.71,10.45,0.33,34.47,1.52,83.61,18.74,72.12,620.88,2.51,,
2014,SEP,18,2,12.84,19.23,10.31,0.3,42.85,1.38,138.57,18.04,75.74,620.96,2.5,,
2014,SEP,18,3,11.2,19.06,10.21,0.3,48.08,1.57,115.37,17.33,80.71,621.01,2.58,,
2014,SEP,18,4,9.63,19.69,10.54,0.33,43.43,2.4,104.83,17.16,82.12,621.04,2.57,,
2014,SEP,18,5,9.03,21.56,10.2,0.37,65.53,2.49,140.16,16.18,83.83,621.14,2.63,,
2014,SEP,18,6,9.22,21.39,10.19,0.47,67.64,1.89,115.34,15.58,86.31,621.21,2.66,,
2014,SEP,18,7,9.18,21.1,9.55,0.59,54.04,1.75,111,15.45,87.37,621.21,13.41,,
2014,SEP,18,8,11.39,20.47,9.86,0.71,18.28,2.37,119.32,18.72,80.84,620.89,175.93,,
2014,SEP,18,9,19.31,19.88,9.54,0.56,11.64,2.91,103.67,21.64,70.23,620.61,408.46,,
2014,SEP,18,10,31.95,19.32,9.53,0.51,27.68,2.7,101.53,23.69,58.29,620.41,620.36,,
2014,SEP,18,11,42.58,18.47,10.04,0.43,34.51,2.69,135.05,25.79,49.45,620.2,755.82,,
2014,SEP,18,12,42.39,17.28,7.2,0.32,34.56,4.28,173.89,26.67,44.72,620.12,814.41,,
2014,SEP,18,13,48.67,14.25,NA,0.2,28.74,5.66,174.41,26.95,41.58,619.97,908.03,,
2014,SEP,18,14,40.19,12.96,NA,0.2,40.82,6.25,178.18,26.77,41.42,620.01,657.41,,
2014,SEP,18,15,43.36,12.96,NA,0.21,38.6,5.51,171.9,26.87,42.02,620.04,728.29,,
2014,SEP,18,16,44.62,12.96,NA,0.21,41.01,4.88,171.09,26.88,42.18,620.04,585.81,,
2014,SEP,18,17,43.37,13.03,NA,0.2,37.73,5.73,172.67,26.83,42.61,620.04,474.69,,
2014,SEP,18,18,40.75,12.96,NA,0.2,46.9,5.17,170.55,25.53,46.43,620.2,260.7,,
2014,SEP,18,19,37.48,12.96,NA,0.2,52.42,3.82,167.85,22.77,53.67,620.48,23.31,,
2014,SEP,18,20,30.2,12.96,NA,0.25,70.14,2.9,175.87,20.49,60.47,620.72,2.37,,
2014,SEP,18,21,24.93,12.96,NA,0.3,51.55,1.86,219.58,20.34,60.04,620.75,2.39,,
2014,SEP,18,22,23.65,12.96,NA,0.28,47.93,1.66,190.45,20.11,60.59,620.77,4.57,,
2014,SEP,18,23,21.54,12.96,NA,0.26,51.62,1.68,171.93,19.56,63.5,620.83,7.98,,
2014,SEP,19,0,10.82,12.96,NA,0.39,53.08,1.82,273.86,19.47,65.46,620.83,2.39,,
2014,SEP,19,1,9.43,12.96,NA,0.34,66.67,1.45,245.18,18.29,68.46,620.95,4.75,,
2014,SEP,19,2,9.33,13.72,NA,0.3,74,1.46,164.79,17.22,72.31,621.05,10.34,,
2014,SEP,19,3,11.3,13.08,NA,0.22,44.1,1.04,89.02,16.41,77.39,621.14,6.51,,
2014,SEP,19,4,9.03,15.39,NA,0.25,54.75,1.64,103.04,15.95,80.96,621.18,4.91,,
2014,SEP,19,5,9.03,17.36,NA,0.25,51.65,1.61,103.54,14.7,85.34,621.31,5.59,,
2014,SEP,19,6,9.03,17.61,NA,0.41,65.08,1.41,92.54,14.53,86.55,621.31,10.08,,
2014,SEP,19,7,9.03,17.9,NA,0.56,66.98,1.54,114.57,14.3,88.41,621.32,14.73,,
2014,SEP,19,8,10.96,19.42,NA,0.76,37.62,2.2,94.85,17.36,81.26,621.04,175.4,,
2014,SEP,19,9,13.21,19.61,NA,0.65,52.37,2.02,134.4,21.03,71.41,620.67,403.93,,
2014,SEP,19,10,24.88,17.5,NA,0.44,50.16,2.35,156.39,24,59.09,620.39,636.7,,
2014,SEP,19,11,35.13,15.36,NA,0.27,23.91,2.93,173.66,25.36,50.14,620.24,823.69,,
2014,SEP,19,12,42.49,14.47,NA,0.22,22.12,2.12,184.71,27.6,41.84,620.01,950.94,,
2014,SEP,19,13,48.78,14.14,NA,0.29,26.7,2.44,269.51,28.75,37.68,619.91,912.05,,
2014,SEP,19,14,51.36,14.01,NA,0.31,37.98,2.96,283.85,28.42,37.78,619.95,618.58,,
2014,SEP,19,15,47.58,13.85,NA,0.31,52.19,3.21,269.88,26.95,40.95,620.09,254.21,,
2014,SEP,19,16,50.11,13.67,NA,0.26,25.91,3.57,261.86,28.6,36.07,619.93,645.27,,
2014,SEP,19,17,50.03,13.62,NA,0.24,34.8,3.87,265.94,28.79,34.8,619.92,557.68,,
2014,SEP,19,18,50.1,13.49,NA,0.27,44.6,3.83,258.78,28.19,36.88,619.96,328.99,,
2014,SEP,19,19,46.76,13.53,NA,0.32,49.75,3.54,246.25,25.87,43.58,620.21,63.63,,
2014,SEP,19,20,33.3,13.8,NA,0.46,93.53,3.14,245.58,23.84,52.06,620.4,14.36,,
2014,SEP,19,21,25.92,13.98,NA,0.45,82.8,2.8,260.96,21.79,59.03,620.6,2.2,,
2014,SEP,19,22,22.07,14.03,NA,0.42,66.63,2.82,266.95,20.21,64.21,620.76,6.28,,
2014,SEP,19,23,18.33,13.86,NA,0.42,48.1,2.11,257.27,19.62,64.5,620.83,7.93,,
2014,SEP,20,0,13.69,13.98,NA,0.38,56.12,2.28,267.63,18.97,67.82,620.88,8,,
2014,SEP,20,1,14.74,14,NA,0.3,50.76,2.15,266.37,18.76,68.85,620.91,23.3,,
2014,SEP,20,2,18.49,13.79,NA,0.24,56.08,1.71,219.71,18.08,71.08,620.97,4.14,,
2014,SEP,20,3,18.36,13.51,NA,0.22,52.03,2.11,243.02,17.44,73.95,621.04,2.56,,
2014,SEP,20,4,19.58,13.17,NA,0.2,41.57,1.85,275.38,16.86,77,621.1,2.58,,
2014,SEP,20,5,15.3,12.96,NA,0.2,44.45,1.58,236.51,16.1,79.82,621.19,13.73,,
2014,SEP,20,6,9.03,13.03,NA,0.33,56.71,1.46,246.02,15.71,81.31,621.21,8.27,,
2014,SEP,20,7,9.03,13.3,NA,0.4,63.93,2.36,274.25,15.86,83.26,621.19,7.05,,
2014,SEP,20,8,10.79,13.4,NA,0.5,46.76,1.98,266.93,16.08,84.16,621.17,73.26,,
2014,SEP,20,9,15.07,13.54,NA,0.51,24.57,1.69,252.9,18.29,81.19,620.95,261.12,,
2014,SEP,20,10,23.78,13.39,NA,0.42,21.36,1.6,207.18,21.61,69.21,620.61,427.3,,
2014,SEP,20,11,35.2,13.17,NA,0.37,31.51,2.18,257.78,24.09,58.17,620.37,682.49,,
2014,SEP,20,12,46.7,12.96,NA,0.31,21.32,2.18,259.34,26.31,47.39,620.17,790.76,,
2014,SEP,20,13,60.99,14.36,NA,0.27,33.35,1.85,246.22,27.78,41.7,620.04,965.38,,
2014,SEP,20,14,68.09,13.66,NA,0.24,48.71,2.51,203.36,28.83,39.79,619.91,989.77,,
2014,SEP,20,15,69.58,13.83,NA,0.26,46.1,2.2,256.81,27.95,39.68,620.01,387.19,,
2014,SEP,20,16,61.34,13.31,NA,0.3,56.97,2.96,281.81,26.84,43.25,620.1,300.5,,
2014,SEP,20,17,63.79,13.03,NA,0.32,44.02,2.36,287.44,27.86,40.11,620.03,428.14,,
2014,SEP,20,18,63.89,12.96,NA,0.38,48.38,2.47,272.88,27.15,40.37,620.07,108.19,,
2014,SEP,20,19,50.24,33.48,NA,0.43,114.36,3.87,61.19,23.02,51.97,620.48,9.13,,
2014,SEP,20,20,42.46,29.65,NA,0.38,82.57,3.18,65,21.66,55.89,620.61,6.73,,
2014,SEP,20,21,32.44,21.72,NA,0.32,81.13,2.88,127.84,20.39,61.98,620.75,2.4,,
2014,SEP,20,22,21.39,16.45,NA,0.34,76.62,2.73,116.9,19.05,68.11,620.87,2.5,,
2014,SEP,20,23,22.8,16.08,NA,0.33,62.17,3.14,102.34,18.67,69.71,620.92,2.48,,
2014,SEP,21,0,32.03,14.6,NA,0.24,56.47,3,102.61,18.2,72.24,620.96,6.19,,
2014,SEP,21,1,30.02,14.09,NA,0.21,67.43,2.25,92.66,17.6,76.13,621.01,2.53,,
2014,SEP,21,2,14.57,14.18,NA,0.2,59.73,2.4,121.64,16.59,79.58,621.12,2.6,,
2014,SEP,21,3,14.44,15.19,NA,0.2,74.49,2.04,109.9,16.3,82.39,621.13,4.34,,
2014,SEP,21,4,14.22,14.07,NA,0.22,60.32,1.8,139.81,15.92,83.44,621.17,12.7,,
2014,SEP,21,5,11.26,14.44,NA,0.31,74.73,1.81,146.56,15.59,85.2,621.21,2.71,,
2014,SEP,21,6,9.54,15.13,NA,0.31,75.17,2.08,118.83,15.39,86.81,621.22,9.36,,
2014,SEP,21,7,9.03,15.05,NA,0.39,62.4,1.94,125.23,15.16,86.88,621.25,8.64,,
2014,SEP,21,8,9.03,15.25,NA,0.49,68.09,2.33,120.55,15.93,86.34,621.17,49.01,,
2014,SEP,21,9,12.93,15.79,NA,0.54,41.58,2.4,96.85,17.62,81.13,621,155.91,,
2014,SEP,21,10,24.26,14.79,NA,0.46,22.36,3.33,101.99,20.11,72.69,620.75,299.84,,
2014,SEP,21,11,36.8,14.26,NA,0.39,20.91,2.5,107.62,22.27,63.89,620.54,262.03,,
2014,SEP,21,12,45.17,14.19,NA,0.33,22.32,3.02,93.2,23.71,55.28,620.39,459.31,,
2014,SEP,21,13,51.02,14.31,NA,0.29,20.29,2,116.26,24.56,50.04,620.32,355.81,,
2014,SEP,21,14,57.07,41.66,NA,0.52,26.79,2.22,237.11,26.3,45.76,620.15,725.88,,
2014,SEP,21,15,70.59,37.72,NA,0.56,28.02,2.89,275.06,27.83,40.4,620.02,685.29,,
2014,SEP,21,16,67.26,19.45,NA,0.37,58.46,2.97,277.78,27.22,43.21,620.06,606.17,,
2014,SEP,21,17,56.51,16.86,NA,0.32,53.98,3.58,53.37,26.27,48.13,620.16,326.13,,
2014,SEP,21,18,36.2,19.74,NA,0.42,173.41,2.74,59.72,19.74,74.23,620.82,44.89,,
2014,SEP,21,19,21.25,20.85,NA,0.74,249.44,2.39,57.82,19.49,83.07,620.84,23.35,,
2014,SEP,21,20,32.06,21.82,NA,0.5,22.55,3.11,61.54,19.54,79.45,620.81,11.88,,
2014,SEP,21,21,36.04,22.07,NA,0.48,35.88,2.53,73.96,19.78,74.91,620.79,22.51,,
2014,SEP,21,22,30.71,21.17,NA,0.41,64.93,2.9,80.28,19.22,77.05,620.86,4.65,,
2014,SEP,21,23,27.28,20.59,NA,0.34,67.33,2.45,91.39,19.08,78.58,620.86,12.97,,
2014,SEP,22,0,22.7,19.27,NA,0.3,59.71,1.53,229.51,18.9,79.17,620.91,4.66,,
2014,SEP,22,1,21.04,16.9,NA,0.27,91.85,2.55,276.7,18.57,82.3,620.92,15.48,,
2014,SEP,22,2,23.1,15.12,NA,0.27,69.08,2.08,258.62,18.12,84.8,620.96,3.07,,
2014,SEP,22,3,21.94,14.58,NA,0.27,46.67,2.35,308.99,17.98,85.44,620.97,7.01,,
2014,SEP,22,4,22.13,14,NA,0.29,37.64,1.5,301.89,17.89,85.5,620.97,2.5,,
2014,SEP,22,5,19.14,14.13,NA,0.33,65.76,1.05,199.95,17.81,85.8,620.98,3.08,,
2014,SEP,22,6,10.25,14.38,NA,0.38,73.08,1.67,134.29,17.69,86.63,621,9.16,,
2014,SEP,22,7,9.03,14.35,NA,0.58,26.5,2.52,92.1,17.6,86.96,620.99,18.86,,
2014,SEP,22,8,9.03,14.15,NA,0.61,20.65,2.63,96.47,18.32,83.57,620.92,83.3,,
2014,SEP,22,9,18.67,13.93,NA,0.55,20.72,3.25,89.06,19.98,77.54,620.77,290.48,,
2014,SEP,22,10,30.2,13.63,NA,0.45,20.52,3.89,72.73,23.11,61.4,620.45,586.55,,
2014,SEP,22,11,36.28,13.46,NA,0.4,23.8,4.19,73.02,24.99,52.57,620.28,759.71,,
2014,SEP,22,12,37.54,13.3,NA,0.42,36.48,4.08,76.02,25,50.89,620.29,633.85,,
2014,SEP,22,13,43.19,13.31,NA,0.38,28.19,4.16,93.8,26.6,44.64,620.13,823.55,,
2014,SEP,22,14,44.17,12.96,NA,0.38,28.28,3.79,84.46,27.26,42.65,620.06,727.09,,
2014,SEP,22,15,39.06,13.75,NA,0.39,48.57,3.64,79.63,27.09,44.01,620.09,488.24,,
2014,SEP,22,16,35.24,14.06,NA,0.39,59.25,4.51,69.8,25.35,50.76,620.24,397.08,,
2014,SEP,22,17,33.05,21.61,NA,0.42,35.04,4.87,65.92,26.51,45.72,620.1,440.24,,
2014,SEP,22,18,29.98,14.68,NA,0.4,54.58,4.19,72.19,24.9,50.88,620.26,157.79,,
2014,SEP,22,19,25.7,13.45,NA,0.42,62.65,4.6,61.71,23.23,56.49,620.43,27.93,,
2014,SEP,22,20,23.72,15.15,NA,0.41,72.17,4.54,60.05,21.73,61.94,620.6,24.75,,
2014,SEP,22,21,23.43,15.03,NA,0.4,45.46,3.14,66.32,20.45,65.83,620.72,9.01,,
2014,SEP,22,22,24.84,15.85,NA,0.34,38.35,2.7,78.63,19.98,66.49,620.78,2.39,,
2014,SEP,22,23,23.88,14.37,NA,0.3,40.18,3,73.27,19.47,69.11,620.84,21.72,,
2014,SEP,23,0,24.1,12.96,NA,0.24,52.77,3.39,76.01,18.76,73.44,620.92,4.7,,
2014,SEP,23,1,20.8,13.43,NA,0.22,48.95,3.5,71.85,18.33,76.75,620.94,12.07,,
2014,SEP,23,2,21.63,16.86,NA,0.21,37.53,3.11,75.16,18.28,78.18,620.94,2.52,,
2014,SEP,23,3,18.75,16.62,NA,0.2,40.11,2.65,74.17,17.99,79.97,620.98,4.86,,
2014,SEP,23,4,18.75,17.67,NA,0.21,26.41,3.21,68.2,18.31,78.54,620.94,3.62,,
2014,SEP,23,5,17.22,17.17,NA,0.24,51.68,2.5,73.45,17.56,81.99,621.02,2.53,,
2014,SEP,23,6,14.66,16.76,NA,0.43,68.25,2.31,108.67,17.46,84.26,621.02,9.06,,
2014,SEP,23,7,9.03,15.87,NA,0.51,35.32,2.04,105.63,17.48,84.25,621.02,11.99,,
2014,SEP,23,8,9.03,16.04,NA,0.52,35.17,1.98,113.55,18.15,82.72,620.95,80.17,,
2014,SEP,23,9,15.75,16.02,NA,0.5,20.42,3.61,82.87,20.45,72.75,620.72,286.53,,
2014,SEP,23,10,24.51,15.51,NA,0.4,20.3,5.36,71.86,22.72,59.91,620.51,570.95,,
2014,SEP,23,11,25.22,15.4,NA,0.33,26.11,5.45,73.01,24.06,54.55,620.36,734.4,,
2014,SEP,23,12,27.37,15.02,NA,0.34,34.24,5.14,80.25,24.33,52.43,620.32,585.83,,
2014,SEP,23,13,27.87,14.83,NA,0.38,41.8,4.91,75.5,24.55,51.77,620.28,410.16,,
2014,SEP,23,14,29.42,14.84,NA,0.36,39.74,5.27,75.62,24.77,49.9,620.26,371.25,,
2014,SEP,23,15,29.4,17.41,NA,0.35,36.23,5,67.81,25.82,47.47,620.17,617.45,,
2014,SEP,23,16,29.63,22.21,NA,0.3,33.99,5.45,62.53,26.05,45.6,620.14,465.72,,
2014,SEP,23,17,27.94,37.18,NA,0.35,54.52,6.03,61.83,26.21,44.45,620.12,520.49,,
2014,SEP,23,18,25.7,25.66,NA,0.34,54.87,6.07,59.54,25.42,46.02,620.2,303.6,,
2014,SEP,23,19,21.68,34.86,NA,0.36,56.37,4.95,61.57,23.1,53.53,620.43,40.36,,
2014,SEP,23,20,18.51,28.97,NA,0.39,72.38,3.78,71.79,20.93,62.22,620.66,37.36,,
2014,SEP,23,21,16.38,18.42,NA,0.39,72.3,3.51,74.53,19.53,68.5,620.79,5.23,,
2014,SEP,23,22,18.38,17.46,NA,0.32,49.54,3.92,89.45,19.01,71.65,620.84,4.68,,
2014,SEP,23,23,18.3,16.65,NA,0.28,53.09,4.06,75.69,18.01,77,620.96,4.75,,
2014,SEP,24,0,18.64,17.48,NA,0.25,42.57,3.98,72.22,17.17,80.62,621.04,5.96,,
2014,SEP,24,1,19.91,15.66,NA,0.21,36.65,4.34,69.99,16.88,81.67,621.08,13.71,,
2014,SEP,24,2,23.7,14.96,NA,0.2,36.31,3.73,70.75,16.48,83.02,621.13,7.04,,
2014,SEP,24,3,15.2,16.81,NA,0.2,36.27,2.83,94,16.01,84.42,621.17,6.05,,
2014,SEP,24,4,15.55,16.36,NA,0.23,32.05,2.11,85.1,15.76,84.76,621.19,2.68,,
2014,SEP,24,5,9.03,14.49,NA,0.26,35.81,1.78,147.48,15.23,85.31,621.25,5.45,,
2014,SEP,24,6,9.03,13.47,NA,0.38,44.57,2.29,106.78,15.89,85.22,621.19,6.54,,
2014,SEP,24,7,9.03,12.96,NA,0.55,36.61,3,76.64,16.44,83.55,621.13,10.31,,
2014,SEP,24,8,23.14,12.96,NA,0.5,31.5,4.55,70.3,17.23,80.36,621.03,110.2,,
2014,SEP,24,9,26.88,15.58,NA,0.51,20.31,4.11,87.67,19.75,69.67,620.79,300.91,,
2014,SEP,24,10,28.72,16.01,NA,0.47,37.81,4.1,85.77,19.76,68.84,620.79,314.78,,
2014,SEP,24,11,32.9,16.62,NA,0.41,23.61,4.45,87.61,23.73,55.23,620.4,940.06,,
2014,SEP,24,12,35.53,19.32,NA,0.4,35.33,5.22,83.95,24.54,50.74,620.31,877.5,,
2014,SEP,24,13,39.87,13.86,NA,0.38,44.68,6.09,90.6,25.41,43.67,620.26,1127.68,,
2014,SEP,24,14,40.39,21.23,NA,0.36,68.49,5.06,68.15,25.49,45.65,620.24,763.41,,
2014,SEP,24,15,44.32,17.98,NA,0.37,97.2,4.21,77.4,25.4,47.06,620.26,531.11,,
2014,SEP,24,16,41.52,23.13,NA,0.4,43.78,3.99,70.78,25.52,46.49,620.24,313.7,,
2014,SEP,24,17,42.65,18.65,NA,0.39,43.77,4.47,67.94,25.74,44.85,620.2,312.71,,
2014,SEP,24,18,36.72,23.21,NA,0.4,60.37,4.98,67.17,24.2,49.76,620.33,64.36,,
2014,SEP,24,19,26.54,21.02,NA,0.5,58.91,3.72,81.84,22.66,53.21,620.48,7.53,,
2014,SEP,24,20,29.44,19.63,NA,0.42,91.3,4.82,63.8,20.97,62.37,620.65,2.29,,
2014,SEP,24,21,29.42,20.01,NA,0.37,55,4.72,66.28,19.4,66.94,620.79,12.19,,
2014,SEP,24,22,31.66,19.28,NA,0.31,34.99,4.66,68.2,18.4,68.35,620.89,2.53,,
2014,SEP,24,23,30.33,21.59,NA,0.3,34.95,4.41,77.89,17.49,71.09,621.02,11.44,,
2014,SEP,25,0,31.14,22.72,NA,0.24,36.31,3.99,70.53,16.47,71.82,621.14,6.5,,
2014,SEP,25,1,32.1,20.81,NA,0.22,32.61,3.49,76.76,15.79,70.88,621.2,2.71,,
2014,SEP,25,2,25.03,30.29,NA,0.21,41.23,3.06,87.82,15.23,73.1,621.27,2.7,,
2014,SEP,25,3,26.19,30.53,NA,0.2,53.75,4.21,69.46,15.35,72.76,621.26,6.15,,
2014,SEP,25,4,33.33,23.02,NA,0.2,33.87,3.35,60.34,15.33,73.42,621.25,2.7,,
2014,SEP,25,5,28.53,23.57,NA,0.2,26.48,2.75,85.43,15.45,71.41,621.22,2.71,,
2014,SEP,25,6,11.06,17.37,NA,0.3,54.59,2.46,104.84,13.8,79.06,621.39,2.81,,
2014,SEP,25,7,9.03,16.32,NA,0.51,56.38,2.6,94.26,13.49,81.78,621.43,17.06,,
2014,SEP,25,8,9.03,16.71,NA,0.6,38.36,1.86,104.38,16.83,74.32,621.1,169.4,,
2014,SEP,25,9,16.88,36.85,NA,0.49,40.48,3.42,84.94,19.84,62.89,620.8,402.68,,
2014,SEP,25,10,31.58,17.21,NA,0.39,32.05,3.92,95.01,22.22,52.28,620.58,625.26,,
2014,SEP,25,11,35.9,15.71,NA,0.36,42.36,5.03,89.75,23.73,46.33,620.42,801.33,,
2014,SEP,25,12,41.54,15.36,NA,0.31,41.65,4.82,85.96,25.48,40.83,620.23,962,,
2014,SEP,25,13,46.77,12.96,NA,0.32,47.03,4.75,101.27,26.36,37.06,620.16,985.04,,
2014,SEP,25,14,54.53,13.21,NA,0.26,45.89,4.11,94.61,27.03,34.89,620.07,889.09,,
2014,SEP,25,15,46.84,17.01,NA,0.25,42.36,3.82,81.51,27.53,33.31,620.01,791.03,,
2014,SEP,25,16,41.82,12.96,NA,0.24,34.68,3.22,86.15,27.65,31.86,620,388.99,,
2014,SEP,25,17,38.55,15.85,NA,0.31,54.12,3.26,72.31,26.32,35.36,620.14,145.97,,
2014,SEP,25,18,32.61,52.68,NA,0.83,57.88,3.87,79.12,26.49,37.37,620.11,241.14,,
2014,SEP,25,19,31.69,29.82,NA,0.53,77.42,4.99,63.33,23.76,47.55,620.38,31.06,,
2014,SEP,25,20,28.63,15.36,NA,0.37,74.57,4.73,57.85,21.41,55.83,620.6,2.24,,
2014,SEP,25,21,27.42,14.12,NA,0.32,51.58,4.13,65.5,20.14,59.5,620.74,16.78,,
2014,SEP,25,22,26.9,14.4,NA,0.28,46.06,3.96,62.06,19.25,62.96,620.82,7.46,,
2014,SEP,25,23,23.82,13.75,NA,0.28,67.39,3.93,95.6,18.1,69.26,620.97,7.54,,
2014,SEP,26,0,21.88,12.96,NA,0.23,57.18,3.3,93.36,17.04,75.06,621.08,18.81,,
2014,SEP,26,1,14.5,17.61,NA,0.21,63.01,2.86,92.96,16.45,78.79,621.13,2.65,,
2014,SEP,26,2,15.26,15.37,NA,0.2,44.19,2.26,92.81,15.79,80.95,621.22,2.67,,
2014,SEP,26,3,15.03,14.53,NA,0.2,44.72,1.94,101.67,15.25,82.42,621.28,3.23,,
2014,SEP,26,4,12.02,12.96,NA,0.22,46.41,2.26,122.64,14.51,83.93,621.34,2.75,,
2014,SEP,26,5,11.86,12.96,NA,0.21,51.75,2.7,79.98,14.11,86.43,621.36,7.25,,
2014,SEP,26,6,13.78,15.34,NA,0.32,29.58,2.1,95.79,14.41,85.49,621.32,5,,
2014,SEP,26,7,15.13,15.74,NA,0.37,53.27,2.23,122.13,13.94,86.9,621.36,19.51,,
2014,SEP,26,8,16.92,15.33,NA,0.59,30.35,2.8,90.19,16.63,80.39,621.12,172.83,,
2014,SEP,26,9,24.04,22.75,NA,0.5,20.31,2.58,72.09,20.54,65.93,620.73,401.91,,
2014,SEP,26,10,32.24,31.69,NA,0.39,33.42,4.19,76.97,22.23,55.91,620.57,612.46,,
2014,SEP,26,11,38.67,21.07,NA,0.35,33.04,3.73,83.06,23.77,50.1,620.41,655.03,,
2014,SEP,26,12,43.26,21.86,NA,0.32,39.19,4.15,81.7,24.9,45.84,620.29,828.3,,
2014,SEP,26,13,53.63,20.13,NA,0.33,38.66,3.62,96.26,26.68,39.59,620.1,1011.63,,
2014,SEP,26,14,60.97,17.3,NA,0.27,39.3,3.22,98.71,27.36,37.53,620.02,885.15,,
2014,SEP,26,15,58.84,21.43,NA,0.25,37.45,2.78,98.69,28.51,33.45,619.92,833.46,,
2014,SEP,26,16,58.38,19.55,NA,0.23,35.86,2.75,106.43,28.99,32.16,619.86,674.93,,
2014,SEP,26,17,57.13,19.1,NA,0.24,49.48,2.29,102.1,28.21,33.03,619.94,296.41,,
2014,SEP,26,18,49.74,15.19,NA,0.34,51.49,2.62,84.88,27.22,35.21,620.05,196.06,,
2014,SEP,26,19,36.48,15.19,NA,0.49,66.62,2.01,68.36,25.23,40.85,620.22,23.75,,
2014,SEP,26,20,33.34,26.9,NA,0.49,86.02,3.22,65.95,23.61,47.17,620.39,2.1,,
2014,SEP,26,21,32.9,18.73,NA,0.38,70.93,4.26,64.45,22.03,55.62,620.55,12.24,,
2014,SEP,26,22,21.96,28.31,NA,0.35,120.41,3.99,72.2,20.09,67.78,620.74,2.35,,
2014,SEP,26,23,23.26,25.02,NA,0.3,50.4,3.63,85.01,19.28,70.75,620.82,2.41,,
2014,SEP,27,0,23.81,26.27,NA,0.24,44.81,3.41,80.28,18.51,73.41,620.92,2.48,,
2014,SEP,27,1,24.99,18.89,NA,0.22,46.66,2.56,84.7,17.8,75.26,621,2.52,,
2014,SEP,27,2,24.65,15.73,NA,0.2,44.78,2.72,95.01,16.96,79.31,621.09,2.6,,
2014,SEP,27,3,29.49,14.96,NA,0.21,41.64,2.44,96.16,16.33,81.16,621.16,4.88,,
2014,SEP,27,4,18.27,14.48,NA,0.25,64.87,2.1,117.33,15.6,84.15,621.22,6.53,,
2014,SEP,27,5,10.49,13.66,NA,0.27,50.45,2.17,144,14.67,85.09,621.33,4.42,,
2014,SEP,27,6,9.03,13.42,NA,0.32,54.98,1.92,136.54,14.47,86.57,621.32,7.74,,
2014,SEP,27,7,9.75,13.03,NA,0.46,63.59,1.56,126.3,14.66,87.05,621.32,8.07,,
2014,SEP,27,8,11.31,14.75,NA,0.62,81.72,2.71,117.75,15.57,85.48,621.21,82.79,,
2014,SEP,27,9,16,18.22,NA,0.58,41.61,2.71,88.31,19.55,74.75,620.82,396.86,,
2014,SEP,27,10,24.93,24.88,NA,0.47,29.76,4,77.79,21.61,62.11,620.63,463.95,,
2014,SEP,27,11,34.52,17.32,NA,0.38,25.39,3.73,90.07,24.21,52.21,620.35,818.34,,
2014,SEP,27,12,38.11,18.65,NA,0.36,21.34,2.98,90.75,26.31,44.82,620.16,915.16,,
2014,SEP,27,13,41.5,16.37,NA,0.29,31.39,3.64,97.64,27.14,40.94,620.07,975.59,,
2014,SEP,27,14,42.25,17.61,NA,0.27,24.86,3.52,102.07,28.29,36.61,619.94,966.83,,
2014,SEP,27,15,39.71,27.05,NA,0.3,34.09,3.49,78.29,28.31,34.96,619.94,569.56,,
2014,SEP,27,16,42.78,22.55,NA,0.39,42.84,3.18,94.61,27.91,35.74,619.98,332.94,,
2014,SEP,27,17,41.64,20.73,NA,0.31,44.48,3.34,84.84,27.89,36.23,619.97,322.82,,
2014,SEP,27,18,43.73,13.37,NA,0.32,46.97,3.95,69.38,27.2,38.12,620.03,167.01,,
2014,SEP,27,19,34.05,12.96,NA,0.38,59.37,3.74,61.69,24.84,44.53,620.27,10.07,,
2014,SEP,27,20,28.37,35.75,NA,0.44,71.1,4.24,69.92,23.32,50.73,620.42,2.12,,
2014,SEP,27,21,29.25,39.91,NA,0.36,63.3,4.3,74.41,21.9,56.4,620.57,6.1,,
2014,SEP,27,22,25.14,17.17,NA,0.36,63.05,3.66,77.79,20.95,59.91,620.64,2.3,,
2014,SEP,27,23,25.75,13.07,NA,0.33,50.88,4.04,92.41,19.69,65.31,620.8,2.38,,
2014,SEP,28,0,24.27,12.96,NA,0.29,54.44,3.59,85.82,18.98,69.37,620.88,2.5,,
2014,SEP,28,1,22.38,15.22,NA,0.25,67.67,3.2,74.92,18.35,72.43,620.95,9.14,,
2014,SEP,28,2,24.48,15.87,NA,0.22,40.35,3.49,79.28,17.95,74.33,620.99,5.29,,
2014,SEP,28,3,25.6,16.96,NA,0.21,45.59,3.33,67.42,17.14,78.5,621.06,2.57,,
2014,SEP,28,4,21.6,16.06,NA,0.2,34.69,2.22,114.59,16.42,79.94,621.15,2.62,,
2014,SEP,28,5,12.85,14.23,NA,0.22,47.63,2.35,127.38,15.19,83.77,621.26,2.74,,
2014,SEP,28,6,9.44,13.64,NA,0.28,53.93,1.44,118.88,14.86,86.52,621.29,4.38,,
2014,SEP,28,7,9.03,13.87,NA,0.35,58.41,1.88,130.17,14.55,86.85,621.32,12.1,,
2014,SEP,28,8,10.77,15.57,NA,0.46,27.32,1.23,126.11,18.52,79.55,620.93,167.82,,
2014,SEP,28,9,21.8,22.68,NA,0.47,20.84,1.82,255.98,22.88,68.22,620.49,392.05,,
2014,SEP,28,10,26.04,29.97,NA,0.39,37.13,4.22,76.78,23.75,53.9,620.41,636.81,,
2014,SEP,28,11,29.07,23.22,NA,0.35,33.86,4.8,82.52,25.15,48.34,620.28,807.98,,
2014,SEP,28,12,32.88,25.83,NA,0.34,35.98,4.31,86.93,26.32,44.39,620.16,888.73,,
2014,SEP,28,13,40.58,20.7,NA,0.35,92.8,3.9,86.64,27.6,39.43,620.04,907.17,,
2014,SEP,28,14,45.51,18.06,NA,0.33,100.37,3.69,84.83,28.21,36.23,619.98,747.67,,
2014,SEP,28,15,48.76,16.4,NA,0.31,121.44,3.66,95.75,29.41,32.78,619.85,849.05,,
2014,SEP,28,16,47.7,22.3,NA,0.29,78.59,2.64,87.87,29.24,32.63,619.89,362.62,,
2014,SEP,28,17,42.86,19.47,NA,0.34,45.01,2.59,91.06,29.24,32.5,619.89,368.22,,
2014,SEP,28,18,36.84,31.19,NA,0.36,47.98,4.62,72.05,27.77,37.19,620.04,127.17,,
2014,SEP,28,19,26.92,32.56,NA,0.34,122.51,4.64,78.95,23.82,52.24,620.41,10.61,,
2014,SEP,28,20,26.56,19.8,NA,0.37,76.03,4.68,67.98,22.88,55.66,620.51,2.2,,
2014,SEP,28,21,25.31,20.2,NA,0.36,65.13,4.06,54.97,22.35,59.35,620.56,2.22,,
2014,SEP,28,22,22.7,24.54,NA,0.33,36.73,3.77,58.22,21.34,61.29,620.65,2.24,,
2014,SEP,28,23,22.79,20.93,NA,0.29,64.98,3.35,93.41,19.8,67.88,620.8,2.36,,
2014,SEP,29,0,23.56,17.08,NA,0.24,57.64,2.99,115.11,18.57,72.8,620.93,2.46,,
2014,SEP,29,1,21.54,15.47,NA,0.22,52.3,3.33,92.77,17.77,77.51,621,9.35,,
2014,SEP,29,2,21.84,16.6,NA,0.2,52.25,2.76,73.72,17.14,80.39,621.06,2.6,,
2014,SEP,29,3,18.83,17.24,NA,0.21,39.68,2.34,105.3,16.74,81.6,621.11,2.6,,
2014,SEP,29,4,16.54,24.02,NA,0.2,59.17,2.63,114.67,16.26,83.66,621.15,3.18,,
2014,SEP,29,5,9.03,14.63,NA,0.23,43.29,2.53,132.38,15.69,84.6,621.23,2.65,,
2014,SEP,29,6,9.82,12.96,NA,0.36,27.85,2.68,106.42,15.84,85.48,621.2,2.68,,
2014,SEP,29,7,9.03,17.78,NA,0.58,53.5,3.07,82.04,16.27,85.14,621.15,11.22,,
2014,SEP,29,8,9.03,18.15,NA,0.56,32.2,2.48,102.86,17.51,81.21,621.03,115.28,,
2014,SEP,29,9,15.37,15.94,NA,0.49,23.9,3.04,77.34,21.19,68.9,620.66,405.73,,
2014,SEP,29,10,22.67,22.46,NA,0.45,67.71,3.75,73.4,22.25,61.32,620.56,406.44,,
2014,SEP,29,11,25.97,16.66,NA,0.42,91.3,3.87,74.8,23.28,57.36,620.45,594.76,,
2014,SEP,29,12,30.29,23.85,NA,0.43,81.23,4.42,69.78,24.35,52.56,620.35,708.05,,
2014,SEP,29,13,36.78,26.75,NA,0.42,71.28,3.56,84.24,26.19,46.19,620.17,867.78,,
2014,SEP,29,14,46,25.56,NA,0.34,39.03,3.25,86.81,26.78,43.74,620.09,687.8,,
2014,SEP,29,15,51.43,15.82,NA,0.29,38.62,3.32,104.14,28.23,39.08,619.94,858.26,,
2014,SEP,29,16,44.24,26.64,NA,0.49,42.76,3.16,316.48,28.13,39.07,619.94,438.02,,
2014,SEP,29,17,37.17,39.84,NA,0.59,61.4,3.64,254.75,27.66,40.79,620.02,340,,
2014,SEP,29,18,26.42,15.16,NA,0.65,86.8,3.61,316.58,24.5,53.02,620.31,68.98,,
2014,SEP,29,19,25.64,21.9,NA,0.52,85.03,4.34,64.98,23.66,55.3,620.39,9.03,,
2014,SEP,29,20,25.33,14.93,NA,0.46,63.89,3.92,59.94,22.09,58.54,620.57,2.25,,
2014,SEP,29,21,23.28,16.36,NA,0.4,51.13,4.04,64.04,21.8,60.35,620.61,2.27,,
2014,SEP,29,22,22.98,20.19,NA,0.34,43.5,4.1,81.87,21.1,62.55,620.68,2.27,,
2014,SEP,29,23,24.3,17.32,NA,0.29,51.81,4.16,88.12,20.05,66.61,620.78,9.85,,
2014,SEP,30,0,22.52,16.97,NA,0.26,59.48,3.59,83.72,19.36,70.74,620.84,12.38,,
2014,SEP,30,1,22.86,17.61,NA,0.24,59.39,3.55,88.52,18.9,72.06,620.88,9,,
2014,SEP,30,2,24.97,14.63,NA,0.21,27.98,3.85,89.25,18.24,72.14,620.96,13.64,,
2014,SEP,30,3,22.62,17.9,NA,0.2,37.5,3.61,79.96,17.4,75.04,621.04,2.56,,
2014,SEP,30,4,16.45,37.02,NA,0.2,60.85,2.7,70.06,16.72,79,621.11,2.56,,
2014,SEP,30,5,17.15,28.38,NA,0.2,40.71,2.69,92.02,16.78,78.86,621.11,2.57,,
2014,SEP,30,6,12.61,17.68,NA,0.32,33.02,2.48,97.28,16.94,78.37,621.08,2.57,,
2014,SEP,30,7,9.35,16.34,NA,0.49,54.33,2.36,94.19,16.6,80.26,621.12,14.14,,
2014,SEP,30,8,9.03,18.24,NA,0.54,67,2.5,92.1,17.22,80.19,621.06,88.29,,
2014,SEP,30,9,19.28,27.89,NA,0.43,32.9,3.88,84.59,19.64,70.91,620.82,229.26,,
2014,SEP,30,10,27.76,17.27,NA,0.35,20.4,3.95,91.53,21.32,63.28,620.65,367.79,,
2014,SEP,30,11,34.3,15.56,NA,0.3,21.42,3.64,97.05,24,54.09,620.38,708.92,,
2014,SEP,30,12,42.72,26.86,NA,0.27,28.83,2.76,90.12,25.74,47.26,620.22,671.22,,
2014,SEP,30,13,60.17,25.97,NA,0.29,56.6,2.16,120.69,26.88,44.44,620.08,671.77,,
2014,SEP,30,14,65.32,14.75,NA,0.2,52.72,2,180.56,26.99,42.51,620.03,374.57,,
2014,SEP,30,15,61.33,14.04,NA,0.2,84.21,2.32,128.8,25.65,46.19,620.17,203.31,,
2014,SEP,30,16,57.25,37.13,NA,0.34,64.67,1.73,107.43,26.29,44.08,620.1,286.93,,
2014,SEP,30,17,59.87,32.13,NA,0.37,56.86,2.06,295.13,27.54,38.8,619.99,344.38,,
2014,SEP,30,18,54.96,22.84,NA,0.57,58.87,2.42,313.83,26.33,41.66,620.12,126.67,,
2014,SEP,30,19,45.89,20.95,NA,0.45,130.76,3.42,145.28,22.9,57.8,620.46,7.8,,
2014,SEP,30,20,52.56,17.87,NA,0.41,179.02,3.04,178.75,19.79,71.33,620.78,7.36,,
2014,SEP,30,21,39.95,15.17,NA,0.33,160.49,1.87,150.92,16.88,83.92,621.09,2.63,,
2014,SEP,30,22,28.48,14.38,NA,0.42,176.64,1.83,97.99,16.6,89.96,621.08,2.64,,
2014,SEP,30,23,21.86,33.72,NA,0.72,64.24,2.05,340.84,16.37,89.99,621.13,2.65,,
,,,,,,,,,,,,,,,,
,,,,,,,,,,,,,,,,
,,,,,,,,,,,,,,,,
,,,,,,,,,,,,,,,,
,,,,,,,,,,,,,,,,
,,,,,,,,,,,,,,,,
,,,,,,,,,,,,,,,,
,,,,,,,,,,,,,,,,
,,,,,,,,,,,,,,,,
,,,,,,,,,,,,,,,,
,,,,,,,,,,,,,,,,
,,,,,,,,,,,,,,,,
,,,,,,,,,,,,,,,,
,,,,,,,,,,,,,,,,
,,,,,,,,,,,,,,,,
,,,,,,,,,,,,,,,,
,,,,,,,,,,,,,,,,
,,,,,,,,,,,,,,,,
,,,,,,,,,,,,,,,,
,,,,,,,,,,,,,,,,
,,,,,,,,,,,,,,,,
,,,,,,,,,,,,,,,,
,,,,,,,,,,,,,,,,
,,,,,,,,,,,,,,,,
