DATOS HORARIOS 2010_ NATIVITAS,,,,,,,,,,,,,,,,
,,,,,,,,,,,,,,,,
A±o,Mes,DĒa,Hora,O3,SO2,NO2,CO,PM10,WS,WD,TEMP,HR,PBAR,RADSOL,,
2010,MAY,1,0,NA,16.08,NA,NA,66.36,0.51,248.45,20.25,20.45,621.33,3.07,,
2010,MAY,1,1,NA,16.11,NA,NA,57.31,0.7,244.56,19.28,22.99,621.3,3,,
2010,MAY,1,2,NA,16.24,NA,NA,64.69,0.35,164.53,17.66,26.47,621.14,3.17,,
2010,MAY,1,3,NA,16.16,NA,NA,71.8,0.34,166.22,16.53,27.97,620.83,3.12,,
2010,MAY,1,4,NA,16.22,NA,NA,56.02,0.59,284.79,16.54,25.84,620.93,3.19,,
2010,MAY,1,5,NA,16.35,NA,NA,49.72,0.41,132.02,15.38,28.33,620.9,3.22,,
2010,MAY,1,6,NA,16.28,NA,NA,68.94,0.35,151.58,14.09,33.42,621.14,3.38,,
2010,MAY,1,7,NA,17.41,NA,NA,91.76,0.3,212.98,14.1,33.6,621.56,35.44,,
2010,MAY,1,8,NA,19.34,NA,NA,187.43,0.38,181.68,15.56,33.75,621.97,242.95,,
2010,MAY,1,9,NA,18.44,NA,NA,124.06,0.81,272.09,18.01,26.69,622.22,486.12,,
2010,MAY,1,10,NA,15.07,NA,NA,46.37,1.13,248.38,20.15,20.09,622.32,710.46,,
2010,MAY,1,11,NA,13.62,NA,NA,29.41,1.94,226.12,22.49,11.14,622.24,901.21,,
2010,MAY,1,12,NA,12.95,NA,NA,45.87,3,245.14,24.54,7.68,621.86,1027.19,,
2010,MAY,1,13,NA,12.52,NA,NA,64.06,4.01,270.18,26.19,7.31,621.26,1064.04,,
2010,MAY,1,14,NA,12.25,NA,NA,106.55,5.48,265.6,27.36,5.75,620.29,1064,,
2010,MAY,1,15,NA,12.4,NA,NA,62.94,4.4,265.12,28.59,5.79,619.45,971.18,,
2010,MAY,1,16,NA,12.45,NA,NA,58.76,4.67,259.25,29.25,5.04,618.69,819.18,,
2010,MAY,1,17,NA,12.65,NA,NA,62.51,5.1,259.05,29.3,4.32,618.19,615.08,,
2010,MAY,1,18,NA,12.94,NA,NA,90.25,5.06,259.32,28.74,5.06,618.24,384.18,,
2010,MAY,1,19,NA,13.29,NA,NA,67.02,4.72,260.09,27.37,6.51,618.78,154.24,,
2010,MAY,1,20,NA,13.43,NA,NA,59.51,3.43,252.11,25.34,10.17,619.56,6.46,,
2010,MAY,1,21,NA,14.08,NA,NA,67.77,1.99,233.16,23.65,13.98,620.27,2.67,, 
2010,MAY,1,22,NA,14.28,NA,NA,79.21,1.83,215.61,21.67,16.89,620.93,2.86,,
2010,MAY,1,23,NA,14.13,NA,NA,52.31,1.9,232.34,21.05,16.74,621.53,3.02,,
2010,MAY,2,0,NA,14.08,NA,NA,45.64,0.95,185.06,19.58,19.19,622.02,3.04,,
2010,MAY,2,1,NA,14.03,NA,NA,50.17,0.47,211.41,18.3,20.43,622.04,3.1,,
2010,MAY,2,2,NA,13.94,NA,NA,49.62,0.5,121.58,17.85,21.58,621.95,3.21,,
2010,MAY,2,3,NA,14.7,NA,NA,41.05,0.58,263.41,17.27,22.71,621.89,3.19,,
2010,MAY,2,4,NA,14.61,NA,NA,49.23,0.75,240.43,16.35,25.48,621.83,3.21,,
2010,MAY,2,5,NA,14.48,NA,NA,48.98,1.01,273.5,15.63,27.38,621.85,3.21,,
2010,MAY,2,6,NA,15.16,NA,NA,55.84,0.33,198.47,14.7,29.73,622.07,3.22,,
2010,MAY,2,7,NA,14.79,NA,NA,106.5,0.31,160.83,13.96,33.73,622.69,29.5,,
2010,MAY,2,8,NA,15.38,NA,NA,129.41,0.35,83.75,12.5,40.56,623.41,220.34,,
2010,MAY,2,9,NA,18.96,NA,NA,90.44,0.44,136.14,15.74,30.88,623.97,488.66,,
2010,MAY,2,10,NA,24.1,NA,NA,68.64,0.74,253.01,19.48,21.88,624.03,713.24,,
2010,MAY,2,11,NA,20.96,NA,NA,57.03,1.21,218.68,21.87,18.33,624.07,896.81,,
2010,MAY,2,12,NA,15.74,NA,NA,35.89,2.26,276.67,23.86,12.51,623.66,1029.11,,
2010,MAY,2,13,NA,12.88,NA,NA,48.17,2.43,256.81,25.7,7.93,622.99,1079.44,,
2010,MAY,2,14,NA,11.88,NA,NA,35.66,2.99,279.7,27.37,6.55,622.1,1063.01,,
2010,MAY,2,15,NA,11.66,NA,NA,24.86,2.9,284.44,28.73,5.35,621.27,977.72,,
2010,MAY,2,16,NA,11.5,NA,NA,26.68,2.59,259.93,29.74,4.57,620.54,825.21,,
2010,MAY,2,17,NA,11.9,NA,NA,25.38,3.63,274.75,30.32,4.02,620.12,620.62,,
2010,MAY,2,18,NA,12.13,NA,NA,27.83,2.77,269.8,30.34,4.87,620.17,371.23,,
2010,MAY,2,19,NA,12.44,NA,NA,35.03,2.32,273.83,29.92,4.98,620.61,136.66,,
2010,MAY,2,20,NA,12.91,NA,NA,62.43,0.94,261.87,28.18,7.04,621.33,6.71,,
2010,MAY,2,21,NA,13.86,NA,NA,101.03,0.66,218.66,26.12,8.62,622.2,2.67,,
2010,MAY,2,22,NA,14.99,NA,NA,109.36,0.98,220.11,23.92,10.9,623.23,2.72,,
2010,MAY,2,23,NA,14.59,NA,NA,63.83,1.47,237.63,22.45,15.72,623.89,2.84,,
2010,MAY,3,0,NA,13.99,NA,NA,51.95,1.07,277.62,21.31,17.82,624.66,2.88,,
2010,MAY,3,1,NA,14.17,NA,NA,47.97,0.48,262.09,21.12,19.14,624.85,2.96,,
2010,MAY,3,2,NA,14.8,NA,NA,52.79,0.66,148.16,19.21,23.37,624.81,3.09,,
2010,MAY,3,3,NA,15.99,NA,NA,62.26,0.42,285.27,18.95,25.4,624.76,3.02,,
2010,MAY,3,4,NA,15.84,NA,NA,62.74,0.43,189.84,17.27,30.25,624.9,3.15,,
2010,MAY,3,5,NA,14.82,NA,NA,81.62,0.3,194.37,16.68,30.02,625.35,3.2,,
2010,MAY,3,6,NA,14.44,NA,NA,144.2,0.36,222.16,15.65,32.68,625.86,3.21,,
2010,MAY,3,7,NA,14.7,NA,NA,91.67,0.61,271.99,15.01,33.57,626.22,35.41,,
2010,MAY,3,8,NA,16.17,NA,NA,114.08,0.69,276.21,15.6,31.62,626.96,239.73,,
2010,MAY,3,9,NA,17.43,NA,NA,98.06,1,260.76,17.73,28.11,627.46,485.65,,
2010,MAY,3,10,NA,15.52,NA,NA,75.52,1.3,272.34,20.8,22.71,627.6,710.93,,
2010,MAY,3,11,NA,14.65,NA,NA,65.97,1.33,251.44,23,19.05,627.62,889.16,,
2010,MAY,3,12,NA,13.37,NA,NA,43.86,1.49,251.91,24.99,14.92,627.2,1015.84,,
2010,MAY,3,13,NA,12.77,NA,NA,34.04,1.88,252.3,26.93,9.92,626.52,1066.56,,
2010,MAY,3,14,NA,12.27,NA,NA,27.16,1.87,254.53,28.93,7.03,625.85,1056.63,,
2010,MAY,3,15,NA,12.56,NA,NA,19.23,2.28,263.33,30.23,4.1,624.89,962.51,,
2010,MAY,3,16,NA,12.7,NA,NA,14.6,1.95,259.31,31.22,0.85,624.06,810.7,,
2010,MAY,3,17,NA,13.02,NA,NA,34.17,1.48,228.73,31.37,2.12,623.72,591.28,,
2010,MAY,3,18,NA,14.93,NA,NA,28.79,0.98,244.59,31.57,2.2,623.56,323.55,,
2010,MAY,3,19,NA,22.02,NA,NA,48.63,0.51,153.9,31.12,2.15,623.81,85.42,,
2010,MAY,3,20,NA,24.7,NA,NA,183.13,0.27,180.32,29.53,4.35,624.31,3.04,,
2010,MAY,3,21,NA,27.09,NA,NA,223.59,0.28,207.48,27.83,7.05,624.75,2.62,,
2010,MAY,3,22,NA,31.36,NA,NA,180.93,0.63,166.2,24.89,10.25,625.32,2.65,,
2010,MAY,3,23,NA,29.75,NA,NA,120.34,1.99,94.47,22.91,13.71,626.14,2.91,,
2010,MAY,4,0,NA,24.78,NA,NA,86.69,3.61,98.7,23.52,19.18,626.48,2.79,,
2010,MAY,4,1,NA,21.37,NA,NA,119.31,3.72,85.77,23.34,27.27,626.64,2.79,,
2010,MAY,4,2,NA,19.35,NA,NA,76.55,3.92,76.57,22.65,29.09,626.82,2.8,,
2010,MAY,4,3,NA,18.58,NA,NA,62.5,2.93,83.97,21.08,39.46,626.91,2.89,,
2010,MAY,4,4,NA,18.74,NA,NA,53.54,2.74,80.06,20,50.09,627.03,2.94,,
2010,MAY,4,5,NA,18.52,NA,NA,52.8,4.27,73.35,19.13,56.18,627.08,2.99,,
2010,MAY,4,6,NA,18.24,NA,NA,49.73,3.9,72.72,18.33,59.57,627.5,3.08,,
2010,MAY,4,7,NA,17.92,NA,NA,49.91,4.1,73.54,17.82,61.01,627.91,29.91,,
2010,MAY,4,8,NA,17.78,NA,NA,62.7,4.35,67.57,18.72,58.45,628.49,210.88,,
2010,MAY,4,9,NA,17.04,NA,NA,148.27,6.16,69.26,20.62,50.83,628.79,442.4,,
2010,MAY,4,10,NA,16.42,NA,NA,178.88,6,73.55,22.27,45.97,628.77,664.29,,
2010,MAY,4,11,NA,16.39,NA,NA,114.06,5.38,86.41,24.1,38.86,628.57,841.57,,
2010,MAY,4,12,NA,16.06,NA,NA,103.94,5.17,86.68,25.5,33.42,628.09,958.04,,
2010,MAY,4,13,NA,15.51,NA,NA,118.99,5.14,80.72,26.91,29.15,627.28,998.83,,
2010,MAY,4,14,NA,15.74,NA,NA,85.41,3.79,88.5,28.31,24.82,626.33,980.51,,
2010,MAY,4,15,NA,15.92,NA,NA,66.29,3.12,80.85,29.06,22.15,625.46,903.43,,
2010,MAY,4,16,NA,16.09,NA,NA,58.26,1.67,125.87,29.93,18.01,624.63,759.27,,
2010,MAY,4,17,NA,16.15,NA,NA,56.21,1.98,112.3,30.51,15.15,623.99,556.33,,
2010,MAY,4,18,NA,16.63,NA,NA,70.32,1.86,123.63,30.77,15.25,623.75,329.58,,
2010,MAY,4,19,NA,16.99,NA,NA,76.67,1.37,121.78,30.44,16.32,623.75,109.6,,
2010,MAY,4,20,NA,19.98,NA,NA,103.29,2.59,70.84,29.13,21.39,624.22,5.37,,
2010,MAY,4,21,NA,23.02,NA,NA,125.32,3,68.89,27.19,27.46,625.03,2.53,,
2010,MAY,4,22,NA,20.82,NA,NA,60.6,3.84,71.02,25.58,31.74,625.69,2.57,,
2010,MAY,4,23,NA,21.81,NA,NA,42.97,3.04,87.34,24.16,35.43,626.29,2.84,,
2010,MAY,5,0,NA,20.9,NA,NA,40.12,3.21,99.1,22.47,39.98,626.87,2.76,,
2010,MAY,5,1,NA,19.42,NA,NA,30.65,2.9,91.69,21.51,42.3,626.8,2.84,,
2010,MAY,5,2,NA,18.57,NA,NA,27.2,2.1,88.53,20.41,44.31,626.57,2.95,,
2010,MAY,5,3,NA,18.01,NA,NA,27.02,1.82,87.35,19.48,46.15,626.39,2.93,,
2010,MAY,5,4,NA,17.35,NA,NA,29.77,0.82,139.2,18.8,48.64,626.62,3.02,,
2010,MAY,5,5,NA,17.87,NA,NA,35.32,1.14,132.85,17.98,51.27,626.74,3.11,,
2010,MAY,5,6,NA,20.67,NA,NA,56.1,0.98,129.63,17.2,54.32,627.19,3.18,,
2010,MAY,5,7,NA,20.72,NA,NA,81.01,0.76,115.54,17.06,55.04,627.76,28.78,,
2010,MAY,5,8,NA,19.68,NA,NA,102.66,1.52,103.08,17.95,52.82,628.34,199.3,,
2010,MAY,5,9,NA,18.84,NA,NA,102.03,1.48,112.42,19.97,47.72,628.56,431.19,,
2010,MAY,5,10,NA,18.94,NA,NA,70.73,0.76,187.23,22.3,39.79,628.52,635.28,,
2010,MAY,5,11,NA,19.57,NA,NA,67.52,1.42,253.99,24.47,34.45,628.05,812.89,,
2010,MAY,5,12,NA,18.04,NA,NA,56.47,2.04,271.84,26.25,29.41,627.5,940.36,,
2010,MAY,5,13,NA,16.73,NA,NA,67.73,1.93,271.07,28.21,25.22,626.65,988.15,,
2010,MAY,5,14,NA,16.19,NA,NA,63.91,1.92,252.82,29.77,20.86,625.55,978.5,,
2010,MAY,5,15,NA,16.26,NA,NA,58.91,2.04,245.76,31.18,17.31,624.59,884.99,,
2010,MAY,5,16,NA,17,NA,NA,61.01,1.48,214.76,31.97,15.98,623.71,742.33,,
2010,MAY,5,17,NA,19.61,NA,NA,62.04,1.43,228.31,32.54,14.65,623.17,551.34,,
2010,MAY,5,18,NA,25.89,NA,NA,53.43,1.34,194.89,32.89,12.27,622.84,323.15,,
2010,MAY,5,19,NA,27.94,NA,NA,66.76,1.34,146.33,32.61,11.76,623,109.59,,
2010,MAY,5,20,NA,22.54,NA,NA,57,1.88,67.73,31.43,7.48,623.45,5.43,,
2010,MAY,5,21,NA,21.19,NA,NA,67.36,1.37,84.81,28.74,8.77,624.45,2.38,,
2010,MAY,5,22,NA,21.34,NA,NA,50.12,1.51,111.37,26.39,9.79,625.31,2.55,,
2010,MAY,5,23,NA,20.76,NA,NA,59.09,3.01,97.6,24.96,11.16,625.77,2.67,,
2010,MAY,6,0,NA,20.24,NA,NA,58.1,3.98,101.01,23.43,14.71,625.71,2.7,,
2010,MAY,6,1,NA,20.49,NA,NA,46.79,1.52,107.81,21.93,17.47,625.9,2.79,,
2010,MAY,6,2,NA,21.06,NA,NA,33.76,2.28,70.08,21.93,17.11,625.73,2.84,,
2010,MAY,6,3,NA,21.5,NA,NA,34.04,1.69,98.05,20.35,19.69,625.57,3,,
2010,MAY,6,4,NA,22.52,NA,NA,28.06,0.61,123.47,19.33,22.59,625.57,2.94,,
2010,MAY,6,5,NA,31.64,NA,NA,40.88,0.55,131.09,19.21,19.8,625.68,3.01,,
2010,MAY,6,6,NA,31.97,NA,NA,78.62,0.48,239.01,18.49,22.66,626.08,3.12,,
2010,MAY,6,7,NA,29.73,NA,NA,98.82,0.48,80.09,17.93,25.99,626.63,35.83,,
2010,MAY,6,8,NA,26.52,NA,NA,129.87,0.63,73.76,18.94,27.25,627.22,232.4,,
2010,MAY,6,9,NA,26.68,NA,NA,76.88,1.6,72.39,21.06,26.18,627.5,468.44,,
2010,MAY,6,10,NA,24.26,NA,NA,90.12,1.02,107.33,23.23,22.72,627.59,684.89,,
2010,MAY,6,11,NA,40.5,NA,NA,85.49,0.89,127.5,25.49,16.55,627.38,859.79,,
2010,MAY,6,12,NA,86.88,NA,NA,111.45,1.3,235.62,27.47,13.66,626.81,972.38,,
2010,MAY,6,13,NA,70.57,NA,NA,30.76,1.12,245.69,29.53,6.21,625.95,1042.83,,
2010,MAY,6,14,NA,43.37,NA,NA,30.55,1.58,201.69,31.08,4.46,624.78,1035,,
2010,MAY,6,15,NA,37.28,NA,NA,44.43,1.85,226.53,31.92,4.7,623.68,950.72,,
2010,MAY,6,16,NA,32.69,NA,NA,50.24,2.12,274.23,32.89,4.69,622.73,797.59,,
2010,MAY,6,17,NA,25.85,NA,NA,34.21,1.43,244.91,33.19,4.61,622.04,591.16,,
2010,MAY,6,18,NA,21.26,NA,NA,42.58,1.84,276.71,33.74,4.47,621.7,364.81,,
2010,MAY,6,19,NA,22.47,NA,NA,50.96,0.92,160.19,33.68,3.99,621.74,132.92,,
2010,MAY,6,20,NA,24.44,NA,NA,97.11,0.5,125.12,32.39,5.67,622.33,5.95,,
2010,MAY,6,21,NA,33.25,NA,NA,59.94,1.05,124.55,31.02,6.05,623.29,2.33,,
2010,MAY,6,22,NA,28.77,NA,NA,68.74,1.46,83.28,28.32,8.65,624.29,2.47,,
2010,MAY,6,23,NA,24.26,NA,NA,61.69,2.64,92.9,26.72,10.25,624.91,2.44,,
2010,MAY,7,0,NA,22.62,NA,NA,61.52,1.88,142.47,24.48,16.48,625.44,2.61,,
2010,MAY,7,1,NA,30.02,NA,NA,79.76,0.42,139.63,23.36,17.84,625.77,2.79,,
2010,MAY,7,2,NA,38.12,NA,NA,79,0.32,134.06,22.52,20.21,625.55,2.85,,
2010,MAY,7,3,NA,30.51,NA,NA,53.74,0.7,133.46,21.53,25.02,625.22,2.85,,
2010,MAY,7,4,NA,27.66,NA,NA,51.8,1.15,125.21,19.66,31.33,625.12,3.03,,
2010,MAY,7,5,NA,24.37,NA,NA,60.38,1.76,124.82,18.45,35.2,625.33,3.07,,
2010,MAY,7,6,NA,25.35,NA,NA,68.46,1.31,118.19,17.88,42.14,625.73,3.06,,
2010,MAY,7,7,NA,23.13,NA,NA,92.78,1.06,117.25,17.01,46.51,626.27,35.39,,
2010,MAY,7,8,NA,21.53,NA,NA,118.98,0.96,121.56,18.08,45.9,626.82,225.34,,
2010,MAY,7,9,NA,20.49,NA,NA,105.63,0.84,125.17,20.4,42.4,627.16,457.51,,
2010,MAY,7,10,NA,20.52,NA,NA,112.3,0.92,246.68,23.18,36.2,627.3,663.64,,
2010,MAY,7,11,NA,18.85,NA,NA,82.44,1.59,258.93,25.28,30.32,627.02,844.84,,
2010,MAY,7,12,NA,17.86,NA,NA,61.61,1.55,246.71,27.24,25.29,626.48,963.19,,
2010,MAY,7,13,NA,17.74,NA,NA,44.74,1.91,254.78,29.58,16.69,625.7,1017.35,,
2010,MAY,7,14,NA,18.49,NA,NA,42.21,1.39,244.02,31.65,10.38,624.66,1003.06,,
2010,MAY,7,15,NA,23.03,NA,NA,51.43,2.11,275.05,32.8,9.42,623.69,918.88,,
2010,MAY,7,16,NA,29.42,NA,NA,71.57,1.43,213.61,33.53,8.85,622.73,759.32,,
2010,MAY,7,17,NA,32.47,NA,NA,38.58,2.3,166.52,34.9,5.46,622.15,577.7,,
2010,MAY,7,18,NA,32.94,NA,NA,56.14,2.88,151.26,35.36,4.44,621.88,359.96,,
2010,MAY,7,19,NA,55.03,NA,NA,94.46,3.91,65.94,34.65,5,622.1,132.05,,
2010,MAY,7,20,NA,70.18,NA,NA,81.86,4.26,52.13,32.61,5.83,622.81,6.47,,
2010,MAY,7,21,NA,41.7,NA,NA,67.13,4.34,65.86,30.79,7.9,623.68,2.13,,
2010,MAY,7,22,NA,27.39,NA,NA,43.43,3.39,68.48,28.97,8.54,624.45,2.45,,
2010,MAY,7,23,NA,23.84,NA,NA,52.07,2.7,87.15,26.37,10.96,625.19,2.55,,
2010,MAY,8,0,NA,22.04,NA,NA,54.92,3.11,90.12,25.18,15.52,625.51,2.6,,
2010,MAY,8,1,NA,21.36,NA,NA,53.25,2.19,94.78,23.61,22.48,625.57,2.89,,
2010,MAY,8,2,NA,24.35,NA,NA,45.72,2.27,120.41,22.38,24.33,625.58,2.97,,
2010,MAY,8,3,NA,25.38,NA,NA,42.2,2.65,111.3,21.56,25.98,625.61,3.03,,
2010,MAY,8,4,NA,23.1,NA,NA,36.32,2.88,73.96,21.63,27.71,625.48,2.94,,
2010,MAY,8,5,NA,22.31,NA,NA,35.27,3.03,59.56,20.85,31.92,625.91,3,,
2010,MAY,8,6,NA,24.99,NA,NA,49.63,1.87,84.16,19.89,40.65,626.45,2.89,,
2010,MAY,8,7,NA,29.29,NA,NA,93.96,1.73,105.41,17.92,51.56,626.78,37.6,,
2010,MAY,8,8,NA,30.95,NA,NA,108.92,3.63,100,19.18,56.31,627.21,230.91,,
2010,MAY,8,9,NA,22.4,NA,NA,103.8,4.44,93.08,21.33,49.87,627.62,468.61,,
2010,MAY,8,10,NA,18.78,NA,NA,71.83,4.21,90.64,23.36,42.58,627.72,685.54,,
2010,MAY,8,11,NA,17.18,NA,NA,48.96,3.16,97.6,25.62,30.24,627.56,866.87,,
2010,MAY,8,12,NA,16.84,NA,NA,35.05,2.26,111.2,27.37,23.38,627.15,988.49,,
2010,MAY,8,13,NA,16.39,NA,NA,NA,2.31,114.04,29.46,12.61,626.44,1039.94,,
2010,MAY,8,14,NA,16.58,NA,NA,40.21,2.94,114.35,31.06,10.57,625.6,1007.47,,
2010,MAY,8,15,NA,17.02,NA,NA,39.94,2.06,98.34,32.28,11.82,624.67,812.17,,
2010,MAY,8,16,NA,18.31,NA,NA,40.09,2.85,97.6,33.02,10.42,623.82,740,,
2010,MAY,8,17,NA,17.86,NA,NA,NA,2.94,92.86,34,6.9,623.21,573.44,,
2010,MAY,8,18,NA,21.79,NA,NA,145.92,4.44,79.93,33.3,12.25,623.21,332.14,,
2010,MAY,8,19,NA,36.28,NA,NA,165.51,5.33,39.26,30.55,22.92,623.92,88.98,,
2010,MAY,8,20,NA,47.62,NA,NA,93.31,4.47,48.6,28.11,27.9,624.87,6.05,,
2010,MAY,8,21,NA,58.2,NA,NA,99.78,4.97,45.9,25.47,36.43,625.82,2.45,,
2010,MAY,8,22,NA,45.27,NA,NA,71.8,5.04,56.18,23.83,42.07,627.04,2.86,,
2010,MAY,8,23,NA,30.47,NA,NA,80.23,5.15,77.13,22.5,47.44,628.12,2.91,,
2010,MAY,9,0,NA,23.37,NA,NA,52.14,5.04,67.44,21.22,52.06,628.78,2.65,,
2010,MAY,9,1,NA,21.09,NA,NA,35.8,4.69,67.93,20.62,52.07,628.58,2.79,,
2010,MAY,9,2,NA,20.21,NA,NA,34.52,4.09,64.67,20.44,49.26,628.24,2.87,,
2010,MAY,9,3,NA,20.12,NA,NA,38.68,3.19,69.62,20.15,50.62,628.36,2.85,,
2010,MAY,9,4,NA,19.67,NA,NA,38.34,2.36,84.59,19.38,54.07,628.46,3.03,,
2010,MAY,9,5,NA,19.15,NA,NA,40.36,1.87,67.38,19.29,54.86,628.75,3.07,,
2010,MAY,9,6,NA,18.83,NA,NA,44.62,1.26,114.31,18.65,58.37,629.2,3.05,,
2010,MAY,9,7,NA,18.59,NA,NA,66.33,1.13,131.03,18.19,61.53,629.76,27.07,,
2010,MAY,9,8,NA,17.93,NA,NA,69.79,1.67,98.65,18.86,61.26,630.21,159.37,,
2010,MAY,9,9,NA,16.8,NA,NA,63.42,3.56,86.23,21.05,56.89,630.36,389.19,,
2010,MAY,9,10,NA,16.08,NA,NA,61.19,3.74,81.5,22.69,52.51,630.15,616.18,,
2010,MAY,9,11,NA,16.49,NA,NA,65.8,3.19,99.36,24.42,46.53,629.78,794.89,,
2010,MAY,9,12,NA,17.26,NA,NA,65.58,2.11,119.13,25.95,41.49,629.11,920.29,,
2010,MAY,9,13,NA,16.38,NA,NA,57.13,1.81,94.15,27.73,35.65,628.33,954.88,,
2010,MAY,9,14,NA,16.05,NA,NA,56.52,1.44,159.56,28.51,31.19,627.5,827.82,,
2010,MAY,9,15,NA,20.26,NA,NA,65.64,1.78,165.48,29.73,27.42,626.6,829.16,,
2010,MAY,9,16,NA,20.92,NA,NA,48.43,1.54,109.34,30.63,23.69,625.47,653.27,,
2010,MAY,9,17,NA,17.76,NA,NA,45.69,1.3,174.7,31.09,22.27,624.63,417,,
2010,MAY,9,18,NA,17.7,NA,NA,53.06,1.15,233.98,31.17,22.09,624.4,194.48,,
2010,MAY,9,19,NA,20.53,NA,NA,71.77,1.42,280.7,30.87,23.42,624.66,55.06,,
2010,MAY,9,20,NA,24.11,NA,NA,64.28,1.02,187.1,30.11,24.01,625.28,3.77,,
2010,MAY,9,21,NA,35.16,NA,NA,76.06,2.02,84.28,28.87,24.13,625.95,2.19,,
2010,MAY,9,22,NA,29.25,NA,NA,49.27,2.44,109.88,26.78,23.88,626.98,2.38,,
2010,MAY,9,23,NA,21.98,NA,NA,47.43,1.24,148.41,25.83,24.48,627.87,2.63,,
2010,MAY,10,0,NA,18.57,NA,NA,53.66,0.38,219.56,25.93,25.41,627.99,2.46,,
2010,MAY,10,1,NA,17.04,NA,NA,55.8,0.89,230.02,25.53,26.3,627.82,2.56,,
2010,MAY,10,2,NA,17.08,NA,NA,49.98,1.65,312.21,24.43,28.45,627.75,2.61,,
2010,MAY,10,3,NA,17.05,NA,NA,57.6,2.85,323.72,22.77,40.27,627.34,2.77,,
2010,MAY,10,4,NA,16.31,NA,NA,27.38,2.31,315.35,22.27,42.18,627.83,2.78,,
2010,MAY,10,5,NA,16.09,NA,NA,33.47,1.02,220.34,21.63,41.83,628.49,2.82,,
2010,MAY,10,6,NA,15.5,NA,NA,53.47,0.73,177.38,21.24,41.66,628.55,2.93,,
2010,MAY,10,7,NA,15.21,NA,NA,87.55,1.77,162.35,20,53.74,628.58,30.87,,
2010,MAY,10,8,NA,15.32,NA,NA,88.01,2.04,126.72,20.57,59.76,628.88,222.95,,
2010,MAY,10,9,NA,15.97,NA,NA,79.36,2.18,118.63,22.68,53.74,629.01,436.2,,
2010,MAY,10,10,NA,16.28,NA,NA,54.44,1.3,131.08,23.58,48.17,629.04,515.38,,
2010,MAY,10,11,NA,15.22,NA,NA,40.15,1.11,163.19,25.05,41.46,628.62,764.58,,
2010,MAY,10,12,NA,14.62,NA,NA,21.4,1.03,203.88,26.9,29.92,628.06,906,,
2010,MAY,10,13,NA,14.87,NA,NA,42.76,1.62,244.13,28.5,26.72,627.28,987.86,,
2010,MAY,10,14,NA,14.52,NA,NA,23.33,2.03,272.44,30.04,20.81,626.34,984.07,,
2010,MAY,10,15,NA,14.55,NA,NA,31.13,2.44,280.41,31.2,16.8,625.06,907.92,,
2010,MAY,10,16,NA,14.86,NA,NA,40.12,2.36,255.4,31.95,15.69,623.89,763.16,,
2010,MAY,10,17,NA,14.84,NA,NA,21.3,2.13,282.7,32.25,12.7,623.25,354.06,,
2010,MAY,10,18,NA,15.29,NA,NA,33.44,2.76,306.92,32.02,13.47,623.35,171.33,,
2010,MAY,10,19,NA,15.78,NA,NA,61.85,3.35,180.41,30.69,14.73,624.22,57.54,,
2010,MAY,10,20,NA,18.07,NA,NA,90.64,2.45,168.01,27.96,20.9,625.92,3.39,,
2010,MAY,10,21,NA,19.22,NA,NA,66.74,3.33,97.69,26.91,24.16,627.05,2.58,,
2010,MAY,10,22,NA,22.85,NA,NA,87.05,5.01,262.28,24.36,31.6,628.25,2.84,,
2010,MAY,10,23,NA,34.73,NA,NA,24.16,2.22,74.68,24.02,32.27,628.3,2.66,,
2010,MAY,11,0,NA,42.3,NA,NA,21.9,1.56,125.61,23.63,32.71,627.63,2.67,,
2010,MAY,11,1,NA,28.82,NA,NA,18.36,1.38,150.61,22.36,38.65,627,2.76,,
2010,MAY,11,2,NA,22.22,NA,NA,17.12,1.13,190,22.12,38.75,626.25,2.87,,
2010,MAY,11,3,NA,20.22,NA,NA,18.19,1.24,115.57,21.65,39.38,625.94,2.68,,
2010,MAY,11,4,NA,20.56,NA,NA,27.91,1.28,301.31,20.99,41.04,626.02,3.01,,
2010,MAY,11,5,NA,19.17,NA,NA,25.41,0.46,259.33,20.81,41.98,625.95,2.76,,
2010,MAY,11,6,NA,18.1,NA,NA,59.01,0.62,199.93,20.03,45.03,626.34,2.96,,
2010,MAY,11,7,NA,16.96,NA,NA,79.85,0.62,205.1,19.03,50.03,626.83,36.82,,
2010,MAY,11,8,NA,16.88,NA,NA,111.37,0.82,257.23,19.9,47.22,627.53,181.28,,
2010,MAY,11,9,NA,16.9,NA,NA,60.06,0.66,163.06,21.31,41.21,628.12,411.12,,
2010,MAY,11,10,NA,16.88,NA,NA,60.46,0.91,182.31,23.12,36.06,628.1,605.5,,
2010,MAY,11,11,NA,16.3,NA,NA,41.86,1.24,144.03,25.38,29.75,627.69,786.07,,
2010,MAY,11,12,NA,15.13,NA,NA,30,1.27,198.25,27.15,24.73,627.17,928.63,,
2010,MAY,11,13,NA,14.34,NA,NA,37.91,1.85,267.62,28.91,21.53,626.3,919.55,,
2010,MAY,11,14,NA,14.04,NA,NA,40.07,2.01,234.7,29.69,19.47,625.4,678.34,,
2010,MAY,11,15,NA,14.02,NA,NA,26.23,2.94,297.89,30.25,16.76,624.43,632.51,,
2010,MAY,11,16,NA,14.36,NA,NA,63.05,2.36,285.24,30.54,16.63,623.37,510.3,,
2010,MAY,11,17,NA,14.76,NA,NA,40.37,2.26,304.38,30.5,17.13,622.82,289.56,,
2010,MAY,11,18,NA,15.18,NA,NA,44.09,1.51,266.73,30.26,17.46,622.62,185.77,,
2010,MAY,11,19,NA,15.55,NA,NA,115.31,2.51,202.46,28.5,23.97,622.89,52.11,,
2010,MAY,11,20,NA,15.56,NA,NA,74,1.87,198.04,27.32,25.36,623.18,6.59,,
2010,MAY,11,21,NA,15.7,NA,NA,73,2.29,189.13,26.48,27.64,623.98,2.33,,
2010,MAY,11,22,NA,15.65,NA,NA,47.13,2.04,169.72,25.65,29.26,624.5,2.22,,
2010,MAY,11,23,NA,15.87,NA,NA,47.35,1.27,98.47,25.15,30.94,625.09,2.54,,
2010,MAY,12,0,NA,17.43,NA,NA,59.48,2.99,53.06,24.51,33.35,625.44,2.43,,
2010,MAY,12,1,NA,20.6,NA,NA,32.41,4.32,41.51,23.5,39.48,624.95,2.67,,
2010,MAY,12,2,NA,23.89,NA,NA,16.79,1.6,97.72,23.05,40.04,624.55,2.69,,
2010,MAY,12,3,NA,23.31,NA,NA,21.33,1.19,270.79,22.86,40.29,624.43,2.73,,
2010,MAY,12,4,NA,19.21,NA,NA,22.02,0.96,257.94,22.33,42.63,624.04,2.83,,
2010,MAY,12,5,NA,16.84,NA,NA,31.8,0.95,242.72,21.85,44.47,624.07,2.98,,
2010,MAY,12,6,NA,15.75,NA,NA,37.38,1.39,262.66,21.16,47.77,624.17,3.07,,
2010,MAY,12,7,NA,15.06,NA,NA,63.69,0.58,188.85,20.59,50.1,624.4,29.97,,
2010,MAY,12,8,NA,14.63,NA,NA,89.06,1.09,122.46,20.46,52.62,624.96,132.6,,
2010,MAY,12,9,NA,14.94,NA,NA,149.17,1.43,120.09,21.29,49.98,625.3,185.63,,
2010,MAY,12,10,NA,16.09,NA,NA,117.46,0.9,113.53,22.12,47.02,625.75,269.76,,
2010,MAY,12,11,NA,14.19,NA,NA,63.07,0.87,175.92,23.71,40.79,625.69,460.01,,
2010,MAY,12,12,NA,12.87,NA,NA,37.24,1.2,216.36,25.47,33.09,625.34,521.94,,
2010,MAY,12,13,NA,12.12,NA,NA,46.43,1.89,288.55,26.57,29.5,624.78,508.44,,
2010,MAY,12,14,NA,11.44,NA,NA,43.88,2.37,287.84,27.51,27.45,623.93,758.1,,
2010,MAY,12,15,NA,11.09,NA,NA,68.71,3.28,293.67,28.94,24.4,622.78,762.7,,
2010,MAY,12,16,NA,11.01,NA,NA,45.92,3.33,298.09,30.03,19.64,622.16,717.1,,
2010,MAY,12,17,NA,10.89,NA,NA,121.7,3.88,270.03,28.88,20.7,622.4,228.03,,
2010,MAY,12,18,NA,10.52,NA,NA,252.46,6.84,166.62,21.53,49.61,623.17,30.04,,
2010,MAY,12,19,NA,11.04,NA,NA,51.96,2.52,96.3,20.95,55.9,624.08,27,,
2010,MAY,12,20,NA,11.31,NA,NA,38.92,2.16,121.35,22.14,45.5,623.53,4.23,,
2010,MAY,12,21,NA,11.34,NA,NA,60.55,2.55,86.55,20.66,54.97,624.89,2.92,,
2010,MAY,12,22,NA,10.93,NA,NA,35.51,2.68,90.7,20.44,53.97,625.91,3.03,,
2010,MAY,12,23,NA,10.85,NA,NA,24.99,3.46,96.94,19.46,58.09,626.31,3.02,,
2010,MAY,13,0,NA,10.57,NA,NA,14.43,2.78,80.17,18.84,59.66,626.43,3.06,,
2010,MAY,13,1,NA,10.42,NA,NA,19.92,1.48,115.01,18.19,62.09,626.02,3.16,,
2010,MAY,13,2,NA,10.77,NA,NA,18.82,1.52,92.88,18.08,61.18,625.41,3.06,,
2010,MAY,13,3,NA,10.57,NA,NA,17.02,1.16,138.71,18.03,60.26,624.94,3.1,,
2010,MAY,13,4,NA,10.45,NA,NA,17.77,1.05,161.89,17.76,59.67,624.68,3.13,,
2010,MAY,13,5,NA,10.61,NA,NA,25.4,0.5,131.75,17.68,58.44,624.65,3.23,,
2010,MAY,13,6,NA,11.03,NA,NA,44.29,0.36,241.25,17.06,63.35,624.92,3.18,,
2010,MAY,13,7,NA,10.67,NA,NA,75.04,0.62,140.06,16.68,66.21,625.28,36.81,,
2010,MAY,13,8,NA,10.67,NA,NA,55.81,1.26,314.98,17.55,60.94,625.7,206.17,,
2010,MAY,13,9,NA,11.34,NA,NA,56.83,0.66,178.17,19.53,53.18,626.09,427.51,,
2010,MAY,13,10,NA,14.32,NA,NA,84.04,0.72,172.64,21.27,48.43,626.2,628.79,,
2010,MAY,13,11,NA,14.71,NA,NA,47,1.42,249.93,23.83,37.66,625.88,824.48,,
2010,MAY,13,12,NA,12.64,NA,NA,41.49,1.71,252.45,26.06,32.53,625.3,952.28,,
2010,MAY,13,13,NA,11.32,NA,NA,21.02,1.85,253.1,27.81,23.4,624.5,996.5,,
2010,MAY,13,14,NA,10.47,NA,NA,32.75,1.68,190.44,28.71,20.49,623.78,962.23,,
2010,MAY,13,15,NA,9.83,NA,NA,45.85,1.92,241,29.93,16.13,622.9,809.42,,
2010,MAY,13,16,NA,9.76,NA,NA,40.29,1.9,229.21,30.37,15.25,622.21,539.25,,
2010,MAY,13,17,NA,9.64,NA,NA,44.67,2.07,253.19,30.28,16.31,621.87,341.38,,
2010,MAY,13,18,NA,9.68,NA,NA,53.13,2.08,270.02,30.02,17.16,621.9,150.89,,
2010,MAY,13,19,NA,9.64,NA,NA,73.29,2.04,269.42,29.62,17.85,622.06,55.75,,
2010,MAY,13,20,NA,9.95,NA,NA,95.3,1.02,245.05,28.78,19.81,622.61,2.93,,
2010,MAY,13,21,NA,10.29,NA,NA,110.56,1.61,166.8,26.63,26.14,623.29,2.41,,
2010,MAY,13,22,NA,10.24,NA,NA,88.33,0.49,138.88,25.74,29.41,624.28,2.66,,
2010,MAY,13,23,NA,10.34,NA,NA,70.65,0.95,112.78,25.14,30.63,625.28,2.73,,
2010,MAY,14,0,NA,10.72,NA,NA,48.93,1.13,111.5,24.8,30.08,625.99,2.65,,
2010,MAY,14,1,NA,10.97,NA,NA,46.29,1.61,104.88,24.59,33.29,626.37,2.66,,
2010,MAY,14,2,NA,11.31,NA,NA,40.1,1.18,163.66,23.74,37.7,626.5,2.79,,
2010,MAY,14,3,NA,12.35,NA,NA,46.8,1.15,75.65,22.66,46.35,626.55,2.85,,
2010,MAY,14,4,NA,12.3,NA,NA,35.91,0.74,88.89,21.59,51.07,626.6,2.79,,
2010,MAY,14,5,NA,11.69,NA,NA,34.66,1.1,101.07,20.7,55.41,626.67,2.74,,
2010,MAY,14,6,NA,10.85,NA,NA,38.79,1.54,101.81,19.78,59.33,626.9,3.01,,
2010,MAY,14,7,NA,10.38,NA,NA,59.77,2.13,85.29,19.63,59.37,627.26,30.56,,
2010,MAY,14,8,NA,10.02,NA,NA,89.08,2.25,123.02,19.73,60.3,628.02,252.08,,
2010,MAY,14,9,NA,10.5,NA,NA,79.32,1.66,115.19,21.87,51.93,628.37,481.75,,
2010,MAY,14,10,NA,10.7,NA,NA,75.48,1.2,201.29,23.43,39.96,628.42,687.18,,
2010,MAY,14,11,NA,10.4,NA,NA,67.85,1.75,260.34,25.21,31.61,628.15,851.73,,
2010,MAY,14,12,NA,9.77,NA,NA,57.03,1.49,240.39,26.57,25.65,627.83,939.99,,
2010,MAY,14,13,NA,9.59,NA,NA,32.04,1.54,220.42,27.89,21.98,626.98,990.14,,
2010,MAY,14,14,NA,9.32,NA,NA,30.45,1.88,238.76,29.12,17.86,625.87,957.12,,
2010,MAY,14,15,NA,9.37,NA,NA,38.9,1.83,247.21,29.88,15.93,624.96,855.26,,
2010,MAY,14,16,NA,9.55,NA,NA,42.02,1.75,233.38,30.27,14.65,624.11,691.33,,
2010,MAY,14,17,NA,9.63,NA,NA,44.37,2.06,257.53,30.6,14.92,623.42,458.74,,
2010,MAY,14,18,NA,9.75,NA,NA,66,2.74,294.14,30.12,16.02,623.35,140.31,,
2010,MAY,14,19,NA,9.89,NA,NA,64.65,3.09,320.13,29.08,17.16,623.62,58.89,,
2010,MAY,14,20,NA,10.54,NA,NA,84.67,0.99,231.04,28.2,19,624.19,2.71,,
2010,MAY,14,21,NA,11.58,NA,NA,85.34,2.41,75.13,25.93,26.97,624.82,2.6,,
2010,MAY,14,22,NA,12.48,NA,NA,50.27,2.21,119.1,23.7,34.38,625.62,2.56,,
2010,MAY,14,23,NA,12.41,NA,NA,29.97,2.88,80.11,22.88,36.31,626.46,2.62,,
2010,MAY,15,0,NA,NA,NA,NA,NA,NA,NA,NA,NA,NA,NA,,
2010,MAY,15,1,NA,12.75,NA,NA,53.7,4.21,98.68,21.19,46.69,626.61,2.72,,
2010,MAY,15,2,NA,12.63,NA,NA,29.26,3.78,94.27,20.62,49.18,626.49,2.89,,
2010,MAY,15,3,NA,12.28,NA,NA,20.3,3.01,103.78,19.85,50.89,626.66,3.08,,
2010,MAY,15,4,NA,12.15,NA,NA,16.89,2.34,102,19.32,53,626.76,2.92,,
2010,MAY,15,5,NA,12.17,NA,NA,21.54,2.17,102.86,18.89,54.36,626.74,2.97,,
2010,MAY,15,6,NA,12.17,NA,NA,39.66,1.91,117.31,17.72,59.77,626.85,3.19,,
2010,MAY,15,7,NA,12.49,NA,NA,66.31,1.84,114.55,17.43,62.02,627.45,18.13,,
2010,MAY,15,8,NA,12.6,NA,NA,86.66,2.64,99,18.58,57.59,627.99,201.79,,
2010,MAY,15,9,NA,12.69,NA,NA,77.49,3.05,106.08,20.81,51.23,628.22,422.16,,
2010,MAY,15,10,NA,13.97,NA,NA,67.27,1.85,112.97,22.77,44.29,628.25,622.88,,
2010,MAY,15,11,NA,13.62,NA,NA,43.38,1.34,202.52,25,31.61,628.06,807.99,,
2010,MAY,15,12,NA,12.48,NA,NA,37.01,1.96,264.36,26.81,24.96,627.57,931.04,,
2010,MAY,15,13,NA,11.3,NA,NA,36.14,1.81,255.03,27.6,22.55,626.88,954.7,,
2010,MAY,15,14,NA,11.23,NA,NA,26.43,2.07,233.44,29.08,17.09,626.03,938.05,,
2010,MAY,15,15,NA,11.29,NA,NA,29.11,1.79,239.48,29.83,12.78,625.07,855.43,,
2010,MAY,15,16,NA,13.15,NA,NA,40.13,1.72,192.82,30.27,13.16,624.21,554.92,,
2010,MAY,15,17,NA,13.08,NA,NA,59.69,1.45,254.47,30.36,13.01,623.71,288.21,,
2010,MAY,15,18,NA,12.58,NA,NA,53.78,2.04,281.22,30.25,13.7,623.48,205.66,,
2010,MAY,15,19,NA,12.31,NA,NA,63.14,1.97,261.77,29.7,15.08,623.62,52.65,,
2010,MAY,15,20,NA,12.39,NA,NA,104.09,1.95,208.12,28.43,20.55,624.29,2.73,,
2010,MAY,15,21,NA,12.32,NA,NA,74.77,3.98,303.08,27.6,20.27,625.29,2.52,,
2010,MAY,15,22,NA,12.39,NA,NA,83.67,1.78,203.7,26.22,24.98,626.28,2.56,,
2010,MAY,15,23,NA,12.78,NA,NA,77.65,3.19,104.75,24.35,34.1,627.04,2.68,,
2010,MAY,16,0,NA,12.88,NA,NA,38.66,2.84,101.51,22.63,40.9,627.17,2.6,,
2010,MAY,16,1,NA,13.45,NA,NA,34.79,1.44,126.3,21.79,43.16,627.07,2.74,,
2010,MAY,16,2,NA,13.98,NA,NA,38.78,1.05,134.77,20.9,47.09,626.73,3.05,,
2010,MAY,16,3,NA,14.61,NA,NA,33.24,1.32,125.33,20.4,48.65,626.42,2.99,,
2010,MAY,16,4,NA,16.7,NA,NA,51.94,1.18,127.99,19.98,50.58,626.18,3,,
2010,MAY,16,5,NA,18.95,NA,NA,44.82,1.65,118.51,19.8,51.34,626.36,2.98,,
2010,MAY,16,6,NA,17.26,NA,NA,33.27,2.53,104.77,19.62,52.03,626.91,2.84,,
2010,MAY,16,7,NA,15.44,NA,NA,51.01,2.15,86.65,19.58,54.93,627.82,28.28,,
2010,MAY,16,8,NA,14.61,NA,NA,50.04,2.46,73.93,20.22,57.47,628.09,106.76,,
2010,MAY,16,9,NA,15.01,NA,NA,43.25,3.5,72.99,21.54,55.03,628.82,286.35,,
2010,MAY,16,10,NA,15.32,NA,NA,28.43,3.1,70.15,22.58,51.77,629.23,394.37,,
2010,MAY,16,11,NA,15.47,NA,NA,29.71,2.62,106.23,22.81,48.66,629.12,159,,
2010,MAY,16,12,NA,16.12,NA,NA,39.42,2.25,210.13,21.86,47.19,629.13,82.5,,
2010,MAY,16,13,NA,16.23,NA,NA,NA,2.62,108.54,21.33,53.82,628.81,472.7,,
2010,MAY,16,14,NA,15.56,NA,NA,38.61,3.9,90.6,23.18,48.07,627.9,512.4,,
2010,MAY,16,15,NA,14.82,NA,NA,11.23,3.67,99.95,23.18,47.27,627.4,242.94,,
2010,MAY,16,16,NA,14.27,NA,NA,34.28,3.45,92.59,22.51,49.52,627.04,162.28,,
2010,MAY,16,17,NA,14.33,NA,NA,11.66,3.25,100.23,22.89,45.36,626.12,352.48,,
2010,MAY,16,18,NA,15.21,NA,NA,20.12,2.14,110.62,23.56,39.22,625.84,232.88,,
2010,MAY,16,19,NA,15.54,NA,NA,28.01,2.22,77.43,23.56,38.59,626.13,89.24,,
2010,MAY,16,20,NA,14.9,NA,NA,30.68,2.76,72.3,22.8,40.25,626.79,7.53,,
2010,MAY,16,21,NA,21.57,NA,NA,23.54,3.46,61.47,20.54,45.87,627.66,2.93,,
2010,MAY,16,22,NA,24.33,NA,NA,23.47,1.17,110.79,19.36,50.13,628.13,3.02,,
2010,MAY,16,23,NA,18.05,NA,NA,26.21,1.14,156.26,18.05,56.56,628.86,3.08,,
2010,MAY,17,0,NA,18.76,NA,NA,29.32,0.58,160.54,18.01,56.96,628.72,2.99,,
2010,MAY,17,1,NA,17.2,NA,NA,28.73,1.03,139.53,17.49,59.83,628.4,2.94,,
2010,MAY,17,2,NA,16.07,NA,NA,21.56,2.02,119.68,17.07,61.25,628.01,3.11,,
2010,MAY,17,3,NA,19.26,NA,NA,25.42,1.79,131.24,17.02,60.99,627.52,2.97,,
2010,MAY,17,4,NA,18.29,NA,NA,20.23,1.38,111.76,17.3,59.35,627.32,2.97,,
2010,MAY,17,5,NA,17.21,NA,NA,25.01,1.1,213.12,16.86,60.41,627.51,2.96,,
2010,MAY,17,6,NA,16.26,NA,NA,32.37,1.56,108.15,16.36,63.41,627.85,3.16,,
2010,MAY,17,7,NA,14.45,NA,NA,39.48,1.43,99.31,16.13,63.91,628.09,22.24,,
2010,MAY,17,8,NA,14.25,NA,NA,67.73,0.96,111.11,17.58,59.31,628.71,201.6,,
2010,MAY,17,9,NA,14.49,NA,NA,41.99,2.06,83.86,19.52,53.87,628.82,426.92,,
2010,MAY,17,10,NA,14.51,NA,NA,36.48,1.94,93.07,21.38,49.05,628.94,660.42,,
2010,MAY,17,11,NA,15.44,NA,NA,31.04,1.63,121.12,23.61,41.06,628.56,819.86,,
2010,MAY,17,12,NA,20.32,NA,NA,35.2,1.49,173.17,25.11,34.85,627.93,869.25,,
2010,MAY,17,13,NA,28.79,NA,NA,32.6,1.29,188.33,26.82,27.55,627.26,898.89,,
2010,MAY,17,14,NA,20.94,NA,NA,25.24,2.17,250.01,28.33,20.46,626.31,942.5,,
2010,MAY,17,15,NA,15.91,NA,NA,78.37,4.15,107.81,28.46,19.28,625.57,558.44,,
2010,MAY,17,16,NA,14.65,NA,NA,35.97,3.94,55.04,27.62,20.81,625.22,153.71,,
2010,MAY,17,17,NA,18,NA,NA,37.92,2.32,70.41,27.7,22.23,624.98,154.83,,
2010,MAY,17,18,NA,14.97,NA,NA,46.43,2.85,100.27,27.53,22.54,624.62,151.7,,
2010,MAY,17,19,NA,13.93,NA,NA,54.91,3.17,80.83,26.47,25.74,624.89,72.28,,
2010,MAY,17,20,NA,13.71,NA,NA,51.96,3.32,76.29,24.79,28.93,625.54,3.36,,
2010,MAY,17,21,NA,13.89,NA,NA,54.6,3.63,90.91,22.79,38.47,626.21,2.75,,
2010,MAY,17,22,NA,13.83,NA,NA,41.91,2.68,86.61,21.68,41.95,627.04,2.83,,
2010,MAY,17,23,NA,13.7,NA,NA,22.49,2.85,96.16,21.07,42.08,627.72,3.06,,
2010,MAY,18,0,NA,13.28,NA,NA,24.13,2.08,81.1,20.37,45.72,627.6,3.18,,
2010,MAY,18,1,NA,15.19,NA,NA,18.37,1.58,105.98,19.26,48.72,627.39,3.16,,
2010,MAY,18,2,NA,18.62,NA,NA,27.03,0.9,137.99,18.11,52.12,627.08,2.97,,
2010,MAY,18,3,NA,21.71,NA,NA,25.17,1.46,103.64,17.76,54.19,626.6,3.12,,
2010,MAY,18,4,NA,21.47,NA,NA,35.88,1.27,122.02,17.03,58.79,626.41,3.04,,
2010,MAY,18,5,NA,23.77,NA,NA,54.59,1.78,118.08,17.04,60.43,626.54,3.05,,
2010,MAY,18,6,NA,27.8,NA,NA,42.7,2.03,96.6,16.81,61.86,626.86,3.12,,
2010,MAY,18,7,NA,20.65,NA,NA,56.41,1.86,96.28,16.43,62.88,627.23,28.18,,
2010,MAY,18,8,NA,17.97,NA,NA,77.74,2.38,103.03,16.87,63.53,627.53,122.06,,
2010,MAY,18,9,NA,15.96,NA,NA,107.44,2.24,99.11,18.4,61.1,627.99,275.18,,
2010,MAY,18,10,NA,14.67,NA,NA,73.69,3.02,98.51,20.96,55.1,628.1,509.47,,
2010,MAY,18,11,NA,12.82,NA,NA,44.08,2.6,106.25,23.13,47.64,627.84,780.87,,
2010,MAY,18,12,NA,12.04,NA,NA,24.58,1.58,164.36,24.45,37.2,627.12,601.35,,
2010,MAY,18,13,NA,12.99,NA,NA,NA,1.14,242.43,26.05,23.59,626.3,706.06,,
2010,MAY,18,14,NA,12.55,NA,NA,31.41,1.6,262.66,27.56,17.57,625.4,719.1,,
2010,MAY,18,15,NA,12.68,NA,NA,29.97,1.69,258.84,28.36,16.11,624.65,558.48,,
2010,MAY,18,16,NA,12.77,NA,NA,47.31,1.66,268.17,28.98,14.33,623.81,632.78,,
2010,MAY,18,17,NA,12.27,NA,NA,30.2,1.44,260.59,29.52,12.63,623.32,459.78,,
2010,MAY,18,18,NA,12.12,NA,NA,59.92,1.88,185.92,29.58,14.74,622.93,318.06,,
2010,MAY,18,19,NA,12.37,NA,NA,80.47,2.52,101.4,28.67,18.69,623.1,81.87,,
2010,MAY,18,20,NA,15.35,NA,NA,92.12,1.6,108.53,27.51,20.79,623.42,6.76,,
2010,MAY,18,21,NA,19.29,NA,NA,71.22,2.65,84.7,25.95,23.57,623.85,2.48,,
2010,MAY,18,22,NA,14.92,NA,NA,64.06,3.67,79.26,24.09,29.03,624.64,2.84,,
2010,MAY,18,23,NA,13.65,NA,NA,34.58,3.15,68.22,22.73,34.01,625.32,2.87,,
2010,MAY,19,0,NA,13.14,NA,NA,46.83,3.28,68.75,21.83,44.51,625.7,2.8,,
2010,MAY,19,1,NA,13.16,NA,NA,38.88,3.28,79.22,21.33,52.06,625.82,2.86,,
2010,MAY,19,2,NA,12.97,NA,NA,34.3,2.79,78.07,20.22,58.69,625.53,2.9,,
2010,MAY,19,3,NA,13.29,NA,NA,28.81,1.77,103.12,19.25,65.5,625.19,2.95,,
2010,MAY,19,4,NA,13.99,NA,NA,29.24,1.28,103.73,18.75,67.06,625.05,2.97,,
2010,MAY,19,5,NA,14.13,NA,NA,38.17,1.52,120.65,17.75,71.43,625,3.03,,
2010,MAY,19,6,NA,14.08,NA,NA,42.26,1.83,115.13,17.42,72.83,625.21,3.06,,
2010,MAY,19,7,NA,14.78,NA,NA,80.44,1.44,113.92,16.93,74.45,625.57,36.3,,
2010,MAY,19,8,NA,17.28,NA,NA,116.03,2.08,99.27,17.99,70.46,626.09,214.75,,
2010,MAY,19,9,NA,16.66,NA,NA,90.14,2.13,97.34,20.48,61.31,626.38,437.43,,
2010,MAY,19,10,NA,16,NA,NA,36.43,1.03,164.94,22.66,47.07,626.35,651.8,,
2010,MAY,19,11,NA,13.91,NA,NA,45.56,1.37,229.13,24.99,33.06,626.07,828.13,,
2010,MAY,19,12,NA,12.53,NA,NA,42.79,1.58,235.74,26.7,26.26,625.56,946.44,,
2010,MAY,19,13,NA,12.64,NA,NA,30.05,2.04,251.7,28.56,19.43,624.87,1001.79,,
2010,MAY,19,14,NA,11.89,NA,NA,32.55,2.44,260.21,30.25,15.2,623.91,996.33,,
2010,MAY,19,15,NA,11.71,NA,NA,25.43,2.15,242.57,31.19,10.15,623.14,917.56,,
2010,MAY,19,16,NA,11.7,NA,NA,39.23,1.88,227.67,31.49,10.22,622.26,765.45,,
2010,MAY,19,17,NA,12.02,NA,NA,40.19,1.91,233.75,31.87,10.04,621.48,570.14,,
2010,MAY,19,18,NA,12.33,NA,NA,40.48,1.45,259.48,31.99,9.86,621.06,343.21,,
2010,MAY,19,19,NA,12.68,NA,NA,56.39,1.56,244.57,31.77,9.81,621.08,125.73,,
2010,MAY,19,20,NA,13.35,NA,NA,121.59,0.87,210.41,30.69,10.77,621.35,7.14,,
2010,MAY,19,21,NA,14.84,NA,NA,197.8,0.78,222.19,29,13.91,621.8,2.29,,
2010,MAY,19,22,NA,16.12,NA,NA,111.66,0.55,200.08,27.65,14.74,622.43,2.52,,
2010,MAY,19,23,NA,15.6,NA,NA,120.29,0.65,139.47,25.94,17.83,623.17,2.61,,
2010,MAY,20,0,NA,15.42,NA,NA,80.89,0.57,269.84,25.82,17.97,623.59,2.5,,
2010,MAY,20,1,NA,16.48,NA,NA,96.78,0.62,177.34,23.16,25.48,623.88,2.58,,
2010,MAY,20,2,NA,18.38,NA,NA,93.36,0.5,166.85,22.44,28.68,623.61,2.87,,
2010,MAY,20,3,NA,17.04,NA,NA,79.94,0.53,250.8,22.03,32.6,623.39,2.84,,
2010,MAY,20,4,NA,15.69,NA,NA,67.05,0.39,278.54,21.7,34.99,623.51,3.03,,
2010,MAY,20,5,NA,14.46,NA,NA,77.79,0.29,131.02,20.9,36.78,623.68,2.96,,
2010,MAY,20,6,NA,15.64,NA,NA,119.46,0.33,118.02,18.81,47.05,624.17,3.11,,
2010,MAY,20,7,NA,16.64,NA,NA,98.79,0.29,149.26,19.06,46.76,624.64,37.45,,
2010,MAY,20,8,NA,15.72,NA,NA,147.39,0.49,144.2,19.76,45.71,625.12,221.98,,
2010,MAY,20,9,NA,14.62,NA,NA,96.71,1.1,206.09,22.56,35.03,625.26,435.37,,
2010,MAY,20,10,NA,13.64,NA,NA,55.22,1.14,242.5,24.69,28.31,625.36,640.47,,
2010,MAY,20,11,NA,12.88,NA,NA,48.85,1.15,224.47,27.04,21.88,625.05,820.81,,
2010,MAY,20,12,NA,12.46,NA,NA,38.25,1.24,222.38,28.86,17.54,624.58,928.11,,
2010,MAY,20,13,NA,11.95,NA,NA,32.25,1.45,182.26,30.48,13.09,624.07,980.03,,
2010,MAY,20,14,NA,11.83,NA,NA,47.47,2.04,257.09,31.68,11.54,623.33,980.22,,
2010,MAY,20,15,NA,12.09,NA,NA,33.91,2.25,201.52,32.3,9.68,622.6,908.66,,
2010,MAY,20,16,NA,12.75,NA,NA,35.27,1.29,160.22,32.66,8.65,621.79,750.11,,
2010,MAY,20,17,NA,14.62,NA,NA,41.01,1.16,116.52,33.16,8.61,621.15,541.51,,
2010,MAY,20,18,NA,14.79,NA,NA,52.28,1.67,87.36,32.99,9.17,620.95,284.53,,
2010,MAY,20,19,NA,14.97,NA,NA,87.21,1.83,202.96,31.88,11.78,621.22,101.63,,
2010,MAY,20,20,NA,14.17,NA,NA,111.94,1.28,224.18,30.5,14.52,621.77,5.66,,
2010,MAY,20,21,NA,14.17,NA,NA,111.03,1.3,252.34,28.75,19.61,622.56,2.26,,
2010,MAY,20,22,NA,14.51,NA,NA,97.19,1.44,268.08,27.34,21.78,623.29,2.59,,
2010,MAY,20,23,NA,14.82,NA,NA,81.52,1.12,220.69,26.39,23.49,624.01,2.46,,
2010,MAY,21,0,NA,14.87,NA,NA,88.92,0.42,145.39,25.22,27.4,624.54,2.54,,
2010,MAY,21,1,NA,15.34,NA,NA,78.43,0.8,147.49,23.26,31.86,624.7,2.75,,
2010,MAY,21,2,NA,17.99,NA,NA,69.16,0.77,242.55,24,28.91,624.79,2.9,,
2010,MAY,21,3,NA,16.83,NA,NA,50.65,1.56,277.71,24.02,28.79,624.66,2.77,,
2010,MAY,21,4,NA,15.29,NA,NA,55.32,1.83,287.61,22.76,33.08,624.57,2.77,,
2010,MAY,21,5,NA,14.81,NA,NA,65.54,0.75,262.16,21.69,36.34,624.81,3,,
2010,MAY,21,6,NA,14.53,NA,NA,74.8,1.09,250.65,20.91,39.02,625.17,3.01,,
2010,MAY,21,7,NA,14.09,NA,NA,115.62,0.56,182.96,20.63,39.8,625.77,18.32,,
2010,MAY,21,8,NA,16.13,NA,NA,207.8,0.93,118.49,20.17,44.99,626.46,143.36,,
2010,MAY,21,9,NA,19.3,NA,NA,124.43,1.08,174.68,22.74,39.13,626.59,393.64,,
2010,MAY,21,10,NA,16.65,NA,NA,56.82,1.35,271.24,25.08,30.71,626.68,482.04,,
2010,MAY,21,11,NA,14.74,NA,NA,44.4,1.88,272.71,26.67,23.84,626.4,722.76,,
2010,MAY,21,12,NA,13.51,NA,NA,59.26,1.28,222.68,28.27,21.05,625.93,837.7,,
2010,MAY,21,13,NA,13.35,NA,NA,47.17,1.39,217.56,29.72,18.56,625.3,928.63,,
2010,MAY,21,14,NA,12.82,NA,NA,41.56,1.28,176.18,30.82,16.89,624.46,899.3,,
2010,MAY,21,15,NA,13.26,NA,NA,45.84,1.53,197.13,32.22,14.98,623.63,873.6,,
2010,MAY,21,16,NA,13.4,NA,NA,32.74,1.3,197.7,32.45,13.38,622.64,738.33,,
2010,MAY,21,17,NA,13.16,NA,NA,42.48,1.86,124.82,33.1,12.05,621.81,541.67,,
2010,MAY,21,18,NA,13.24,NA,NA,45.01,1.15,154.2,32.91,12.69,621.48,301.17,,
2010,MAY,21,19,NA,13.59,NA,NA,65.05,1.09,155.91,32.59,13.7,621.64,108.77,,
2010,MAY,21,20,NA,16.36,NA,NA,171.84,1.33,213.93,31.34,17.38,622.23,5.43,,
2010,MAY,21,21,NA,16.02,NA,NA,104.54,2.32,119.28,29.14,23.44,623.59,2.2,,
2010,MAY,21,22,NA,15.83,NA,NA,156.49,5.28,68.34,25.54,37.02,625.3,2.37,,
2010,MAY,21,23,NA,15.43,NA,NA,34.43,3.89,74.14,24.15,40.48,625.89,2.61,,
2010,MAY,22,0,NA,15.49,NA,NA,29.11,3.4,101.09,23.57,43.75,625.77,2.6,,
2010,MAY,22,1,NA,15.35,NA,NA,18.77,2.94,108.17,23.13,44.67,625.34,2.64,,
2010,MAY,22,2,NA,16.65,NA,NA,32.62,2.31,114.86,22.25,48.66,625.21,2.75,,
2010,MAY,22,3,NA,18.22,NA,NA,16.24,1.46,62.45,22.2,48.03,625.09,2.89,,
2010,MAY,22,4,NA,16.26,NA,NA,13.46,0.55,101.55,21.83,47.34,625.16,2.72,,
2010,MAY,22,5,NA,17.6,NA,NA,63.16,0.63,115.05,21.32,48.37,625.2,2.76,,
2010,MAY,22,6,NA,20.54,NA,NA,38.59,0.83,76,20.83,47.66,625.23,2.92,,
2010,MAY,22,7,NA,24.66,NA,NA,108.23,0.38,136.3,20.35,48.24,625.54,31.71,,
2010,MAY,22,8,NA,23.71,NA,NA,103.18,1.18,126.55,20.62,46.68,625.92,152.78,,
2010,MAY,22,9,NA,22.75,NA,NA,85.49,2.09,101.11,22.66,41.3,626.32,410.99,,
2010,MAY,22,10,NA,18.14,NA,NA,66.64,3.04,76.52,24.7,36.27,626.4,509.72,,
2010,MAY,22,11,NA,16.49,NA,NA,69.34,2.14,100.38,26.44,32.75,626.16,752.24,,
2010,MAY,22,12,NA,16.29,NA,NA,46.06,1.83,67.91,28.2,26.28,625.56,896.65,,
2010,MAY,22,13,NA,17.6,NA,NA,33.32,1.75,125.49,29.76,21.97,624.57,949.1,,
2010,MAY,22,14,NA,28.86,NA,NA,45.81,1.96,179.06,31.21,17.84,623.54,934.97,,
2010,MAY,22,15,NA,30.01,NA,NA,42.46,2.07,203.24,31.98,15.75,622.7,823.27,,
2010,MAY,22,16,NA,21.89,NA,NA,36.07,1.44,247.12,32.35,14.3,621.79,733.04,,
2010,MAY,22,17,NA,17.63,NA,NA,45.89,1.7,240.63,33.07,13.46,621.02,547.59,,
2010,MAY,22,18,NA,16.01,NA,NA,53.06,1.94,277.16,33.05,12.86,620.79,305.18,,
2010,MAY,22,19,NA,15.75,NA,NA,80.53,2.02,263.44,32.33,14.92,620.95,54.65,,
2010,MAY,22,20,NA,15.51,NA,NA,234.02,2.89,219.04,29.94,22.18,621.54,4.75,,
2010,MAY,22,21,NA,15.23,NA,NA,78.71,2.53,239.66,28.53,25.41,622.52,2.2,,
2010,MAY,22,22,NA,15.2,NA,NA,86.65,2.18,267.92,27.48,28.3,623.24,2.44,,
2010,MAY,22,23,NA,16.17,NA,NA,74.18,1.2,182.51,26.92,29.61,624.23,2.46,,
2010,MAY,23,0,NA,19.3,NA,NA,67.71,0.78,224.99,26.61,30.1,624.64,2.3,,
2010,MAY,23,1,NA,17.73,NA,NA,54.71,1.29,228.91,26,31.6,624.5,2.41,,
2010,MAY,23,2,NA,16.26,NA,NA,37.6,1.69,240.69,25.49,33.29,624.18,2.52,,
2010,MAY,23,3,NA,15.49,NA,NA,39.77,1.36,230.81,24.63,35.26,623.88,2.52,,
2010,MAY,23,4,NA,15.26,NA,NA,47.29,2.06,246.83,23.55,38.69,623.74,2.88,,
2010,MAY,23,5,NA,15.26,NA,NA,44.32,1.15,271.01,22.65,40.66,623.71,2.78,,
2010,MAY,23,6,NA,14.84,NA,NA,51.56,0.99,281.3,21.69,44.45,623.81,2.89,,
2010,MAY,23,7,NA,15.05,NA,NA,64.28,0.73,278.74,21.36,44.83,624.2,33.51,,
2010,MAY,23,8,NA,15.53,NA,NA,58.03,1.13,314.32,21.71,41.77,624.77,197.39,,
2010,MAY,23,9,NA,15.67,NA,NA,64.11,1.11,249.19,23.11,38.26,625.3,409.87,,
2010,MAY,23,10,NA,15.26,NA,NA,53.84,1.24,269.81,24.88,32.19,625.45,610.21,,
2010,MAY,23,11,NA,14.88,NA,NA,50.97,1.87,259.52,26.57,29.16,625.16,790.87,,
2010,MAY,23,12,NA,14.26,NA,NA,39.13,2.23,267.19,28.37,23.73,624.57,915.73,,
2010,MAY,23,13,NA,13.94,NA,NA,30.4,2.45,270.4,29.78,19.98,623.82,975.85,,
2010,MAY,23,14,NA,13.66,NA,NA,36.59,2.09,247.14,30.97,17.32,622.9,970.4,,
2010,MAY,23,15,NA,13.76,NA,NA,38.19,3.04,274.07,31.8,15.14,622.03,897.3,,
2010,MAY,23,16,NA,13.85,NA,NA,31.58,2.61,275.76,32.6,12.63,621.27,763.03,,
2010,MAY,23,17,NA,14.14,NA,NA,32.12,2.19,250.46,32.95,12.04,620.62,565,,
2010,MAY,23,18,NA,14.28,NA,NA,28.62,2.66,266.94,33.17,11.11,620.27,347.64,,
2010,MAY,23,19,NA,14.41,NA,NA,36.01,2.88,251.27,32.62,10.86,620.41,135.66,,
2010,MAY,23,20,NA,14.82,NA,NA,49.2,2.5,250.89,31.25,11.08,620.96,10.03,,
2010,MAY,23,21,NA,15.48,NA,NA,73.01,1.67,270.18,29.07,13.4,621.76,2.31,,
2010,MAY,23,22,NA,16.39,NA,NA,72.76,1.69,294.64,27.88,13.56,622.38,2.46,,
2010,MAY,23,23,NA,16.95,NA,NA,91.69,1.41,217.96,26.05,15.32,623.2,2.59,,
2010,MAY,24,0,NA,23.7,NA,NA,112.05,0.92,200.19,25.02,18.19,623.9,2.64,,
2010,MAY,24,1,NA,23.99,NA,NA,41,1.2,242.66,25.11,14.71,623.72,2.61,,
2010,MAY,24,2,NA,19.21,NA,NA,34.97,1.49,256.47,24.06,15.61,623.54,2.68,,
2010,MAY,24,3,NA,17.05,NA,NA,42.79,0.97,299.4,22.49,19.24,623.34,2.79,,
2010,MAY,24,4,NA,16.44,NA,NA,44.55,0.47,114.08,21.27,22.08,623.37,2.82,,
2010,MAY,24,5,NA,18.29,NA,NA,78.51,0.31,143.51,20.63,24.52,623.27,3.04,,
2010,MAY,24,6,NA,19.04,NA,NA,99.07,0.33,125.38,19.76,26.59,623.48,3.24,,
2010,MAY,24,7,NA,18.71,NA,NA,140.59,0.5,126.12,17.29,40.23,624.12,45.82,,
2010,MAY,24,8,NA,17.46,NA,NA,NA,1.19,133.89,18.49,57.13,624.85,252.47,,
2010,MAY,24,9,NA,17.25,NA,NA,61.84,1.46,133.16,21.88,44.01,625.08,473.09,,
2010,MAY,24,10,NA,18.26,NA,NA,35.31,0.8,193.33,24.11,26.07,625.21,673.12,,
2010,MAY,24,11,NA,16.62,NA,NA,47.87,1.73,268.08,25.91,17.25,625.08,852.37,,
2010,MAY,24,12,NA,14.64,NA,NA,39.19,1.76,274.27,27.89,13.19,624.53,970.29,,
2010,MAY,24,13,NA,13.77,NA,NA,49.69,2.56,260.74,29.94,8.58,623.83,989.95,,
2010,MAY,24,14,NA,12.99,NA,NA,39.52,2.92,264.01,31.01,8.27,623.07,970.89,,
2010,MAY,24,15,NA,13.19,NA,NA,28.07,2.45,268,31.7,8.02,622.15,866.98,,
2010,MAY,24,16,NA,13.23,NA,NA,28.13,2.4,262.4,32.19,7.35,621.25,732.22,,
2010,MAY,24,17,NA,13.4,NA,NA,51.66,3.29,276.88,32.53,7.65,620.75,434.52,,
2010,MAY,24,18,NA,13.83,NA,NA,50.78,2.28,261.14,32.29,8.31,620.54,235.27,,
2010,MAY,24,19,NA,14.18,NA,NA,72.97,2.85,286,31.93,8.61,620.71,73.98,,
2010,MAY,24,20,NA,14.91,NA,NA,87.12,2.96,299.18,30.48,9.71,621.37,6.67,,
2010,MAY,24,21,NA,16.39,NA,NA,87.43,2.84,290.84,28.81,11.95,622.16,2.42,,
2010,MAY,24,22,NA,16.24,NA,NA,109.24,1.6,268.61,26.31,16.67,622.88,2.48,,
2010,MAY,24,23,NA,16.07,NA,NA,69.84,1.63,275.67,25.34,17.81,623.45,2.52,,
2010,MAY,25,0,NA,15.97,NA,NA,50.54,1.11,274.1,24.84,17.59,623.86,2.88,,
2010,MAY,25,1,NA,15.87,NA,NA,59.02,0.85,268.89,24.09,18.88,623.89,2.79,,
2010,MAY,25,2,NA,15.83,NA,NA,51.28,0.85,243.79,22.77,20.56,623.56,2.82,,
2010,MAY,25,3,NA,15.08,NA,NA,58.32,0.54,226.57,21.48,22.45,623.29,2.89,,
2010,MAY,25,4,NA,14.84,NA,NA,42.94,0.58,224.11,20.48,22.57,623.06,3.05,,
2010,MAY,25,5,NA,14.13,NA,NA,72.73,0.42,258.81,20.16,23.82,623.15,2.94,,
2010,MAY,25,6,NA,13.94,NA,NA,116.6,0.38,138.16,19.08,27.24,623.4,3.05,,
2010,MAY,25,7,NA,14.88,NA,NA,161.24,0.38,111.45,17.22,34.57,623.89,45.77,,
2010,MAY,25,8,NA,20.58,NA,NA,189.11,0.59,130.32,18.1,34.5,624.4,239.9,,
2010,MAY,25,9,NA,22.2,NA,NA,128.12,0.57,160.71,21.44,27.21,624.86,463.17,,
2010,MAY,25,10,NA,20.42,NA,NA,77.48,1.03,251.51,24.43,20.27,624.96,669,,
2010,MAY,25,11,NA,16.51,NA,NA,36.04,1.58,264.8,28.68,12.41,624.85,846.01,,
2010,MAY,25,12,NA,15.71,NA,NA,43.66,2.51,273,31.9,9.63,624.54,951.52,,
2010,MAY,25,13,NA,14.11,NA,NA,54.54,2.3,251.73,32.67,8.93,623.8,1000.3,,
2010,MAY,25,14,NA,13.25,NA,NA,48.05,2.5,242.23,32.83,8.23,623.13,983.68,,
2010,MAY,25,15,NA,14.09,NA,NA,54.58,2.99,250.85,33.49,7.93,622.43,919.73,,
2010,MAY,25,16,NA,14.99,NA,NA,49.19,3.22,261.74,33.89,7.52,621.72,756.86,,
2010,MAY,25,17,NA,14.94,NA,NA,43.73,2.7,266.62,33.9,7.39,621.09,548.38,,
2010,MAY,25,18,NA,15.29,NA,NA,46.68,2.69,252.8,33.53,6.9,620.78,351.86,,
2010,MAY,25,19,NA,15.62,NA,NA,68.5,2.64,262.08,32.05,7.39,620.91,143.63,,
2010,MAY,25,20,NA,16.3,NA,NA,110.26,1.55,261.04,29.43,9.42,621.26,9.23,,
2010,MAY,25,21,NA,17.34,NA,NA,145.35,1.11,260.54,27.4,12.08,621.84,2.26,,
2010,MAY,25,22,NA,17.96,NA,NA,150.87,0.88,269.27,25.63,14.26,622.55,2.47,,
2010,MAY,25,23,NA,18.39,NA,NA,161.04,0.56,288.25,24.45,16.75,623.05,2.64,,
2010,MAY,26,0,NA,19.58,NA,NA,164.17,0.67,219.2,23.18,18.37,623.36,2.7,,
2010,MAY,26,1,NA,19.68,NA,NA,186.05,1.71,118.1,22.12,37.98,624.14,2.7,,
2010,MAY,26,2,NA,24.8,NA,NA,65.49,2.37,67.93,21.6,56.66,623.89,2.78,,
2010,MAY,26,3,NA,27.28,NA,NA,37.54,1.35,89.57,21.08,58.54,623.45,2.83,,
2010,MAY,26,4,NA,43.93,NA,NA,44.45,2.24,83.63,20.97,59.87,623.34,2.82,,
2010,MAY,26,5,NA,44.51,NA,NA,41.56,2.1,92.95,19.6,66.55,623.33,2.86,,
2010,MAY,26,6,NA,29.9,NA,NA,51.81,2.35,95.61,19.05,69.85,623.65,3.02,,
2010,MAY,26,7,NA,22.08,NA,NA,72.59,1.95,75.95,18.91,70.64,624.3,35.62,,
2010,MAY,26,8,NA,19.16,NA,NA,87.82,2.6,88.94,21.14,63.78,625,203.18,,
2010,MAY,26,9,NA,18.52,NA,NA,81.17,3.22,99.77,24.17,53.18,625.25,425.88,,
2010,MAY,26,10,NA,31.2,NA,NA,55.83,4.05,82.19,25.97,44.32,625.35,633.4,,
2010,MAY,26,11,NA,43.51,NA,NA,36.98,2.47,86.47,28.56,33.78,625.18,816.17,,
2010,MAY,26,12,NA,47.14,NA,NA,24.98,2.2,118.96,30.42,25.69,624.84,924.35,,
2010,MAY,26,13,NA,51.21,NA,NA,38.19,1.8,159.91,31.96,20.18,624.19,964.95,,
2010,MAY,26,14,NA,33.51,NA,NA,47.55,1.56,189.86,32.67,17.55,623.44,944,,
2010,MAY,26,15,NA,24,NA,NA,31.67,2.15,218.81,33.13,15.01,622.53,874.64,,
2010,MAY,26,16,NA,20.24,NA,NA,38.28,1.75,237.63,33.65,12.59,621.78,726.23,,
2010,MAY,26,17,NA,18.36,NA,NA,41.56,2.19,255.07,33.8,12.03,621,550.37,,
2010,MAY,26,18,NA,17.6,NA,NA,48.4,1.53,263.19,33.26,12.84,620.6,329.93,,
2010,MAY,26,19,NA,17.56,NA,NA,61.4,1.29,264.72,32.11,14.15,620.74,129.29,,
2010,MAY,26,20,NA,17.58,NA,NA,123.88,2.27,183.3,29.68,21.75,621.33,9.73,,
2010,MAY,26,21,NA,18.27,NA,NA,99.18,1.29,190.72,28.73,25.18,622.02,2.27,,
2010,MAY,26,22,NA,30.04,NA,NA,204.49,4.48,74.85,27.5,33.74,623.49,2.26,,
2010,MAY,26,23,NA,25.45,NA,NA,210.81,5.6,87.58,25.41,43.28,624.53,2.59,,
2010,MAY,27,0,NA,122.36,NA,NA,111.25,4.92,72.01,24.01,49.58,625.28,2.41,,
2010,MAY,27,1,NA,212.08,NA,NA,53.78,4.54,61.19,22.39,55.13,625.39,2.76,,
2010,MAY,27,2,NA,132.42,NA,NA,23.83,4.64,58.34,21.98,55.83,625.2,2.85,,
2010,MAY,27,3,NA,100.18,NA,NA,25.79,3.81,67.35,21.98,54.24,625.07,2.7,,
2010,MAY,27,4,NA,109.49,NA,NA,42.72,3.55,68.58,21.73,56.75,625.07,2.71,,
2010,MAY,27,5,NA,72.19,NA,NA,23.4,2.18,88.36,21.43,58.21,625.13,2.87,,
2010,MAY,27,6,NA,39.31,NA,NA,34.33,2.67,96.7,20.72,62.06,625.23,2.91,,
2010,MAY,27,7,NA,25.61,NA,NA,49.32,2.42,86.18,20.46,64.59,625.51,37.42,,
2010,MAY,27,8,NA,20.2,NA,NA,61.77,2.6,87.69,21.56,61.02,625.93,152.28,,
2010,MAY,27,9,NA,18.3,NA,NA,54.79,2.92,82.12,23.64,53.58,626.34,340.3,,
2010,MAY,27,10,NA,17.18,NA,NA,45.83,3.85,79.01,26.3,43.3,626.61,595.93,,
2010,MAY,27,11,NA,16.69,NA,NA,48.8,3.82,70.92,27.53,39.46,626.57,797.38,,
2010,MAY,27,12,NA,17.62,NA,NA,NA,2.91,96.51,29.07,33.21,626.23,909.69,,
2010,MAY,27,13,NA,18.3,NA,NA,31.76,2.45,117.86,30.51,28,625.5,950.36,,
2010,MAY,27,14,NA,18.13,NA,NA,18.38,2.38,131.37,31.81,23.83,624.63,1019.18,,
2010,MAY,27,15,NA,23.28,NA,NA,31.08,1.62,144.18,32.73,19.33,623.71,872.56,,
2010,MAY,27,16,NA,33.44,NA,NA,46.82,1.37,165.19,33.43,17.36,622.78,765.64,,
2010,MAY,27,17,NA,32.6,NA,NA,44.47,1.9,116.04,33.11,17.53,622.03,552.29,,
2010,MAY,27,18,NA,32.29,NA,NA,43.65,1.55,100.39,32.96,16.88,621.65,367.8,,
2010,MAY,27,19,NA,28.67,NA,NA,98.29,3.52,76.24,30.34,23.23,621.96,123.29,,
2010,MAY,27,20,NA,21.43,NA,NA,62.36,2.97,73.37,27.85,28.29,622.72,7.92,,
2010,MAY,27,21,NA,18.67,NA,NA,102.2,3.93,93.53,26.39,34.26,623.54,2.41,,
2010,MAY,27,22,NA,19.7,NA,NA,106.84,5.06,89.8,24.88,39.12,624.27,2.55,,
2010,MAY,27,23,NA,18.7,NA,NA,91.43,4.85,92.11,23.75,51.99,625.16,2.78,,
2010,MAY,28,0,NA,18.03,NA,NA,51.65,4.68,81.9,23.01,54.17,625.45,2.67,,
2010,MAY,28,1,NA,17.34,NA,NA,22.63,3.79,74.09,21.88,57.01,625.42,2.69,,
2010,MAY,28,2,NA,17.03,NA,NA,23.91,3.08,89.75,20.91,59.88,625.28,2.82,,
2010,MAY,28,3,NA,16.5,NA,NA,19.25,3.16,79.9,20.6,62.24,625.11,3,,
2010,MAY,28,4,NA,16.23,NA,NA,21.47,2.63,94.42,19.96,63.74,625.07,2.93,,
2010,MAY,28,5,NA,15.93,NA,NA,21.34,1.84,96.42,19.29,65.76,625.07,3,,
2010,MAY,28,6,NA,15.29,NA,NA,25.77,1.41,119.27,18.62,66.95,625.31,2.89,,
2010,MAY,28,7,NA,14.91,NA,NA,47,1.68,116.71,18.55,67.91,625.85,36.34,,
2010,MAY,28,8,NA,14.46,NA,NA,66.29,2.06,114.08,20.82,62.28,626.46,186.94,,
2010,MAY,28,9,NA,14.46,NA,NA,67.89,3.03,101.16,23.35,52.41,626.78,394.63,,
2010,MAY,28,10,NA,14.34,NA,NA,82.43,2.53,97.51,25.44,46.24,626.82,606.49,,
2010,MAY,28,11,NA,16.18,NA,NA,65.6,1.46,148.99,28.78,37.83,626.66,783.07,,
2010,MAY,28,12,NA,18.43,NA,NA,29.92,1.48,224.48,30.72,27.27,626.12,901.49,,
2010,MAY,28,13,NA,16.13,NA,NA,NA,2.99,283.23,31.34,17.7,625.3,961.73,,
2010,MAY,28,14,NA,14.71,NA,NA,53.31,2.3,257.89,31.96,17.62,624.36,967.08,,
2010,MAY,28,15,NA,14.83,NA,NA,23.31,2.76,273.38,32.83,14.6,623.35,928.91,,
2010,MAY,28,16,NA,14.34,NA,NA,49.92,2.93,274.16,33.2,12.16,622.52,661.44,,
2010,MAY,28,17,NA,14.34,NA,NA,39.07,3.35,269.94,33.16,10.47,621.85,571.58,,
2010,MAY,28,18,NA,14.56,NA,NA,56.29,3.39,268.99,32.39,9.23,621.43,344.78,,
2010,MAY,28,19,NA,14.95,NA,NA,70.81,2.81,267.86,30.76,10.95,621.36,119.45,,
2010,MAY,28,20,NA,15.15,NA,NA,98.05,2.34,257.36,28.79,13.69,621.62,11.21,,
2010,MAY,28,21,NA,15.33,NA,NA,89.36,3.01,237.75,27.13,16.43,622.37,2.83,,
2010,MAY,28,22,NA,15.69,NA,NA,62.53,2.53,235.39,25.61,17.37,622.99,2.89,,
2010,MAY,28,23,NA,15.43,NA,NA,52.07,2.87,243.48,24.1,18.73,623.36,2.95,,
2010,MAY,29,0,NA,15.22,NA,NA,53.98,1.62,162.69,22.74,20.27,623.99,3.1,,
2010,MAY,29,1,NA,15.98,NA,NA,134.22,1.64,97.68,22.12,28.42,624.34,3.24,,
2010,MAY,29,2,NA,16.09,NA,NA,104.16,2.03,106.44,21.06,55.9,623.98,3.29,,
2010,MAY,29,3,NA,16.62,NA,NA,48.69,2.18,118.5,19.47,60.17,623.69,3.35,,
2010,MAY,29,4,NA,17.51,NA,NA,44.91,2.18,116.6,18.42,59.34,623.71,3.45,,
2010,MAY,29,5,NA,19.01,NA,NA,85.71,1.77,106.8,17.19,65.43,623.69,3.56,,
2010,MAY,29,6,NA,17.59,NA,NA,43.33,1.24,86,16.86,69.75,623.88,3.66,,
2010,MAY,29,7,NA,15.13,NA,NA,59.96,0.72,115.69,16.91,72.26,624.29,41.47,,
2010,MAY,29,8,NA,19.92,NA,NA,140.44,0.8,177.64,20.91,63.75,624.89,217.14,,
2010,MAY,29,9,NA,25.57,NA,NA,139.87,0.8,174.13,25.53,47.32,625.22,422.43,,
2010,MAY,29,10,NA,47.04,NA,NA,NA,1.29,255.98,28.26,32.91,625.37,640.88,,
2010,MAY,29,11,NA,48.5,NA,NA,69.37,1.18,208.52,30.19,21.84,625.02,825.75,,
2010,MAY,29,12,NA,46.05,NA,NA,46.2,1.25,163.22,30.84,18.34,624.62,951.49,,
2010,MAY,29,13,NA,36.31,NA,NA,NA,1.98,186.73,31.59,12.39,623.72,1007.31,,
2010,MAY,29,14,NA,23.59,NA,NA,NA,3.45,268.36,32.1,5.99,622.73,1031.34,,
2010,MAY,29,15,NA,16.74,NA,NA,31.94,3.14,287.65,32.6,6.33,621.76,939.35,,
2010,MAY,29,16,NA,14.06,NA,NA,22.21,3.07,260.56,33.2,5.39,620.77,798.3,,
2010,MAY,29,17,NA,13.28,NA,NA,30.17,2.97,266.67,33.5,5.12,620.03,599.84,,
2010,MAY,29,18,NA,13.07,NA,NA,39.89,3.73,265.32,32.74,4.91,619.78,376.19,,
2010,MAY,29,19,NA,13.33,NA,NA,55.62,3.08,260.21,31.19,5.3,619.99,157.61,,
2010,MAY,29,20,NA,13.56,NA,NA,52.43,2.53,248.89,28.56,5.15,620.57,14.52,,
2010,MAY,29,21,NA,13.85,NA,NA,74.29,1.73,213.07,26.08,5.54,621.33,3.04,,
2010,MAY,29,22,NA,13.93,NA,NA,77.21,1.81,214.63,24.86,6.01,622.07,3.14,,
2010,MAY,29,23,NA,13.88,NA,NA,90.3,1.95,220.55,23.91,8.09,622.81,3.18,,
2010,MAY,30,0,NA,13.77,NA,NA,93.72,1.33,266.83,21.61,11.58,623.3,3.35,,
2010,MAY,30,1,NA,13.72,NA,NA,54.83,1.32,304.25,20.74,18.68,623.3,3.28,,
2010,MAY,30,2,NA,13.64,NA,NA,45.93,1.24,319.96,20.04,18.9,623.27,3.37,,
2010,MAY,30,3,NA,13.74,NA,NA,85.24,0.89,274.92,19.12,18.9,623.05,3.42,,
2010,MAY,30,4,NA,13.87,NA,NA,81.99,0.5,225.54,17.47,20.52,622.92,3.49,,
2010,MAY,30,5,NA,13.62,NA,NA,54.08,0.73,321.02,17.51,23.14,622.91,3.39,,
2010,MAY,30,6,NA,13.03,NA,NA,113.92,0.32,135.01,16.34,26.01,623.16,3.58,,
2010,MAY,30,7,NA,13.46,NA,NA,121.05,0.76,100.86,16.2,31.85,624.03,50.48,,
2010,MAY,30,8,NA,15.06,NA,NA,128.12,0.75,175.78,20.6,31.02,624.62,252.82,,
2010,MAY,30,9,NA,15.41,NA,NA,68.81,1.13,261.83,27.01,19.73,625.15,476.44,,
2010,MAY,30,10,NA,14.77,NA,NA,44.9,1.13,243.76,29.03,13.81,625.06,692.61,,
2010,MAY,30,11,NA,15.47,NA,NA,41.34,1.43,249.72,30.63,10.68,624.86,867.56,,
2010,MAY,30,12,NA,13.22,NA,NA,NA,2.36,268.44,30.96,8.52,624.43,991.2,,
2010,MAY,30,13,NA,11.84,NA,NA,NA,3.01,272.97,31.58,5.81,623.74,1038.91,,
2010,MAY,30,14,NA,11.67,NA,NA,49.42,2.96,279.37,32.37,6.26,622.79,1023.44,,
2010,MAY,30,15,NA,11.57,NA,NA,25.22,3.05,266.99,33.04,4.98,621.94,942.34,,
2010,MAY,30,16,NA,11.58,NA,NA,149.19,3.96,260.77,33.91,3.62,621.06,800.16,,
2010,MAY,30,17,NA,11.44,NA,NA,169.86,4.78,245.6,33.57,3.75,620.71,603.32,,
2010,MAY,30,18,NA,11.93,NA,NA,95.25,4.31,257.6,32.92,4.79,620.74,370.5,,
2010,MAY,30,19,NA,12.5,NA,NA,61.1,3.28,258.95,31.55,5.6,621.02,157.52,,
2010,MAY,30,20,NA,12.71,NA,NA,45.05,2.65,275.02,28.88,5.69,621.7,14.21,,
2010,MAY,30,21,NA,13.14,NA,NA,80.65,1.79,270.54,26.26,6.31,622.54,2.68,,
2010,MAY,30,22,NA,14.04,NA,NA,104.72,2.14,261.1,24.48,8.11,623.53,2.93,,
2010,MAY,30,23,NA,14.1,NA,NA,117.67,3.21,293.77,24.05,11.46,624.38,2.88,,
2010,MAY,31,0,NA,14.63,NA,NA,111.58,1.21,223.91,22.48,16.88,624.98,2.95,,
2010,MAY,31,1,NA,14.29,NA,NA,66.43,1.45,283.34,21.09,22.88,625.07,3.21,,
2010,MAY,31,2,NA,13.94,NA,NA,54.89,1.05,283.42,20.37,25.55,624.96,3.02,,
2010,MAY,31,3,NA,13.66,NA,NA,31.39,1.46,323.86,19.88,25.58,624.85,3.2,,
2010,MAY,31,4,NA,13.24,NA,NA,69.12,0.49,216.57,18.53,27.06,625.04,3.41,,
2010,MAY,31,5,NA,13.58,NA,NA,99.95,0.55,198.6,17.54,29.53,625.29,3.3,,
2010,MAY,31,6,NA,18.59,NA,NA,82.17,1.01,142.82,16.2,34.03,625.68,3.53,,
2010,MAY,31,7,NA,20.87,NA,NA,81.32,1.22,139.94,16.43,36.22,626.12,50.44,,
2010,MAY,31,8,NA,22.32,NA,NA,171.68,1.38,139.67,20.66,36.91,626.73,246.32,,
2010,MAY,31,9,NA,19.5,NA,NA,134.13,1.79,111.35,23.57,43.76,627.13,466.17,,
2010,MAY,31,10,NA,17.53,NA,NA,55.1,1.19,172.51,27.56,29.34,627.19,668.01,,
2010,MAY,31,11,NA,24.72,NA,NA,50.68,1.11,231.4,30.26,20.21,626.99,844.63,,
2010,MAY,31,12,NA,24.22,NA,NA,29.39,1.39,214.88,30.93,13.57,626.5,961.52,,
2010,MAY,31,13,NA,17.58,NA,NA,NA,1.67,268.1,31.49,9.78,625.84,1019.96,,
2010,MAY,31,14,NA,16.98,NA,NA,33.79,1.86,177.27,31.75,8.09,625.1,1010.94,,
2010,MAY,31,15,NA,18.47,NA,NA,31.54,1.99,222.82,32.25,7.58,624.46,943.7,,
2010,MAY,31,16,NA,14.42,NA,NA,24.58,2.18,252.34,33.11,6.61,623.92,805.15,,
2010,MAY,31,17,NA,12.71,NA,NA,NA,3,288.98,33.35,4.17,623.38,618.74,,
2010,MAY,31,18,NA,12.17,NA,NA,NA,2.6,293.81,33.01,2.62,623.17,390.65,,
2010,MAY,31,19,NA,12.48,NA,NA,49.45,2.67,332.51,31.51,3.04,623.24,161.38,,
2010,MAY,31,20,NA,13.01,NA,NA,75.62,1.16,296.22,29.16,3.99,623.66,14.7,,
2010,MAY,31,21,NA,14.1,NA,NA,232.46,1.96,182.61,26.77,7.6,624.32,2.56,,
2010,MAY,31,22,NA,15.9,NA,NA,106.7,2.86,173.85,25.27,18.14,624.78,2.83,,
2010,MAY,31,23,NA,15.34,NA,NA,61.4,1.35,186.87,24.26,18.95,625.54,2.96,,
