DATOS MÓVILES 2016_ NATIVITAS,,,,,,,
,,,,,,,
MES,DIA,HORA,NO2,MPM10,MSO2 24HRS,MO3,MCO
AGO,1,0,11,41.63416667,4.389166667,10.5425,NA
AGO,1,1,10.06,41.64958333,4.361666667,8.57625,NA
AGO,1,2,8.4,41.915,4.370833333,6.6275,NA
AGO,1,3,11.66,41.49708333,4.395416667,4.445,NA
AGO,1,4,8.19,41.31708333,4.41,3.62875,NA
AGO,1,5,3.88,41.25333333,4.36125,3.53625,NA
AGO,1,6,4.17,41.08583333,4.305416667,3.5025,NA
AGO,1,7,6.82,41.79625,4.279583333,2.8875,NA
AGO,1,8,4.54,41.80833333,4.22875,2.7225,NA
AGO,1,9,3.43,43.4773913,4.27,3.0225,NA
AGO,1,10,2.56,43.57869565,4.289166667,4.065,NA
AGO,1,11,1.72,44.38913043,4.400833333,5.68375,NA
AGO,1,12,0.08,44.94652174,4.425,7.77375,NA
AGO,1,13,0.08,45.33173913,4.425,9.93,NA
AGO,1,14,1.69,46.01782609,4.505,12.31125,NA
AGO,1,15,2.19,48.02043478,3.701666667,15.5025,NA
AGO,1,16,2.32,47.98782609,3.81375,18.70375,NA
AGO,1,17,3.34,48.36913043,4.717083333,21.535,NA
AGO,1,18,4.59,49.56478261,5.13125,24.255,NA
AGO,1,19,9.17,48.21173913,6.23375,26.2925,NA
AGO,1,20,11.85,46.95565217,6.08875,25.66625,NA
AGO,1,21,13.91,44.87304348,5.74,24.40375,NA
AGO,1,22,12.2,39.78913043,5.387083333,22.1775,NA
AGO,1,23,11.24,37.21521739,5.2425,19.23,NA
AGO,2,0,7.68,37.44391304,5.149166667,16.41,NA
AGO,2,1,5.17,37.91826087,5.171666667,13.67,NA
AGO,2,2,3.18,37.5373913,5.25125,10.615,NA
AGO,2,3,4.78,38.0126087,5.3075,7.55375,NA
AGO,2,4,5.41,38.94565217,5.316666667,6.3975,NA
AGO,2,5,7.84,39.6173913,5.350416667,5.3375,NA
AGO,2,6,7.13,41.37391304,5.409583333,4.9775,NA
AGO,2,7,7.34,41.72695652,5.453333333,4.73375,NA
AGO,2,8,6.01,43.18521739,5.510416667,4.17875,NA
AGO,2,9,4.04,42.29875,5.497083333,3.86625,NA
AGO,2,10,1.85,42.06,5.472083333,4.22875,NA
AGO,2,11,1.4,42.14916667,5.387083333,5.45125,NA
AGO,2,12,0.23,42.46791667,5.39375,7.545,NA
AGO,2,13,0.08,42.54916667,5.424583333,10.5425,NA
AGO,2,14,0.39,42.42125,5.385416667,13.975,NA
AGO,2,15,0.78,40.98291667,5.203333333,17.56,NA
AGO,2,16,0.9,41.41791667,4.55375,21.53875,NA
AGO,2,17,1.08,41.59916667,3.606666667,25.01625,NA
AGO,2,18,1.18,40.5775,2.936666667,27.765,NA
AGO,2,19,3.47,39.48166667,1.8,30.085,NA
AGO,2,20,7.35,38.07916667,1.71375,30.085,NA
AGO,2,21,5.28,40.58541667,1.817916667,28.80875,NA
AGO,2,22,8.47,41.2525,1.72625,26.8125,NA
AGO,2,23,4.87,40.54791667,1.712083333,25.02375,NA
AGO,3,0,7.22,39.83583333,1.712083333,22.295,NA
AGO,3,1,10.25,39.32541667,1.607083333,18.97125,NA
AGO,3,2,12.79,39.77208333,1.422916667,15.375,NA
AGO,3,3,11.97,40.02458333,1.242916667,11.60625,NA
AGO,3,4,11.2,39.76333333,1.155416667,9.20625,NA
AGO,3,5,8.47,39.335,1.097083333,7.3925,NA
AGO,3,6,8.14,38.17291667,1.069583333,5.905,NA
AGO,3,7,8.1,38.53833333,1.065833333,4.10875,NA
AGO,3,8,6.56,36.86,1.036666667,2.80625,NA
AGO,3,9,7.53,37.51,1.216666667,2.66625,NA
AGO,3,10,5.24,38.08826087,1.590833333,3.5475,NA
AGO,3,11,3.14,38.05304348,1.925833333,4.8275,NA
AGO,3,12,1.63,37.85869565,2.191666667,7.04625,NA
AGO,3,13,0.08,37.24,2.204166667,9.69375,NA
AGO,3,14,0.08,36.73782609,2.259166667,12.46125,NA
AGO,3,15,0.81,36.52695652,2.943333333,15.70375,NA
AGO,3,16,0.49,36.90782609,3.744583333,19.2175,NA
AGO,3,17,0.5,36.11130435,4.309583333,22.3125,NA
AGO,3,18,3.12,36.65869565,4.7625,25.075,NA
AGO,3,19,5.25,38.0226087,4.876666667,26.73875,NA
AGO,3,20,10.38,38.10826087,4.878333333,27.11,NA
AGO,3,21,7.97,35.95826087,4.78,26.95375,NA
AGO,3,22,8.81,35.8326087,4.784583333,25.87875,NA
AGO,3,23,1.84,35.86304348,4.788333333,25.215,NA
AGO,4,0,7.08,37.18826087,4.7825,23.2775,NA
AGO,4,1,9.77,37.45826087,4.81875,20.0525,NA
AGO,4,2,4.83,36.67173913,4.882083333,16.61625,NA
AGO,4,3,6.02,35.54782609,5.210833333,13.80625,NA
AGO,4,4,5.16,35.12869565,5.390416667,11.69875,NA
AGO,4,5,5.76,34.86826087,5.66625,9.69,NA
AGO,4,6,7.53,34.97521739,5.781666667,8.2125,NA
AGO,4,7,8.83,34.46173913,5.8825,5.63375,NA
AGO,4,8,4.65,34.95391304,5.97875,4.47625,NA
AGO,4,9,3.7,34.00333333,6.090416667,4.8825,NA
AGO,4,10,2.27,33.70833333,6.016666667,5.6125,NA
AGO,4,11,2.45,33.235,5.89125,6.89125,NA
AGO,4,12,4.45,33.03791667,6.258333333,8.57375,NA
AGO,4,13,3.09,33.37375,6.512916667,10.87875,NA
AGO,4,14,2.68,33.60541667,6.73375,13.7325,NA
AGO,4,15,1.47,33.96333333,6.197916667,17.045,NA
AGO,4,16,0.08,33.19083333,5.401666667,19.95625,NA
AGO,4,17,0.09,32.85041667,4.83375,22.4325,NA
AGO,4,18,2.33,32.53833333,4.362916667,23.67625,NA
AGO,4,19,5.43,31.28291667,4.222916667,24.11375,NA
AGO,4,20,8.71,30.67958333,4.516666667,23.5375,NA
AGO,4,21,2.9,29.13416667,4.569166667,22.52375,NA
AGO,4,22,2.01,27.86,4.670833333,21.14875,NA
AGO,4,23,3.84,28.91625,4.926666667,19.1225,NA
AGO,5,0,4.66,28.76166667,5.442083333,16.775,NA
AGO,5,1,8.45,28.98916667,6.685833333,13.89125,NA
AGO,5,2,4.78,29.52,6.734166667,11.79625,NA
AGO,5,3,4.82,30.20375,6.444583333,10.18125,NA
AGO,5,4,6.37,30.16333333,6.312083333,8.97,NA
AGO,5,5,6.02,30.05416667,6.040833333,7.5825,NA
AGO,5,6,8.89,30.1175,5.86125,5.85375,NA
AGO,5,7,8.49,29.93625,5.685,4.5675,NA
AGO,5,8,5.67,30.07208333,5.645,3.64875,NA
AGO,5,9,4.85,30.26125,5.428333333,3.385,NA
AGO,5,10,1.95,29.90833333,5.253333333,4.08,NA
AGO,5,11,2.69,30.09333333,5.181666667,5.11125,NA
AGO,5,12,0.69,30.49,4.57,6.24875,NA
AGO,5,13,0.56,30.25625,4.319583333,7.7075,NA
AGO,5,14,1.52,30.69041667,4.055416667,9.43375,NA
AGO,5,15,2.52,30.9325,4.377916667,11.09,NA
AGO,5,16,2.15,31.47375,4.425833333,12.46375,NA
AGO,5,17,4.24,32.01833333,4.665416667,13.345,NA
AGO,5,18,4.03,34.0875,4.747083333,12.80875,NA
AGO,5,19,6.9,34.12416667,4.747083333,11.5525,NA
AGO,5,20,6.07,33.39458333,4.60375,10.16375,NA
AGO,5,21,6.56,34.0375,4.86375,8.46875,NA
AGO,5,22,6.71,34.70083333,5.184166667,6.8725,NA
AGO,5,23,7.64,34.99833333,5.33625,5.2875,NA
AGO,6,0,5.56,34.95208333,5.129583333,4.47625,NA
AGO,6,1,1.95,33.68458333,4.06,4.69375,NA
AGO,6,2,2.73,32.91625,4.205,5.2575,NA
AGO,6,3,0.66,32.28458333,4.692916667,6.3025,NA
AGO,6,4,0.08,31.6925,5.877916667,7.69,NA
AGO,6,5,0.08,31.13166667,6.695833333,9.005,NA
AGO,6,6,1.3,30.23166667,6.849166667,10.01875,NA
AGO,6,7,4,29.89458333,6.981666667,10.5875,NA
AGO,6,8,3.75,30.08458333,7.1125,10.54625,NA
AGO,6,9,5.7,30.66125,7.424166667,9.67375,NA
AGO,6,10,4.15,31.50416667,8.287083333,9.03625,NA
AGO,6,11,2.37,30.96666667,8.531666667,8.7375,NA
AGO,6,12,3.05,31.00375,9.25625,8.4875,NA
AGO,6,13,3.06,31.60833333,9.63875,8.14875,NA
AGO,6,14,3.78,32.56583333,9.827083333,7.9975,NA
AGO,6,15,2.69,32.39708333,9.609166667,8.48375,NA
AGO,6,16,2.74,31.42125,9.790833333,9.135,NA
AGO,6,17,5.11,33.31958333,9.6525,9.77,NA
AGO,6,18,8.06,31.94125,9.670416667,9.6825,NA
AGO,6,19,4.08,30.68083333,9.745833333,9.51875,NA
AGO,6,20,4.35,30.27166667,9.61,9.2775,NA
AGO,6,21,7.45,29.06083333,9.322083333,8.6725,NA
AGO,6,22,10.25,28.36791667,8.94125,7.80875,NA
AGO,6,23,11.57,29.175,8.584583333,6.6825,NA
AGO,7,0,7.55,28.36958333,8.319166667,5.6,NA
AGO,7,1,2.72,28.20041667,8.16375,5.18875,NA
AGO,7,2,2.91,27.99333333,7.95,5.1475,NA
AGO,7,3,8.59,28.34,7.459166667,4.12625,NA
AGO,7,4,4.36,28.54958333,6.261666667,3.165,NA
AGO,7,5,3.94,28.28583333,5.448333333,2.86375,NA
AGO,7,6,3.5,28.29416667,5.380833333,3.05375,NA
AGO,7,7,3.5,27.36625,5.347083333,3.46125,NA
AGO,7,8,3.72,26.8,5.232916667,3.63,NA
AGO,7,9,2.93,25.63541667,4.839583333,3.2425,NA
AGO,7,10,2.51,24.65166667,3.895833333,3.1225,NA
AGO,7,11,2.76,24.45666667,3.587916667,3.83625,NA
AGO,7,12,2.45,23.76791667,2.971666667,4.685,NA
AGO,7,13,1.77,23.0275,2.6325,5.6975,NA
AGO,7,14,2.38,22.46958333,2.46625,6.60375,NA
AGO,7,15,0.57,21.55166667,2.204583333,7.4675,NA
AGO,7,16,0.17,21.53833333,2.0025,8.42375,NA
AGO,7,17,0.08,18.84333333,1.936666667,9.45125,NA
AGO,7,18,1.12,17.925,1.870833333,10.055,NA
AGO,7,19,3.42,20.32625,1.840833333,10.065,NA
AGO,7,20,4.05,19.88375,1.84,9.76875,NA
AGO,7,21,5.32,19.70125,1.84125,9.04625,NA
AGO,7,22,6.12,19.76791667,1.8325,8.20125,NA
AGO,7,23,6.45,17.45291667,1.821666667,7.14125,NA
AGO,8,0,6.83,17.56291667,1.8225,5.89875,NA
AGO,8,1,5.85,17.7125,1.809166667,4.68125,NA
AGO,8,2,7.2,18.45125,1.807083333,3.995714286,NA
AGO,8,3,4.35,17.77958333,1.787916667,3.274285714,NA
AGO,8,4,8.75,17.58958333,1.766666667,2.505714286,NA
AGO,8,5,4.57,17.77791667,1.75375,2.07,NA
AGO,8,6,4.63,17.74,1.685833333,2.508571429,NA
AGO,8,7,6.3,17.88541667,1.60125,3.028571429,NA
AGO,8,8,7.29,17.88416667,1.485833333,3.737142857,NA
AGO,8,9,5.59,18.21166667,1.420833333,4.552857143,NA
AGO,8,10,1.51,18.21291667,1.359166667,5.23,NA
AGO,8,11,0.59,18.21333333,1.254583333,6.52,NA
AGO,8,12,0.19,17.75125,1.094166667,8.11875,NA
AGO,8,13,0.21,17.15,1.004166667,9.77,NA
AGO,8,14,0.22,15.68166667,0.936666667,11.105,NA
AGO,8,15,0.13,16.07041667,0.885,12.6,NA
AGO,8,16,0.08,16.37083333,0.845416667,14.18,NA
AGO,8,17,0.08,16.61,0.812916667,15.57875,NA
AGO,8,18,0.08,17.12666667,0.779166667,16.53375,NA
AGO,8,19,4.19,16.09708333,0.73375,16.87375,NA
AGO,8,20,5.31,16.75333333,0.689583333,16.72125,NA
AGO,8,21,6.71,18.03541667,0.645,15.9725,NA
AGO,8,22,5.62,18.00041667,0.5925,14.885,NA
AGO,8,23,4.98,18.60958333,0.543333333,13.67625,NA
AGO,9,0,5.19,18.58916667,0.494166667,12.2125,NA
AGO,9,1,7.11,19.05375,0.4525,10.635,NA
AGO,9,2,5.94,19.3,0.415416667,9.2475,NA
AGO,9,3,7.89,20.295,0.425416667,8.05375,NA
AGO,9,4,9.73,21.51125,0.471666667,6.67,NA
AGO,9,5,9.33,23.3225,0.544583333,6.264285714,NA
AGO,9,6,8.64,25.03083333,0.619583333,5.108571429,NA
AGO,9,7,8.55,25.88166667,0.721666667,4.02,NA
AGO,9,8,9.67,27.22416667,0.8275,3.137142857,NA
AGO,9,9,9.22,28.095,0.955833333,2.531428571,NA
AGO,9,10,3.69,28.15916667,1.072083333,2.545714286,NA
AGO,9,11,3.49,28.2175,1.266666667,3.147142857,NA
AGO,9,12,NA,28.33291667,1.313043478,4.585714286,NA
AGO,9,13,4.45,29.32958333,1.362727273,9.465,NA
AGO,9,14,5.55,30.43041667,1.441818182,11.7725,NA
AGO,9,15,4.64,31.13416667,1.527272727,14.4875,NA
AGO,9,16,3.69,31.28791667,1.606363636,17.615,NA
AGO,9,17,1.43,31.23541667,1.685454545,20.57625,NA
AGO,9,18,5.52,31.49666667,1.762272727,22.37375,NA
AGO,9,19,6.46,32.4525,1.848181818,22.94625,NA
AGO,9,20,7.14,32.64375,1.933636364,22.81625,NA
AGO,9,21,6.89,32.35666667,2.015,18.5325,NA
AGO,9,22,5.9,32.72541667,2.100909091,17.3025,NA
AGO,9,23,7.9,32.78333333,2.19,15.4125,NA
AGO,10,0,8.22,32.61,2.280454545,13.02125,NA
AGO,10,1,11.36,33.26541667,2.32,10.0075,NA
AGO,10,2,9.14,33.1925,2.345454545,7.79375,NA
AGO,10,3,11.61,33.17583333,2.328636364,6.16625,NA
AGO,10,4,7.65,32.65333333,2.279090909,4.975,NA
AGO,10,5,4.34,30.50583333,2.191363636,4.1575,NA
AGO,10,6,5.95,29.19333333,2.102727273,3.37,NA
AGO,10,7,4.79,28.76083333,1.984090909,3.56875,NA
AGO,10,8,2.98,27.91333333,1.847727273,3.8925,NA
AGO,10,9,3.13,26.96375,1.688636364,4.9375,NA
AGO,10,10,3.6,27.15541667,1.538636364,5.72875,NA
AGO,10,11,1.9,27.09583333,1.325454545,7.41875,NA
AGO,10,12,0.86,26.97875,1.296956522,9.40625,NA
AGO,10,13,0.55,26.22666667,1.266666667,11.495,NA
AGO,10,14,0.17,25.21583333,1.197083333,13.66125,NA
AGO,10,15,0.08,24.60583333,1.1175,15.0725,NA
AGO,10,16,0.08,24.29625,1.04125,16.82125,NA
AGO,10,17,0.2,24.35958333,0.965833333,19.02,NA
AGO,10,18,1.36,23.59333333,0.897083333,21.3075,NA
AGO,10,19,1.93,22.43708333,0.818333333,22.61375,NA
AGO,10,20,5.71,22.88083333,0.74,22.94625,NA
AGO,10,21,12.04,23.6575,0.667083333,21.8875,NA
AGO,10,22,7.77,24.43791667,0.593333333,20.8475,NA
AGO,10,23,6.2,26.11708333,0.511666667,20.0075,NA
AGO,11,0,4.86,25.62458333,0.42875,18.42875,NA
AGO,11,1,8.88,24.75708333,0.403333333,15.95,NA
AGO,11,2,8.74,24.21291667,0.395,13.27875,NA
AGO,11,3,9.67,23.96208333,0.393333333,10.78375,NA
AGO,11,4,10.22,23.85666667,0.387916667,8.8025,NA
AGO,11,5,9.71,25.91708333,0.404583333,7.5825,NA
AGO,11,6,8.31,27.0125,0.434583333,6.16625,NA
AGO,11,7,11.03,26.99625,0.485833333,5.082857143,NA
AGO,11,8,10.84,27.12333333,0.54375,3.835714286,NA
AGO,11,9,6.74,27.02375,0.59,4.104285714,NA
AGO,11,10,4.17,26.765,0.643333333,5.537142857,NA
AGO,11,11,4.16,27.3875,0.72125,8.451428571,NA
AGO,11,12,4.61,28.92125,0.784583333,12.31428571,NA
AGO,11,13,2.78,30.45208333,0.825,17.43571429,NA
AGO,11,14,0.97,31.23333333,0.860833333,21.93857143,NA
AGO,11,15,0.48,31.45791667,0.894583333,22.68875,NA
AGO,11,16,0.08,31.80541667,0.920416667,25.87375,NA
AGO,11,17,3.54,32.53708333,0.944583333,28.00125,NA
AGO,11,18,9.02,34.47041667,0.970833333,29.165,NA
AGO,11,19,7.7,35.62666667,1.001666667,28.30125,NA
AGO,11,20,3.96,35.92958333,1.016666667,26.69625,NA
AGO,11,21,4.91,35.25,1.02375,24.0075,NA
AGO,11,22,3.25,34.81083333,1.027916667,21.85625,NA
AGO,11,23,0.91,32.855,1.027916667,20.91375,NA
AGO,12,0,0.96,35.38291667,1.027916667,19.8075,NA
AGO,12,1,1.27,37.82041667,1.017083333,18.315,NA
AGO,12,2,4.26,38.39625,0.995416667,16.31,NA
AGO,12,3,8.23,39.00958333,1.0075,14.85,NA
AGO,12,4,4.92,38.98375,1.012916667,13.63625,NA
AGO,12,5,10.37,38.74708333,0.997083333,12.265,NA
AGO,12,6,10.99,39.22083333,1.043333333,10.50875,NA
AGO,12,7,10.11,40.0975,1.143333333,8.0825,NA
AGO,12,8,8.93,40.84166667,1.212083333,5.94375,NA
AGO,12,9,17,40.72416667,1.300833333,4.56625,NA
AGO,12,10,8.88,41.92208333,1.392916667,4.255,NA
AGO,12,11,2.36,41.47208333,1.40375,5.01,NA
AGO,12,12,1.59,40.18333333,1.394583333,6.3075,NA
AGO,12,13,1.21,39.53666667,1.405,8.945,NA
AGO,12,14,0.08,39.09375,1.421666667,11.9975,NA
AGO,12,15,0.08,38.58708333,1.449583333,15.35,NA
AGO,12,16,0.08,37.96875,1.478333333,18.945,NA
AGO,12,17,1.92,37.63791667,1.506666667,22.7925,NA
AGO,12,18,3.48,36.35166667,1.5325,26.53375,NA
AGO,12,19,4.29,36.0975,1.559583333,28.8125,NA
AGO,12,20,13.36,36.84916667,1.619583333,28.89125,NA
AGO,12,21,10.04,37.88625,1.695416667,27.85875,NA
AGO,12,22,16.23,40.00458333,1.767083333,26.31875,NA
AGO,12,23,8.65,41.99125,1.85,24.72625,NA
AGO,13,0,3.91,39.85375,1.91125,23.525,NA
AGO,13,1,5.3,37.825,1.935416667,21.40375,NA
AGO,13,2,9.72,38.31333333,1.972916667,18.175,NA
AGO,13,3,15.53,38.61333333,1.9775,14.8375,NA
AGO,13,4,8.98,39.5575,1.9775,13.735,NA
AGO,13,5,12.93,39.44958333,1.98,12.11,NA
AGO,13,6,14.64,39.22875,1.930833333,10.5825,NA
AGO,13,7,13.7,39.95333333,1.866666667,8.8225,NA
AGO,13,8,13.85,40.01833333,1.840416667,6.35,NA
AGO,13,9,10.39,40.9525,1.7925,4.35125,NA
AGO,13,10,4.97,40.67625,1.710416667,3.1975,NA
AGO,13,11,4.74,40.74166667,1.667916667,3.72,NA
AGO,13,12,3.56,41.44916667,1.63625,4.6475,NA
AGO,13,13,3.46,41.31666667,1.611666667,7.08625,NA
AGO,13,14,2.51,42.42791667,1.6,10.3625,NA
AGO,13,15,1.2,43.00458333,1.589166667,13.57,NA
AGO,13,16,0.37,43.4675,1.582916667,16.51125,NA
AGO,13,17,0.08,42.8825,1.575416667,19.67375,NA
AGO,13,18,0.17,42.35458333,1.556666667,22.905,NA
AGO,13,19,3.59,43.87583333,1.54125,24.82125,NA
AGO,13,20,14.51,43.65708333,1.509166667,24.43625,NA
AGO,13,21,22.41,44.36333333,1.48625,21.99,NA
AGO,13,22,24.25,44.92,1.551666667,18.69625,NA
AGO,13,23,11.55,46.39166667,1.5875,15.78,NA
AGO,14,0,6.2,48.71291667,1.605,13.68,NA
AGO,14,1,3.6,48.22083333,1.63875,11.80375,NA
AGO,14,2,3.42,48.06833333,1.6475,9.31375,NA
AGO,14,3,1.99,48.55291667,1.64125,7.09625,NA
AGO,14,4,1.59,46.74458333,1.641666667,6.2425,NA
AGO,14,5,1.61,45.35958333,1.6475,6.55625,NA
AGO,14,6,1.64,43.60625,1.62875,7.59125,NA
AGO,14,7,3.36,41.78416667,1.5575,9.09875,NA
AGO,14,8,3.79,40.09666667,1.476666667,10.06125,NA
AGO,14,9,1.53,39.12875,1.400833333,11.055,NA
AGO,14,10,4.48,38.74791667,1.350833333,12.5325,NA
AGO,14,11,2.73,39.9375,1.309166667,14.1125,NA
AGO,14,12,1.9,39.79583333,1.27875,15.945,NA
AGO,14,13,1.53,40.01125,1.242916667,18.66125,NA
AGO,14,14,2.15,39.99916667,1.194583333,21.745,NA
AGO,14,15,1.48,40.62708333,1.143333333,23.835,NA
AGO,14,16,0.38,40.58208333,1.1025,25.515,NA
AGO,14,17,0.08,40.9025,1.06875,26.76,NA
AGO,14,18,0.81,40.93,1.049166667,27.76,NA
AGO,14,19,4.56,39.65458333,1.022916667,28.67,NA
AGO,14,20,10.51,39.77125,1.007083333,28.4825,NA
AGO,14,21,16.78,39.69958333,0.9925,26.2775,NA
AGO,14,22,7.22,37.39875,0.89875,24.12,NA
AGO,14,23,7.44,36.025,0.826666667,21.86125,NA
AGO,15,0,4.69,37.51,0.826666667,20.03,NA
AGO,15,1,2.14,38.33375,0.833333333,18.2525,NA
AGO,15,2,3.01,37.50666667,0.837916667,16.42875,NA
AGO,15,3,1.5,35.16083333,0.84,15.41625,NA
AGO,15,4,4.94,35.98833333,0.851666667,14.13875,NA
AGO,15,5,9.14,37.16083333,0.86875,13.16,NA
AGO,15,6,8.39,38.825,0.907083333,11.33375,NA
AGO,15,7,7.4,39.28791667,0.93125,10.085,NA
AGO,15,8,8.55,39.36166667,0.962916667,8.73375,NA
AGO,15,9,6.34,39.38333333,0.99125,7.8325,NA
AGO,15,10,4.11,39.26083333,1.00875,7.68625,NA
AGO,15,11,2.23,38.62625,1.023333333,7.46,NA
AGO,15,12,1.87,38.36416667,1.035,8.3525,NA
AGO,15,13,0.91,37.90416667,1.05,10.28875,NA
AGO,15,14,0.08,36.56166667,1.059583333,12.55875,NA
AGO,15,15,0.44,35.33583333,1.065833333,14.86875,NA
AGO,15,16,0.66,35.6075,1.0625,17.42875,NA
AGO,15,17,0.15,35.30375,1.056666667,19.495,NA
AGO,15,18,0.08,34.87041667,1.04125,21.12,NA
AGO,15,19,5.38,33.2875,1.025,21.455,NA
AGO,15,20,9.52,33.04166667,0.997916667,20.41625,NA
AGO,15,21,3.74,31.54833333,0.977083333,19.375,NA
AGO,15,22,2.9,31.75916667,0.993333333,18.07875,NA
AGO,15,23,3.97,31.13083333,0.98,16.07125,NA
AGO,16,0,3.42,28.46416667,0.939583333,13.80625,NA
AGO,16,1,5.01,28.44833333,0.916666667,11.22125,NA
AGO,16,2,3.5,29.02,0.9,8.5925,NA
AGO,16,3,1.55,29.68541667,0.87875,6.905,NA
AGO,16,4,0.96,29.4225,0.884166667,6.655,NA
AGO,16,5,3.97,28.73208333,0.905833333,6.15125,NA
AGO,16,6,5.97,28.20666667,0.902083333,5.2275,NA
AGO,16,7,6.88,29.15625,0.893333333,4.605,NA
AGO,16,8,6.36,30.43166667,0.885833333,4.00875,NA
AGO,16,9,2.51,31.53125,0.889583333,4.01625,NA
AGO,16,10,2.07,31.26916667,0.87875,4.54125,NA
AGO,16,11,2.2,31.11666667,0.864166667,5.37875,NA
AGO,16,12,4.36,31.68,0.845416667,6.295,NA
AGO,16,13,4.56,32.41875,0.83875,7.56625,NA
AGO,16,14,3.96,33.22791667,0.84125,9.51125,NA
AGO,16,15,2.51,34.07041667,0.841666667,11.74125,NA
AGO,16,16,2.79,34.77875,0.851666667,14.05125,NA
AGO,16,17,0.5,35.44166667,0.862083333,16.2375,NA
AGO,16,18,0.08,36.0725,0.862083333,17.9975,NA
AGO,16,19,4.74,37.98958333,0.875416667,18.5325,NA
AGO,16,20,11.07,39.92208333,0.940416667,17.12625,NA
AGO,16,21,7.69,38.69875,0.9825,15.475,NA
AGO,16,22,3.08,36.355,0.9975,13.895,NA
AGO,16,23,2.62,35.21916667,1.044166667,12.0225,NA
AGO,17,0,1.69,34.03875,1.067916667,10.205,NA
AGO,17,1,2.67,32.93958333,1.110416667,7.98375,NA
AGO,17,2,2.63,32.26291667,1.154583333,5.6925,NA
AGO,17,3,3.04,32.40041667,1.21375,4.1275,NA
AGO,17,4,0.45,32.45208333,1.237083333,4.35375,NA
AGO,17,5,1.94,32.31833333,1.22375,4.4575,NA
AGO,17,6,2.76,31.61458333,1.217916667,4.15125,NA
AGO,17,7,4.58,30.585,1.232083333,3.74,NA
AGO,17,8,4.23,30.43541667,1.25,3.2675,NA
AGO,17,9,4.05,30.45375,1.272083333,3.03375,NA
AGO,17,10,2.11,30.63333333,1.313333333,3.13,NA
AGO,17,11,3.63,30.51916667,1.355833333,3.48125,NA
AGO,17,12,3.84,30.81916667,1.399166667,3.71875,NA
AGO,17,13,2.27,29.68708333,1.42875,5.05,NA
AGO,17,14,1.11,29.535,1.45125,7.0825,NA
AGO,17,15,2.48,29.61625,1.475416667,9.80875,NA
AGO,17,16,2.56,29.84458333,1.487083333,12.93375,NA
AGO,17,17,2.3,31.09666667,1.535833333,15.47625,NA
AGO,17,18,2.32,30.89208333,1.5975,17.485,NA
AGO,17,19,4.09,30.16375,1.647916667,18.7425,NA
AGO,17,20,6.57,27.9475,1.649166667,19.1025,NA
AGO,17,21,11.13,29.195,1.653333333,17.8225,NA
AGO,17,22,10.38,30.48458333,1.6575,15.92375,NA
AGO,17,23,7.32,31.00458333,1.67125,13.8525,NA
AGO,18,0,6.69,32.56291667,1.744583333,11.65125,NA
AGO,18,1,8.4,33.76875,1.774583333,9.17625,NA
AGO,18,2,7.1,33.88666667,1.782083333,6.915,NA
AGO,18,3,6.5,33.63458333,1.7775,5.36125,NA
AGO,18,4,7,33.72916667,1.769166667,4.43375,NA
AGO,18,5,5.1,33.58,1.773333333,4.545,NA
AGO,18,6,9.6,33.5775,1.77375,4.56125,NA
AGO,18,7,9.5,33.49458333,1.794583333,4.0475,NA
AGO,18,8,9,33.37583333,1.81,3.245,NA
AGO,18,9,7.7,32.46916667,1.822083333,3.33375,NA
AGO,18,10,8.6,32.29041667,1.828333333,3.44875,NA
AGO,18,11,7.4,32.46458333,1.839166667,3.74,NA
AGO,18,12,2.9,31.0525,1.859583333,4.78375,NA
AGO,18,13,1.1,30.6925,1.891666667,5.80875,NA
AGO,18,14,0.1,29.86083333,1.919583333,7.24625,NA
AGO,18,15,NA,28.75666667,1.88625,9.275,NA
AGO,18,16,NA,26.99541667,1.857916667,11.16375,NA
AGO,18,17,0.4,25.86791667,1.793333333,12.765,NA
AGO,18,18,2.7,25.79541667,1.731666667,14.08875,NA
AGO,18,19,1.5,23.94666667,1.667916667,15.415,NA
AGO,18,20,3.4,24.03791667,1.601666667,15.46,NA
AGO,18,21,5.5,23.58291667,1.529166667,14.55375,NA
AGO,18,22,10.4,23.90958333,1.44125,12.805,NA
AGO,18,23,10,23.89833333,1.349583333,10.66875,NA
AGO,19,0,13.4,24.30125,1.214166667,8.63875,NA
AGO,19,1,8.92,23.85875,1.122916667,7.66,NA
AGO,19,2,6.56,24.4475,1.066666667,7.25625,NA
AGO,19,3,5.82,25.66958333,1.0125,6.29625,NA
AGO,19,4,5.62,26.0025,0.968333333,5.775,NA
AGO,19,5,7.32,25.79458333,0.935833333,5.8475,NA
AGO,19,6,9.15,25.6225,0.916666667,6.44375,NA
AGO,19,7,12.02,26.53916667,0.87625,6.46875,NA
AGO,19,8,10.01,27.205,0.835,6.46875,NA
AGO,19,9,6.51,27.68666667,0.793333333,5.62375,NA
AGO,19,10,4.09,27.63166667,0.745833333,4.63125,NA
AGO,19,11,2.68,27.12333333,0.69375,4.315,NA
AGO,19,12,1.4,27.48125,0.63,4.7175,NA
AGO,19,13,0.16,27.76208333,0.554166667,5.40125,NA
AGO,19,14,0.08,27.65208333,0.49,6.42375,NA
AGO,19,15,0.12,27.72375,0.49,8.11875,NA
AGO,19,16,0.08,28.16375,0.49,10.00875,NA
AGO,19,17,1.25,28.40625,0.494583333,12.1225,NA
AGO,19,18,3.41,28.87875,0.494583333,13.55125,NA
AGO,19,19,5.7,30.83416667,0.494583333,14.08125,NA
AGO,19,20,6.41,31.765,0.494583333,13.8275,NA
AGO,19,21,7.01,31.98125,0.494583333,13.13625,NA
AGO,19,22,6.44,30.92875,0.494583333,12.32875,NA
AGO,19,23,6.29,31.65041667,0.4925,11.11875,NA
AGO,20,0,6.39,30.45708333,0.4925,9.495,NA
AGO,20,1,3.26,30.53083333,0.479583333,7.81375,NA
AGO,20,2,5.76,30.92833333,0.470416667,6.12625,NA
AGO,20,3,3.91,29.60708333,0.47,4.84875,NA
AGO,20,4,4.39,29.72458333,0.465416667,3.9825,NA
AGO,20,5,1.62,29.86208333,0.44375,3.975,NA
AGO,20,6,2.35,29.94125,0.41375,3.74,NA
AGO,20,7,2.61,28.35291667,0.380416667,4.325,NA
AGO,20,8,8.11,27.19166667,0.343333333,4.7325,NA
AGO,20,9,9.22,26.63041667,0.332916667,4.665,NA
AGO,20,10,10.58,26.655,0.345,5.0825,NA
AGO,20,11,8.42,26.57,0.382916667,5.86,NA
AGO,20,12,2.85,26.78875,0.415416667,6.66375,NA
AGO,20,13,1.82,26.74833333,0.438333333,7.39125,NA
AGO,20,14,0.68,27.05708333,0.450416667,8.455,NA
AGO,20,15,0.08,27.2275,0.459583333,8.9925,NA
AGO,20,16,0.42,27.16125,0.468333333,10.10125,NA
AGO,20,17,0.08,26.09041667,0.472916667,11.675,NA
AGO,20,18,0.6,25.62208333,0.480833333,13.075,NA
AGO,20,19,3.29,24.72833333,0.495416667,13.75,NA
AGO,20,20,8.82,23.89375,0.514166667,13.56,NA
AGO,20,21,13.14,25.4725,0.54625,12.10125,NA
AGO,20,22,7.67,26.875,0.585416667,10.50375,NA
AGO,20,23,4.62,25.60041667,0.615,8.88125,NA
AGO,21,0,2.06,26.32666667,0.639166667,7.37875,NA
AGO,21,1,0.96,27.61833333,0.634166667,6.43625,NA
AGO,21,2,2.2,26.44208333,0.61375,5.315,NA
AGO,21,3,1.18,27.40958333,0.595833333,4.815,NA
AGO,21,4,1.07,26.19875,0.58125,5.5025,NA
AGO,21,5,1.76,25.8575,0.589166667,6.995,NA
AGO,21,6,6.55,26.40625,0.605416667,7.27375,NA
AGO,21,7,7.12,27.37583333,0.719166667,7.4225,NA
AGO,21,8,5.14,27.26416667,0.88,7.4575,NA
AGO,21,9,2.91,27.2025,0.9675,7.75,NA
AGO,21,10,2.21,27.28916667,1.025416667,8.6275,NA
AGO,21,11,1.01,27.39166667,1.065416667,9.3325,NA
AGO,21,12,0.08,26.815,1.109166667,10.0875,NA
AGO,21,13,1.96,26.91083333,1.157083333,11.56375,NA
AGO,21,14,9.13,28.37541667,1.225416667,15.64125,NA
AGO,21,15,12.77,31.75541667,1.33875,21.445,NA
AGO,21,16,9.13,35.47875,1.449166667,27.74,NA
AGO,21,17,2.86,38.25875,1.54125,32.185,NA
AGO,21,18,0.08,38.53791667,1.59375,34.845,NA
AGO,21,19,0.08,39.86583333,1.634166667,35.81125,NA
AGO,21,20,7.01,42.42375,1.670416667,35.43375,NA
AGO,21,21,10.71,42.86375,1.744583333,33.265,NA
AGO,21,22,5.19,40.90041667,1.87,29.9925,NA
AGO,21,23,8.94,40.375,2.015416667,24.57375,NA
AGO,22,0,5.8,39.17125,2.13875,18.63,NA
AGO,22,1,4.25,37.60583333,2.204583333,13.86125,NA
AGO,22,2,0.08,38.41291667,2.253333333,11.1125,NA
AGO,22,3,0.08,38.92708333,2.285833333,10.00875,NA
AGO,22,4,0.08,38.89875,2.319166667,9.93125,NA
AGO,22,5,0.88,39.75875,2.3275,10.41375,NA
AGO,22,6,3.71,38.79083333,2.3475,10.1,0.060333333
AGO,22,7,10.63,39.12375,2.2825,9.66625,0.059142857
AGO,22,8,11.73,39.79708333,2.18625,9,0.0545
AGO,22,9,8.63,39.77666667,2.137083333,8.65,0.04075
AGO,22,10,7.54,39.76541667,2.107083333,8.2225,0.03325
AGO,22,11,1.71,39.89916667,2.062083333,8.5525,0.03325
AGO,22,12,2.92,40.375,2.005416667,9.54625,0.0295
AGO,22,13,2.78,40.91208333,1.961666667,10.99875,0.0295
AGO,22,14,0.7,39.82375,1.897916667,12.9975,0.02825
AGO,22,15,1.72,36.73541667,1.7925,15.63625,0.027
AGO,22,16,0.79,33.03916667,1.740833333,18.51875,0.02575
AGO,22,17,2.32,31.22208333,1.699583333,20.9675,0.02825
AGO,22,18,3.13,31.13416667,1.69875,22.98375,0.03075
AGO,22,19,6.49,30.38,1.70125,23.49,0.03075
AGO,22,20,5.16,29.95,1.72875,22.8275,0.03075
AGO,22,21,1.93,39.06083333,1.681666667,22.6375,0.027
AGO,22,22,6.54,43.83291667,1.584166667,21.535,0.032
AGO,22,23,7.37,45.39916667,1.504166667,20.09875,0.0295
AGO,23,0,7.2,46.05791667,1.441666667,18.395,0.0445
AGO,23,1,12.38,46.90708333,1.460416667,15.715,0.042
AGO,23,2,9.93,47.90291667,1.517916667,12.90375,0.0395
AGO,23,3,7.05,47.51208333,1.607083333,11.16125,0.0395
AGO,23,4,6.27,48.37041667,1.679166667,9.56125,0.0395
AGO,23,5,2.77,48.28916667,1.735416667,7.57875,0.04575
AGO,23,6,5.43,49.05166667,1.7975,6.04375,0.042
AGO,23,7,7.99,48.75041667,1.844583333,4.69,0.042
AGO,23,8,5.86,48.08875,1.889583333,3.51125,0.02825
AGO,23,9,3.35,48.01708333,1.942083333,3.3575,0.02825
AGO,23,10,2.15,47.91291667,1.981666667,3.81625,0.02825
AGO,23,11,1.89,48.17833333,2.009583333,4.295,0.02825
AGO,23,12,2.29,48.69291667,2.075833333,5.7225,0.027
AGO,23,13,3.67,48.6675,2.129166667,7.37875,0.0195
AGO,23,14,1.98,49.33208333,2.115833333,9.20375,0.02575
AGO,23,15,0.69,49.32583333,2.1,11.5575,0.0245
AGO,23,16,0.08,49.49833333,2.032916667,14.03375,0.02325
AGO,23,17,2.09,48.85916667,1.9775,16.02,0.022
AGO,23,18,3.45,48.81583333,1.917916667,17.34625,0.032
AGO,23,19,7.86,48.91666667,1.860416667,17.90125,0.03075
AGO,23,20,4.42,46.88875,1.777916667,17.0575,0.0345
AGO,23,21,3.64,35.725,1.746666667,15.7125,0.03575
AGO,23,22,4.62,31.55291667,1.840416667,14.39125,0.02825
AGO,23,23,3.77,30.99041667,1.940833333,13.73625,0.02825
AGO,24,0,3.27,30.66791667,2.065416667,12.85125,0.02825
AGO,24,1,2.33,29.79958333,2.02,12.2325,0.0295
AGO,24,2,2.5,27.94791667,1.91375,11.93,0.0195
AGO,24,3,4.89,27.20416667,1.792083333,11.50125,0.027
AGO,24,4,2.3,27.23333333,1.686666667,12.0675,0.02825
AGO,24,5,4.93,26.685,1.611666667,12.41375,0.02825
AGO,24,6,7.92,26.03458333,1.542083333,12.09,0.0295
AGO,24,7,9.75,25.29958333,1.493333333,10.415,0.03325
AGO,24,8,9.14,25.46333333,1.41875,8.82375,0.03325
AGO,24,9,7.4,25.82958333,1.3025,7.22625,0.032
AGO,24,10,5.12,26.72458333,1.246521739,5.82375,0.03075
AGO,24,11,6.54,27.62666667,1.214545455,5.4625,0.02325
AGO,24,12,5.77,27.8075,1.115909091,4.74125,0.022
AGO,24,13,4.2,28.01958333,1.416818182,4.51625,0.022
AGO,24,14,1.95,26.68166667,1.819545455,5.7,0.02075
AGO,24,15,0.57,26.25,2.22,7.84625,0.017
AGO,24,16,0.08,26.15625,2.618636364,10.50125,0.017
AGO,24,17,0.08,27.54291667,3.006363636,13.75,0.02075
AGO,24,18,1.58,28.69,3.396818182,15.665,0.027
AGO,24,19,10.01,28.35625,4.030909091,16.28,0.037
AGO,24,20,12.39,29.44708333,4.793636364,16.28625,0.0345
AGO,24,21,10.85,29.85333333,5.640909091,15.9075,0.0345
AGO,24,22,8.96,30.14375,6.309545455,15.1275,0.03825
AGO,24,23,3.9,29.56166667,6.984090909,15.02375,0.0395
AGO,25,0,2.87,28.51541667,7.582272727,14.365,0.0445
AGO,25,1,3.71,27.71583333,8.115909091,12.8675,0.042
AGO,25,2,2.98,27.93375,8.66,12.12,0.037
AGO,25,3,2.6,27.765,9.185454545,12.1025,0.027
AGO,25,4,3.04,27.335,9.730909091,12.55375,0.027
AGO,25,5,3.04,27.7175,10.25227273,13.14125,0.02575
AGO,25,6,5.66,27.9375,10.77272727,13.05,0.0295
AGO,25,7,10.24,28.27291667,11.26136364,11.15875,0.03825
AGO,25,8,10.72,28.44458333,11.70590909,9.4475,0.037
AGO,25,9,8.28,29.00916667,12.17045455,8.09875,0.0395
AGO,25,10,5.28,28.4575,12.05782609,7.36125,0.042
AGO,25,11,4.22,27.34875,11.575,7.65875,0.042
AGO,25,12,4.07,27.315,11.575,8.09,0.0445
AGO,25,13,4.76,27.36166667,11.38791667,9.035,0.06325
AGO,25,14,5.68,28.3375,11.46791667,11.77375,0.05575
AGO,25,15,1.68,29.325,11.24083333,15.1575,0.05325
AGO,25,16,0.08,29.92333333,10.875,17.98875,0.0495
AGO,25,17,0.8,29.30375,10.515,21.33625,0.06575
AGO,25,18,2.25,28.18,10.1725,23.9925,0.06325
AGO,25,19,2.58,28.7325,9.64375,24.3575,0.06575
AGO,25,20,4.5,27.07708333,9.009166667,24.25625,0.06325
AGO,25,21,5.34,27.87166667,8.28,23.58125,0.04825
AGO,25,22,4.92,28.95625,7.594583333,21.28875,0.0495
AGO,25,23,10.29,28.88791667,7.72,18.82,0.04325
AGO,26,0,2.79,30.16375,7.405833333,17.8425,0.0445
AGO,26,1,1.25,31.63916667,6.975,16.20375,0.02575
AGO,26,2,1.36,31.73125,6.574166667,14.58375,0.02575
AGO,26,3,4.45,32.1875,6.140833333,13.61625,0.0245
AGO,26,4,5.58,33.29791667,5.67625,12.7125,0.027
AGO,26,5,9.38,33.50875,5.22375,11.7075,0.0245
AGO,26,6,11.9,34.98458333,4.755416667,10.5125,0.0245
AGO,26,7,11.23,35.91125,4.3,9.4225,0.027
AGO,26,8,10.63,37.10208333,3.901666667,7.28375,0.027
AGO,26,9,6.34,36.92708333,3.532916667,5.69375,0.027
AGO,26,10,3.73,36.48333333,3.202916667,5.25875,0.027
AGO,26,11,5.54,36.47125,3.299166667,5.99125,0.027
AGO,26,12,2.9,36.37208333,3.389166667,7.97375,0.0245
AGO,26,13,0.54,35.58666667,3.278333333,11.00125,0.02575
AGO,26,14,1.15,34.99833333,2.926666667,15.37,0.02575
AGO,26,15,1.52,34.33416667,2.9675,20.675,0.022
AGO,26,16,0.42,33.68666667,3.005416667,24.7475,0.02075
AGO,26,17,0.08,33.27875,3.023333333,28.14875,0.02075
AGO,26,18,0.08,32.50958333,3.017083333,30.4825,0.0195
AGO,26,19,0.08,32.81708333,2.97125,31.57,0.01825
AGO,26,20,1.22,34.69666667,2.906666667,31.63375,0.017
AGO,26,21,5.76,33.94291667,2.83125,30.2525,0.01575
AGO,26,22,5.71,36.59291667,2.917083333,27.46625,0.0145
AGO,26,23,2.56,36.97458333,2.204583333,23.785,0.0145
AGO,27,0,0.54,37.2325,1.915416667,21.4475,0.0145
AGO,27,1,0.16,37.40083333,1.8475,19.24875,0.01325
AGO,27,2,0.14,37.73791667,1.802083333,17.07125,0.01325
AGO,27,3,1.38,37.30083333,1.75375,15.62625,0.0145
AGO,27,4,3.33,36.47625,1.737083333,14.21,0.0145
AGO,27,5,4.9,35.95291667,1.740833333,13.1175,0.0145
AGO,27,6,5.67,34.49333333,1.74,12.3575,0.01575
AGO,27,7,10.13,33.6225,1.71875,10.945,0.01575
AGO,27,8,13.18,32.98333333,1.73,9.21,0.01575
AGO,27,9,10.27,32.71666667,1.864166667,7.81125,0.01575
AGO,27,10,8.42,34.78041667,2.0525,6.81875,0.01575
AGO,27,11,3.82,34.51708333,2.0875,6.68,0.0145
AGO,27,12,3.3,34.50291667,2.152916667,7.095,0.0145
AGO,27,13,2.75,34.51791667,2.405833333,8.16625,0.01325
AGO,27,14,2.68,34.20458333,2.736666667,9.85,0.012
AGO,27,15,6.87,34.36458333,4.355,12.80875,0.012
AGO,27,16,7.33,35.29875,6.067916667,16.5925,0.01325
AGO,27,17,3,35.94166667,6.504583333,19.49,0.01325
AGO,27,18,3.97,37.1625,6.876666667,22.59375,0.01575
AGO,27,19,5.14,36.79541667,7.135833333,24.125,0.01825
AGO,27,20,9.78,35.32666667,7.81625,24.1625,0.02075
AGO,27,21,11.94,36.71166667,8.282916667,23.01625,0.022
AGO,27,22,5.22,34.46333333,8.351666667,22.275,0.02325
AGO,27,23,3.29,33.60708333,8.225,21.85,0.027
AGO,28,0,4.74,35.28416667,8.159583333,20.20125,0.02825
AGO,28,1,2.63,36.1225,8.21875,19.17125,0.03075
AGO,28,2,1.88,36.10333333,8.21875,17.8625,0.032
AGO,28,3,5.08,37.67125,8.255,16.52875,0.032
AGO,28,4,4.82,39.23666667,8.26625,16.08875,0.032
AGO,28,5,8.07,41.06375,8.265833333,15.8925,0.032
AGO,28,6,8.12,43.1225,8.268333333,14.645,0.032
AGO,28,7,8.79,43.77458333,8.283333333,11.9,0.0295
AGO,28,8,7.49,45.32958333,8.258333333,9.765,0.02825
AGO,28,9,3.44,44.83625,8.117916667,8.2425,0.02825
AGO,28,10,1.29,42.84625,7.894166667,7.095,0.027
AGO,28,11,0.76,42.95916667,7.760416667,7.1925,0.027
AGO,28,12,0.43,42.67083333,7.60875,7.75875,0.02575
AGO,28,13,0.68,43.16375,7.30875,9.21375,0.027
AGO,28,14,0.62,43.52166667,6.87875,11.07875,0.027
AGO,28,15,0.4,43.16125,5.079583333,13.66375,0.02825
AGO,28,16,0.29,42.44333333,3.344583333,16.42875,0.027
AGO,28,17,0.08,41.62416667,2.89,18.665,0.02575
AGO,28,18,0.08,41.56375,2.50875,20.2975,0.02325
AGO,28,19,7.43,41.55916667,2.334583333,20.56625,0.02075
AGO,28,20,11.52,42.28083333,1.687916667,19.83875,0.022
AGO,28,21,9.01,41.61916667,1.242916667,18.84625,0.0195
AGO,28,22,10.05,41.85125,1.016666667,17.5575,0.01825
AGO,28,23,6.2,44.40375,0.932916667,16.39625,0.01575
AGO,29,0,1.71,41.78958333,0.84375,15.5425,0.01575
AGO,29,1,0.95,40.82875,0.75,14.775,0.0145
AGO,29,2,1.47,39.96166667,0.7125,13.91,0.0145
AGO,29,3,2.5,40.25458333,0.7075,13.48875,0.0145
AGO,29,4,3.11,40.39666667,0.695833333,13.2725,0.012
AGO,29,5,4.8,39.5775,0.667083333,12.78,0.01575
AGO,29,6,8.62,38.5225,0.627916667,12.0325,0.02075
AGO,29,7,11.17,40.2225,0.594583333,10.65,0.02075
AGO,29,8,10.97,40.34125,0.577916667,8.81125,0.02075
AGO,29,9,5.98,41.78375,0.6375,7.05125,0.02825
AGO,29,10,2.25,41.80416667,0.78625,6.1075,0.0495
AGO,29,11,3.49,42.29875,0.831666667,6.4875,0.072
AGO,29,12,3.77,42.64583333,0.957083333,8.14,0.13325
AGO,29,13,2.36,42.36291667,1.215,10.2125,0.16575
AGO,29,14,0.64,42.715,1.331666667,12.585,0.23075
AGO,29,15,0.62,43,1.418333333,15.445,0.2595
AGO,29,16,1.63,43.56041667,1.542083333,18.27625,0.302
AGO,29,17,0.08,43.66,1.618333333,21.30625,0.31575
AGO,29,18,0.54,43.32625,1.618333333,23.595,0.3145
AGO,29,19,5.79,44.68041667,1.539583333,23.725,0.322
AGO,29,20,5.2,44.48041667,1.510416667,23.58375,0.297
AGO,29,21,7.03,44.25583333,1.495833333,23.00625,0.2845
AGO,29,22,9.4,44.8275,1.492083333,21.98,0.24825
AGO,29,23,6.22,45.70125,1.49,20.59,0.2245
AGO,30,0,7.32,47.91833333,1.505416667,18.70125,0.21575
AGO,30,1,19.88,49.57875,1.525,15.49625,0.20325
AGO,30,2,16.91,51.5625,1.562916667,12.35125,0.1995
AGO,30,3,3.38,49.00166667,1.734583333,11.015,0.19825
AGO,30,4,1.9,47.18458333,1.813333333,9.3625,0.167
AGO,30,5,2.56,46.04666667,2.085416667,8.06375,0.162
AGO,30,6,4.16,45.46375,2.204166667,6.9725,0.12825
AGO,30,7,8.42,44.11625,2.280833333,5.46125,0.15325
AGO,30,8,9.29,41.51333333,2.344583333,4.5725,0.13075
AGO,30,9,5.49,43.27333333,2.3,5.15,0.17325
AGO,30,10,2.04,44.435,2.225,6.59625,0.177
AGO,30,11,0.96,44.48041667,2.269166667,8.245,0.17075
AGO,30,12,1.37,45.05666667,2.406666667,10.085,0.20075
AGO,30,13,0.08,45.54041667,2.204166667,12.5475,0.197
AGO,30,14,0.15,45.365,2.140833333,16.18625,0.21075
AGO,30,15,0.45,45.59833333,2.122083333,20.59625,0.22575
AGO,30,16,0.45,45.15791667,2.06875,24.98125,0.2345
AGO,30,17,1.19,44.83833333,2.1275,28.50125,0.19325
AGO,30,18,3.3,44.53041667,2.2825,30.845,0.18575
AGO,30,19,6.35,42.03583333,2.300833333,32.3075,0.167
AGO,30,20,9.99,42.1025,2.389583333,31.84875,0.1545
AGO,30,21,5.04,41.59333333,2.461666667,30.39125,0.147
AGO,30,22,7.56,41.00291667,2.543333333,27.4725,0.157
AGO,30,23,7.48,40.93541667,2.590416667,24.41875,0.12325
AGO,31,0,7.63,38.47375,2.635416667,20.75375,0.112
AGO,31,1,6.64,35.97875,2.647916667,17.20875,0.1145
AGO,31,2,3.86,35.62625,2.605,14.23875,0.132
AGO,31,3,6.35,37.80458333,2.65375,11.10875,0.13075
AGO,31,4,5.55,38.51083333,2.905,9.59375,0.1345
AGO,31,5,5.83,39.8375,3.06125,8.12,0.127
AGO,31,6,9.85,39.94958333,3.054166667,6.79875,0.1145
AGO,31,7,10.76,40.38583333,3.0625,6.078571429,0.11075
AGO,31,8,8.79,40.53375,3.133333333,5.111428571,0.112
AGO,31,9,6.53,38.4175,3.4025,4.447142857,0.0995
AGO,31,10,4.92,38.28875,3.95125,4.84,0.07575
AGO,31,11,2.82,37.96375,4.108333333,6.574285714,0.08075
AGO,31,12,1.47,37.13083333,3.932083333,8.724285714,0.06325
AGO,31,13,2.57,36.99625,4.266666667,11.55285714,0.082
AGO,31,14,2.04,37.44875,4.460416667,14.98,0.08325
AGO,31,15,0.87,37.40541667,4.573333333,16.29375,0.08075
AGO,31,16,0.08,37.6,4.543333333,19.67625,0.092
AGO,31,17,0.08,38.07416667,4.482083333,22.79875,0.11325
AGO,31,18,0.93,38.87916667,4.34375,24.62125,0.14575
AGO,31,19,2.24,39.68208333,4.3125,25.0275,0.1495
AGO,31,20,5.55,39.75625,4.219166667,24.35125,0.2245
AGO,31,21,5.45,39.54625,4.164583333,23.24125,0.21325
AGO,31,22,7.11,39.1075,4.122916667,21.36875,0.2295
AGO,31,23,4.17,37.30958333,4.09125,19.37625,0.24325
