DATOS M”VILES 2011_DIF,,,,,,,,
,,,,,,,,
AÒo,Mes,DÌa,Hora,NO2,MPM10,MSO2 24HRS,MO3,MCO
2011,JUN,1,0,NA,58.08083333,9.155833333,NA,0.3975
2011,JUN,1,1,NA,57.38041667,9.133333333,NA,0.3725
2011,JUN,1,2,NA,56.53083333,9.115416667,NA,0.34625
2011,JUN,1,3,NA,55.67875,9.105416667,NA,0.31375
2011,JUN,1,4,NA,54.99166667,9.094166667,NA,0.28625
2011,JUN,1,5,NA,54.16916667,9.089166667,NA,0.2625
2011,JUN,1,6,NA,53.26166667,9.038333333,NA,0.25
2011,JUN,1,7,NA,52.16625,9.017916667,NA,0.26375
2011,JUN,1,8,NA,50.94166667,9.014583333,NA,0.3025
2011,JUN,1,9,NA,49.97166667,9.008333333,NA,0.34
2011,JUN,1,10,NA,49.26333333,8.999166667,NA,0.37625
2011,JUN,1,11,NA,48.7275,9.000833333,NA,0.40875
2011,JUN,1,12,NA,48.45375,9.0175,NA,0.445
2011,JUN,1,13,NA,48.6225,9.02,NA,0.48125
2011,JUN,1,14,NA,48.57916667,9.049166667,NA,0.50625
2011,JUN,1,15,NA,48.80333333,9.120416667,NA,0.52125
2011,JUN,1,16,NA,48.60583333,9.135416667,NA,0.5075
2011,JUN,1,17,NA,48.56041667,9.13875,NA,0.49125
2011,JUN,1,18,NA,47.71916667,9.12625,NA,0.48
2011,JUN,1,19,NA,46.46958333,9.119583333,NA,0.47875
2011,JUN,1,20,NA,45.45083333,9.11125,NA,0.48125
2011,JUN,1,21,NA,44.94,9.118333333,NA,0.47625
2011,JUN,1,22,NA,45.39458333,9.198333333,NA,0.46875
2011,JUN,1,23,NA,46.70416667,9.26,NA,0.4525
2011,JUN,2,0,NA,46.76041667,9.274583333,NA,0.4375
2011,JUN,2,1,NA,46.65458333,9.28875,NA,0.425
2011,JUN,2,2,NA,46.93583333,9.300833333,NA,0.40625
2011,JUN,2,3,NA,46.41083333,9.31125,NA,0.38
2011,JUN,2,4,NA,45.9925,9.323333333,NA,0.34375
2011,JUN,2,5,NA,45.96166667,9.330416667,NA,0.31375
2011,JUN,2,6,NA,46.56166667,9.342916667,NA,0.295
2011,JUN,2,7,NA,46.73708333,9.3475,NA,0.30375
2011,JUN,2,8,NA,47.14791667,9.348333333,NA,0.3375
2011,JUN,2,9,NA,47.14125,9.354583333,NA,0.365
2011,JUN,2,10,NA,46.58666667,9.3525,NA,0.39
2011,JUN,2,11,NA,46.04083333,9.339583333,NA,0.415
2011,JUN,2,12,NA,45.66208333,9.3175,NA,0.4425
2011,JUN,2,13,NA,44.77333333,9.325833333,NA,0.46875
2011,JUN,2,14,NA,43.74,9.325833333,NA,0.4875
2011,JUN,2,15,NA,41.95625,9.280833333,NA,0.47875
2011,JUN,2,16,NA,41.54333333,9.30625,NA,0.4475
2011,JUN,2,17,NA,39.54291667,9.3075,NA,0.42125
2011,JUN,2,18,NA,37.64333333,9.3175,NA,0.4025
2011,JUN,2,19,NA,37.10833333,9.32375,NA,0.3875
2011,JUN,2,20,NA,36.92291667,9.364166667,NA,0.375
2011,JUN,2,21,NA,37.85666667,9.722916667,NA,0.385
2011,JUN,2,22,NA,39.80958333,10.70833333,NA,0.5225
2011,JUN,2,23,NA,40.87458333,11.56541667,NA,0.6425
2011,JUN,3,0,NA,41.16125,11.84125,NA,0.68875
2011,JUN,3,1,NA,41.5525,11.95791667,NA,0.69875
2011,JUN,3,2,NA,41.62208333,12.03541667,NA,0.6925
2011,JUN,3,3,NA,42.28875,12.09,NA,0.68
2011,JUN,3,4,NA,42.98958333,12.19875,NA,0.6675
2011,JUN,3,5,NA,43.57708333,12.33791667,NA,0.64125
2011,JUN,3,6,NA,43.45083333,12.40041667,NA,0.4925
2011,JUN,3,7,NA,44.53416667,12.44458333,NA,0.4025
2011,JUN,3,8,NA,46.16791667,12.4975,NA,0.41375
2011,JUN,3,9,NA,47.79375,12.54708333,NA,0.4475
2011,JUN,3,10,NA,48.87208333,12.59541667,NA,0.48375
2011,JUN,3,11,NA,49.94833333,12.62625,NA,0.52625
2011,JUN,3,12,NA,50.17583333,12.64208333,NA,0.5625
2011,JUN,3,13,NA,50.40083333,12.64958333,NA,0.58625
2011,JUN,3,14,NA,49.78333333,12.64083333,NA,0.6025
2011,JUN,3,15,NA,50.21208333,12.6225,NA,0.57375
2011,JUN,3,16,NA,49.80125,12.59708333,NA,0.51625
2011,JUN,3,17,NA,51.11916667,12.6725,NA,0.4825
2011,JUN,3,18,NA,52.00333333,12.72166667,NA,0.46875
2011,JUN,3,19,NA,52.30666667,12.725,NA,0.4525
2011,JUN,3,20,NA,52.77541667,12.725,NA,0.44
2011,JUN,3,21,NA,52.51791667,12.48416667,NA,0.4325
2011,JUN,3,22,NA,51.14958333,11.45958333,NA,0.42375
2011,JUN,3,23,NA,50.51208333,10.575,NA,0.41
2011,JUN,4,0,NA,50.47125,10.3175,NA,0.39875
2011,JUN,4,1,NA,50.07875,10.22166667,NA,0.38125
2011,JUN,4,2,NA,49.835,10.16083333,NA,0.3575
2011,JUN,4,3,NA,49.96916667,10.12416667,NA,0.33625
2011,JUN,4,4,NA,49.68916667,10.03708333,NA,0.31375
2011,JUN,4,5,NA,49.3575,9.92125,NA,0.2925
2011,JUN,4,6,NA,48.91458333,9.891666667,NA,0.27875
2011,JUN,4,7,NA,47.8525,10.19916667,NA,0.28375
2011,JUN,4,8,NA,46.55,10.26291667,NA,0.30125
2011,JUN,4,9,NA,45.73166667,10.25625,NA,0.325
2011,JUN,4,10,NA,45.54041667,10.24708333,NA,0.35125
2011,JUN,4,11,NA,45.69625,10.25041667,NA,0.37125
2011,JUN,4,12,NA,45.42958333,10.26,NA,0.3925
2011,JUN,4,13,NA,45.30458333,10.275,NA,0.41625
2011,JUN,4,14,NA,45.795,10.30583333,NA,0.43875
2011,JUN,4,15,NA,46.72916667,10.3675,NA,0.4525
2011,JUN,4,16,NA,48.08125,10.43333333,NA,0.45375
2011,JUN,4,17,NA,48.495,10.39416667,NA,0.44125
2011,JUN,4,18,NA,48.65916667,10.44708333,NA,0.43
2011,JUN,4,19,NA,49.19375,10.58791667,NA,0.43375
2011,JUN,4,20,NA,50.14916667,10.61125,NA,0.42125
2011,JUN,4,21,NA,50.74583333,10.63291667,NA,0.4025
2011,JUN,4,22,NA,51.105,10.73041667,NA,0.38375
2011,JUN,4,23,NA,49.55833333,10.75583333,NA,0.365
2011,JUN,5,0,NA,49.02958333,10.76625,NA,0.35
2011,JUN,5,1,NA,48.94875,10.78041667,NA,0.34
2011,JUN,5,2,NA,48.52583333,10.79916667,NA,0.32125
2011,JUN,5,3,NA,48.30416667,10.81125,NA,0.29375
2011,JUN,5,4,NA,48.30833333,10.82166667,NA,0.28125
2011,JUN,5,5,NA,48.13166667,10.82125,NA,0.275
2011,JUN,5,6,NA,48.09375,10.80708333,NA,0.275
2011,JUN,5,7,NA,48.2475,10.47416667,NA,0.285
2011,JUN,5,8,NA,47.9525,10.465,NA,0.2975
2011,JUN,5,9,NA,46.64833333,10.45916667,NA,0.3175
2011,JUN,5,10,NA,45.73625,10.45041667,NA,0.34375
2011,JUN,5,11,NA,44.395,10.44083333,NA,0.36875
2011,JUN,5,12,NA,44.21625,10.44458333,NA,0.39875
2011,JUN,5,13,NA,43.85791667,10.43958333,NA,0.42625
2011,JUN,5,14,NA,43.98041667,10.41791667,NA,0.45
2011,JUN,5,15,NA,43.43541667,10.39958333,NA,0.4625
2011,JUN,5,16,NA,42.70125,10.37375,NA,0.46625
2011,JUN,5,17,NA,42.11375,10.36333333,NA,0.46
2011,JUN,5,18,NA,41.7975,10.26833333,NA,0.44375
2011,JUN,5,19,NA,40.26875,10.13208333,NA,0.42875
2011,JUN,5,20,NA,38.23125,10.07875,NA,0.4075
2011,JUN,5,21,NA,36.23958333,9.98625,NA,0.38625
2011,JUN,5,22,NA,34.5625,9.914583333,NA,0.3625
2011,JUN,5,23,NA,38.56541667,9.883333333,NA,0.33875
2011,JUN,6,0,NA,39.19083333,9.86125,NA,0.31625
2011,JUN,6,1,NA,38.46833333,9.834166667,NA,0.295
2011,JUN,6,2,NA,37.9375,9.805833333,NA,0.27875
2011,JUN,6,3,NA,37.15458333,9.78375,NA,0.25875
2011,JUN,6,4,NA,36.30416667,9.77375,NA,0.24125
2011,JUN,6,5,NA,35.81708333,9.81125,NA,0.22375
2011,JUN,6,6,NA,35.40833333,9.895416667,NA,0.21
2011,JUN,6,7,NA,34.55875,9.9225,NA,0.21375
2011,JUN,6,8,NA,33.97791667,9.880833333,NA,0.24125
2011,JUN,6,9,NA,34.22083333,9.95,NA,0.2825
2011,JUN,6,10,NA,33.62958333,9.969166667,NA,0.32125
2011,JUN,6,11,NA,33.53291667,9.977083333,NA,0.35875
2011,JUN,6,12,NA,33.06583333,9.971666667,NA,0.385
2011,JUN,6,13,NA,32.83666667,10.0325,NA,0.4125
2011,JUN,6,14,NA,32.1575,10.05583333,NA,0.43625
2011,JUN,6,15,NA,31.88541667,10.03416667,NA,0.4375
2011,JUN,6,16,NA,32.32041667,10.01125,NA,0.42
2011,JUN,6,17,NA,34.01083333,10.075,NA,0.4
2011,JUN,6,18,NA,35.67791667,10.14,NA,0.38625
2011,JUN,6,19,NA,36.75083333,10.14333333,NA,0.37875
2011,JUN,6,20,NA,37.77083333,10.35916667,NA,0.39875
2011,JUN,6,21,NA,38.96375,10.55416667,NA,0.4275
2011,JUN,6,22,NA,39.88916667,10.66208333,NA,0.435
2011,JUN,6,23,NA,36.22083333,10.83583333,NA,0.4275
2011,JUN,7,0,NA,35.7925,10.8775,NA,0.41375
2011,JUN,7,1,NA,36.48125,10.91166667,NA,0.3925
2011,JUN,7,2,NA,36.68083333,10.94291667,NA,0.36875
2011,JUN,7,3,NA,37.09333333,10.98583333,NA,0.34
2011,JUN,7,4,NA,37.86916667,11.26708333,NA,0.295
2011,JUN,7,5,NA,38.28416667,11.3075,NA,0.2425
2011,JUN,7,6,NA,38.44208333,11.26375,NA,0.21625
2011,JUN,7,7,NA,38.7475,11.265,NA,0.2325
2011,JUN,7,8,NA,39.60666667,11.24625,NA,0.27875
2011,JUN,7,9,NA,40.47041667,11.17541667,NA,0.3275
2011,JUN,7,10,NA,41.75458333,11.15916667,NA,0.37375
2011,JUN,7,11,NA,42.46833333,11.15666667,NA,0.42
2011,JUN,7,12,NA,43.26375,11.20708333,NA,0.455
2011,JUN,7,13,NA,44.20791667,11.18041667,NA,0.49125
2011,JUN,7,14,NA,44.45416667,11.15416667,NA,0.51
2011,JUN,7,15,NA,44.88375,11.16541667,NA,0.5025
2011,JUN,7,16,NA,44.61125,11.20958333,NA,0.46875
2011,JUN,7,17,NA,43.79875,11.16041667,NA,0.43125
2011,JUN,7,18,NA,42.61125,11.1325,NA,0.39875
2011,JUN,7,19,NA,42.03083333,11.1925,NA,0.37
2011,JUN,7,20,NA,42.36333333,11.05125,NA,0.37125
2011,JUN,7,21,NA,43.62916667,10.91041667,NA,0.3825
2011,JUN,7,22,NA,46.165,10.75625,NA,0.38625
2011,JUN,7,23,NA,47.08958333,10.58166667,NA,0.3875
2011,JUN,8,0,NA,47.7875,10.53666667,NA,0.38125
2011,JUN,8,1,NA,48.08166667,10.50458333,NA,0.375
2011,JUN,8,2,NA,48.80416667,10.4825,NA,0.36625
2011,JUN,8,3,NA,49.60166667,10.43916667,NA,0.355
2011,JUN,8,4,NA,50.14583333,10.1575,NA,0.32875
2011,JUN,8,5,NA,51.06166667,10.08416667,NA,0.29125
2011,JUN,8,6,NA,51.82916667,10.03791667,NA,0.31125
2011,JUN,8,7,NA,52.95916667,10.01166667,NA,0.3975
2011,JUN,8,8,NA,53.03791667,9.989583333,NA,0.45875
2011,JUN,8,9,NA,53.75333333,9.98375,NA,0.51125
2011,JUN,8,10,NA,54.73875,9.995416667,NA,0.5625
2011,JUN,8,11,NA,55.82958333,10.02041667,NA,0.60125
2011,JUN,8,12,NA,57.39791667,10.01333333,NA,0.63625
2011,JUN,8,13,NA,58.57208333,10.01541667,NA,0.66125
2011,JUN,8,14,NA,59.50583333,10.05166667,NA,0.64125
2011,JUN,8,15,NA,59.98416667,10.06125,NA,0.56
2011,JUN,8,16,NA,61.0775,10.02083333,NA,0.51375
2011,JUN,8,17,NA,60.92541667,9.995833333,NA,0.47375
2011,JUN,8,18,NA,63.42333333,9.9775,NA,0.43375
2011,JUN,8,19,NA,64.57666667,9.93375,NA,0.415
2011,JUN,8,20,NA,65.07291667,9.9325,NA,0.4175
2011,JUN,8,21,NA,65.97791667,10.27916667,NA,0.42875
2011,JUN,8,22,NA,64.72791667,10.30416667,NA,0.4325
2011,JUN,8,23,NA,64.73375,10.31,NA,0.42875
2011,JUN,9,0,NA,64.59333333,10.31708333,NA,0.41875
2011,JUN,9,1,NA,64.73083333,10.31625,NA,0.415
2011,JUN,9,2,NA,64.80625,10.31416667,NA,0.40875
2011,JUN,9,3,NA,64.51125,10.34166667,NA,0.3925
2011,JUN,9,4,NA,64.36041667,10.33541667,NA,0.35375
2011,JUN,9,5,NA,63.97166667,10.35583333,NA,0.31375
2011,JUN,9,6,NA,64.34041667,10.3725,NA,0.29625
2011,JUN,9,7,NA,64.68125,10.37708333,NA,0.30375
2011,JUN,9,8,NA,65.81458333,10.37916667,NA,0.34625
2011,JUN,9,9,NA,66.18166667,10.37125,NA,0.3775
2011,JUN,9,10,NA,65.60708333,10.35166667,NA,0.4125
2011,JUN,9,11,NA,65.40333333,10.32833333,NA,0.4425
2011,JUN,9,12,NA,64.52833333,10.28083333,NA,0.4675
2011,JUN,9,13,NA,63.50791667,10.24333333,NA,0.485
2011,JUN,9,14,NA,63.3375,10.21583333,NA,0.49
2011,JUN,9,15,NA,63.59458333,10.1875,NA,0.4775
2011,JUN,9,16,NA,63.13583333,10.1625,NA,0.445
2011,JUN,9,17,NA,63.48875,10.16,NA,0.43
2011,JUN,9,18,NA,61.54416667,10.16458333,NA,0.40875
2011,JUN,9,19,NA,61.98958333,10.1575,NA,0.40125
2011,JUN,9,20,NA,62.38583333,10.09375,NA,0.4025
2011,JUN,9,21,NA,61.21666667,9.673333333,NA,0.4175
2011,JUN,9,22,NA,61.28916667,9.657916667,NA,0.4375
2011,JUN,9,23,NA,61.56625,9.665416667,NA,0.45875
2011,JUN,10,0,NA,62.3625,9.680833333,NA,0.47125
2011,JUN,10,1,NA,63.045,9.71625,NA,0.47125
2011,JUN,10,2,NA,63.74875,9.837916667,NA,0.47625
2011,JUN,10,3,NA,64.525,9.915416667,NA,0.46375
2011,JUN,10,4,NA,64.82375,9.965833333,NA,0.44375
2011,JUN,10,5,NA,64.9525,9.947916667,NA,0.4125
2011,JUN,10,6,NA,64.35416667,9.934166667,NA,0.3925
2011,JUN,10,7,NA,63.4825,9.922916667,NA,0.39875
2011,JUN,10,8,NA,62.24458333,9.905,NA,0.40125
2011,JUN,10,9,NA,60.93041667,9.884166667,NA,0.3975
2011,JUN,10,10,NA,60.50125,9.867083333,NA,0.3875
2011,JUN,10,11,NA,59.98458333,9.844166667,NA,0.3875
2011,JUN,10,12,NA,59.49208333,9.831666667,NA,0.39875
2011,JUN,10,13,NA,59.63083333,9.812916667,NA,0.41125
2011,JUN,10,14,NA,59.6,9.78875,NA,0.4075
2011,JUN,10,15,NA,59.88916667,9.774583333,NA,0.385
2011,JUN,10,16,NA,63.92791667,9.777083333,NA,0.40375
2011,JUN,10,17,NA,62.51958333,9.760833333,NA,0.42
2011,JUN,10,18,NA,62.5075,9.734166667,NA,0.43625
2011,JUN,10,19,NA,61.00458333,9.727083333,NA,0.46
2011,JUN,10,20,NA,59.05833333,9.729166667,NA,0.51625
2011,JUN,10,21,NA,57.69666667,9.716666667,NA,0.565
2011,JUN,10,22,NA,55.85,9.700416667,NA,0.60875
2011,JUN,10,23,NA,54.41458333,9.667083333,NA,0.61625
2011,JUN,11,0,NA,52.92083333,9.63125,NA,0.5875
2011,JUN,11,1,NA,52.32458333,9.58125,NA,0.57125
2011,JUN,11,2,NA,51.54375,9.4425,NA,0.5525
2011,JUN,11,3,NA,50.91041667,9.323333333,NA,0.525
2011,JUN,11,4,NA,51.04125,9.255833333,NA,0.465
2011,JUN,11,5,NA,51.19833333,9.22375,NA,0.43125
2011,JUN,11,6,NA,52.07416667,9.200833333,NA,0.425
2011,JUN,11,7,NA,53.09125,9.183333333,NA,0.47625
2011,JUN,11,8,NA,54.75083333,9.1775,NA,0.5525
2011,JUN,11,9,NA,56.45958333,9.16875,NA,0.6125
2011,JUN,11,10,NA,57.32916667,9.162916667,NA,0.66375
2011,JUN,11,11,NA,58.61833333,9.1575,NA,0.705
2011,JUN,11,12,NA,59.53625,9.16125,NA,0.72375
2011,JUN,11,13,NA,60.07041667,9.166666667,NA,0.7225
2011,JUN,11,14,NA,60.01,9.174166667,NA,0.69875
2011,JUN,11,15,NA,59.22916667,9.182916667,NA,0.64375
2011,JUN,11,16,NA,54.97041667,9.185,NA,0.56625
2011,JUN,11,17,NA,55.80708333,9.2225,NA,0.5
2011,JUN,11,18,NA,55.50708333,9.2975,NA,0.45625
2011,JUN,11,19,NA,56.39875,9.360416667,NA,0.42125
2011,JUN,11,20,NA,59.08708333,9.729583333,NA,0.43625
2011,JUN,11,21,NA,59.56083333,9.808333333,NA,0.4375
2011,JUN,11,22,NA,60.61875,9.833333333,NA,0.43375
2011,JUN,11,23,NA,61.09833333,9.8425,NA,0.42125
2011,JUN,12,0,NA,61.94958333,9.85125,NA,0.40125
2011,JUN,12,1,NA,62.37541667,9.8775,NA,0.39
2011,JUN,12,2,NA,62.635,9.919583333,NA,0.3775
2011,JUN,12,3,NA,63.31041667,10.03666667,NA,0.38
2011,JUN,12,4,NA,63.30958333,10.14,NA,0.355
2011,JUN,12,5,NA,63.04583333,10.19333333,NA,0.33375
2011,JUN,12,6,NA,62.1425,10.23708333,NA,0.315
2011,JUN,12,7,NA,61.45416667,10.26791667,NA,0.315
2011,JUN,12,8,NA,59.69458333,10.28208333,NA,0.3275
2011,JUN,12,9,NA,58.09208333,10.30166667,NA,0.34375
2011,JUN,12,10,NA,57.32791667,10.315,NA,0.365
2011,JUN,12,11,NA,55.93041667,10.32666667,NA,0.3775
2011,JUN,12,12,NA,55.17666667,10.33625,NA,0.3825
2011,JUN,12,13,NA,54.39875,10.34875,NA,0.4
2011,JUN,12,14,NA,54.03,10.37083333,NA,0.415
2011,JUN,12,15,NA,53.90875,10.41625,NA,0.425
2011,JUN,12,16,NA,53.06,10.44,NA,0.415
2011,JUN,12,17,NA,52.30583333,10.44125,NA,0.3975
2011,JUN,12,18,NA,51.49291667,10.42,NA,0.37125
2011,JUN,12,19,NA,51.60833333,10.36916667,NA,0.34375
2011,JUN,12,20,NA,50.83125,10.12583333,NA,0.315
2011,JUN,12,21,NA,51.00791667,10.21875,NA,0.3075
2011,JUN,12,22,NA,50.86083333,10.24333333,NA,0.295
2011,JUN,12,23,NA,52.04083333,10.25,NA,0.26875
2011,JUN,13,0,NA,51.7025,10.24958333,NA,0.25125
2011,JUN,13,1,NA,50.8225,10.23583333,NA,0.23625
2011,JUN,13,2,NA,50.11166667,10.2025,NA,0.22125
2011,JUN,13,3,NA,49.27958333,10.13208333,NA,0.20375
2011,JUN,13,4,NA,48.71416667,10.09958333,NA,0.18875
2011,JUN,13,5,NA,48.58333333,10.12958333,NA,0.15625
2011,JUN,13,6,NA,48.70583333,10.18666667,NA,0.1425
2011,JUN,13,7,NA,49.48916667,10.39083333,NA,0.17125
2011,JUN,13,8,NA,50.44125,10.61291667,NA,0.21375
2011,JUN,13,9,NA,50.53083333,10.69,NA,0.25
2011,JUN,13,10,NA,50.75666667,10.73708333,NA,0.29
2011,JUN,13,11,NA,50.59375,10.765,NA,0.3275
2011,JUN,13,12,NA,51.1075,10.77375,NA,0.365
2011,JUN,13,13,NA,50.99583333,10.7725,NA,0.405
2011,JUN,13,14,NA,51.54333333,10.76208333,NA,0.4375
2011,JUN,13,15,NA,51.51583333,10.78333333,NA,0.43375
2011,JUN,13,16,NA,53.50208333,10.76333333,NA,0.405
2011,JUN,13,17,NA,53.49833333,10.72875,NA,0.3775
2011,JUN,13,18,NA,53.22625,10.67958333,NA,0.34875
2011,JUN,13,19,NA,52.13666667,10.65125,NA,0.3275
2011,JUN,13,20,NA,50.45458333,10.75041667,NA,0.32375
2011,JUN,13,21,NA,51.34458333,10.98291667,NA,0.3175
2011,JUN,13,22,NA,51.29958333,11.05625,NA,0.30125
2011,JUN,13,23,NA,50.18916667,11.08666667,NA,0.2775
2011,JUN,14,0,NA,49.96958333,11.11791667,NA,0.26375
2011,JUN,14,1,NA,49.75666667,11.14375,NA,0.2525
2011,JUN,14,2,NA,49.59166667,11.17041667,NA,0.24
2011,JUN,14,3,NA,49.24166667,11.16208333,NA,0.2225
2011,JUN,14,4,NA,48.92416667,11.18166667,NA,0.19
2011,JUN,14,5,NA,49.275,11.35041667,NA,0.1625
2011,JUN,14,6,NA,49.30375,11.42208333,NA,0.165
2011,JUN,14,7,NA,48.93875,11.34166667,NA,0.21
2011,JUN,14,8,NA,50.12583333,11.22458333,NA,0.3025
2011,JUN,14,9,NA,51.10083333,11.21583333,NA,0.36875
2011,JUN,14,10,NA,51.07416667,11.215,NA,0.42
2011,JUN,14,11,NA,51.47791667,11.22583333,NA,0.46125
2011,JUN,14,12,NA,50.93125,11.3075,NA,0.4925
2011,JUN,14,13,NA,51.07125,11.47083333,NA,0.53
2011,JUN,14,14,NA,50.72208333,11.53208333,NA,0.545
2011,JUN,14,15,NA,51.0175,11.54875,NA,0.5225
2011,JUN,14,16,NA,49.54875,11.62333333,NA,0.45
2011,JUN,14,17,NA,49.79583333,11.68666667,NA,0.3975
2011,JUN,14,18,NA,49.96166667,11.95208333,NA,0.3675
2011,JUN,14,19,NA,50.25291667,12.04958333,NA,0.355
2011,JUN,14,20,NA,50.99541667,11.90708333,NA,0.35875
2011,JUN,14,21,NA,50.15166667,11.7575,NA,0.34
2011,JUN,14,22,NA,51.22458333,12.93,NA,0.46625
2011,JUN,14,23,NA,51.67541667,13.26625,NA,0.5425
2011,JUN,15,0,NA,51.92083333,13.37041667,NA,0.555
2011,JUN,15,1,NA,52.83,13.43791667,NA,0.5675
2011,JUN,15,2,NA,54.16666667,13.49458333,NA,0.565
2011,JUN,15,3,NA,55.10041667,13.54416667,NA,0.55
2011,JUN,15,4,NA,56.32583333,13.53666667,NA,0.52375
2011,JUN,15,5,NA,56.41833333,13.36291667,NA,0.50625
2011,JUN,15,6,NA,56.8575,13.25333333,NA,0.36
2011,JUN,15,7,NA,57.31708333,13.15958333,NA,0.30875
2011,JUN,15,8,NA,57.64958333,13.21875,NA,0.38625
2011,JUN,15,9,NA,58.23958333,13.25875,NA,0.43875
2011,JUN,15,10,NA,59.1925,13.26666667,NA,0.47
2011,JUN,15,11,NA,59.46083333,13.26458333,NA,0.48
2011,JUN,15,12,NA,59.55958333,13.2125,NA,0.48375
2011,JUN,15,13,NA,59.0475,13.05416667,NA,0.48625
2011,JUN,15,14,NA,59.85666667,12.98791667,NA,0.485
2011,JUN,15,15,NA,60.50166667,12.91583333,NA,0.44625
2011,JUN,15,16,NA,60.30916667,12.82916667,NA,0.34625
2011,JUN,15,17,NA,60.69625,12.76333333,NA,0.28
2011,JUN,15,18,NA,60.7775,12.52166667,NA,0.23875
2011,JUN,15,19,NA,60.44208333,12.46166667,NA,0.2275
2011,JUN,15,20,NA,60.36333333,12.37083333,NA,0.2375
2011,JUN,15,21,NA,60.56916667,12.13041667,NA,0.24875
2011,JUN,15,22,NA,60.30083333,10.8125,NA,0.24375
2011,JUN,15,23,NA,60.27333333,10.45125,NA,0.24125
2011,JUN,16,0,NA,60.30958333,10.32541667,NA,0.2375
2011,JUN,16,1,NA,59.66916667,10.26583333,NA,0.2325
2011,JUN,16,2,NA,58.795,10.265,NA,0.23125
2011,JUN,16,3,NA,58.61208333,10.25041667,NA,0.22625
2011,JUN,16,4,NA,57.9575,10.24333333,NA,0.20875
2011,JUN,16,5,NA,57.86208333,10.23291667,NA,0.19125
2011,JUN,16,6,NA,57.465,10.25083333,NA,0.18875
2011,JUN,16,7,NA,56.76708333,10.27833333,NA,0.205
2011,JUN,16,8,NA,55.56125,10.17333333,NA,0.2525
2011,JUN,16,9,NA,54.87208333,10.1125,NA,0.30125
2011,JUN,16,10,NA,54.36416667,10.09416667,NA,0.34125
2011,JUN,16,11,NA,54.9475,10.15083333,NA,0.38375
2011,JUN,16,12,NA,55.6375,10.20708333,NA,0.42125
2011,JUN,16,13,NA,56.9325,10.33458333,NA,0.455
2011,JUN,16,14,NA,56.67625,10.39208333,NA,0.47125
2011,JUN,16,15,NA,56.32791667,10.41791667,NA,0.45875
2011,JUN,16,16,NA,56.87916667,10.4125,NA,0.4125
2011,JUN,16,17,NA,56.90416667,10.42458333,NA,0.36375
2011,JUN,16,18,NA,57.86541667,10.44666667,NA,0.33
2011,JUN,16,19,NA,58.58333333,10.49625,NA,0.29375
2011,JUN,16,20,NA,58.01333333,10.50583333,NA,0.26875
2011,JUN,16,21,NA,58.19375,10.81958333,NA,0.27
2011,JUN,16,22,NA,58.36791667,10.8725,NA,0.26125
2011,JUN,16,23,NA,58.64708333,10.9,NA,0.2575
2011,JUN,17,0,NA,58.93791667,10.91583333,NA,0.25125
2011,JUN,17,1,NA,59.18791667,10.91083333,NA,0.24125
2011,JUN,17,2,NA,59.38375,10.8625,NA,0.22625
2011,JUN,17,3,NA,59.3125,10.83375,NA,0.21
2011,JUN,17,4,NA,59.245,10.80625,NA,0.19
2011,JUN,17,5,NA,59.09541667,10.78875,NA,0.14875
2011,JUN,17,6,NA,59.28416667,10.77041667,NA,0.13375
2011,JUN,17,7,NA,59.34458333,10.74125,NA,0.13625
2011,JUN,17,8,NA,59.125,10.71541667,NA,0.16875
2011,JUN,17,9,NA,59.37166667,10.69541667,NA,0.21
2011,JUN,17,10,NA,59.80791667,10.67458333,NA,0.2575
2011,JUN,17,11,NA,59.43166667,10.58666667,NA,0.29875
2011,JUN,17,12,NA,58.93625,10.47083333,NA,0.32875
2011,JUN,17,13,NA,57.69333333,10.32333333,NA,0.35625
2011,JUN,17,14,NA,57.48833333,10.25666667,NA,0.3825
2011,JUN,17,15,NA,57.72375,10.23125,NA,0.395
2011,JUN,17,16,NA,57.83875,10.23708333,NA,0.38
2011,JUN,17,17,NA,58.80333333,10.23,NA,0.37125
2011,JUN,17,18,NA,58.58833333,10.19875,NA,0.35625
2011,JUN,17,19,NA,58.87666667,10.14291667,NA,0.35125
2011,JUN,17,20,NA,61.53083333,10.605,NA,0.38
2011,JUN,17,21,NA,64.14333333,10.90166667,NA,0.44125
2011,JUN,17,22,NA,64.82916667,11.07375,NA,0.4425
2011,JUN,17,23,NA,64.72958333,11.085,NA,0.43
2011,JUN,18,0,NA,64.60333333,11.08416667,NA,0.41375
2011,JUN,18,1,NA,64.4525,11.06791667,NA,0.38125
2011,JUN,18,2,NA,64.2675,11.05125,NA,0.34875
2011,JUN,18,3,NA,63.9375,11.0325,NA,0.315
2011,JUN,18,4,NA,63.72875,11.01416667,NA,0.25625
2011,JUN,18,5,NA,63.39541667,10.99791667,NA,0.1675
2011,JUN,18,6,NA,63.11083333,10.97166667,NA,0.14
2011,JUN,18,7,NA,62.475,10.945,NA,0.1425
2011,JUN,18,8,NA,61.64708333,10.925,NA,0.1625
2011,JUN,18,9,NA,60.40875,10.90916667,NA,0.1875
2011,JUN,18,10,NA,59.96541667,10.90125,NA,0.21375
2011,JUN,18,11,NA,59.40458333,10.90458333,NA,0.235
2011,JUN,18,12,NA,58.2925,10.92791667,NA,0.2575
2011,JUN,18,13,NA,58.38958333,10.95375,NA,0.28
2011,JUN,18,14,NA,57.78958333,10.97375,NA,0.29875
2011,JUN,18,15,NA,59.01291667,10.98625,NA,0.29875
2011,JUN,18,16,NA,60.14916667,10.99708333,NA,0.29
2011,JUN,18,17,NA,59.06625,10.99625,NA,0.28125
2011,JUN,18,18,NA,58.5925,10.97791667,NA,0.275
2011,JUN,18,19,NA,57.90916667,10.9875,NA,0.26875
2011,JUN,18,20,NA,56.15833333,10.70541667,NA,0.265
2011,JUN,18,21,NA,53.90875,10.76291667,NA,0.31
2011,JUN,18,22,NA,54.79333333,11.52083333,NA,0.38875
2011,JUN,18,23,NA,56.35291667,12.14708333,NA,0.39625
2011,JUN,19,0,NA,56.00125,12.29625,NA,0.3875
2011,JUN,19,1,NA,55.80458333,12.36333333,NA,0.3725
2011,JUN,19,2,NA,55.51083333,12.40833333,NA,0.35375
2011,JUN,19,3,NA,55.61583333,12.44916667,NA,0.3375
2011,JUN,19,4,NA,55.19875,12.47583333,NA,0.31625
2011,JUN,19,5,NA,54.87,12.51125,NA,0.245
2011,JUN,19,6,NA,54.56083333,12.5375,NA,0.145
2011,JUN,19,7,NA,53.94458333,12.56166667,NA,0.1225
2011,JUN,19,8,NA,52.95625,12.58875,NA,0.12625
2011,JUN,19,9,NA,52.26875,12.6025,NA,0.1425
2011,JUN,19,10,NA,50.68125,12.61458333,NA,0.165
2011,JUN,19,11,NA,49.88041667,12.62333333,NA,0.1975
2011,JUN,19,12,NA,49.57791667,12.63666667,NA,0.23
2011,JUN,19,13,NA,49.09416667,12.64291667,NA,0.2575
2011,JUN,19,14,NA,48.76125,12.64833333,NA,0.27625
2011,JUN,19,15,NA,45.95083333,12.64416667,NA,0.29375
2011,JUN,19,16,NA,43.21166667,12.65083333,NA,0.29375
2011,JUN,19,17,NA,42.18875,12.655,NA,0.28375
2011,JUN,19,18,NA,41.48708333,12.6625,NA,0.27125
2011,JUN,19,19,NA,40.71916667,12.63958333,NA,0.25
2011,JUN,19,20,NA,39.19958333,12.4925,NA,0.22875
2011,JUN,19,21,NA,38.16666667,12.27375,NA,0.26375
2011,JUN,19,22,NA,36.35958333,11.34666667,NA,0.26875
2011,JUN,19,23,NA,34.72875,10.67291667,NA,0.2525
2011,JUN,20,0,NA,35,10.50625,NA,0.24125
2011,JUN,20,1,NA,34.96583333,10.43208333,NA,0.23
2011,JUN,20,2,NA,34.90416667,10.40583333,NA,0.21375
2011,JUN,20,3,NA,35.03083333,10.44875,NA,0.19875
2011,JUN,20,4,NA,35.08625,10.44833333,NA,0.185
2011,JUN,20,5,NA,35.50375,10.43708333,NA,0.1225
2011,JUN,20,6,NA,36.25916667,10.43458333,NA,0.10375
2011,JUN,20,7,NA,37.50166667,10.43625,NA,0.12875
2011,JUN,20,8,NA,38.75208333,10.42583333,NA,0.18625
2011,JUN,20,9,NA,41.22416667,10.44083333,NA,0.25
2011,JUN,20,10,NA,41.9975,10.43666667,NA,0.2825
2011,JUN,20,11,NA,42.15708333,10.43875,NA,0.30625
2011,JUN,20,12,NA,42.68833333,10.44583333,NA,0.33625
2011,JUN,20,13,NA,43.19458333,10.44208333,NA,0.37
2011,JUN,20,14,NA,44.32166667,10.42875,NA,0.3975
2011,JUN,20,15,NA,45.00791667,10.40125,NA,0.385
2011,JUN,20,16,NA,45.49,10.38666667,NA,0.33
2011,JUN,20,17,NA,46.80375,10.37458333,NA,0.27875
2011,JUN,20,18,NA,50.1875,10.34916667,NA,0.26125
2011,JUN,20,19,NA,57.27083333,10.31416667,NA,0.2475
2011,JUN,20,20,NA,63.56833333,10.23791667,NA,0.23125
2011,JUN,20,21,NA,63.835,9.751666667,NA,0.21
2011,JUN,20,22,NA,62.07541667,9.726666667,NA,0.18875
2011,JUN,20,23,NA,61.46083333,9.700833333,NA,0.16875
2011,JUN,21,0,NA,59.72291667,9.672083333,NA,0.15625
2011,JUN,21,1,NA,58.57666667,9.66125,NA,0.13875
2011,JUN,21,2,NA,57.96833333,9.675833333,NA,0.12125
2011,JUN,21,3,NA,56.66,9.608333333,NA,0.1075
2011,JUN,21,4,NA,55.77,9.584166667,NA,0.08875
2011,JUN,21,5,NA,54.61958333,9.517916667,NA,0.07125
2011,JUN,21,6,NA,54.76666667,9.479583333,NA,0.07
2011,JUN,21,7,NA,54.95416667,9.468333333,NA,0.1125
2011,JUN,21,8,NA,53.4375,9.45625,NA,0.185
2011,JUN,21,9,NA,50.50375,9.4,NA,0.25875
2011,JUN,21,10,NA,49.52458333,9.387083333,NA,0.30375
2011,JUN,21,11,NA,49.49416667,9.39125,NA,0.34625
2011,JUN,21,12,NA,48.99041667,9.36625,NA,0.4
2011,JUN,21,13,NA,48.97416667,9.349583333,NA,0.455
2011,JUN,21,14,NA,48.08916667,9.33375,NA,0.465
2011,JUN,21,15,NA,46.99625,9.328333333,NA,0.4375
2011,JUN,21,16,NA,49.32,9.299583333,NA,0.3875
2011,JUN,21,17,NA,66.7125,9.2675,NA,0.3375
2011,JUN,21,18,NA,65.22041667,9.245416667,NA,0.3125
2011,JUN,21,19,NA,57.34583333,9.24125,NA,0.29375
2011,JUN,21,20,NA,49.94083333,9.290833333,NA,0.27875
2011,JUN,21,21,NA,47.45708333,9.311666667,NA,0.275
2011,JUN,21,22,NA,46.20416667,9.322916667,NA,0.2825
2011,JUN,21,23,NA,44.58625,9.355,NA,0.29
2011,JUN,22,0,NA,44.6475,9.434166667,NA,0.29375
2011,JUN,22,1,NA,44.84791667,9.4725,NA,0.285
2011,JUN,22,2,NA,44.87,9.47,NA,0.27625
2011,JUN,22,3,NA,44.7225,9.411666667,NA,0.2525
2011,JUN,22,4,NA,44.6975,9.40125,NA,0.22
2011,JUN,22,5,NA,44.72333333,9.433333333,NA,0.17625
2011,JUN,22,6,NA,43.14791667,9.422083333,NA,0.17
2011,JUN,22,7,NA,40.77166667,9.36125,NA,0.2275
2011,JUN,22,8,NA,40.44958333,9.305416667,NA,0.30875
2011,JUN,22,9,NA,40.17083333,9.335833333,NA,0.3675
2011,JUN,22,10,NA,40.875,9.30875,NA,0.40875
2011,JUN,22,11,NA,40.79291667,9.26125,NA,0.45
2011,JUN,22,12,NA,40.02416667,9.242916667,NA,0.5025
2011,JUN,22,13,NA,38.82458333,9.2425,NA,0.56875
2011,JUN,22,14,NA,37.54375,9.24125,NA,0.6025
2011,JUN,22,15,NA,37.58875,9.250416667,NA,0.57625
2011,JUN,22,16,NA,34.51,9.259583333,NA,0.52375
2011,JUN,22,17,NA,15.6075,9.276666667,NA,0.4925
2011,JUN,22,18,NA,13.8225,9.305,NA,0.48375
2011,JUN,22,19,NA,14.73333333,9.325416667,NA,0.4875
2011,JUN,22,20,NA,15.49583333,9.31875,NA,0.4875
2011,JUN,22,21,NA,15.95541667,9.277916667,NA,0.46
2011,JUN,22,22,NA,16.36,9.23125,NA,0.42625
2011,JUN,22,23,NA,16.635,9.230833333,NA,0.39375
2011,JUN,23,0,NA,16.6775,9.21125,NA,0.36625
2011,JUN,23,1,NA,16.73416667,9.212083333,NA,0.3425
2011,JUN,23,2,NA,16.63833333,9.1925,NA,0.30875
2011,JUN,23,3,NA,17.02541667,9.194166667,NA,0.265
2011,JUN,23,4,NA,17.13458333,9.149583333,NA,0.20875
2011,JUN,23,5,NA,17.05458333,9.10375,NA,0.16125
2011,JUN,23,6,NA,16.78541667,9.077916667,NA,0.14625
2011,JUN,23,7,NA,16.65208333,9.08625,NA,0.17125
2011,JUN,23,8,NA,16.22833333,9.089583333,NA,0.20875
2011,JUN,23,9,NA,15.80375,9.052083333,NA,0.23875
2011,JUN,23,10,NA,14.34916667,9.052916667,NA,0.25125
2011,JUN,23,11,NA,13.57541667,9.062916667,NA,0.27625
2011,JUN,23,12,NA,14.09083333,9.070416667,NA,0.29125
2011,JUN,23,13,NA,19.32208333,9.055,NA,0.30625
2011,JUN,23,14,NA,19.86565217,9.038333333,NA,0.2975
2011,JUN,23,15,NA,20.24636364,9.02625,NA,0.2525
2011,JUN,23,16,NA,20.69545455,9.005416667,NA,0.1975
2011,JUN,23,17,NA,23.23363636,8.99875,NA,0.155
2011,JUN,23,18,NA,29.00136364,8.983333333,NA,0.1475
2011,JUN,23,19,NA,27.98545455,8.974166667,NA,0.1525
2011,JUN,23,20,NA,26.81318182,9.019166667,NA,0.16375
2011,JUN,23,21,NA,26.58818182,9.12625,NA,0.18125
2011,JUN,23,22,NA,26.70772727,9.195416667,NA,0.20125
2011,JUN,23,23,NA,27.13095238,9.174782609,NA,0.214285714
2011,JUN,24,0,NA,27.9755,9.119545455,NA,0.228333333
2011,JUN,24,1,NA,27.7405,9.073636364,NA,0.228333333
2011,JUN,24,2,NA,27.552,9.025,NA,0.208333333
2011,JUN,24,3,NA,27.217,9.058181818,NA,0.166666667
2011,JUN,24,4,NA,27.054,9.101363636,NA,0.13
2011,JUN,24,5,NA,27.1825,9.155,NA,0.09
2011,JUN,24,6,NA,27.169,9.194545455,NA,0.075
2011,JUN,24,7,NA,27.9115,9.292272727,NA,0.117142857
2011,JUN,24,8,NA,29.283,9.342727273,NA,0.2225
2011,JUN,24,9,NA,30.7445,9.330909091,NA,0.3175
2011,JUN,24,10,NA,31.7525,9.311363636,NA,0.3425
2011,JUN,24,11,NA,32.08,9.273636364,NA,0.35375
2011,JUN,24,12,NA,31.68,9.245,NA,0.36375
2011,JUN,24,13,NA,25.8265,9.214090909,NA,0.3675
2011,JUN,24,14,NA,25.4347619,9.189545455,NA,0.3625
2011,JUN,24,15,NA,24.56681818,9.177272727,NA,0.33
2011,JUN,24,16,NA,25.29272727,9.197727273,NA,0.21875
2011,JUN,24,17,NA,23.17954545,9.239090909,NA,0.1275
2011,JUN,24,18,NA,17.63045455,9.295909091,NA,0.1225
2011,JUN,24,19,NA,18.35318182,9.344545455,NA,0.12875
2011,JUN,24,20,NA,19.48818182,9.300909091,NA,0.14
2011,JUN,24,21,NA,20.46363636,9.169545455,NA,0.1425
2011,JUN,24,22,NA,20.45090909,9.084090909,NA,0.1375
2011,JUN,24,23,NA,20.11913043,9.076086957,NA,0.13
2011,JUN,25,0,NA,19.65625,9.06625,NA,0.12625
2011,JUN,25,1,NA,19.76708333,9.032916667,NA,0.125714286
2011,JUN,25,2,NA,19.8625,9.027083333,NA,0.098571429
2011,JUN,25,3,NA,20.12833333,9.0525,NA,0.081428571
2011,JUN,25,4,NA,20.62208333,9.079166667,NA,0.06
2011,JUN,25,5,NA,20.8825,9.054583333,NA,0.057142857
2011,JUN,25,6,NA,21.33625,9.034166667,NA,0.065714286
2011,JUN,25,7,NA,21.22291667,8.95875,NA,0.102857143
2011,JUN,25,8,NA,20.45666667,8.92875,NA,0.134285714
2011,JUN,25,9,NA,19.68916667,8.960833333,NA,0.14
2011,JUN,25,10,NA,18.99041667,9.01125,NA,0.16125
2011,JUN,25,11,NA,18.96416667,9.07625,NA,0.1875
2011,JUN,25,12,NA,20.47875,9.149166667,NA,0.23375
2011,JUN,25,13,NA,22.71416667,9.207916667,NA,0.26625
2011,JUN,25,14,NA,24.90916667,9.275,NA,0.2925
2011,JUN,25,15,NA,27.12458333,9.367083333,NA,0.2925
2011,JUN,25,16,NA,28.70375,9.417083333,NA,0.30625
2011,JUN,25,17,NA,29.34916667,9.461666667,NA,0.33625
2011,JUN,25,18,NA,28.65875,9.481666667,NA,0.35125
2011,JUN,25,19,NA,29.31041667,9.509166667,NA,0.37875
2011,JUN,25,20,NA,29.93875,9.552916667,NA,0.38875
2011,JUN,25,21,NA,29.65166667,9.635416667,NA,0.4025
2011,JUN,25,22,NA,30.27583333,9.679583333,NA,0.4125
2011,JUN,25,23,NA,31.36833333,9.705416667,NA,0.4125
2011,JUN,26,0,NA,32.09583333,9.808333333,NA,0.4125
2011,JUN,26,1,NA,33.00166667,9.91875,NA,0.39875
2011,JUN,26,2,NA,33.92583333,10.01416667,NA,0.3925
2011,JUN,26,3,NA,34.65625,10.01875,NA,0.36
2011,JUN,26,4,NA,35.39916667,10.06625,NA,0.32625
2011,JUN,26,5,NA,35.94916667,10.13041667,NA,0.29625
2011,JUN,26,6,NA,36.21541667,10.21375,NA,0.26625
2011,JUN,26,7,NA,36.9225,10.23125,NA,0.27375
2011,JUN,26,8,NA,37.70041667,10.28791667,NA,0.27125
2011,JUN,26,9,NA,38.21666667,10.33375,NA,0.27625
2011,JUN,26,10,NA,38.76208333,10.36208333,NA,0.27875
2011,JUN,26,11,NA,38.71333333,10.36541667,NA,0.27875
2011,JUN,26,12,NA,37.35833333,10.3375,NA,0.2725
2011,JUN,26,13,NA,34.7,10.34541667,NA,0.27125
2011,JUN,26,14,NA,42.89375,10.3525,NA,0.27125
2011,JUN,26,15,NA,46.06291667,10.3275,NA,0.2475
2011,JUN,26,16,NA,44.08541667,10.35666667,NA,0.2175
2011,JUN,26,17,NA,43.8575,10.30458333,NA,0.17875
2011,JUN,26,18,NA,44.74583333,10.26666667,NA,0.164285714
2011,JUN,26,19,NA,67.55666667,10.20916667,NA,0.153333333
2011,JUN,26,20,NA,72.83125,10.13333333,NA,0.151666667
2011,JUN,26,21,NA,73.29958333,10.08083333,NA,0.158333333
2011,JUN,26,22,NA,73.48208333,10.05416667,NA,0.166666667
2011,JUN,26,23,NA,73.16041667,10.03708333,NA,0.166666667
2011,JUN,27,0,NA,73.01541667,9.94,NA,0.163333333
2011,JUN,27,1,NA,72.51666667,9.852916667,NA,0.168333333
2011,JUN,27,2,NA,72.0425,9.775,NA,0.151428571
2011,JUN,27,3,NA,71.62291667,9.75,NA,0.1375
2011,JUN,27,4,NA,70.98416667,9.67375,NA,0.12
2011,JUN,27,5,NA,70.72625,9.634583333,NA,0.09375
2011,JUN,27,6,NA,70.68458333,9.59625,NA,0.07125
2011,JUN,27,7,NA,70.87958333,9.6225,NA,0.07625
2011,JUN,27,8,NA,71.155,9.6125,NA,0.1125
2011,JUN,27,9,NA,71.08458333,9.562916667,NA,0.145
2011,JUN,27,10,NA,71.47416667,9.50625,NA,0.1675
2011,JUN,27,11,NA,72.01958333,9.465,NA,0.1875
2011,JUN,27,12,NA,74.24583333,9.437916667,NA,0.2075
2011,JUN,27,13,NA,75.15583333,9.4025,NA,0.23625
2011,JUN,27,14,NA,65.82291667,9.344166667,NA,0.255
2011,JUN,27,15,NA,61.18791667,9.292083333,NA,0.24875
2011,JUN,27,16,NA,61.07083333,9.23875,NA,0.22
2011,JUN,27,17,NA,61.73291667,9.202083333,NA,0.1925
2011,JUN,27,18,NA,63.73166667,9.155,NA,0.175
2011,JUN,27,19,NA,57.18166667,9.12625,NA,0.165
2011,JUN,27,20,NA,55.14208333,9.167083333,NA,0.1525
2011,JUN,27,21,NA,55.56083333,9.176666667,NA,0.1275
2011,JUN,27,22,NA,55.42791667,9.154583333,NA,0.1175
2011,JUN,27,23,NA,54.95625,9.115,NA,0.10375
2011,JUN,28,0,NA,54.65583333,9.087916667,NA,0.097142857
2011,JUN,28,1,NA,54.35875,9.161666667,NA,0.092857143
2011,JUN,28,2,NA,54.28875,9.220416667,NA,0.087142857
2011,JUN,28,3,NA,54.255,9.24625,NA,0.071428571
2011,JUN,28,4,NA,54.25875,9.276666667,NA,0.066666667
2011,JUN,28,5,NA,54.27458333,9.289166667,NA,NA
2011,JUN,28,6,NA,54.16708333,9.282083333,NA,NA
2011,JUN,28,7,NA,54.42291667,9.270416667,NA,NA
2011,JUN,28,8,NA,54.51083333,9.256666667,NA,0.128333333
2011,JUN,28,9,NA,55.07375,9.260416667,NA,0.178333333
2011,JUN,28,10,NA,55.25833333,9.285416667,NA,0.22
2011,JUN,28,11,NA,54.21458333,9.260416667,NA,0.253333333
2011,JUN,28,12,NA,68.69916667,9.26,NA,0.24
2011,JUN,28,13,NA,89.90458333,9.25,NA,0.23875
2011,JUN,28,14,NA,105.87125,9.256666667,NA,0.26
2011,JUN,28,15,NA,108.5004167,9.265,NA,0.25625
2011,JUN,28,16,NA,108.2245833,9.26,NA,0.2225
2011,JUN,28,17,NA,106.9325,9.29125,NA,0.1925
2011,JUN,28,18,NA,104.6658333,9.321666667,NA,0.1725
2011,JUN,28,19,NA,88.10833333,9.352916667,NA,0.165
2011,JUN,28,20,NA,84.30416667,9.3225,NA,0.16
2011,JUN,28,21,NA,84.725,9.303333333,NA,0.14
2011,JUN,28,22,NA,83.73,9.318333333,NA,0.1225
2011,JUN,28,23,NA,83.63625,9.334583333,NA,0.117142857
2011,JUN,29,0,NA,83.26916667,9.347083333,NA,0.115
2011,JUN,29,1,NA,83.12916667,9.27,NA,NA
2011,JUN,29,2,NA,82.64458333,9.21,NA,NA
2011,JUN,29,3,NA,81.9875,9.17125,NA,NA
2011,JUN,29,4,NA,81.70583333,9.175416667,NA,NA
2011,JUN,29,5,NA,81.54208333,9.197916667,NA,NA
2011,JUN,29,6,NA,81.11208333,9.220416667,NA,NA
2011,JUN,29,7,NA,80.0375,9.245416667,NA,NA
2011,JUN,29,8,NA,79.25958333,9.228333333,NA,NA
2011,JUN,29,9,NA,78.14375,9.2325,NA,NA
2011,JUN,29,10,NA,77.45958333,9.282083333,NA,NA
2011,JUN,29,11,NA,77.86041667,9.380833333,NA,0.285
2011,JUN,29,12,NA,61.3075,9.4525,NA,0.28
2011,JUN,29,13,NA,39.36041667,9.52875,NA,0.27125
2011,JUN,29,14,NA,22.13375,9.646666667,NA,0.29
2011,JUN,29,15,NA,18.94083333,9.672083333,NA,0.28625
2011,JUN,29,16,NA,18.765,9.710416667,NA,0.26
2011,JUN,29,17,NA,18.72833333,9.761666667,NA,0.23125
2011,JUN,29,18,NA,18.68291667,9.956666667,NA,0.2275
2011,JUN,29,19,NA,19.72333333,10.1375,NA,0.24875
2011,JUN,29,20,NA,19.39666667,10.19166667,NA,0.25
2011,JUN,29,21,NA,17.50958333,10.24333333,NA,0.24375
2011,JUN,29,22,NA,17.28791667,10.26958333,NA,0.225
2011,JUN,29,23,NA,17.03875,10.31416667,NA,0.21125
2011,JUN,30,0,NA,17.11916667,10.35791667,NA,0.19125
2011,JUN,30,1,NA,17.03125,10.39541667,NA,0.194285714
2011,JUN,30,2,NA,16.97083333,10.43625,NA,0.171666667
2011,JUN,30,3,NA,17.07708333,10.495,NA,NA
2011,JUN,30,4,NA,16.85625,10.51791667,NA,NA
2011,JUN,30,5,NA,16.28083333,10.54291667,NA,NA
2011,JUN,30,6,NA,16.07958333,10.58625,NA,NA
2011,JUN,30,7,NA,16.04291667,10.53125,NA,NA
2011,JUN,30,8,NA,15.6375,10.51791667,NA,NA
2011,JUN,30,9,NA,15.74208333,10.52458333,NA,NA
2011,JUN,30,10,NA,15.56125,10.47666667,NA,NA
2011,JUN,30,11,NA,15.94333333,10.43916667,NA,0.185
2011,JUN,30,12,NA,16.345,10.38041667,NA,0.182857143
2011,JUN,30,13,NA,17.2125,10.35833333,NA,0.19
2011,JUN,30,14,NA,18.8525,10.28833333,NA,0.215
2011,JUN,30,15,NA,22.23458333,10.28583333,NA,0.19625
2011,JUN,30,16,NA,22.91083333,10.26666667,NA,0.1875
2011,JUN,30,17,NA,22.93666667,10.19208333,NA,0.235
2011,JUN,30,18,NA,22.33916667,9.997916667,NA,0.27125
2011,JUN,30,19,NA,20.29208333,9.805833333,NA,0.29875
2011,JUN,30,20,NA,19.76833333,9.748333333,NA,0.36375
2011,JUN,30,21,NA,19.43791667,9.785,NA,0.40625
2011,JUN,30,22,NA,19.36416667,9.811666667,NA,0.42
2011,JUN,30,23,NA,19.08416667,9.796666667,NA,0.41625
,,,,,,,,
,,,,,,,,
,,,,,,,,
,,,,,,,,
,,,,,,,,
,,,,,,,,
,,,,,,,,
,,,,,,,,
,,,,,,,,
,,,,,,,,
,,,,,,,,
,,,,,,,,
,,,,,,,,
,,,,,,,,
,,,,,,,,
,,,,,,,,
,,,,,,,,
,,,,,,,,
,,,,,,,,
,,,,,,,,
,,,,,,,,
,,,,,,,,
,,,,,,,,
,,,,,,,,
