DATOS HORARIOS 2016_ CRUZ ROJA,,,,,,,,,,,,
,,,,,,,,,,,,
MES,DIA,HORA,O3,SO2,CO,NO2,PM10,WS,WD,TEMP,HR,PBAR
MZO,1,0,NA,0.67,NA,5.76,50.05,2.13,88.95,18.34,47.02,624.83
MZO,1,1,NA,0.67,NA,5.55,48.13,1.73,135.02,19.11,44.59,624.77
MZO,1,2,NA,0.86,NA,9.37,49.78,1.27,285.99,17.9,50.69,624.61
MZO,1,3,NA,3.47,NA,7.47,53.85,1.48,57.86,18.15,50.81,624.21
MZO,1,4,NA,1.21,NA,7.48,56.53,1.13,315.55,16.59,55.43,624.06
MZO,1,5,NA,0.67,NA,10.35,48.22,1.46,142.18,16.04,58.04,624.16
MZO,1,6,NA,0.67,NA,12.8,53.36,1.51,99.21,15.72,61.42,624.52
MZO,1,7,NA,0.67,NA,8.63,68.53,1.24,308.41,14.34,64.51,624.99
MZO,1,8,NA,0.67,NA,9.95,55.6,0.98,42.63,14.33,65.24,625.46
MZO,1,9,NA,1.19,NA,10.94,88.77,1.34,31.83,16.43,58.59,625.86
MZO,1,10,NA,3.18,NA,5.86,111.08,3.11,104.01,18.18,56.76,626.23
MZO,1,11,NA,0.67,NA,5.4,77.72,2.6,103.54,19.97,51.69,626.15
MZO,1,12,NA,13.87,NA,6.13,83.41,2.31,133.05,21.92,44.08,625.65
MZO,1,13,NA,0.67,NA,3.48,94.07,2.68,133.07,22.65,40.14,624.92
MZO,1,14,NA,NA,NA,2.01,66.84,2.8,131.27,23.16,37.36,624.16
MZO,1,15,NA,NA,NA,4.04,42.39,2.89,116.45,22.04,42.55,623.48
MZO,1,16,NA,NA,NA,3.57,67.41,1.6,122.38,24.79,32.93,622.87
MZO,1,17,NA,NA,NA,NA,54.42,2.3,294.73,24.72,31.12,622.51
MZO,1,18,NA,NA,NA,NA,53.18,1.7,272.12,24.23,31.51,622.73
MZO,1,19,NA,NA,NA,NA,52.49,4.47,153.98,21.32,42.38,623.37
MZO,1,20,NA,NA,NA,NA,92.29,3.7,120.51,17.96,53.8,623.99
MZO,1,21,NA,26.16,NA,14.23,33.11,2.79,84.69,18.26,53.29,624.87
MZO,1,22,17.86,72.76,NA,8.07,48.77,3.84,84.39,17.99,52.81,625.38
MZO,1,23,14.74,51.38,NA,5.99,54.54,2.93,99.51,16.92,57.93,625.71
MZO,2,0,10.58,156.93,NA,8.67,49.64,3.86,87.13,16.31,61.26,626.1
MZO,2,1,13.03,223.44,NA,6.29,55.02,4.05,79.01,15.73,65.08,626.06
MZO,2,2,5.56,NA,NA,10.6,50.33,3.29,80.18,15.1,68.74,625.72
MZO,2,3,16.68,40.18,NA,1.3,80.57,2.73,57.83,15.66,61.22,625.41
MZO,2,4,11.32,90.64,NA,3.64,32.23,2.61,89.55,14.5,68.9,625.26
MZO,2,5,9.64,121.59,NA,5.02,43.26,2.53,82.34,14.28,68.59,625.41
MZO,2,6,11.89,109.93,NA,4.32,41.27,2,77.78,14.06,69.1,625.69
MZO,2,7,12.32,34.69,NA,4.39,39.59,1.98,74.75,14.05,68.83,626.05
MZO,2,8,2.32,62.72,NA,10.38,39.31,2.66,82.69,14.08,68.73,626.29
MZO,2,9,7.62,52.52,NA,9.73,61.62,2.18,89,15,64.61,627.19
MZO,2,10,17.84,102.88,NA,4.59,62.21,3.54,87.8,16.22,61.66,627.41
MZO,2,11,29.16,97.22,NA,0.87,59.52,4.71,87.59,17.58,55.53,627.37
MZO,2,12,35.14,45.88,NA,1.1,56.62,4.57,83.66,19.42,48.35,626.98
MZO,2,13,39.99,31.26,NA,1.96,56.12,4.1,88.93,20.82,47.11,626.25
MZO,2,14,43.5,30.99,NA,2.16,60.19,3.43,81.54,22.01,43.49,625.2
MZO,2,15,44.25,9.83,NA,1.92,98.81,2.05,118.87,24.01,33.37,624.21
MZO,2,16,45.51,NA,NA,3.02,49.43,2.67,221.07,24.69,26.8,623.29
MZO,2,17,45.54,NA,NA,0.08,53.81,2.62,252.22,25.11,22.72,622.76
MZO,2,18,36.78,NA,NA,1.33,57.01,4.2,128.6,23.5,31.43,622.86
MZO,2,19,23.33,NA,NA,4.19,54.65,4.39,156.24,21.18,38.9,623.2
MZO,2,20,15.98,4.48,NA,4.26,66.41,4.27,163.14,19.68,46.14,623.68
MZO,2,21,17.04,3.82,NA,4.39,64.44,3.36,152.83,19.07,45.67,624.34
MZO,2,22,11.42,3.9,NA,4.79,52.72,1.98,123.17,18.39,49.66,624.96
MZO,2,23,6.44,6.62,NA,5.95,47.22,2.03,74.12,17.71,53.37,625.47
MZO,3,0,13.52,37.76,NA,5.16,54.54,2.87,82.29,17.79,53.03,625.97
MZO,3,1,11.38,13.44,NA,6.71,46.34,2.15,112.87,17.62,52.75,625.93
MZO,3,2,2.4,7.92,NA,9.58,48.33,2.47,113.44,16.38,57.39,625.77
MZO,3,3,5.36,8.16,NA,8.94,43.1,1.47,104.96,15.74,60.34,625.62
MZO,3,4,1.77,6.54,NA,10.45,41.07,1.78,125.85,15.11,62.42,625.36
MZO,3,5,15.32,1.6,NA,5.26,38.87,2.38,121.99,14.47,64.31,625.35
MZO,3,6,11.39,0.67,NA,8.19,42.71,1.85,111.57,14.2,65.44,625.57
MZO,3,7,8.66,3.47,NA,9.85,44.68,1.83,91.2,14.21,65.34,625.85
MZO,3,8,1.07,54.4,NA,15.23,48.77,1.82,78.58,14.53,63.36,626.18
MZO,3,9,11.19,46.9,NA,12.37,74.3,2.77,91.07,15.45,60.19,626.45
MZO,3,10,19.16,5.32,NA,9.55,73.75,2.97,114.04,16.95,56.93,626.56
MZO,3,11,30.51,13.15,NA,3.3,84.97,1.85,192.5,19.31,49.04,626.45
MZO,3,12,40.52,NA,NA,NA,58.62,2.65,279.82,20.96,42.2,626.04
MZO,3,13,57.17,NA,NA,NA,62.46,2.93,243.97,22.38,37.81,625.2
MZO,3,14,65.45,NA,NA,NA,86.36,3.01,244.73,23.37,33.76,624.35
MZO,3,15,69.13,NA,NA,NA,80.67,2.72,126.82,24.71,28.93,623.48
MZO,3,16,63.17,NA,NA,NA,59.35,2.88,90.39,25.82,20.16,622.91
MZO,3,17,61.91,NA,NA,NA,56,3.29,57.58,26.39,10.97,622.58
MZO,3,18,55.39,NA,NA,NA,36.09,3.14,NA,26.37,8.16,622.56
MZO,3,19,50.92,NA,NA,NA,34.94,9.54,160.43,24.94,13.26,622.9
MZO,3,20,37.66,NA,NA,NA,39.43,4.23,NA,23.38,16.89,623.19
MZO,3,21,32.64,18.75,NA,6.49,44.8,3.74,43.19,21.98,20.9,623.85
MZO,3,22,30.95,42.16,NA,4.91,49.67,3.4,50.13,20.54,23.94,624.53
MZO,3,23,29.68,88.79,NA,4.71,42.75,4.14,56,19.52,26.37,624.98
MZO,4,0,33.95,22.81,NA,4.25,44.85,3.15,55.4,18.6,32.35,625.2
MZO,4,1,NA,121.48,NA,4.23,42.31,2.45,73.31,17.43,37.08,625.28
MZO,4,2,30.05,111.45,NA,4.38,46.12,3.35,48.45,17.73,31.72,625.12
MZO,4,3,19.19,44.27,NA,4.07,48.55,2.55,106.37,15.96,37.15,624.99
MZO,4,4,5.93,7.78,NA,4.08,41.14,2.64,106.45,14.94,39.98,624.98
MZO,4,5,23.89,25.91,NA,4.4,40.79,2.68,87.26,14.47,40.95,624.84
MZO,4,6,14.16,13.3,NA,3.74,41.53,2.56,89.84,14.09,44.3,624.94
MZO,4,7,2.49,17.85,NA,4.1,51.15,1.79,273.91,12.39,46.65,625.25
MZO,4,8,0.99,17.08,NA,4.42,57.75,1.29,173.57,12.67,46.49,626
MZO,4,9,2.26,20.27,NA,6.32,119.29,1.15,80.09,15.8,37.26,626.54
MZO,4,10,23.86,63.33,NA,NA,95.94,1.38,130.49,18.38,30.51,626.69
MZO,4,11,33.58,70.35,NA,NA,82.1,2.5,119.01,20.13,26.94,626.68
MZO,4,12,44.78,17.26,NA,NA,72.19,2.39,115.64,21.23,23.91,626.4
MZO,4,13,47.46,25.64,NA,0.29,57.87,1.02,NA,22.67,21.46,627.74
MZO,4,14,48.43,28.1,NA,0.08,56.42,12.48,111.88,23.76,18.5,625
MZO,4,15,51.27,13.88,NA,NA,55.7,3.66,118.55,24.5,17.23,624.19
MZO,4,16,48.77,27.09,NA,NA,60.48,5.17,111.35,24.96,17.51,623.57
MZO,4,17,46.18,29.19,NA,NA,56.7,4.45,111.27,25.22,18.07,623.16
MZO,4,18,43.89,31.94,NA,NA,52.34,5.42,112.12,24.76,18.18,623.07
MZO,4,19,31.88,11.35,NA,NA,NA,4.53,111.45,23.7,20.3,623.48
MZO,4,20,24.79,115.94,NA,NA,NA,5.01,72.48,22.32,24.71,624.1
MZO,4,21,31.98,19.05,NA,NA,NA,5.47,54.53,20.7,27.4,624.81
MZO,4,22,38.05,0.67,NA,NA,50.38,6.62,48.98,19.17,30.1,625.55
MZO,4,23,38.53,NA,NA,NA,56.98,6.07,50.69,17.93,35.33,625.99
MZO,5,0,31.86,53.6,NA,NA,38.68,5.81,56.51,16.85,40,626.32
MZO,5,1,18.65,107,NA,NA,40.1,3.98,95.3,16.06,44.28,626.56
MZO,5,2,19.52,87.77,NA,NA,49.7,4.05,104.47,14.87,48.27,626.49
MZO,5,3,19.9,136.33,NA,NA,65.67,4.82,86.72,14.11,49.54,626.18
MZO,5,4,26.95,86.65,NA,NA,58.01,3.97,93.51,14.4,46.33,626.04
MZO,5,5,15.53,23.89,NA,NA,44.97,3.76,101.02,11.67,55.02,626.01
MZO,5,6,17.04,44.96,NA,NA,47.14,3.94,98.57,11.56,54.94,625.87
MZO,5,7,8.98,44.2,NA,11.15,62.73,2.97,100.79,11.03,57.76,626.28
MZO,5,8,0.99,8.53,NA,15.77,68.74,1.63,145.72,10.68,59.12,627.11
MZO,5,9,3.22,17.26,NA,11.85,94.14,2.1,302.88,11.64,54.99,627.5
MZO,5,10,22.51,0.67,NA,0.08,96.75,2.73,298.73,14.15,46.42,627.58
MZO,5,11,31.9,63.55,NA,0.97,70.29,1.68,272.69,17.4,40.23,627.37
MZO,5,12,41.9,184.36,NA,17.14,71.05,1.96,231.85,19.93,34.91,626.93
MZO,5,13,43.97,112.17,NA,3.91,110.1,2.38,146.05,22.08,26.39,626.14
MZO,5,14,49.23,53.33,NA,NA,56.81,2.55,259.63,23.81,21.48,625.25
MZO,5,15,54.47,22.42,NA,1.82,54.21,2.97,259.84,25.14,19.94,624.18
MZO,5,16,54.69,10.68,NA,NA,63.07,3.01,289.87,26.26,17.16,623.32
MZO,5,17,46.96,3.34,NA,0.08,50.53,3.72,258.28,26.61,17.99,622.97
MZO,5,18,43.49,1.79,NA,0.08,59.87,4.48,244.79,26.24,18.28,623.01
MZO,5,19,34.09,1.54,NA,11.55,61,2.72,251.33,25.26,18.81,623.38
MZO,5,20,28.18,12.55,NA,NA,59.07,2.62,62.54,24.23,16.45,623.89
MZO,5,21,29.84,NA,NA,NA,52.17,3.64,57.51,22.98,14.49,624.65
MZO,5,22,16.04,222.9,NA,NA,36.94,3.58,59.93,21.35,19.66,625.4
MZO,5,23,0.99,219.21,NA,15.95,80.18,3.17,89.76,19.6,23.92,625.7
MZO,6,0,1.22,109.53,NA,8.78,90.48,4.16,103.1,17.68,33.42,626.06
MZO,6,1,3.4,154.54,NA,7.39,83.45,4.36,88.11,17.02,46.05,626.23
MZO,6,2,3.45,217.58,NA,7.49,80.96,5.25,79.31,16.33,47.39,626.12
MZO,6,3,5.43,94.45,NA,3.83,82.1,3.74,99.6,15.33,50.04,625.85
MZO,6,4,5.57,53.11,NA,1.75,72.94,3.38,103.92,14.35,53.56,625.63
MZO,6,5,8.28,28.76,NA,NA,57.37,2.65,113.95,13.73,55.45,625.84
MZO,6,6,2.84,13.84,NA,0.08,54.25,NA,118.44,12.85,60.78,626.04
MZO,6,7,0.99,75.06,NA,3.58,51.84,2.44,78.49,12.68,63.82,626.45
MZO,6,8,2.28,41.37,NA,0.38,71.22,2.49,94.38,12.95,63.62,627.05
MZO,6,9,7.27,58.69,NA,0.27,71.32,3.21,112.07,13.16,64.85,627.39
MZO,6,10,15.95,110.97,NA,0.08,78.09,2.79,102.58,15.74,54.81,627.41
MZO,6,11,29.81,24.44,NA,NA,101.76,3.32,116.44,18.77,42.84,627.23
MZO,6,12,41.95,1.37,NA,NA,65.34,2.81,132.08,21.07,35.02,626.63
MZO,6,13,48.33,0.98,NA,NA,49.12,1.98,147.13,23.39,31.08,625.77
MZO,6,14,48.05,0.67,NA,NA,50.28,2.74,262.55,24.63,24.06,624.74
MZO,6,15,48.47,NA,NA,NA,49.11,2.41,244.51,25.8,19.93,623.71
MZO,6,16,50.62,0.67,NA,NA,44.05,2.28,239.19,26.91,12.36,622.83
MZO,6,17,51.73,1.58,NA,NA,32.39,2.25,262.37,27.43,10.14,622.33
MZO,6,18,49.28,1.83,NA,NA,34.39,2.61,265.35,27.07,10.59,622.1
MZO,6,19,37.15,1.54,NA,NA,40.46,2.1,244.64,26.15,13.29,622.13
MZO,6,20,7.8,4.14,NA,41.43,52.76,1.01,261.13,24.71,17.62,622.24
MZO,6,21,NA,6.79,NA,45.27,76.77,1.36,174.29,22.93,22.31,622.69
MZO,6,22,10.86,2.94,NA,28.32,159.14,2.3,232.31,21.35,25.94,623.37
MZO,6,23,16.79,2.57,NA,NA,112.77,2.26,256.18,19.68,36.16,623.79
MZO,7,0,14.02,1.27,NA,NA,80.42,1.88,314.67,17.69,43.5,624.04
MZO,7,1,18.18,1.62,NA,NA,73.87,1.63,296.64,16.79,48.17,624.14
MZO,7,2,17.66,1.86,NA,NA,60.97,1.32,209.94,17.23,48.54,624.09
MZO,7,3,14.33,2.2,NA,NA,56.18,1.09,236.76,16.51,50.82,624
MZO,7,4,20.31,1.54,NA,NA,53.97,1.49,225.3,15.82,52.99,623.93
MZO,7,5,16.07,1.45,NA,NA,50.84,1.32,223.12,15.14,54.7,623.86
MZO,7,6,15.62,1.45,NA,NA,49.61,1.6,251.92,14.46,57.65,623.93
MZO,7,7,3.86,2.55,NA,18.37,51.75,1.39,302.66,13.81,60.28,624.19
MZO,7,8,0.99,4.36,NA,17.12,71.2,1.38,317.51,13.66,59.1,624.7
MZO,7,9,1.7,3.47,NA,14.83,88.37,1.52,254.6,15.87,55.84,625.19
MZO,7,10,23.02,2.6,NA,3.8,85.8,2.39,254.35,17.94,50.97,625.4
MZO,7,11,28.37,2.41,NA,1.05,69.85,3.31,251.04,20.12,45.9,625.33
MZO,7,12,34.93,2,NA,0.08,58.5,3.65,258.73,21.39,43.33,624.79
MZO,7,13,38.01,2.02,NA,1.16,56.13,5.06,257.32,22.79,37,623.93
MZO,7,14,40.28,2.21,NA,1.54,129.32,6.01,262.82,23.77,33.54,623.09
MZO,7,15,42.3,2.22,NA,2.09,126.99,5.61,257.18,24.54,31.54,622.36
MZO,7,16,41.84,2.17,NA,NA,114.61,6.17,257.54,24.85,28.59,621.66
MZO,7,17,41.42,1.94,NA,0.08,113.91,5.83,251.87,24.83,27.61,621.4
MZO,7,18,36.5,1.98,NA,0.08,100.42,5.88,248.89,24.36,27.4,621.26
MZO,7,19,30.84,2.08,NA,0.08,81.21,5.02,236.82,22.97,29.74,621.37
MZO,7,20,12.67,NA,NA,0.08,77.01,3.73,226.87,21.64,33.76,621.85
MZO,7,21,18.94,NA,NA,NA,82.52,3.55,216.77,20.6,36.93,622.37
MZO,7,22,23.78,NA,NA,NA,55.62,4.08,212.49,19.3,39.23,622.84
MZO,7,23,23.73,1.32,NA,NA,48.22,3.64,216.65,18.07,44.44,623.01
MZO,8,0,25.27,1,NA,NA,45.99,3.87,223.75,17.27,47.88,622.89
MZO,8,1,22.35,0.84,NA,NA,37.02,2.77,220.51,16.27,51.94,622.84
MZO,8,2,23.5,0.89,NA,NA,34.71,3.04,236.88,16.08,54.2,622.64
MZO,8,3,21.7,0.84,NA,NA,40,3.32,254.61,14.99,58.01,622.31
MZO,8,4,20.39,0.88,NA,NA,36.22,3.06,242.91,14.41,59.8,622.21
MZO,8,5,19.25,0.86,NA,NA,35.64,2.19,195.95,14.05,57.85,622.23
MZO,8,6,20.54,0.87,NA,NA,33.73,2.22,198.03,13.96,55.6,622.31
MZO,8,7,8.68,1.9,NA,NA,27.33,2.05,231.83,13.34,57.85,622.61
MZO,8,8,0.99,3.85,NA,NA,44.67,1.86,212.45,13.67,57.37,622.92
MZO,8,9,3.51,2.46,NA,NA,75,2.11,222.96,15.01,54.02,623.19
MZO,8,10,18.82,1.63,NA,NA,63.17,3.31,196.73,16.87,48.82,623.26
MZO,8,11,NA,1.53,NA,NA,43.12,3.58,201.48,18.4,41.05,622.89
MZO,8,12,NA,1.75,NA,NA,54.46,4.54,203.25,21.63,28.7,621.57
MZO,8,13,NA,2.02,NA,NA,66.25,5.64,227.61,22.08,30.31,621.28
MZO,8,14,NA,2.21,NA,NA,NA,4.38,221.38,22.45,32.34,620.25
MZO,8,15,NA,7.81,NA,NA,NA,9.01,NA,22.16,38.45,619.4
MZO,8,16,18.08,NA,NA,NA,NA,0.45,NA,21.74,38.65,618.97
MZO,8,17,18.52,6.69,NA,NA,81.24,6.08,221.42,20.3,43.52,619.15
MZO,8,18,17.63,1.87,NA,NA,76.08,6.13,227.35,19.87,44.22,619.1
MZO,8,19,14.67,2.21,NA,NA,57.18,5.07,230.7,18.98,48.81,619.11
MZO,8,20,12.14,2.29,NA,NA,49.96,4.34,225.76,17.25,59.45,619.37
MZO,8,21,8.7,2.45,NA,NA,50.31,3.62,216.76,15.33,73.37,619.7
MZO,8,22,10.55,1.75,NA,NA,22.78,3.74,204.54,15.27,71.27,619.67
MZO,8,23,9.2,1.52,NA,NA,24.99,2.8,195.62,15.08,71.08,619.45
MZO,9,0,8.45,1.31,NA,NA,27.45,2.31,191.12,14.93,70.93,619.09
MZO,9,1,9.82,1.05,NA,NA,31.67,3.84,258.89,14.18,74.18,618.63
MZO,9,2,22.56,0.91,NA,NA,29.74,4.43,226.41,12.41,79.06,618.63
MZO,9,3,22.14,0.67,NA,NA,25.83,3.4,232.96,12.15,79.58,617.62
MZO,9,4,18.3,0.73,NA,NA,19.96,2.79,242.13,12.23,77.65,617.21
MZO,9,5,15.66,0.67,NA,NA,15.31,3.26,233.63,12.02,80.34,617.13
MZO,9,6,16.22,0.67,NA,NA,17.14,2.94,205.42,11.68,84.25,617.27
MZO,9,7,7.79,1,NA,8.79,17.64,1.6,186.77,11.89,82.51,617.6
MZO,9,8,0.99,2.33,NA,13.42,21.23,1.51,187.52,12.29,78.25,617.93
MZO,9,9,0.99,1.83,NA,6.7,25.19,3.67,180.94,14.32,59.49,618.22
MZO,9,10,14.69,1.32,NA,NA,25.75,6.91,196.17,15.81,49.05,618.22
MZO,9,11,20.56,1.19,NA,NA,46.32,7.69,199.88,15.82,42.21,618.22
MZO,9,12,23.68,1.25,NA,0.95,NA,7.64,199.2,18.4,37.23,617.62
MZO,9,13,27.47,1.06,NA,NA,91.12,8.7,201.48,18.59,32.24,616.99
MZO,9,14,25.35,1.08,NA,2.37,97.42,8.43,203.09,17.76,35.4,616.72
MZO,9,15,28.23,0.86,NA,0.08,118,10.24,212.53,14.09,51.2,616.71
MZO,9,16,19.39,1.09,NA,0.89,105.54,6.72,260.35,9.48,76.42,616.99
MZO,9,17,20.12,0.98,NA,NA,24.82,4.83,305.63,6.58,83.38,617.02
MZO,9,18,21.41,0.91,NA,NA,21.06,4.63,303.47,5.71,83.69,618.21
MZO,9,19,18.9,0.88,NA,NA,20.04,2.74,338.08,5.82,83.23,617.5
MZO,9,20,4.89,8.99,NA,NA,24.65,2.19,123.11,6.72,81.05,618.21
MZO,9,21,19.73,2.1,NA,NA,30.1,5.01,214.86,7.15,77.67,618.36
MZO,9,22,31.91,1.15,NA,NA,20.69,3.78,163.16,7.63,70.97,618.43
MZO,9,23,34.83,1.35,NA,NA,22.69,3.57,197.98,8.29,66.08,618.74
MZO,10,0,33.17,1.05,NA,NA,22.94,2.35,213.61,7.85,67.9,618.9
MZO,10,1,26.15,0.92,NA,NA,21.78,1.68,186.93,7.45,71.07,619.08
MZO,10,2,25.89,0.94,NA,NA,21.76,1.43,208.14,6.72,72.62,619.18
MZO,10,3,31.11,0.67,NA,NA,23.67,2.04,267.16,5.63,72.83,619.36
MZO,10,4,30.7,0.87,NA,NA,24.71,2.43,306.69,4.55,78.02,619.21
MZO,10,5,39.31,0.67,NA,NA,23.72,2.84,302.92,3.54,78.58,619.02
MZO,10,6,37.63,0.67,NA,NA,21.27,1.98,296.21,3.48,77.32,619.32
MZO,10,7,26.54,0.67,NA,NA,17.87,1.33,287.51,3.69,77.47,619.94
MZO,10,8,18.3,1.1,NA,15.06,32.43,1.72,288.36,4.3,75.78,620.58
MZO,10,9,16.85,1,NA,16.4,39.44,2.67,275.38,4.62,75.9,621.4
MZO,10,10,42.52,0.67,NA,NA,45.34,4.41,292.16,3.97,78.69,622.33
MZO,10,11,48.73,0.67,NA,NA,24.06,3.5,295.41,5.5,74.27,622.5
MZO,10,12,41.5,0.74,NA,2.78,21.52,3.07,217.18,8.02,64.5,622.04
MZO,10,13,43.24,0.7,NA,0.08,38.03,3.95,214.12,10.36,55.45,621.24
MZO,10,14,46.29,0.83,NA,0.08,44.33,4.99,255.48,12.9,44.51,620.84
MZO,10,15,52.3,0.76,NA,NA,47.06,4.37,273.76,13.98,38.68,620.45
MZO,10,16,57.19,0.67,NA,NA,35.32,4.62,278.53,15.18,30.79,619.93
MZO,10,17,57.71,0.69,NA,NA,33.44,4.33,260.74,15.82,26.45,619.84
MZO,10,18,52.06,0.7,NA,0.08,36.55,4.29,257.04,15.92,26.7,620.39
MZO,10,19,40.24,1.24,NA,6.69,43.59,4.06,243.08,15,33,620.79
MZO,10,20,25.09,1.8,NA,15.63,61.88,3.16,230.96,13.15,40.6,621.15
MZO,10,21,15.06,1.95,NA,21.17,58.82,2.29,230.49,12.14,42.9,622.02
MZO,10,22,10.82,2.03,NA,22.1,66.94,1.96,207.03,11.43,44.72,622.77
MZO,10,23,13.65,1.36,NA,16.95,70.22,1.8,215.67,10.59,47.31,623.28
MZO,11,0,5.12,1,NA,19.78,60.38,1.08,316.16,9.22,54.09,623.34
MZO,11,1,4.8,0.73,NA,19.11,51.88,0.72,5.5,8.79,55.82,623.37
MZO,11,2,2.73,0.67,NA,17.66,57.45,0.74,3.77,8.18,58.12,623.25
MZO,11,3,2.94,1.01,NA,NA,43.2,0.93,341.69,7.22,61.51,623.04
MZO,11,4,2.92,0.67,NA,NA,32.83,0.79,356.39,6.61,64.54,622.9
MZO,11,5,1.44,2.24,NA,10.96,36.05,0.52,327.52,6.46,65.34,622.84
MZO,11,6,NA,2,NA,8.31,29.97,1.01,281.63,5.29,69.74,622.76
MZO,11,7,NA,1.69,NA,12.09,49.22,0.67,287.34,4.15,71.22,623.27
MZO,11,8,1.27,5.12,NA,14.05,69.68,1.15,225.1,5.49,67.46,623.75
MZO,11,9,8.22,3.49,NA,16.2,152.93,2.04,239.74,7.36,58.13,624.49
MZO,11,10,27.09,1.44,NA,5.1,118.17,1.97,245.92,9.53,50.86,624.72
MZO,11,11,35.63,1.3,NA,6.06,60.21,1.76,273.67,12.04,46.67,624.8
MZO,11,12,45.98,1.49,NA,7.21,66.48,2.44,274.24,14.14,44.01,624.56
MZO,11,13,58.3,0.99,NA,NA,74.58,3.45,279.53,15.89,37.89,623.99
MZO,11,14,58.93,0.83,NA,NA,59.5,3.56,270.51,17.41,32.23,623.25
MZO,11,15,56.83,0.74,NA,NA,43.01,3.6,273.73,18.85,28.97,622.57
MZO,11,16,54.08,0.98,NA,0.08,32.84,3.73,263.57,20.06,26.5,621.98
MZO,11,17,52,0.67,NA,0.08,41.34,4,260.33,20.74,22.72,621.78
MZO,11,18,48.22,0.68,NA,0.08,45.1,4.32,247.25,20.61,19.03,621.93
MZO,11,19,36.08,1.54,NA,6.73,45.15,3.6,237.87,19.73,22.04,622.44
MZO,11,20,13.78,2.45,NA,24.93,51.39,2.04,260.35,17.64,30.23,623.15
MZO,11,21,6.55,3.02,NA,24.77,70.44,1.24,300.56,16.56,33.99,623.82
MZO,11,22,2.74,2.96,NA,21.41,73.68,1.25,305.25,14.89,40.44,624.24
MZO,11,23,3.94,29.27,NA,19.95,70.57,1.77,99.93,13.94,43.38,624.62
MZO,12,0,10.3,7.26,NA,15.71,68.08,2.86,106.31,13.3,44.41,624.65
MZO,12,1,8.15,5.09,NA,20.95,48.63,2.06,107.1,12.86,45.72,624.69
MZO,12,2,3.7,5.74,NA,13.68,60.5,1.38,117.15,11.62,50.64,624.52
MZO,12,3,1.06,5.75,NA,10.16,49.23,1.36,274.3,9.61,58.18,624.29
MZO,12,4,0.99,3.8,NA,10.75,53.07,0.88,279.39,9.05,59.7,624.09
MZO,12,5,2.27,1.08,NA,8.79,60.34,0.59,8.34,8.23,60.48,624.09
MZO,12,6,1.95,0.75,NA,7.38,39.13,0.91,280.08,8.01,61.29,624.34
MZO,12,7,0.99,0.67,NA,7.06,43.14,0.58,5.15,7.21,63.96,624.76
MZO,12,8,2.3,6.09,NA,9.45,43.21,1.26,96.22,8.14,62.34,625.24
MZO,12,9,7.29,4.82,NA,10.26,92.43,2.22,121.55,10.16,55.11,625.55
MZO,12,10,23.84,9.8,NA,4.31,90.1,2.42,125.41,12.61,48.74,625.91
MZO,12,11,30.66,89.96,NA,10.16,69.87,1.51,142.48,15.84,39.88,625.86
MZO,12,12,47.68,31.16,NA,0.08,88.98,1.65,248.87,17.82,32.34,625.52
MZO,12,13,59.24,13.98,NA,NA,67.69,2.24,249.22,19.44,30,624.89
MZO,12,14,62.28,4.08,NA,NA,61.07,2.16,254.35,20.86,24.4,624.24
MZO,12,15,63.41,2.46,NA,NA,42.29,1.95,215.28,22.1,18.54,623.53
MZO,12,16,64.62,0.67,NA,NA,31.35,2.24,280.21,23.22,12.84,622.69
MZO,12,17,69.86,1.17,NA,NA,28.9,2.06,272.63,24.07,11.96,622.27
MZO,12,18,62.51,1.38,NA,NA,34.98,2.05,274.4,24.31,17.47,622.09
MZO,12,19,42.24,2.55,NA,12.77,41.84,1.81,214.77,23.73,18.37,622.35
MZO,12,20,8.83,6.25,NA,38.72,57.5,0.98,220.17,22.28,21.34,622.71
MZO,12,21,3.34,19.43,NA,36.03,95.32,1.48,80.58,19.87,29.77,623.29
MZO,12,22,3.9,7.6,NA,32.08,91.58,1.54,148.93,18.58,32.69,623.78
MZO,12,23,1.64,7.37,NA,27.19,114.69,0.81,13.26,17.06,39.24,624.09
MZO,13,0,0.99,10.89,NA,18,148.18,0.83,6.21,14.57,45.84,624.25
MZO,13,1,0.99,11.67,NA,13.04,100.49,0.91,5.45,14.14,47.43,624.15
MZO,13,2,NA,3.39,NA,9.12,103.96,0.83,6.15,12.27,53.64,624.08
MZO,13,3,NA,4.16,NA,10.77,76.4,0.64,291.7,12.74,52.28,623.96
MZO,13,4,NA,3.19,NA,11.14,96.61,0.84,262.58,12.84,50.56,623.88
MZO,13,5,NA,2.25,NA,1.06,106.36,0.83,317.2,10.18,60.57,623.91
MZO,13,6,NA,2.21,NA,1.39,72.31,0.7,309.01,9.7,59.76,624.25
MZO,13,7,NA,2.97,NA,0.08,54.16,0.83,20,9.62,61.9,624.83
MZO,13,8,1.57,6.75,NA,2.24,83.24,1,64.9,10.24,59.31,625.41
MZO,13,9,10.26,13.82,NA,2.23,103.24,1.89,114.62,12.15,53.48,626.01
MZO,13,10,19.18,5.62,NA,0.08,98.28,1.8,127.12,14.77,49.07,626.27
MZO,13,11,48.05,1.93,NA,NA,86.59,1.34,166.21,18.72,36.18,626.08
MZO,13,12,57.83,3.89,NA,NA,53.47,1.71,150.06,20.6,32.82,625.7
MZO,13,13,67.99,30.29,NA,NA,50.76,1.88,289.44,21.74,31.02,625.07
MZO,13,14,67.26,13.61,NA,NA,61.96,1.97,240.71,23.13,24.87,624.39
MZO,13,15,61.48,0.8,NA,NA,42.3,2.93,279.52,24.04,22.11,623.58
MZO,13,16,65.17,0.86,NA,NA,35.92,2.68,287.19,24.89,23.2,622.88
MZO,13,17,68.64,0.67,NA,NA,44.97,2.65,284.86,25.73,21.04,622.62
MZO,13,18,71.72,0.67,NA,NA,42.73,1.95,279.4,26.68,15.46,622.54
MZO,13,19,61.13,0.67,NA,NA,42.45,1.46,264.47,26.07,16.47,622.62
MZO,13,20,7.38,4.35,NA,NA,42.43,0.83,249.28,24.09,20.59,622.98
MZO,13,21,2.35,3.32,NA,NA,97.97,1.25,352.31,21.8,28.64,623.46
MZO,13,22,10.05,5.49,NA,NA,104.65,1.55,90.13,19.55,34.49,623.85
MZO,13,23,1.21,3.65,NA,NA,95.12,0.91,155.63,18.42,38.47,624.08
MZO,14,0,1.72,3.16,NA,NA,140.41,1.26,90.26,17.19,42.12,624.3
MZO,14,1,1.55,2.56,NA,NA,89.44,0.77,3.89,14.84,48.3,624.34
MZO,14,2,1.23,21.93,NA,NA,93.63,1.19,39.08,15.26,43.98,624.18
MZO,14,3,9.65,13.53,NA,NA,81.5,2.05,111.3,14.63,42.57,624.01
MZO,14,4,6.12,4.11,NA,NA,66.33,2.25,118.28,13.4,43.81,624
MZO,14,5,NA,19.59,NA,NA,65.11,2.31,107.94,12.88,43.4,624.14
MZO,14,6,2.77,56.3,NA,NA,82,1.63,89.11,12.72,44.23,624.31
MZO,14,7,NA,9.97,NA,NA,81.56,1.69,125.23,10.9,50.6,624.74
MZO,14,8,3.72,50.72,NA,NA,93.05,1.47,95.8,12.32,46.44,625.31
MZO,14,9,18.98,63.71,NA,NA,116.65,1.71,103.96,14.17,42.37,625.76
MZO,14,10,17.1,7.08,NA,NA,107.15,1.89,122.9,16.18,42.97,625.99
MZO,14,11,38.02,9.54,NA,NA,101.92,2.2,128.99,19.96,31.46,625.89
MZO,14,12,50.28,11.71,NA,NA,73.43,1.73,145.04,23.02,26.48,625.48
MZO,14,13,63.6,1.99,NA,NA,62.56,1.71,216.68,25.2,19.87,624.75
MZO,14,14,67.7,12.81,NA,NA,54.24,2.15,188.12,26.76,14.31,624.01
MZO,14,15,64.17,6.51,NA,NA,51,2.12,169.05,27.89,13.36,623.22
MZO,14,16,70.7,10.87,NA,NA,51.46,2.59,293.5,28.28,13.39,622.54
MZO,14,17,75.71,7.25,NA,NA,51.93,2.72,301.21,28.37,13.08,622.2
MZO,14,18,67.55,1.6,NA,NA,46.9,2.52,296.76,28.62,14.45,622.01
MZO,14,19,49.32,2.45,NA,NA,41.04,1.6,316.95,27.87,16.14,622.05
MZO,14,20,10.66,6.31,NA,NA,58.18,0.78,265.46,26.27,19.74,622.37
MZO,14,21,0.99,6.28,NA,NA,91.63,1.68,280.45,23.92,25.06,622.99
MZO,14,22,3.5,3.83,NA,NA,120.92,1.43,234.48,22.33,26.89,623.69
MZO,14,23,15.04,1.8,NA,NA,113.95,1.41,246.67,21.1,31.79,624.23
MZO,15,0,3.04,1.91,NA,NA,84.93,1.27,318.89,18.85,37.08,624.21
MZO,15,1,0.99,2.31,NA,NA,73.12,0.82,158.58,18.09,39.95,624.14
MZO,15,2,0.99,4.26,NA,NA,89.98,0.9,57.12,17.58,43.83,624.12
MZO,15,3,1.07,5.99,NA,NA,77.8,0.76,143.84,16.87,46.46,623.99
MZO,15,4,NA,8.07,NA,NA,73.51,0.76,300.79,15.58,50.75,623.92
MZO,15,5,NA,5.46,NA,NA,73.69,0.67,308.94,14.54,51.76,623.73
MZO,15,6,1.08,1.06,NA,NA,63.54,0.6,3.98,13.42,53.96,623.97
MZO,15,7,NA,2.15,NA,NA,48.51,0.78,36.67,13.1,56.17,624.28
MZO,15,8,1.62,6.07,NA,NA,100.21,1.77,120.2,13.37,60.29,624.72
MZO,15,9,8.3,15.59,NA,NA,134.26,2.42,106.32,16.07,49.66,625.1
MZO,15,10,27.35,7.66,NA,NA,136.77,1.96,115.06,19.46,41.76,625.41
MZO,15,11,37.04,5.24,NA,NA,103.36,1.44,122.7,21.72,36.25,625.21
MZO,15,12,41.63,4.37,NA,NA,77.51,1.47,170.3,23.73,31.43,624.75
MZO,15,13,55.76,5.57,NA,NA,74.19,1.66,303.04,25.17,27.86,624
MZO,15,14,67.56,11.38,NA,NA,56.09,2.26,326.09,25.81,26.29,623.27
MZO,15,15,66,1.95,NA,NA,67.32,3.2,306.65,26.19,24.17,622.65
MZO,15,16,62.87,1.35,NA,NA,60.05,2.55,296.07,26.59,23.57,622.17
MZO,15,17,58.33,1.74,NA,NA,48.44,2.49,302.71,26.49,22.69,621.7
MZO,15,18,41.83,2.45,NA,NA,66.96,1.82,280.66,26.46,22.1,621.59
MZO,15,19,18.58,3.98,NA,NA,72.58,1.76,240.53,26.48,21.41,621.84
MZO,15,20,2.5,7.14,NA,NA,85.43,1.28,228.55,25.13,25.58,622.12
MZO,15,21,1.39,6.73,NA,NA,135.19,1.76,244.81,23.45,30.8,622.43
MZO,15,22,5.25,3.24,NA,NA,148.72,1.52,289.62,21.26,36.22,622.88
MZO,15,23,5.19,4.02,NA,NA,108.83,1.06,278.29,20.83,30.46,623.25
MZO,16,0,0.99,3.63,NA,NA,76.39,1.23,215.77,20.4,35.95,623.43
MZO,16,1,2.63,2.02,NA,NA,101.86,1.47,243.99,19.67,35.35,623.5
MZO,16,2,1.68,1.37,NA,NA,71.94,1.11,281.58,17.71,41.89,623.42
MZO,16,3,NA,3.31,NA,NA,59.12,0.85,296.29,16.27,46.85,623.25
MZO,16,4,1.17,2.67,NA,NA,67.81,1.28,229.28,17.08,43.83,622.87
MZO,16,5,13.48,0.67,NA,NA,67.5,1.97,237.93,16.47,43.96,623.05
MZO,16,6,9.98,0.67,NA,NA,46.91,1.16,248.87,15.83,46.13,623.46
MZO,16,7,1.03,3.05,NA,NA,55.38,1.22,247.94,15.45,47.94,623.84
MZO,16,8,1.03,5.4,NA,NA,118.37,0.85,258.16,15.24,50.47,624.39
MZO,16,9,5.95,4.74,NA,NA,119.44,1.54,313.16,16.88,45.6,624.87
MZO,16,10,17.66,2.95,NA,NA,110.53,1.78,260.81,18.96,39.01,625.32
MZO,16,11,34.75,1.89,NA,NA,79.85,2.57,282.71,21.57,32.39,625.24
MZO,16,12,36.86,1.56,NA,NA,59.5,2.85,274.94,23.19,29.73,624.89
MZO,16,13,40.25,1.84,NA,NA,52.76,2.72,239.87,24.73,26.7,624.14
MZO,16,14,42.22,2.08,NA,NA,49.54,2.69,262.96,25.67,23.11,623.35
MZO,16,15,44.34,2.33,NA,NA,47.3,3.39,283.65,26.42,19.26,622.62
MZO,16,16,43.09,2.02,NA,NA,48.22,2.73,266.64,27.48,18.16,622.07
MZO,16,17,45.65,1.68,NA,NA,46.35,3.88,284.52,27.32,17.17,621.75
MZO,16,18,41.64,1.81,NA,NA,45.58,3.09,293.21,27.21,17.38,621.71
MZO,16,19,28.74,2.74,NA,NA,51.07,2.31,281.02,26.4,19.08,621.87
MZO,16,20,11.91,4.14,NA,NA,61.69,2.54,284.38,25.02,23.49,622.38
MZO,16,21,10.28,3.67,NA,NA,83.8,2.37,293.51,22.83,26.97,622.95
MZO,16,22,13.76,2.21,NA,NA,90.62,2.5,287.48,21.56,28.68,623.62
MZO,16,23,4.07,2.47,NA,NA,78.25,2.01,274.08,20.47,31.92,623.98
MZO,17,0,3.45,1.96,NA,NA,74.19,1.43,189.15,19.64,33.61,624.03
MZO,17,1,7.32,1.23,NA,NA,71.68,1.4,193.04,19.44,34.86,624.04
MZO,17,2,2.42,8.13,NA,NA,54.34,0.9,341.43,17.95,41.75,623.85
MZO,17,3,3.18,4.66,NA,NA,74.53,1.1,282.6,17.18,43.21,623.68
MZO,17,4,2.64,1.65,NA,NA,53.21,0.94,267.09,16.5,44.78,623.52
MZO,17,5,6.94,0.67,NA,NA,46.86,0.93,126.66,16.57,44.59,623.12
MZO,17,6,1.7,7.88,NA,NA,45.85,1.11,354.68,15.4,49.12,623.32
MZO,17,7,1.2,13.98,NA,NA,60.4,1.74,96.47,14.87,51.18,623.32
MZO,17,8,1.52,31.54,NA,NA,73.66,1.63,111.07,14.72,49.71,623.73
MZO,17,9,2.84,20.69,NA,NA,113.14,1.24,5.2,15.27,51.53,623.95
MZO,17,10,8.1,22.35,NA,NA,128.98,2.51,116.75,18.41,43.25,623.92
MZO,17,11,19.7,13.32,NA,NA,131.58,2.15,107.54,20.72,37.68,623.68
MZO,17,12,36.19,3.12,NA,NA,110.01,1.63,139.2,22.78,32.87,623.23
MZO,17,13,44,2.75,NA,NA,55.21,1.72,184.85,25.04,27.23,622.68
MZO,17,14,45.62,1.67,NA,NA,58.62,1.89,133.09,26.55,17.54,621.74
MZO,17,15,48.95,3.32,NA,NA,40.03,1.8,117.17,26.99,22.14,621.18
MZO,17,16,50.54,5.05,NA,NA,48.33,1.91,216.99,27.19,22.1,620.74
MZO,17,17,52.05,7.61,NA,NA,49.43,2.66,304.1,26.01,25.02,620.35
MZO,17,18,41.73,2.07,NA,NA,60.94,4.21,291.75,24.37,31.29,620.71
MZO,17,19,32.5,1.77,NA,NA,103.97,3.8,298.27,21.76,38.01,621.23
MZO,17,20,13.21,2.43,NA,NA,73.68,1.98,294.26,20.55,40.38,621.39
MZO,17,21,4.14,3.61,NA,NA,66.39,1.82,261.63,19.53,43.36,621.99
MZO,17,22,1.47,4,NA,NA,90.8,0.83,227.71,19.19,44.19,622.37
MZO,17,23,1.35,4.53,NA,NA,91.45,1.08,250.34,18.74,45.99,622.63
MZO,18,0,1.24,2.45,NA,NA,102.34,1.32,268.02,17.29,50.05,622.55
MZO,18,1,1.31,2.29,NA,NA,69.76,0.88,296.91,15.59,56.54,622.6
MZO,18,2,1.07,1.66,NA,NA,77.16,1.49,293.42,15.38,56.04,622.44
MZO,18,3,1.47,1.52,NA,NA,63.55,1.41,225.16,14.83,57.41,622.32
MZO,18,4,NA,0.84,NA,NA,60.68,0.92,229.8,15.52,55.96,622.1
MZO,18,5,0.99,0.87,NA,NA,50.85,0.98,250.39,15,57.49,621.95
MZO,18,6,1.75,0.67,NA,NA,47.32,1.03,251.99,14.48,59.79,622.15
MZO,18,7,NA,1.56,NA,NA,46.57,1.15,255.44,14.12,61.45,622.48
MZO,18,8,1.48,3.33,NA,NA,80.45,1.64,282.01,13.83,61.09,622.79
MZO,18,9,4.57,5.81,NA,NA,94.47,1.7,301.36,15.6,54.83,623.24
MZO,18,10,14.68,2.83,NA,NA,113.73,1.42,278.68,18.25,49.78,623.39
MZO,18,11,29.29,1.48,NA,NA,69.46,1.61,294.4,19.89,46.2,623.21
MZO,18,12,36.57,1.71,NA,NA,59.55,2,260.21,20.77,44.15,622.75
MZO,18,13,43.45,1.11,NA,NA,56.29,2.1,241.44,21.87,42.06,622.01
MZO,18,14,42.38,0.93,NA,NA,43.86,2.09,261.97,23.35,39.28,621.16
MZO,18,15,38.5,0.79,NA,NA,46.73,3.62,262.76,24.24,36.47,620.37
MZO,18,16,44.62,0.75,NA,NA,46.08,2.54,301.9,24.56,35.88,619.71
MZO,18,17,36.77,0.89,NA,NA,48.2,3.8,254.22,25.46,27.01,619.53
MZO,18,18,26.74,0.85,NA,NA,52.57,4.93,249.55,24.51,24.44,619.75
MZO,18,19,19.1,1.42,NA,NA,72.06,4.66,244.77,22.51,27.07,620.22
MZO,18,20,16.04,1.54,NA,NA,63.24,4.56,242.75,21.22,28.07,620.67
MZO,18,21,13.21,2,NA,NA,58.27,3.82,256.03,19.94,33.58,621.17
MZO,18,22,11.65,1.96,NA,NA,57.48,2.29,214.09,19.34,35.18,621.8
MZO,18,23,11.38,1.93,NA,NA,56.24,1.35,171.84,18.8,37.54,622.14
MZO,19,0,10.96,1.3,NA,NA,46.45,1.38,257.56,18.25,39.74,622.02
MZO,19,1,1.85,1.74,NA,NA,49.63,0.85,339.26,17.31,43.48,622.09
MZO,19,2,2.8,1.85,NA,NA,56.6,0.9,293.32,17.09,44.55,621.92
MZO,19,3,1.51,1.33,NA,NA,56.46,1.16,278.43,16.18,48.61,621.62
MZO,19,4,0.99,0.79,NA,NA,48.36,0.63,355.41,15.38,50.7,621.48
MZO,19,5,2.71,1.28,NA,NA,42.48,0.68,297.57,15.57,51.03,621.33
MZO,19,6,1.88,1.19,NA,NA,43.11,1.28,315.17,14.03,56.82,621.58
MZO,19,7,0.99,4.26,NA,NA,45.26,0.93,349.78,13.12,60.62,622
MZO,19,8,1.18,9.46,NA,NA,81.12,0.57,359.09,14.32,58.26,622.46
MZO,19,9,4.44,11.75,NA,NA,90.09,1.1,58.04,15.85,55.18,623.05
MZO,19,10,12.86,11.54,NA,NA,138.85,1.22,110.4,17.49,50.8,623.29
MZO,19,11,24.84,2.95,NA,NA,87,2.14,112.62,18.92,45.97,623.09
MZO,19,12,28.14,1.27,NA,NA,63.22,3.18,133.86,19.97,39.45,622.81
MZO,19,13,33.06,1.01,NA,NA,43.7,2.66,154.97,21.37,32.6,622.3
MZO,19,14,37.08,0.67,NA,NA,40,2.57,135.19,22.45,29.11,621.42
MZO,19,15,42.4,0.67,NA,NA,43.56,2.61,108.25,23.43,29.05,620.83
MZO,19,16,42.88,2.12,NA,NA,42.4,1.99,163.86,24.66,27.62,620.26
MZO,19,17,42.82,3.9,NA,NA,45.77,2.96,219.77,25.45,19.74,619.78
MZO,19,18,41.86,0.67,NA,NA,42.68,3.75,205.29,25.97,9.88,619.63
MZO,19,19,34.86,0.67,NA,NA,43.6,3.41,199.63,25.15,10.12,619.88
MZO,19,20,16.75,0.67,NA,NA,45.78,2.67,173.45,23.21,13.68,620.36
MZO,19,21,6.03,0.67,NA,NA,54.12,1.19,246.59,20.8,22.91,621.06
MZO,19,22,2.92,1.33,NA,NA,58.35,1.69,222.9,20.17,22.63,621.82
MZO,19,23,1.93,0.67,NA,NA,67.78,1.24,277.06,18.51,30.16,622.28
MZO,20,0,1.19,0.67,NA,NA,68.43,0.95,4.13,17.62,33.77,622.4
MZO,20,1,0.99,34.14,NA,NA,67.01,1.51,67.54,16.47,40.65,622.49
MZO,20,2,4.27,122.09,NA,NA,69.4,4.08,85.54,15.27,64.84,622.58
MZO,20,3,2.9,104.7,NA,NA,82.93,3.9,84.73,14.33,68.92,622.44
MZO,20,4,5.18,114.66,NA,NA,68.69,3.15,92.32,13.45,70.36,622.37
MZO,20,5,6.52,99.15,NA,NA,67.95,2.12,81.98,12.78,71.19,622.49
MZO,20,6,4.84,6.49,NA,NA,50.21,0.79,21.64,12.13,70.17,622.88
MZO,20,7,0.99,0.67,NA,NA,34.3,1.19,43.99,11.95,69.94,623.47
MZO,20,8,1.78,50.4,NA,NA,40.09,2.65,75.78,12.91,71.15,624.04
MZO,20,9,8.26,35.68,NA,NA,43.32,4.25,80.75,14.55,65.71,624.83
MZO,20,10,14.15,67.46,NA,NA,44.07,4.72,64.74,15.8,59.42,625.26
MZO,20,11,16.94,52.27,NA,NA,66,3.86,NA,17.32,52.89,625.33
MZO,20,12,18.68,48.09,NA,NA,42.17,3.71,66.6,18.68,47.75,625.07
MZO,20,13,22.95,39.74,NA,NA,53.36,3.56,70.48,19.91,43.33,624.51
MZO,20,14,24.86,44.23,NA,NA,36.53,3.76,88.43,20.86,39.07,623.78
MZO,20,15,29.45,41.95,NA,NA,56.6,3.84,89.82,21.46,34.81,623.27
MZO,20,16,28.86,50.02,NA,NA,49.08,3.33,87.36,21.63,33.84,622.84
MZO,20,17,25.25,85.4,NA,NA,53.47,4.2,87.12,21.69,34.84,622.7
MZO,20,18,13.59,115.42,NA,NA,61.25,5.66,83.47,19.85,42.56,622.95
MZO,20,19,7.07,96.85,NA,NA,80.67,5.85,77.98,18.09,47.95,623.48
MZO,20,20,9.17,71.81,NA,NA,90.78,7.12,74.32,16.47,51.98,624.14
MZO,20,21,3.08,110.29,NA,NA,76.81,6.33,77.06,15.18,56.08,625.01
MZO,20,22,13.39,53.09,NA,NA,76.08,7.59,76.51,14.16,58.77,625.71
MZO,20,23,20.29,100.15,NA,NA,56.29,6.66,70.78,13.73,60.54,626.15
MZO,21,0,14.01,156.84,NA,NA,46.68,5.85,62.78,13.23,62.81,626.17
MZO,21,1,15.79,137.72,NA,NA,55.11,6.24,49.17,12.47,64.01,626.14
MZO,21,2,19.91,92.25,NA,NA,53.58,6.04,52.13,11.95,64.65,626.07
MZO,21,3,22.74,73.5,NA,NA,40.15,5.66,53.1,11.58,65.05,626.05
MZO,21,4,14.86,171.59,NA,NA,39.19,4.9,53.11,11.43,65.35,625.85
MZO,21,5,20.62,95.04,NA,NA,58.55,4.94,49.21,11.03,65.6,625.77
MZO,21,6,20.03,91.13,NA,NA,35.63,4.41,50.55,10.72,66.41,625.89
MZO,21,7,23.34,31.15,NA,NA,36.94,3.37,49.71,10.31,67.23,626.26
MZO,21,8,23.68,4.36,NA,NA,24.31,3.15,43.74,10.29,67.09,626.97
MZO,21,9,24.23,33,NA,NA,30.21,4.31,49.93,11.25,64.18,627.45
MZO,21,10,24.22,74.52,NA,NA,40.02,5.28,69.73,12.39,60.21,627.71
MZO,21,11,28.78,57.46,NA,NA,43.06,5.25,69.9,13.63,56.62,627.83
MZO,21,12,31.6,46.38,NA,NA,41.4,4.38,72.96,15.22,52.84,627.51
MZO,21,13,34.2,34.59,NA,NA,46.44,3.98,74.64,17.58,47.34,626.58
MZO,21,14,34.7,31.04,NA,NA,42.19,3.08,96.23,19.19,43.9,625.77
MZO,21,15,35.67,34.39,NA,NA,47.87,3.13,96.38,20.5,40.09,625.02
MZO,21,16,35.14,47.16,NA,NA,49.88,3.32,102.45,21.63,32.52,624.31
MZO,21,17,33.99,37.88,NA,NA,49.9,2.39,92.98,22.31,30.26,623.92
MZO,21,18,32.71,19.52,NA,NA,40.08,1.49,120.73,22.66,29.57,623.76
MZO,21,19,24.26,1.65,NA,NA,36.04,1.82,323.68,21.96,30.82,624.04
MZO,21,20,7.32,3.8,NA,NA,42.48,1.05,271.23,21.04,33.56,624.53
MZO,21,21,0.99,18.79,NA,NA,91.8,1.81,117.34,20.35,36.84,625
MZO,21,22,1.79,156.27,NA,NA,178.1,2.83,94.81,17.86,45.86,625.72
MZO,21,23,0.99,185.14,NA,NA,81.44,3.39,88.6,16.01,52.22,626.1
MZO,22,0,0.99,154.53,NA,NA,66.71,3.77,89.37,14.42,55.99,626.13
MZO,22,1,6.92,91.76,NA,NA,60.46,3.43,102.95,13.23,58.67,626.13
MZO,22,2,11.84,59.12,NA,NA,52.49,3.48,106.02,11.97,61.9,626.1
MZO,22,3,16.81,60.34,NA,NA,45.91,3.9,103.28,10.95,65.1,625.8
MZO,22,4,17.56,70.03,NA,NA,39.77,3.85,99.11,10.2,67.63,625.49
MZO,22,5,15.26,86.05,NA,NA,42.07,3.97,97.05,9.66,69.22,625.65
MZO,22,6,9.05,90.95,NA,NA,47.62,3.43,97.42,9.15,71.14,625.84
MZO,22,7,8.58,102.27,NA,NA,49.65,3.38,99.24,9.16,70.33,626.15
MZO,22,8,6.36,57.9,NA,NA,59.21,2.93,98.86,9.14,70.79,626.56
MZO,22,9,7.15,112.56,NA,NA,58.18,3.37,95.35,10.37,68.13,627.12
MZO,22,10,12.95,50.12,NA,NA,80.11,2.63,111.5,12.85,62.17,627.44
MZO,22,11,20.1,21.51,NA,NA,67.91,1.88,115.91,15.9,54.53,627.25
MZO,22,12,26.96,51.28,NA,NA,58.31,1.23,161.68,19.13,45.63,626.84
MZO,22,13,32.59,17.71,NA,NA,72.1,1.47,207.64,22.02,39.78,626.1
MZO,22,14,32.56,2.06,NA,NA,60.78,2.75,262.57,23.4,38.59,625.15
MZO,22,15,30.97,1.33,NA,NA,56.02,3.04,254.02,24.78,33.11,624.19
MZO,22,16,32.38,0.8,NA,NA,40.9,3.78,285.7,25.37,31.51,623.57
MZO,22,17,31.69,0.67,NA,NA,46.18,4.22,253.29,26.17,28.43,623.12
MZO,22,18,29.11,1.41,NA,NA,55.77,3.51,159.16,24.44,38.61,623.25
MZO,22,19,24.24,1.34,NA,NA,76.89,3.29,141.71,22.77,41.25,623.47
MZO,22,20,19.99,2.21,NA,NA,74.36,3.43,138.35,20.65,53.37,623.83
MZO,22,21,16.87,2.48,NA,NA,60.32,2.36,124.01,19.68,54.54,624.38
MZO,22,22,11.2,4.9,NA,NA,61.32,2.14,117.44,19.04,56.55,624.97
MZO,22,23,9.52,2.21,NA,NA,58.44,1.31,90.92,18.19,58.14,625.22
MZO,23,0,8.36,3.74,NA,NA,46.93,1.18,102.71,17.26,60.73,625.2
MZO,23,1,2.57,2.35,NA,NA,51.29,1.68,123.73,16.76,62.75,625.06
MZO,23,2,0.99,11.82,NA,NA,48.71,1.44,114.6,16.45,62.48,624.98
MZO,23,3,2.19,5.56,NA,NA,53.19,1.64,121.75,15.58,63.26,624.77
MZO,23,4,3.59,4.11,NA,NA,53.51,0.94,96.95,14.88,65.02,624.62
MZO,23,5,NA,7.21,NA,NA,48.01,0.59,41.43,14.08,68.44,624.64
MZO,23,6,NA,7.85,NA,NA,58.9,1.13,113.08,13.86,69.4,624.7
MZO,23,7,NA,8.05,NA,NA,64.67,1.09,142.16,13.48,70.74,624.98
MZO,23,8,2.84,11.5,NA,NA,83.8,1.1,349.19,13.47,68.65,625.35
MZO,23,9,14.39,9.04,NA,NA,87.44,1.11,199.18,16.75,61.1,625.7
MZO,23,10,21.19,2.89,NA,NA,107.5,2.18,239.18,18.91,59.39,625.71
MZO,23,11,28.93,2.31,NA,NA,56.59,2.97,232.7,21.33,49.99,625.67
MZO,23,12,28.84,1.82,NA,NA,59.05,4.01,230.47,22.52,44.35,625.32
MZO,23,13,30.75,1.52,NA,NA,62.48,3.9,250.03,23.58,43.17,624.63
MZO,23,14,28.99,1.34,NA,NA,62.31,4.83,229.22,25.18,37.19,623.64
MZO,23,15,26.04,1.22,NA,NA,NA,4.77,247.03,25.43,35.79,622.9
MZO,23,16,25.74,1.04,NA,NA,72.96,5.93,248.51,26.16,32.11,622.22
MZO,23,17,18.92,1.03,NA,NA,95.16,5.42,245.04,24.95,34,622.12
MZO,23,18,19.86,0.76,NA,NA,70.81,5.99,257.45,23.84,30.68,622.26
MZO,23,19,14.27,1.64,NA,NA,131.49,3.34,242.85,22.74,43.3,622.65
MZO,23,20,8.31,2.41,NA,NA,45.78,2.54,267.98,22.12,47.3,623.1
MZO,23,21,2.13,3.66,NA,NA,49.57,1.3,274.57,20.66,52.49,623.58
MZO,23,22,5.62,2.16,NA,NA,75.85,2.24,234.56,20.01,54.42,624.1
MZO,23,23,4.26,1.9,NA,NA,58.2,2.33,234.29,19.07,57.73,624.29
MZO,24,0,4.45,2.35,NA,NA,58.84,1.45,303.14,18.5,58.27,624.18
MZO,24,1,3.88,1.2,NA,NA,57.66,1.36,268.45,17.74,59.99,624.07
MZO,24,2,1.8,1.51,NA,NA,55.96,1.15,247.4,17.14,62.48,623.78
MZO,24,3,1.03,4.41,NA,NA,53.8,0.86,317.03,15.81,65.67,623.45
MZO,24,4,1.33,13.26,NA,NA,53.52,1,330.23,15.14,67.82,623.51
MZO,24,5,1.32,1.57,NA,NA,56.61,1.08,330.17,14.04,70.22,623.64
MZO,24,6,1.59,1,NA,NA,43.31,0.81,289.75,13.21,72.45,623.81
MZO,24,7,0.99,2.07,NA,NA,46.21,0.57,189.35,13.36,72.38,623.99
MZO,24,8,1.77,5.13,NA,NA,75.8,1.25,113.21,13.71,72.42,624.24
MZO,24,9,11.26,16.01,NA,NA,93.35,1.02,99.2,16.67,64.49,624.27
MZO,24,10,23.27,31.89,NA,NA,93.87,1.14,108.64,19.07,58.06,624.14
MZO,24,11,31.82,5.97,NA,NA,86.4,1.68,241,20.78,54.35,624.07
MZO,24,12,30.13,1.23,NA,NA,61.49,3.2,232.22,22.82,43.38,623.63
MZO,24,13,30.5,0.91,NA,NA,37.13,4.72,244.6,24.63,30.02,622.82
MZO,24,14,31.78,0.84,NA,NA,42.48,4.97,259.24,25.7,27.78,622.14
MZO,24,15,34.14,0.86,NA,NA,42.11,4.95,256.32,26.59,24.45,621.39
MZO,24,16,33.16,0.82,NA,NA,33.65,4.83,251.37,27.64,20.78,620.42
MZO,24,17,36.21,0.84,NA,NA,32.77,5.02,251.69,28.14,19.7,619.87
MZO,24,18,33.39,0.85,NA,NA,43.39,5.25,248.01,28.03,19.03,619.78
MZO,24,19,23.19,1.33,NA,NA,NA,3.98,240.7,27,20.31,619.94
MZO,24,20,14.94,1.45,NA,NA,NA,3.45,234.98,24.95,24.5,620.42
MZO,24,21,13.4,1.7,NA,NA,NA,3.36,235.99,23.53,26.69,620.96
MZO,24,22,9.51,1.59,NA,NA,NA,2.92,211.18,21.48,31.34,621.51
MZO,24,23,8.77,1.43,NA,NA,NA,2.7,220.11,20.5,33.38,622.04
MZO,25,0,13.11,1.02,NA,NA,54.86,3.06,218.62,20.07,41.43,622.1
MZO,25,1,9,1.05,NA,NA,31.66,2.11,256.47,18.04,46.56,621.58
MZO,25,2,3.88,0.86,NA,NA,38.99,1.88,312.47,15.84,54.02,622.8
MZO,25,3,7.28,0.88,NA,NA,41.77,1.35,242.29,16,54.77,622.46
MZO,25,4,8.52,1.22,NA,NA,37.24,1.77,267.1,15.94,54.97,622.37
MZO,25,5,0.99,1.02,NA,NA,43.43,0.77,334.69,14.07,59.61,622.27
MZO,25,6,1.03,1.27,NA,NA,37.27,1.11,234.96,14.52,58.21,622.52
MZO,25,7,0.99,1.92,NA,NA,50.13,1.08,232.06,14.44,58.6,622.83
MZO,25,8,0.99,2.36,NA,NA,61.38,1.12,317.79,13.73,60.42,623.02
MZO,25,9,7.99,2.63,NA,NA,74.32,0.85,270.38,16.37,53.48,623.38
MZO,25,10,18.6,3.58,NA,NA,54.3,1.02,260.71,19.66,46.04,623.55
MZO,25,11,26.86,2.15,NA,NA,53.26,1.94,266.4,21.81,36.29,623.31
MZO,25,12,27.07,1.5,NA,NA,33.08,3.39,264.52,23.55,29.53,622.83
MZO,25,13,24.47,0.74,NA,NA,56.97,4.4,264.55,25.08,24.68,621.94
MZO,25,14,23.74,1.1,NA,NA,69.16,4.86,252.2,26.72,21.17,621.16
MZO,25,15,24.7,0.89,NA,NA,44.45,6.17,251.66,27.59,17.64,620.41
MZO,25,16,24.1,0.7,NA,NA,71.35,7.48,251.52,27.72,16.27,619.77
MZO,25,17,22.57,0.79,NA,NA,117.38,7.03,248.62,26.91,17.06,619.61
MZO,25,18,20.39,0.69,NA,NA,78.15,5.55,248.5,26.21,19.45,619.75
MZO,25,19,14.44,1.08,NA,NA,45.78,3.65,248.08,24.7,24.98,620.21
MZO,25,20,9.32,1.87,NA,NA,42.86,3.24,240.13,23.24,28.62,620.83
MZO,25,21,7.25,2.08,NA,NA,49.25,2.89,217.72,22.42,29.88,621.42
MZO,25,22,8.44,1.81,NA,NA,62.97,2.08,204.21,21.31,35.58,621.88
MZO,25,23,10.58,1.62,NA,NA,47.37,2.72,203.5,20.92,37.4,622.27
MZO,26,0,11.94,1.23,NA,NA,41.59,2.54,217.28,20.31,41.42,622.53
MZO,26,1,12.43,1.05,NA,NA,34.04,2.42,242.59,19.15,46.31,622.5
MZO,26,2,11.94,1.07,NA,NA,40.65,1.66,245.52,18.33,49.87,622.42
MZO,26,3,4.14,0.81,NA,NA,35.47,1.15,300.48,17.53,48.76,622.23
MZO,26,4,4.89,0.84,NA,NA,31.01,1.34,302.68,17.01,50.29,621.98
MZO,26,5,5.04,0.67,NA,NA,38.68,1.11,295.92,16.89,50.32,621.91
MZO,26,6,4.92,0.67,NA,NA,32.78,1,263.4,16.88,50.41,621.93
MZO,26,7,5.23,0.79,NA,NA,30.96,1.45,254.48,17.08,49.9,622.03
MZO,26,8,3.34,1.21,NA,NA,40.62,1.02,263.09,16.76,51.38,622.71
MZO,26,9,11.03,1.23,NA,NA,47,1.48,280.16,18.53,48.81,623.34
MZO,26,10,19.98,1.44,NA,NA,57.64,2.03,250.99,20.35,45.54,623.66
MZO,26,11,21.22,1.56,NA,NA,46.13,1.7,264.78,20.99,43.81,623.53
MZO,26,12,23.32,1.41,NA,NA,41.84,1.89,280.63,21.43,41.38,623.41
MZO,26,13,22.83,1.28,NA,NA,51.83,2.61,259.51,22.9,36.09,623.07
MZO,26,14,21.6,1.05,NA,NA,53.17,2.61,268.32,22.79,35.54,622.91
MZO,26,15,25.81,0.84,NA,NA,52.04,2.82,281.15,23.44,33.65,622.54
MZO,26,16,27.35,0.74,NA,NA,49.84,4.44,258.24,24.87,25.8,622.15
MZO,26,17,23.57,0.78,NA,NA,49.08,3.81,266.69,25.64,20.31,622.05
MZO,26,18,23.37,0.67,NA,NA,43.81,3.16,275.24,25.3,21.64,622.21
MZO,26,19,15.18,0.87,NA,NA,46.6,3,273.71,24.29,24.34,622.74
MZO,26,20,8.52,2.05,NA,NA,46.18,2.42,255.56,23.25,27.34,623.47
MZO,26,21,7.41,2.19,NA,NA,70.84,2.48,223.41,21.93,29.64,624.06
MZO,26,22,7.36,1.69,NA,NA,60.19,2.12,218.52,21.36,29.72,624.46
MZO,26,23,6.25,2,NA,NA,51.67,1.73,182.75,20.56,32.5,624.99
MZO,27,0,5.37,8.05,NA,NA,48.62,2.56,107.86,20.01,36.05,624.59
MZO,27,1,9.02,1.03,NA,NA,54.54,2.05,119.36,19.74,40,624.41
MZO,27,2,10.78,3.77,NA,NA,45.83,2.1,94.81,19.1,42.07,624.1
MZO,27,3,9.23,23.93,NA,NA,39.91,1.5,91.18,19.31,41.03,623.86
MZO,27,4,2.33,7.1,NA,NA,46.99,1.59,272.7,17.86,47.09,623.98
MZO,27,5,1.46,19.86,NA,NA,61.72,0.69,344.3,16.92,50.06,624.05
MZO,27,6,0.99,12.33,NA,NA,51.45,1.44,252.08,16.82,50.13,624.36
MZO,27,7,2.23,2.74,NA,NA,55.56,1.45,248.11,16.02,52.64,624.76
MZO,27,8,3.66,4.74,NA,NA,47.97,1.42,272.41,16.31,51.59,625.31
MZO,27,9,11.53,4.05,NA,NA,58.38,2.15,282.84,17.9,45.35,625.81
MZO,27,10,23.25,2.07,NA,NA,64.61,2.4,291.04,19.86,41.32,626.17
MZO,27,11,36.01,1.34,NA,NA,56.01,2.1,291.52,21.9,36.51,625.99
MZO,27,12,42.43,1.13,NA,NA,49.19,2.3,282.29,23.62,30.15,625.85
MZO,27,13,41.28,0.88,NA,NA,42.84,2.9,280.53,24.98,26.83,625.33
MZO,27,14,41.1,1.1,NA,NA,37.18,3.31,259.44,26.3,22.24,624.66
MZO,27,15,43.17,1.07,NA,NA,40.24,2.95,235.96,27.36,19.72,624.07
MZO,27,16,43.95,1.21,NA,NA,37.38,3.76,238.47,28.45,15.65,623.44
MZO,27,17,48.68,0.71,NA,NA,41.68,3.83,279.88,29.11,12.42,623.1
MZO,27,18,46.6,0.67,NA,NA,35.71,3.29,278.79,29.06,12.47,622.98
MZO,27,19,38.63,0.67,NA,NA,34.67,3.33,288.41,27.92,15.25,623.12
MZO,27,20,20.78,1.15,NA,NA,36.56,2.04,282,25.72,21.03,623.55
MZO,27,21,2.58,3.72,NA,NA,62.73,1.12,230.68,24.38,24.3,624.09
MZO,27,22,2.49,3.57,NA,NA,75.26,1.5,169.12,23.72,24.59,624.59
MZO,27,23,1.51,3.81,NA,NA,88.87,1.05,211.39,22.67,26.79,624.92
MZO,28,0,1.6,2.69,NA,NA,92.48,1.02,295.21,20.92,30.21,625
MZO,28,1,1.7,2.31,NA,NA,83.19,0.92,6.12,19.72,34.29,624.91
MZO,28,2,1.46,2.55,NA,NA,63.5,0.91,323.89,18.14,35.54,624.74
MZO,28,3,1.24,26.51,NA,NA,59.32,1.42,109.21,17.85,37.09,624.59
MZO,28,4,2.26,5.31,NA,NA,74.48,1.35,127.33,17.71,36.34,624.36
MZO,28,5,1.17,17.63,NA,NA,65.31,1.09,258.77,16.59,41.2,624.19
MZO,28,6,1.58,14.73,NA,NA,70.21,1.07,19,16.27,40.96,624.6
MZO,28,7,1.97,31.48,NA,NA,70.55,0.88,37.29,16.33,41.99,624.96
MZO,28,8,4.1,44.07,NA,NA,75.4,1.43,85.46,16.55,46.04,625.2
MZO,28,9,14.87,63.29,NA,NA,82.93,2.24,105.64,18.42,50.71,625.44
MZO,28,10,27.02,79.39,NA,NA,92.65,3,96.45,21.04,48.01,625.51
MZO,28,11,38.97,9.01,NA,NA,76.73,2.38,113.94,22.8,42.44,625.27
MZO,28,12,49.19,3.61,NA,NA,60.78,2.03,135.67,24.96,33.07,624.96
MZO,28,13,28.78,3.08,NA,NA,59.99,2.45,267.38,26.6,24.15,623.16
MZO,28,14,NA,3.53,NA,NA,NA,3.36,NA,14.01,NA,NA
MZO,28,15,0.99,3.36,NA,NA,NA,3.44,NA,10.33,NA,NA
MZO,28,16,1.09,2.76,NA,NA,NA,4.44,NA,11.58,NA,NA
MZO,28,17,44.12,1.22,NA,NA,NA,4.65,267.03,29.55,13.2,622.1
MZO,28,18,35.41,1.26,NA,NA,NA,4.61,240.77,29.13,12.42,622.19
MZO,28,19,26.98,1.78,NA,NA,56.51,3.45,243.64,28.23,17.48,622.31
MZO,28,20,12.01,3.36,NA,NA,51.08,2.45,251.71,26.26,22.53,622.71
MZO,28,21,10.41,2.95,NA,NA,71.41,2.32,239.15,24.33,25.29,623.17
MZO,28,22,16.79,1.99,NA,NA,77.54,2.8,221.29,23.56,24.95,623.66
MZO,28,23,16.09,1.6,NA,NA,55.73,2.08,238.97,21.67,30.76,624.04
MZO,29,0,6.02,4.34,NA,NA,61.16,0.94,28.07,20.2,34.59,624.22
MZO,29,1,7.19,1.26,NA,NA,70.85,0.97,11.37,19.33,36.41,624.18
MZO,29,2,7.9,1.13,NA,NA,56.09,0.63,242.46,19.13,36.19,624.01
MZO,29,3,2.43,1.77,NA,NA,40.07,0.89,324.53,18.21,39.26,623.81
MZO,29,4,1.97,2.29,NA,NA,39.55,1.21,284.84,16.54,42.71,623.77
MZO,29,5,1.73,0.67,NA,NA,48.9,0.53,294.96,15.37,44.37,623.68
MZO,29,6,1.17,1.9,NA,NA,41.14,1.04,290.63,14.34,48.38,623.89
MZO,29,7,0.99,4.98,NA,NA,60.41,0.84,221.83,14.21,48.92,624.29
MZO,29,8,1.25,7.19,NA,NA,93.99,0.78,277.43,15.79,46.19,624.64
MZO,29,9,5.23,4.72,NA,NA,143.82,1.32,298,18.1,42.37,625.01
MZO,29,10,23.65,2.27,NA,NA,NA,1.35,280.63,21.49,34.92,625.17
MZO,29,11,31.07,2.28,NA,NA,NA,2.13,240.69,23.67,32.74,625
MZO,29,12,37.92,1.92,NA,NA,NA,3.6,234.32,25.32,25.69,624.53
MZO,29,13,39.54,1.33,NA,NA,70.97,4.19,253.27,26.83,20.18,623.72
MZO,29,14,44.22,1.05,NA,NA,58.96,5.66,238.14,27.73,14.26,622.91
MZO,29,15,44.26,0.98,NA,NA,73.73,5.47,241.97,28.37,12.87,622.39
MZO,29,16,43.33,0.99,NA,NA,100.89,5.14,253.13,28.83,11.66,621.9
MZO,29,17,NA,NA,NA,NA,NA,NA,NA,NA,NA,NA
MZO,29,18,NA,NA,NA,NA,NA,NA,NA,NA,NA,NA
MZO,29,19,NA,NA,NA,NA,NA,NA,NA,NA,NA,NA
MZO,29,20,NA,NA,NA,NA,NA,NA,NA,NA,NA,NA
MZO,29,21,NA,NA,NA,NA,NA,NA,NA,NA,NA,NA
MZO,29,22,NA,NA,NA,NA,NA,NA,NA,NA,NA,NA
MZO,29,23,NA,NA,NA,NA,NA,NA,NA,NA,NA,NA
MZO,30,0,NA,NA,NA,NA,NA,NA,NA,NA,NA,NA
MZO,30,1,12.26,0.67,NA,NA,47.55,1.7,305.12,19.2,37.69,623.57
MZO,30,2,9.26,1.36,NA,NA,43.78,1.67,303.49,18.51,40.23,623.26
MZO,30,3,8.1,0.73,NA,NA,39.62,1.27,232.43,18.06,41.72,623.18
MZO,30,4,5.12,0.76,NA,NA,41.24,1.13,297.92,17.17,44.58,623.14
MZO,30,5,0.99,0.88,NA,NA,42.23,0.98,275.57,16.98,45.44,623.24
MZO,30,6,4.19,0.84,NA,NA,51.84,1.28,291.27,16.71,44.04,623.49
MZO,30,7,9.99,1.36,NA,NA,48.16,2.03,296.93,16.16,44.49,623.86
MZO,30,8,5.68,2.07,NA,NA,51.47,1.42,292.48,16.67,41.61,624.19
MZO,30,9,14.47,1.95,NA,NA,67.8,1.63,290.37,18.66,37.74,624.73
MZO,30,10,23.85,1.96,NA,NA,59.17,1.88,250.44,20.45,36.86,624.85
MZO,30,11,30.54,1.99,NA,NA,54.97,2.18,246.69,22.33,35.04,624.57
MZO,30,12,35.2,1.96,NA,NA,47.24,2.75,258.32,24.56,26.93,624.03
MZO,30,13,37.86,1.19,NA,NA,42.82,3.83,256.66,25.8,21.88,623.47
MZO,30,14,41.48,1.18,NA,NA,45.14,4.55,248.1,27.1,17.12,622.67
MZO,30,15,44.72,1.32,NA,NA,51.42,4.46,247.22,28.34,12.49,621.85
MZO,30,16,49.63,1.71,NA,NA,46.25,5.26,243.96,29.19,7.47,621.27
MZO,30,17,51.88,1.64,NA,NA,59.76,4.85,251.7,29.75,7.91,620.91
MZO,30,18,NA,NA,NA,NA,NA,NA,NA,NA,NA,NA
MZO,30,19,NA,NA,NA,NA,NA,NA,NA,NA,NA,NA
MZO,30,20,12.3,3.4,NA,NA,53.82,3.35,262.69,26.16,19.57,621.37
MZO,30,21,7.79,3.77,NA,NA,77.15,2.42,228.58,24.82,19.9,621.82
MZO,30,22,13.28,3.18,NA,NA,83.26,2.44,173.42,24.35,23.52,622.47
MZO,30,23,10.36,3.43,NA,NA,70.54,1.51,238.33,23.11,26.11,622.8
MZO,31,0,3.85,3.43,NA,NA,70.59,1.37,316.95,20.64,32.97,623.04
MZO,31,1,1.97,3.49,NA,NA,68.17,1.23,290.95,20.3,33.11,623.02
MZO,31,2,0.99,2.94,NA,NA,87.58,0.69,297.11,19.4,35.4,623.09
MZO,31,3,9.48,2.16,NA,NA,66.72,1.19,207.63,19.62,34.74,622.82
MZO,31,4,19.02,1.28,NA,NA,59.61,1.7,212.95,18.82,36.01,622.62
MZO,31,5,10.86,1.44,NA,NA,49.82,1.3,270.98,17.71,40.08,622.63
MZO,31,6,5.34,2.07,NA,NA,47.76,1.09,294.43,16.95,42.78,622.74
MZO,31,7,0.99,2.67,NA,NA,45.85,0.96,289.45,16.42,44.91,622.96
MZO,31,8,0.99,3.51,NA,NA,57.84,0.78,140.99,18.14,42.22,623.34
MZO,31,9,11.86,5.24,NA,NA,61.22,1.01,137.33,20.2,38.26,623.66
MZO,31,10,20.94,6.71,NA,NA,76.01,1.59,195.54,22.07,34.33,623.75
MZO,31,11,33.14,3.48,NA,NA,85.59,2.22,269.05,23.8,30.68,623.55
MZO,31,12,40.54,16.61,NA,NA,67.65,3.48,NA,25.84,19.79,623.16
MZO,31,13,42.61,26.93,NA,NA,56.95,4.11,NA,26.85,18.25,622.6
MZO,31,14,47.26,1.41,NA,NA,55.21,5.15,257.81,28.14,12,621.92
MZO,31,15,41.22,1.51,NA,NA,73.73,5.95,245.27,29.01,9.95,621.43
MZO,31,16,28.84,2.27,NA,NA,92.48,6.57,249.98,28.93,13.8,621.01
MZO,31,17,30.91,1.94,NA,NA,106.29,6.66,255.95,29.17,14.34,620.77
MZO,31,18,27,1.78,NA,NA,81.31,6.65,248.96,28.33,16.94,620.76
MZO,31,19,20.55,2.08,NA,NA,75.85,4.29,244.32,26.77,20.97,621.19
MZO,31,20,16.34,2.5,NA,NA,53.9,3.91,239.51,24.89,25.13,621.84
MZO,31,21,NA,NA,NA,NA,NA,NA,NA,NA,NA,NA
MZO,31,22,NA,NA,NA,NA,NA,NA,NA,NA,NA,NA
MZO,31,23,NA,NA,NA,NA,NA,NA,NA,NA,NA,NA
