DATOS HORARIOS 2022_DIF,,,,,,,,,,,,,,
NOTA: LOS DATOS SON PREVALIDADOS,,,,,,,,,,,,,,
,,,,,,,,,,,,,,
MES,DIA,HORA,O3 [ppm],SO2 [ppm],CO [ppm],NO2 [ppm],PM10 [µg/m³],PM2.5 [µg/m³],TEMP,WS,WD,HR,PBAR,UV
ENERO,1,0,0.0032,0.0109,1.7892,0.03610,125,55,15.07,1.00,292.93,48.69,623.41,0.01
ENERO,1,1,0.0031,0.0241,2.2059,0.04362,262,130,14.23,1.22,297.76,53.27,623.46,0.01
ENERO,1,2,0.0058,0.0252,2.8837,0.04528,561,369,13.15,0.97,286.74,55.83,623.46,0.01
ENERO,1,3,0.0098,0.0248,3.8884,0.04777,572,402,12.60,0.78,269.66,55.80,623.30,0.01
ENERO,1,4,0.0074,0.0135,2.7654,0.04329,440,390,11.87,0.93,236.41,59.53,623.36,0.01
ENERO,1,5,0.0097,0.0095,2.1165,0.03629,161,194,11.68,1.26,228.27,63.69,623.36,0.01
ENERO,1,6,0.0070,0.0077,1.8281,0.02851,118,123,10.54,1.62,278.83,65.18,623.60,0.01
ENERO,1,7,0.0034,0.0069,1.7335,0.02693,81,79,9.83,1.10,241.26,65.19,623.86,0.01
ENERO,1,8,0.0039,0.0065,1.7516,0.02412,79,70,9.48,0.88,249.12,67.03,624.17,0.06
ENERO,1,9,0.0068,0.0067,1.5890,0.01827,70,74,12.21,0.96,266.77,55.09,624.73,0.44
ENERO,1,10,0.0166,0.0066,1.4316,0.01277,59,65,15.95,1.31,263.90,47.18,625.19,1.16
ENERO,1,11,0.0293,0.0067,1.2526,0.00604,36,39,18.28,1.73,266.66,46.15,625.31,2.05
ENERO,1,12,0.0337,0.0067,1.2048,0.00606,16,30,20.16,2.01,242.41,41.25,624.89,2.79
ENERO,1,13,0.0341,0.0060,1.1118,0.00433,7,20,22.00,2.36,244.68,31.97,624.08,3.22
ENERO,1,14,0.0336,0.0056,1.0658,0.00308,4,18,23.67,3.40,264.99,24.88,623.12,3.20
ENERO,1,15,0.0407,0.0057,1.0635,0.00391,8,14,24.81,2.93,272.32,26.31,622.35,2.60
ENERO,1,16,0.0362,0.0057,1.0357,0.00350,14,19,25.33,3.46,283.13,24.54,621.79,1.80
ENERO,1,17,0.0348,0.0059,1.0648,0.00481,17,12,25.70,3.55,262.79,22.28,621.65,0.95
ENERO,1,18,0.0349,0.0055,1.0824,0.00529,27,12,24.88,2.91,257.79,23.76,621.80,0.28
ENERO,1,19,0.0185,0.0063,1.5868,0.03301,64,14,22.84,1.68,237.46,27.94,622.15,0.02
ENERO,1,20,0.0127,0.0066,1.3934,0.02963,81,31,21.09,2.39,216.77,29.30,622.60,0.01
ENERO,1,21,0.0140,0.0058,1.2963,0.02421,55,25,19.44,1.84,237.91,32.79,623.16,0.01
ENERO,1,22,0.0120,0.0063,1.3650,0.02476,53,15,17.97,1.28,243.65,36.12,623.58,0.01
ENERO,1,23,0.0042,0.0073,1.9964,0.03686,94,30,16.78,0.74,202.46,39.72,623.79,0.01
ENERO,2,0,0.0009,0.0066,2.1551,0.03880,134,63,15.95,0.96,216.33,42.24,623.74,0.01
ENERO,2,1,NA,0.0064,2.1739,0.03681,105,58,14.82,0.78,205.48,46.04,623.67,0.01
ENERO,2,2,NA,0.0061,1.7760,0.03235,104,56,13.25,1.13,271.19,50.89,623.67,0.01
ENERO,2,3,0.0017,0.0065,1.4242,0.03022,62,42,12.35,1.03,255.63,54.47,623.59,0.01
ENERO,2,4,0.0059,0.0071,1.3257,0.02064,49,35,12.46,0.93,214.31,53.82,623.46,0.01
ENERO,2,5,NA,0.0086,1.4123,0.02657,42,26,11.52,1.31,82.53,58.10,623.55,0.01
ENERO,2,6,NA,0.0085,1.5614,0.02856,99,38,10.39,0.84,92.04,64.47,623.77,0.01
ENERO,2,7,NA,0.0071,1.5786,0.02904,88,48,10.26,1.31,88.17,64.83,624.11,0.01
ENERO,2,8,0.0005,0.0070,1.6200,0.02752,69,27,10.09,1.31,93.34,64.02,624.49,0.07
ENERO,2,9,0.0051,0.0374,1.6589,0.02395,64,44,12.24,1.77,103.73,55.09,625.09,0.47
ENERO,2,10,0.0134,0.0269,1.6322,0.02504,68,34,15.37,1.88,95.68,46.02,625.50,1.21
ENERO,2,11,0.0261,0.0405,1.6377,0.01950,53,37,18.88,1.81,104.79,37.44,625.64,2.09
ENERO,2,12,0.0361,0.0523,1.7749,0.01464,49,31,21.34,1.59,141.97,32.33,625.45,2.80
ENERO,2,13,0.0458,0.0622,1.8532,0.01773,36,23,22.97,1.59,167.44,29.17,624.61,3.01
ENERO,2,14,0.0510,0.0460,1.4844,0.01549,37,29,24.68,1.90,170.58,26.75,623.66,2.94
ENERO,2,15,0.0427,0.0184,1.3140,0.01298,18,34,26.78,1.87,132.68,18.68,622.90,2.56
ENERO,2,16,0.0410,0.0138,1.2701,0.00917,12,20,27.79,2.08,148.32,14.39,622.49,1.80
ENERO,2,17,0.0405,0.0053,1.1143,0.00493,11,9,28.09,1.95,158.08,11.29,622.35,0.99
ENERO,2,18,0.0365,0.0057,1.3069,0.01874,30,7,27.08,2.10,112.87,13.44,622.47,0.29
ENERO,2,19,0.0111,0.0137,2.5106,0.05808,65,8,24.46,2.24,109.35,19.68,622.95,0.02
ENERO,2,20,0.0216,0.0389,1.3771,0.02093,95,25,21.81,4.14,58.13,29.05,623.78,0.01
ENERO,2,21,0.0228,0.0073,1.2762,0.01382,104,13,19.09,5.77,82.91,37.83,624.56,0.01
ENERO,2,22,0.0262,0.0067,1.2002,0.00867,188,13,16.84,7.40,86.42,48.88,625.11,0.01
ENERO,2,23,0.0256,0.0062,1.1434,0.00679,154,23,15.18,5.93,78.31,54.73,625.71,0.01
ENERO,3,0,0.0258,0.0058,1.1237,0.00463,67,16,14.06,5.49,72.79,56.20,626.05,0.01
ENERO,3,1,0.0265,0.0057,1.0943,0.00319,63,11,13.13,5.94,71.32,60.23,625.99,0.01
ENERO,3,2,0.0264,0.0056,1.0977,0.00369,43,17,12.65,5.51,70.99,63.64,625.96,0.01
ENERO,3,3,0.0259,0.0056,1.0998,0.00331,32,15,11.95,4.50,74.30,66.27,625.83,0.01
ENERO,3,4,0.0267,0.0055,1.0984,0.00287,26,13,11.86,4.78,73.56,66.72,625.60,0.01
ENERO,3,5,0.0264,0.0055,1.1022,0.00348,27,8,11.60,4.32,71.11,67.83,625.77,0.01
ENERO,3,6,0.0258,0.0055,1.1422,0.00557,22,16,11.48,3.77,79.23,68.08,626.08,0.01
ENERO,3,7,0.0215,0.0055,1.2353,0.01174,32,19,11.05,3.23,81.56,69.45,626.46,0.01
ENERO,3,8,0.0159,0.0054,1.3589,0.01991,30,28,10.70,3.22,87.66,70.46,626.87,0.06
ENERO,3,9,0.0183,0.0055,1.3554,0.01564,38,8,12.04,4.25,79.07,65.78,627.44,0.44
ENERO,3,10,0.0243,0.0054,1.3207,0.01153,45,27,13.81,5.32,80.86,59.00,627.94,1.13
ENERO,3,11,0.0274,0.0055,1.3644,0.01150,45,13,15.41,5.13,81.04,53.48,627.90,1.95
ENERO,3,12,0.0313,0.0057,1.4264,0.01434,44,12,17.11,4.57,89.02,49.21,627.62,2.68
ENERO,3,13,0.0376,0.0068,1.4035,0.01594,41,17,18.88,3.54,86.65,45.32,626.85,3.05
ENERO,3,14,0.0451,0.0077,1.3250,0.01658,44,23,20.63,2.96,111.32,41.86,625.88,3.00
ENERO,3,15,0.0519,0.0075,1.3491,0.01651,46,25,22.86,1.92,147.79,37.35,625.11,2.53
ENERO,3,16,0.0589,0.0094,1.2843,0.01487,46,33,23.57,1.49,147.80,35.33,624.70,1.71
ENERO,3,17,0.0647,0.0104,1.2503,0.01378,47,24,24.13,1.70,220.07,33.26,624.59,0.86
ENERO,3,18,0.0593,0.0087,1.2019,0.01093,52,32,23.25,1.78,280.11,33.76,624.72,0.28
ENERO,3,19,0.0360,0.0097,1.8427,0.05018,79,21,21.28,1.20,281.56,38.05,624.91,0.02
ENERO,3,20,0.0028,0.0096,2.9801,0.10170,133,34,19.61,0.69,223.90,43.16,625.27,0.01
ENERO,3,21,0.0061,0.0098,2.9680,0.09655,159,45,18.37,0.51,266.33,47.11,625.70,0.01
ENERO,3,22,0.0101,0.0109,4.0257,0.08585,216,73,17.20,0.59,218.59,50.80,626.02,0.01
ENERO,3,23,0.0009,0.0134,3.6386,0.08818,232,95,16.62,1.05,151.01,52.60,626.25,0.01
ENERO,4,0,0.0085,0.0246,1.7509,0.04538,140,76,15.63,1.71,109.81,54.23,626.47,0.01
ENERO,4,1,0.0055,0.0211,1.5739,0.04686,95,39,14.85,1.55,111.44,56.53,626.51,0.01
ENERO,4,2,0.0045,0.0212,1.4673,0.04140,83,34,13.62,2.55,99.77,59.17,626.38,0.01
ENERO,4,3,0.0056,0.0159,1.3560,0.03217,53,32,12.65,1.82,99.29,61.78,626.13,0.01
ENERO,4,4,NA,0.0250,1.3998,0.04113,78,25,11.92,1.93,89.20,64.85,626.04,0.01
ENERO,4,5,NA,0.0082,1.3496,0.04080,64,32,11.23,2.17,91.79,66.35,626.04,0.01
ENERO,4,6,NA,0.0076,1.3856,0.03882,51,20,10.54,1.95,94.67,68.26,626.05,0.01
ENERO,4,7,NA,0.0072,1.4611,0.03648,50,28,10.01,2.12,95.82,69.53,626.29,0.01
ENERO,4,8,0.0006,0.0080,1.6049,0.03434,55,24,9.74,2.60,90.09,69.94,626.56,0.06
ENERO,4,9,0.0026,0.0110,1.6972,0.03444,68,34,11.14,2.72,94.42,64.19,626.92,0.43
ENERO,4,10,0.0087,0.0507,1.7285,0.03548,88,32,14.06,3.18,95.39,55.73,627.14,1.13
ENERO,4,11,0.0219,0.0184,1.6048,0.03359,66,33,17.43,2.13,111.63,48.58,626.96,1.96
ENERO,4,12,0.0367,0.0132,1.5360,0.03349,67,37,21.05,1.41,177.47,39.89,626.26,2.71
ENERO,4,13,0.0535,0.0090,1.3715,0.01843,63,39,23.11,1.69,185.64,35.02,625.30,3.07
ENERO,4,14,0.0525,0.0066,1.2258,0.00873,32,30,24.85,2.05,249.96,27.81,624.05,3.19
ENERO,4,15,0.0549,0.0063,1.1754,0.00702,14,21,26.17,2.07,220.00,23.59,623.16,2.69
ENERO,4,16,0.0583,0.0060,1.1687,0.00749,28,12,26.94,2.44,262.57,21.10,622.57,1.84
ENERO,4,17,0.0606,0.0059,1.1710,0.00725,34,13,26.98,2.26,273.64,18.51,622.45,0.99
ENERO,4,18,0.0593,0.0061,1.2339,0.01360,40,13,26.81,1.38,272.14,18.18,622.41,0.30
ENERO,4,19,0.0225,0.0066,2.4270,0.07100,73,18,24.01,0.98,243.89,21.42,622.60,0.02
ENERO,4,20,0.0022,0.0086,4.7005,0.09386,176,33,21.02,0.49,195.16,27.98,622.92,0.01
ENERO,4,21,0.0023,0.0105,6.5456,NA,273,56,19.41,0.93,177.38,31.61,623.34,0.01
ENERO,4,22,0.0037,0.0076,2.8702,0.07607,216,90,18.32,1.07,233.46,32.13,623.74,0.01
ENERO,4,23,0.0116,0.0059,1.8226,0.05002,105,50,17.29,1.55,283.75,37.36,623.97,0.01
ENERO,5,0,0.0048,0.0061,1.8914,0.06214,92,38,16.42,1.10,270.26,40.79,624.12,0.01
ENERO,5,1,0.0004,0.0067,1.9357,0.06377,92,41,15.20,0.80,244.41,44.94,623.94,0.01
ENERO,5,2,0.0016,0.0074,1.7558,0.06343,100,47,14.61,1.74,142.95,45.79,623.81,0.01
ENERO,5,3,0.0013,0.0115,1.6412,0.05815,93,55,13.37,1.59,91.19,50.43,623.61,0.01
ENERO,5,4,0.0005,0.0107,1.6734,0.06332,90,48,12.80,1.47,105.90,49.88,623.32,0.01
ENERO,5,5,0.0078,0.0428,1.5344,0.04944,79,46,12.87,2.13,111.63,47.91,623.02,0.01
ENERO,5,6,0.0063,0.0389,1.5699,0.05190,81,41,12.28,2.07,109.26,50.52,623.09,0.01
ENERO,5,7,0.0010,0.0337,1.6723,0.05966,77,32,11.39,2.14,105.02,53.37,623.20,0.01
ENERO,5,8,0.0009,0.0566,1.9064,0.05890,100,51,11.05,2.14,104.18,55.59,623.51,0.06
ENERO,5,9,0.0058,0.0575,1.9503,0.04919,123,46,12.61,2.30,102.17,50.91,623.97,0.43
ENERO,5,10,0.0150,0.0567,1.8200,0.04228,91,54,16.08,2.06,106.93,46.41,624.45,1.14
ENERO,5,11,0.0305,0.0136,1.5717,0.03141,67,44,19.56,1.33,164.50,40.99,624.27,2.00
ENERO,5,12,0.0436,0.0082,1.3860,0.01481,50,36,22.20,2.27,241.81,36.65,623.75,2.79
ENERO,5,13,0.0488,0.0067,1.2426,0.00794,22,26,23.64,2.74,269.74,33.01,622.99,3.19
ENERO,5,14,0.0550,0.0066,1.2467,0.00949,21,29,25.20,3.21,266.90,31.08,621.95,3.10
ENERO,5,15,0.0579,0.0062,1.2403,0.00986,21,19,26.34,2.93,252.10,28.16,620.99,2.60
ENERO,5,16,0.0533,0.0059,1.2101,0.00839,29,17,27.60,3.15,262.64,23.45,620.40,1.73
ENERO,5,17,0.0542,0.0058,1.2230,0.01020,49,9,27.60,3.49,278.66,22.28,620.13,0.91
ENERO,5,18,0.0480,0.0058,1.2797,0.01539,51,21,26.78,2.89,263.45,22.87,620.10,0.28
ENERO,5,19,0.0259,0.0056,1.4856,0.03317,61,16,24.26,2.58,241.85,24.51,620.33,0.02
ENERO,5,20,0.0218,0.0056,1.5562,0.03861,64,19,22.36,2.49,246.85,26.21,620.76,0.01
ENERO,5,21,0.0212,0.0057,1.6581,0.04179,63,16,20.56,1.96,263.23,28.82,621.28,0.01
ENERO,5,22,0.0111,0.0058,1.8326,0.04660,91,19,19.23,1.72,221.41,32.34,621.80,0.01
ENERO,5,23,0.0152,0.0057,1.4969,0.02982,82,29,18.32,1.54,273.23,36.82,622.01,0.01
ENERO,6,0,0.0144,0.0058,1.6045,0.02744,59,18,17.31,1.78,259.95,40.92,622.17,0.01
ENERO,6,1,0.0056,0.0058,1.5525,0.04103,65,27,15.85,1.24,274.85,45.79,622.17,0.01
ENERO,6,2,NA,0.0061,1.7670,0.04622,61,26,14.62,0.93,236.86,50.38,621.97,0.01
ENERO,6,3,NA,0.0063,1.6181,0.04336,65,29,13.24,0.83,276.14,54.16,621.80,0.01
ENERO,6,4,NA,0.0066,1.5673,0.03905,60,30,12.67,0.76,266.37,56.42,621.59,0.01
ENERO,6,5,NA,0.0174,1.7088,0.03868,70,40,12.10,0.80,212.48,58.69,621.57,0.01
ENERO,6,6,NA,0.0172,1.6974,0.04643,104,49,11.67,1.08,107.18,58.93,621.76,0.01
ENERO,6,7,NA,0.0335,1.7094,0.05147,79,44,11.13,1.54,93.79,57.43,621.97,0.01
ENERO,6,8,NA,0.0171,2.0233,0.05367,86,47,11.06,1.33,97.08,57.99,622.26,0.06
ENERO,6,9,0.0023,0.0321,2.1640,0.05368,93,39,13.35,1.48,105.76,52.32,622.88,0.44
ENERO,6,10,0.0135,0.0350,1.8210,0.04386,101,44,16.60,1.45,81.43,49.34,623.34,1.15
ENERO,6,11,0.0264,0.0371,1.7000,0.03934,79,56,19.73,1.36,106.08,41.87,623.42,2.00
ENERO,6,12,0.0395,0.0197,1.4695,0.03141,67,39,22.26,1.65,231.27,36.08,623.13,2.64
ENERO,6,13,0.0463,0.0086,1.2474,0.01043,31,38,24.03,2.32,262.75,29.95,622.40,3.18
ENERO,6,14,0.0531,0.0072,1.2100,0.00799,11,30,25.57,2.79,276.73,25.38,621.41,3.16
ENERO,6,15,0.0541,0.0063,1.1660,0.00626,15,24,26.64,2.66,281.23,22.49,620.77,2.57
ENERO,6,16,0.0463,0.0057,1.1540,0.00659,22,10,27.22,2.85,275.83,19.35,620.37,1.82
ENERO,6,17,0.0467,0.0058,1.1897,0.00913,37,13,27.31,3.08,269.76,20.06,620.22,0.95
ENERO,6,18,0.0438,0.0057,1.1780,0.01071,36,31,26.56,2.38,278.07,20.31,620.26,0.30
ENERO,6,19,0.0149,0.0062,1.8666,0.05265,55,13,24.14,1.29,242.81,24.03,620.61,0.02
ENERO,6,20,0.0061,0.0062,1.7495,0.04945,81,18,22.54,1.97,212.65,24.08,621.05,0.01
ENERO,6,21,0.0052,0.0059,1.6668,0.04294,79,25,20.34,1.53,255.86,27.34,621.59,0.01
ENERO,6,22,0.0021,0.0058,1.7338,0.04271,82,18,19.09,1.77,236.78,29.13,621.99,0.01
ENERO,6,23,0.0065,0.0057,1.5374,0.03004,55,21,18.54,1.78,154.51,29.41,622.38,0.01
ENERO,7,0,0.0038,0.0083,1.7687,0.04206,75,16,17.21,1.19,121.29,34.80,622.74,0.01
ENERO,7,1,0.0014,0.0088,1.6541,0.04253,102,34,15.59,2.52,90.10,38.58,622.87,0.01
ENERO,7,2,0.0077,0.0138,1.3359,0.03320,80,38,14.49,2.45,97.23,41.46,623.04,0.01
ENERO,7,3,0.0159,0.0133,1.2790,0.02421,53,24,13.87,1.72,97.07,45.44,623.01,0.01
ENERO,7,4,0.0185,0.0227,1.2567,0.01991,52,23,13.15,2.16,91.99,51.01,622.86,0.01
ENERO,7,5,0.0170,0.0173,1.2610,0.02266,56,25,12.39,2.67,83.21,56.37,622.87,0.01
ENERO,7,6,0.0170,0.0126,1.2927,0.02420,45,22,11.98,2.81,93.27,58.33,623.11,0.01
ENERO,7,7,0.0173,0.0170,1.3736,0.02565,48,21,11.36,2.61,94.02,61.82,623.49,0.01
ENERO,7,8,0.0110,0.0194,1.4933,0.03496,60,18,10.79,2.58,89.20,66.17,623.96,0.06
ENERO,7,9,0.0129,0.0144,1.6533,0.03393,70,26,12.31,2.98,90.39,62.57,624.67,0.43
ENERO,7,10,0.0222,0.0133,1.6129,0.02589,59,31,15.44,3.34,99.72,53.87,625.08,1.12
ENERO,7,11,0.0326,0.0096,1.5717,0.02211,54,24,17.94,3.63,107.59,44.79,625.12,1.95
ENERO,7,12,0.0409,0.0070,1.5199,0.02002,43,23,19.94,3.01,98.34,40.50,624.75,2.70
ENERO,7,13,0.0542,0.0071,1.4302,0.01536,41,28,22.20,2.06,123.97,35.15,624.04,3.03
ENERO,7,14,0.0605,0.0068,1.3109,0.01384,42,25,24.85,1.72,139.74,28.09,623.02,3.05
ENERO,7,15,0.0584,0.0069,1.3160,0.01509,32,29,26.31,1.84,171.92,22.43,622.13,2.51
ENERO,7,16,0.0553,0.0061,1.2083,0.00891,30,35,26.96,2.16,245.93,20.95,621.61,1.81
ENERO,7,17,0.0470,0.0057,1.1813,0.00722,28,16,26.93,2.59,277.18,18.76,621.55,0.95
ENERO,7,18,0.0449,0.0058,1.2847,0.01536,33,11,25.94,1.50,272.08,18.50,621.77,0.28
ENERO,7,19,0.0167,0.0066,1.8967,0.06301,71,17,23.00,2.09,170.36,33.81,622.00,0.02
ENERO,7,20,0.0069,0.0073,2.1478,0.07174,103,21,21.26,1.81,174.25,39.86,622.37,0.01
ENERO,7,21,0.0080,0.0069,1.9420,0.06154,93,30,19.75,1.46,199.77,41.91,622.95,0.01
ENERO,7,22,0.0061,0.0072,2.3079,0.05946,98,31,18.97,1.32,143.40,48.32,623.39,0.01
ENERO,7,23,0.0079,0.0071,1.7448,0.04274,82,37,18.00,1.25,158.22,57.64,623.69,0.01
ENERO,8,0,0.0141,0.0071,1.6980,0.04408,62,31,17.40,1.48,105.99,60.21,623.69,0.01
ENERO,8,1,0.0103,0.0150,1.5064,0.03760,75,37,16.26,1.97,96.80,62.96,623.80,0.01
ENERO,8,2,0.0098,0.0120,1.4637,0.03659,66,35,15.73,1.23,184.31,63.20,623.97,0.01
ENERO,8,3,0.0038,0.0104,1.5232,0.04788,60,36,14.09,1.16,267.44,68.66,623.92,0.01
ENERO,8,4,0.0043,0.0102,1.4685,0.04611,54,36,13.73,1.13,263.01,70.56,623.76,0.01
ENERO,8,5,0.0024,0.0086,1.4461,0.04174,62,38,13.22,0.97,220.79,71.27,623.88,0.01
ENERO,8,6,0.0013,0.0078,1.6298,0.03960,61,37,12.78,0.77,189.63,72.31,624.31,0.01
ENERO,8,7,0.0093,0.0087,1.8740,0.04133,83,43,12.39,1.10,93.55,74.12,624.97,0.01
ENERO,8,8,0.0108,0.0093,2.4076,0.04174,140,81,12.23,1.28,119.14,73.57,625.41,0.05
ENERO,8,9,0.0031,0.0102,1.9992,0.04379,128,73,13.05,1.79,93.36,68.79,626.10,0.41
ENERO,8,10,0.0092,0.0141,1.9097,0.04497,105,58,16.10,1.80,102.51,58.30,626.47,1.02
ENERO,8,11,0.0258,0.0136,1.6149,0.02980,74,59,19.99,1.07,165.44,46.48,626.56,1.87
ENERO,8,12,0.0378,0.0111,1.4481,0.02036,59,41,21.23,1.56,224.93,43.52,626.10,2.46
ENERO,8,13,0.0479,0.0097,1.4286,0.01749,56,38,22.56,1.78,162.83,38.17,625.50,2.95
ENERO,8,14,0.0414,0.0066,1.2552,0.00676,31,28,23.95,3.18,268.87,31.12,624.73,3.08
ENERO,8,15,0.0426,0.0060,1.2442,0.00646,11,17,24.99,2.77,261.89,26.83,624.02,2.54
ENERO,8,16,0.0493,0.0061,1.1925,0.00506,24,20,25.36,2.65,275.70,25.95,623.54,1.65
ENERO,8,17,0.0483,0.0060,1.2112,0.00568,34,20,25.23,2.54,280.38,24.56,623.46,0.94
ENERO,8,18,0.0437,0.0059,1.1843,0.00782,32,16,24.85,2.23,278.12,23.77,623.68,0.31
ENERO,8,19,0.0249,0.0060,1.5099,0.03422,57,9,22.55,1.26,293.52,28.29,624.03,0.02
ENERO,8,20,0.0024,0.0067,2.4153,0.07064,78,19,20.90,0.91,223.68,32.33,624.51,0.01
ENERO,8,21,0.0014,0.0075,3.2750,0.06918,135,36,19.37,1.25,149.85,34.94,625.13,0.01
ENERO,8,22,0.0012,0.0074,3.3437,0.06395,127,46,18.10,1.17,174.31,37.47,625.71,0.01
ENERO,8,23,NA,0.0066,2.2747,0.05564,128,46,16.61,1.56,253.11,40.15,625.98,0.01
ENERO,9,0,NA,0.0062,1.9573,0.04860,107,39,14.84,1.31,282.55,44.94,626.03,0.01
ENERO,9,1,0.0171,0.0182,1.8975,0.04776,107,40,14.00,1.68,114.19,51.32,626.18,0.01
ENERO,9,2,0.0047,0.0240,1.8069,0.04497,106,48,13.64,0.90,146.01,56.60,626.06,0.01
ENERO,9,3,0.0087,0.0136,1.8943,0.04045,96,41,12.55,0.72,226.69,59.69,625.80,0.01
ENERO,9,4,0.0040,0.0130,1.7506,0.04140,85,43,12.23,1.12,143.71,56.77,625.60,0.01
ENERO,9,5,0.0021,0.0351,1.5922,0.04106,95,47,11.86,1.33,155.16,54.05,625.72,0.01
ENERO,9,6,0.0016,0.0279,1.6145,0.03893,104,49,11.09,1.07,195.08,56.13,626.04,0.01
ENERO,9,7,0.0008,0.0108,1.6450,0.03566,88,41,9.31,0.91,283.32,63.77,626.55,0.01
ENERO,9,8,0.0009,0.0096,1.8998,0.03403,90,29,9.55,0.91,216.94,62.00,627.03,0.06
ENERO,9,9,0.0039,0.0145,2.0069,0.04218,102,42,12.30,0.76,271.68,50.69,627.71,0.40
ENERO,9,10,0.0155,0.0165,1.8702,0.04109,101,73,15.82,1.15,151.73,42.74,627.99,1.05
ENERO,9,11,0.0313,0.0134,1.7106,0.03461,84,70,18.45,1.12,168.57,36.73,628.02,1.87
ENERO,9,12,0.0502,0.0207,1.5705,0.02181,78,54,20.97,1.44,226.12,31.56,627.55,2.61
ENERO,9,13,0.0549,0.0186,1.4271,0.01315,50,48,22.83,1.55,190.11,27.90,626.77,3.10
ENERO,9,14,0.0522,0.0084,1.2850,0.00713,23,42,24.69,1.79,246.12,21.16,625.86,3.17
ENERO,9,15,0.0578,0.0174,1.4671,0.01303,21,30,26.26,1.82,180.64,19.54,625.07,2.57
ENERO,9,16,0.0637,0.0432,1.6757,0.01428,31,20,26.48,1.94,173.41,17.45,624.55,1.62
ENERO,9,17,0.0703,0.0271,1.5200,0.01401,39,24,26.83,1.52,207.01,18.28,624.33,0.83
ENERO,9,18,0.0614,0.0217,1.5216,0.02193,45,25,25.86,1.71,188.77,19.26,624.28,0.28
ENERO,9,19,0.0340,0.0159,1.8583,0.05090,86,25,23.17,1.96,219.90,21.85,624.61,0.03
ENERO,9,20,0.0186,0.0092,1.9032,0.05407,82,49,20.93,1.29,195.81,24.30,625.03,0.01
ENERO,9,21,0.0113,0.0106,2.1464,0.06909,100,20,20.52,2.07,102.00,26.27,625.69,0.01
ENERO,9,22,0.0132,0.0081,1.9564,0.04262,85,39,19.91,2.16,84.22,27.56,626.20,0.01
ENERO,9,23,0.0162,0.0065,1.5753,0.03418,88,23,18.92,2.72,74.23,32.54,626.52,0.01
ENERO,10,0,0.0197,0.0061,1.4356,0.02915,60,21,17.83,2.65,66.87,36.08,626.65,0.01
ENERO,10,1,0.0260,0.0060,1.3082,0.01627,48,14,16.79,2.35,86.55,38.36,626.66,0.01
ENERO,10,2,0.0275,0.0059,1.2398,0.01071,35,13,15.61,2.68,88.60,39.24,626.87,0.01
ENERO,10,3,0.0281,0.0062,1.2069,0.00776,34,12,14.83,2.94,96.57,54.30,626.99,0.01
ENERO,10,4,0.0281,0.0063,1.2056,0.00685,36,19,14.15,3.14,91.77,63.97,626.87,0.01
ENERO,10,5,0.0261,0.0062,1.2243,0.01021,36,26,13.64,2.75,95.01,68.24,627.16,0.01
ENERO,10,6,0.0291,0.0061,1.2399,0.00686,29,23,14.03,3.92,79.58,68.49,627.12,0.01
ENERO,10,7,0.0197,0.0061,1.4451,0.02092,36,23,13.41,3.04,99.25,70.23,627.41,0.01
ENERO,10,8,0.0117,0.0084,1.6359,0.03250,47,27,12.91,2.92,81.90,72.89,627.79,0.05
ENERO,10,9,0.0158,0.0069,1.7556,0.02835,57,31,13.94,3.03,77.05,71.25,628.26,0.38
ENERO,10,10,0.0257,0.0065,1.5230,0.01703,58,25,16.33,4.72,75.43,61.96,628.51,1.10
ENERO,10,11,0.0301,0.0059,1.4151,0.01311,99,31,18.15,6.15,76.99,50.42,628.46,1.70
ENERO,10,12,0.0340,0.0058,1.4197,0.01283,115,28,20.02,6.44,85.76,40.51,627.94,2.77
ENERO,10,13,0.0360,0.0056,1.3677,0.01122,168,35,21.09,7.23,80.51,36.97,627.24,3.03
ENERO,10,14,0.0349,0.0055,1.3772,0.01155,133,25,22.18,6.99,72.02,34.68,626.26,3.08
ENERO,10,15,0.0350,0.0054,1.4043,0.01292,85,21,22.98,6.00,74.44,32.39,625.53,2.52
ENERO,10,16,0.0335,0.0054,1.3509,0.01152,60,21,23.04,5.78,76.38,32.31,625.12,1.68
ENERO,10,17,0.0310,0.0053,1.3861,0.01290,69,15,22.50,5.85,79.38,32.85,625.00,0.94
ENERO,10,18,0.0269,0.0053,1.3625,0.01183,74,15,20.78,6.54,79.06,38.02,625.37,0.28
ENERO,10,19,0.0208,0.0055,1.4005,0.01357,88,8,18.79,5.56,74.63,45.15,626.16,0.02
ENERO,10,20,0.0165,0.0081,1.3536,0.01388,122,2,17.49,5.88,63.12,51.45,626.84,0.01
ENERO,10,21,0.0170,0.0071,1.3287,0.01100,39,5,16.22,5.61,65.77,56.36,627.48,0.01
ENERO,10,22,0.0172,0.0064,1.3161,0.00794,25,9,15.01,5.14,70.90,60.88,627.98,0.01
ENERO,10,23,0.0179,0.0056,1.2686,0.00645,15,9,14.14,4.90,75.49,64.61,628.13,0.01
ENERO,11,0,0.0194,0.0053,1.1936,0.00420,66,8,13.56,4.68,74.84,66.55,628.22,0.01
ENERO,11,1,0.0200,0.0052,1.1927,0.00342,25,8,13.20,4.84,74.78,67.39,628.04,0.01
ENERO,11,2,0.0204,0.0052,1.1918,0.00336,6,7,13.07,3.93,77.18,66.80,628.04,0.01
ENERO,11,3,0.0202,0.0051,1.1956,0.00291,5,6,12.55,3.99,80.35,68.19,627.87,0.01
ENERO,11,4,0.0200,0.0051,1.1907,0.00375,2,8,12.32,3.80,78.19,68.60,627.59,0.01
ENERO,11,5,0.0191,0.0051,1.2079,0.00523,5,6,12.14,3.39,89.64,68.96,627.57,0.01
ENERO,11,6,0.0174,0.0051,1.2443,0.00603,9,4,11.66,3.50,83.29,70.68,627.71,0.01
ENERO,11,7,0.0133,0.0052,1.4292,0.01272,7,7,11.19,3.17,83.98,72.56,627.93,0.01
ENERO,11,8,0.0097,0.0053,1.5214,0.01850,14,8,11.03,3.35,79.53,72.92,628.24,0.06
ENERO,11,9,0.0145,0.0053,1.5124,0.01246,18,6,12.24,4.16,77.46,67.89,628.83,0.44
ENERO,11,10,0.0174,0.0052,1.5112,0.01048,18,5,14.06,4.50,73.67,61.46,629.15,1.10
ENERO,11,11,0.0216,0.0052,1.4356,0.01071,29,7,16.30,5.55,82.04,53.56,628.90,1.83
ENERO,11,12,0.0245,0.0051,1.4189,0.00986,64,12,17.46,6.94,87.33,48.00,628.45,2.56
ENERO,11,13,0.0281,0.0053,1.4168,0.01028,77,12,18.89,6.73,85.97,41.66,627.85,3.29
ENERO,11,14,0.0302,0.0054,1.4665,0.01369,66,10,20.27,5.91,83.50,37.44,626.88,3.19
ENERO,11,15,0.0328,0.0053,1.4195,0.01239,68,12,21.25,6.01,90.06,34.49,625.99,2.72
ENERO,11,16,0.0344,0.0056,1.3995,0.01373,58,18,21.97,5.51,95.08,32.39,625.44,1.90
ENERO,11,17,0.0312,0.0061,1.4491,0.01710,54,11,21.93,5.15,94.06,31.64,625.21,1.03
ENERO,11,18,0.0289,0.0058,1.4373,0.01792,61,12,20.76,5.08,89.65,33.38,625.34,0.33
ENERO,11,19,0.0201,0.0054,1.5623,0.02528,52,9,19.13,4.03,87.34,37.37,625.61,0.03
ENERO,11,20,0.0150,0.0056,1.5958,0.02733,61,7,17.86,4.22,76.77,40.34,626.06,0.01
ENERO,11,21,0.0178,0.0058,1.4156,0.01779,45,11,17.49,4.34,66.16,40.43,626.68,0.01
ENERO,11,22,0.0151,0.0076,1.3838,0.01681,32,9,16.39,3.54,71.30,45.97,627.19,0.01
ENERO,11,23,0.0153,0.0052,1.3653,0.01331,30,6,14.98,3.87,74.96,53.31,627.43,0.01
ENERO,12,0,0.0193,0.0051,1.2535,0.00803,23,9,14.41,4.17,73.01,56.52,627.52,0.01
ENERO,12,1,0.0204,0.0052,1.2268,0.00700,7,9,13.86,3.20,80.27,59.49,627.48,0.01
ENERO,12,2,0.0177,0.0053,1.2104,0.00861,10,7,12.82,2.62,88.48,64.76,627.44,0.01
ENERO,12,3,0.0170,0.0052,1.1994,0.00759,8,8,12.00,2.44,90.88,69.14,627.21,0.01
ENERO,12,4,0.0140,0.0050,1.2094,0.01239,9,7,11.40,2.38,94.25,72.59,626.86,0.01
ENERO,12,5,0.0097,0.0092,1.2343,0.01753,12,6,10.68,2.18,103.82,75.99,626.85,0.01
ENERO,12,6,0.0052,0.0240,1.2941,0.02228,23,4,9.87,2.15,99.15,80.13,627.00,0.01
ENERO,12,7,0.0017,0.0153,1.4540,0.02882,24,6,9.40,2.29,88.20,81.88,627.21,0.01
ENERO,12,8,0.0013,0.0219,1.7845,0.03064,34,19,9.46,1.97,99.73,81.81,627.50,0.06
ENERO,12,9,0.0047,0.0238,1.7785,0.02606,48,14,11.07,2.00,86.07,75.16,628.09,0.45
ENERO,12,10,0.0106,0.0399,1.5359,0.02223,40,19,13.52,1.68,92.28,66.10,628.49,1.12
ENERO,12,11,0.0191,0.0084,1.4823,0.01493,34,14,15.80,2.35,103.68,59.16,628.44,1.98
ENERO,12,12,0.0260,0.0267,1.4833,0.01521,21,9,17.55,1.94,114.94,52.90,627.98,2.77
ENERO,12,13,0.0371,0.0551,1.6768,0.01744,32,18,19.67,1.62,151.66,45.26,627.19,3.14
ENERO,12,14,0.0519,0.0499,1.6699,0.02060,43,24,22.16,1.50,172.00,39.34,626.16,2.90
ENERO,12,15,0.0664,0.0300,1.5162,0.01563,46,37,22.93,2.02,220.93,37.01,625.54,2.53
ENERO,12,16,0.0657,0.0124,1.3995,0.01230,38,25,23.90,1.91,237.97,34.00,625.15,1.72
ENERO,12,17,0.0616,0.0071,1.3798,0.01375,41,22,23.96,2.40,241.72,31.99,624.95,1.00
ENERO,12,18,0.0574,0.0064,1.3071,0.01109,42,17,23.56,1.70,276.32,31.85,624.93,0.31
ENERO,12,19,0.0326,0.0065,1.7395,0.04641,54,12,22.09,1.45,217.94,34.23,625.17,0.03
ENERO,12,20,0.0034,0.0072,2.6415,0.08716,99,15,20.64,1.06,166.92,37.78,625.54,0.01
ENERO,12,21,0.0053,0.0107,2.8823,0.08030,180,30,19.65,1.91,74.95,39.69,626.10,0.01
ENERO,12,22,0.0071,0.0072,1.8690,0.06040,97,42,18.72,1.96,78.96,36.16,626.45,0.01
ENERO,12,23,0.0085,0.0063,1.7346,0.04782,64,24,17.40,1.64,86.32,36.73,626.62,0.01
ENERO,13,0,0.0047,0.0189,1.6799,0.05021,71,21,16.27,1.55,110.58,37.51,626.69,0.01
ENERO,13,1,0.0056,0.0131,1.4507,0.04389,73,18,15.39,1.88,94.31,38.14,626.63,0.01
ENERO,13,2,0.0058,0.0113,1.3709,0.03880,43,22,14.19,1.64,108.22,41.50,626.62,0.01
ENERO,13,3,0.0103,0.0067,1.3217,0.02970,34,16,13.89,1.76,130.52,43.70,626.55,0.01
ENERO,13,4,0.0022,0.0088,1.3839,0.04122,37,13,12.61,1.83,86.35,49.47,626.41,0.01
ENERO,13,5,NA,0.0076,1.3709,0.04364,37,17,11.80,1.27,150.50,53.70,626.20,0.01
ENERO,13,6,NA,0.0073,1.4078,0.04299,34,13,11.29,1.64,103.57,56.81,626.13,0.01
ENERO,13,7,NA,0.0087,1.7242,0.04148,44,14,10.56,1.90,87.66,60.24,626.27,0.01
ENERO,13,8,NA,0.0074,2.0727,0.04185,60,20,10.63,1.64,96.24,60.35,626.66,0.06
ENERO,13,9,0.0021,0.0101,1.9377,0.03906,73,47,12.01,2.21,104.18,56.59,627.08,0.44
ENERO,13,10,0.0071,0.0289,1.8311,0.03813,72,20,14.59,2.52,99.60,50.97,627.48,1.17
ENERO,13,11,0.0168,0.0139,1.7362,0.03592,76,30,17.85,2.04,126.39,41.76,627.53,1.97
ENERO,13,12,0.0340,0.0194,1.5423,0.02359,50,35,20.78,1.53,184.70,34.00,627.06,2.66
ENERO,13,13,0.0453,0.0180,1.4198,0.01536,41,27,22.22,1.94,176.97,30.39,626.21,2.99
ENERO,13,14,0.0538,0.0271,1.5280,0.01444,29,33,23.81,1.97,209.13,27.17,625.17,2.97
ENERO,13,15,0.0590,0.0120,1.3749,0.01019,27,23,24.50,2.69,254.70,24.87,624.36,2.51
ENERO,13,16,0.0633,0.0075,1.2719,0.00770,29,16,24.97,2.64,272.85,22.22,623.85,1.73
ENERO,13,17,0.0565,0.0062,1.2741,0.00822,32,13,25.05,2.71,253.69,19.69,623.57,0.96
ENERO,13,18,0.0530,0.0059,1.2990,0.01252,40,14,24.40,2.32,259.47,18.59,623.51,0.31
ENERO,13,19,0.0284,0.0061,1.7257,0.05383,57,13,22.25,1.29,239.22,22.10,623.65,0.03
ENERO,13,20,0.0121,0.0136,2.1647,0.07149,99,20,20.89,2.28,68.82,27.25,624.00,0.01
ENERO,13,21,0.0312,0.0517,1.9478,0.03026,70,30,20.67,3.79,44.76,17.70,624.52,0.01
ENERO,13,22,0.0246,0.0095,1.5696,0.02644,64,9,17.62,2.96,78.62,30.45,625.07,0.01
ENERO,13,23,0.0182,0.0059,1.4112,0.02305,47,8,15.51,2.96,87.75,42.93,625.17,0.01
ENERO,14,0,0.0201,0.0056,1.3188,0.02003,30,7,14.63,2.65,92.95,47.56,625.23,0.01
ENERO,14,1,0.0203,0.0057,1.2694,0.01675,27,9,13.47,3.35,86.66,52.32,625.23,0.01
ENERO,14,2,0.0232,0.0053,1.2350,0.01372,20,12,12.53,2.84,87.64,55.17,625.17,0.01
ENERO,14,3,0.0163,0.0064,1.2506,0.02199,17,9,11.07,2.29,91.93,59.61,624.93,0.01
ENERO,14,4,0.0152,0.0124,1.2754,0.02127,17,9,10.10,2.62,89.97,63.19,624.69,0.01
ENERO,14,5,0.0127,0.0183,1.3052,0.02603,29,11,9.35,2.10,101.55,66.93,624.70,0.01
ENERO,14,6,0.0111,0.0169,1.3845,0.02751,31,16,8.58,2.20,88.40,69.98,624.81,0.01
ENERO,14,7,0.0032,0.0107,1.5520,0.03949,54,12,7.52,1.52,82.09,73.90,625.13,0.01
ENERO,14,8,0.0010,0.0087,1.8708,0.04511,46,43,7.61,1.60,78.26,72.48,625.51,0.06
ENERO,14,9,0.0064,0.0087,1.9455,0.03908,57,40,10.13,1.48,78.17,57.98,626.08,0.45
ENERO,14,10,0.0158,0.0084,1.7565,0.02855,54,26,12.06,2.41,81.40,53.02,626.32,1.16
ENERO,14,11,0.0199,0.0116,1.6355,0.02799,45,21,15.07,2.29,101.61,48.23,626.11,1.99
ENERO,14,12,0.0309,0.0144,1.6126,0.02735,51,22,17.93,1.66,115.39,36.01,625.54,2.75
ENERO,14,13,0.0397,0.0068,1.5038,0.02233,40,27,20.57,1.59,171.75,28.03,624.71,3.10
ENERO,14,14,0.0489,0.0064,1.3476,0.01160,26,26,23.13,2.17,254.22,20.58,623.61,3.22
ENERO,14,15,0.0499,0.0064,1.3163,0.00796,11,23,24.30,3.19,260.62,17.37,622.64,2.77
ENERO,14,16,0.0504,0.0066,1.3306,0.00799,16,11,24.84,3.26,255.33,16.46,622.05,1.87
ENERO,14,17,0.0480,0.0067,1.2963,0.00782,24,12,25.11,2.86,262.90,17.87,621.63,1.05
ENERO,14,18,0.0451,0.0070,1.3569,0.01527,26,13,24.60,2.37,246.03,19.15,621.43,0.34
ENERO,14,19,0.0342,0.0069,1.6180,0.03625,58,11,22.47,2.14,209.82,21.79,621.56,0.03
ENERO,14,20,0.0067,0.0069,2.2991,0.07895,87,14,20.69,1.45,182.05,24.10,621.85,0.01
ENERO,14,21,0.0136,0.0063,2.0501,0.06004,98,27,19.71,1.45,202.42,24.12,622.20,0.01
ENERO,14,22,0.0241,0.0061,1.6500,0.03421,64,23,18.78,1.58,205.60,27.96,622.43,0.01
ENERO,14,23,0.0062,0.0075,2.3676,0.06285,80,18,17.06,1.01,111.71,32.12,622.79,0.01
ENERO,15,0,0.0021,0.0083,2.5188,0.06310,127,38,15.85,0.78,136.69,36.18,623.05,0.01
ENERO,15,1,0.0017,0.0095,2.4101,0.05595,165,60,14.55,0.56,138.66,40.08,623.10,0.01
ENERO,15,2,NA,0.0072,2.0845,0.05162,172,99,13.69,1.02,264.77,42.01,623.07,0.01
ENERO,15,3,NA,0.0059,1.6523,0.04748,58,44,12.44,1.12,262.65,45.96,623.02,0.01
ENERO,15,4,0.0016,0.0084,1.6520,0.05134,60,26,11.96,0.75,222.06,48.63,622.90,0.01
ENERO,15,5,0.0013,0.0073,1.6418,0.04864,60,33,11.77,0.58,260.37,51.24,622.91,0.01
ENERO,15,6,0.0015,0.0082,1.7069,0.05063,62,31,11.75,0.75,190.82,55.70,623.21,0.01
ENERO,15,7,0.0012,0.0081,2.1212,0.05556,72,35,11.71,1.03,192.58,65.39,623.70,0.01
ENERO,15,8,NA,0.0068,2.1917,0.05245,74,37,11.58,0.73,251.36,73.38,623.90,0.06
ENERO,15,9,0.0020,0.0089,2.5241,0.05645,108,29,13.39,1.46,81.72,64.79,624.30,0.42
ENERO,15,10,0.0109,0.0097,1.9837,0.04516,127,57,16.05,1.42,121.90,59.72,624.83,0.99
ENERO,15,11,0.0293,0.0090,1.5212,0.01407,74,40,18.92,1.93,262.12,54.38,624.82,1.91
ENERO,15,12,0.0359,0.0064,1.4029,0.00562,19,28,20.16,2.29,248.77,46.89,624.38,2.83
ENERO,15,13,0.0395,0.0077,1.3092,0.00482,13,16,22.12,2.38,268.48,38.47,623.67,3.25
ENERO,15,14,0.0428,0.0092,1.3360,0.00646,9,23,23.69,1.96,226.89,34.15,622.78,3.26
ENERO,15,15,0.0479,0.0145,1.4572,0.01039,13,21,25.24,1.86,194.66,28.85,621.88,2.82
ENERO,15,16,0.0426,0.0080,1.3475,0.00763,16,22,26.11,2.16,225.51,24.50,621.12,2.03
ENERO,15,17,0.0415,0.0058,1.2410,0.00339,19,10,25.98,2.05,238.03,23.56,621.02,1.10
ENERO,15,18,0.0335,0.0568,1.4581,0.01556,39,10,24.34,3.83,88.33,25.29,621.32,0.29
ENERO,15,19,0.0224,0.0091,1.7205,0.02992,82,17,20.98,2.88,98.58,37.87,621.78,0.01
ENERO,15,20,0.0056,0.0079,2.6126,0.05733,40,17,20.00,1.56,125.14,43.23,621.96,0.01
ENERO,15,21,0.0010,0.0077,3.3247,0.06192,69,20,18.78,1.04,211.90,46.69,622.36,0.01
ENERO,15,22,NA,0.0075,2.3294,0.05525,78,31,17.14,1.38,269.51,50.62,622.92,0.01
ENERO,15,23,0.0026,0.0076,1.9946,0.04692,66,21,16.87,1.27,219.51,45.73,623.16,0.01
ENERO,16,0,NA,0.0228,2.0122,0.04652,72,36,16.18,2.00,116.15,51.11,623.39,0.01
ENERO,16,1,0.0083,0.0200,1.5818,0.03130,64,26,16.62,2.20,148.83,48.46,624.06,0.01
ENERO,16,2,0.0237,0.0082,1.3682,0.00903,36,26,15.82,1.88,228.30,54.45,624.11,0.01
ENERO,16,3,0.0181,0.0065,1.3349,0.01292,20,10,14.73,1.26,222.58,61.53,624.02,0.01
ENERO,16,4,0.0160,0.0066,1.3395,0.01257,31,12,12.97,2.41,116.66,78.41,624.00,0.01
ENERO,16,5,0.0220,0.0111,1.3390,0.01003,41,15,11.43,3.24,96.20,75.15,623.68,0.01
ENERO,16,6,0.0229,0.0086,1.3449,0.00870,45,12,10.68,2.94,95.95,71.34,623.75,0.01
ENERO,16,7,0.0262,0.0095,1.3476,0.00758,57,25,10.00,3.58,82.99,67.68,623.92,0.01
ENERO,16,8,0.0207,0.0060,1.4602,0.01731,58,15,9.47,2.79,92.28,68.28,624.43,0.06
ENERO,16,9,0.0212,0.0059,1.5021,0.01588,51,7,10.57,2.66,85.08,63.27,625.05,0.47
ENERO,16,10,0.0252,0.0059,1.6257,0.01782,63,25,12.79,3.10,100.59,56.64,625.63,1.23
ENERO,16,11,0.0336,0.0058,1.5678,0.01348,61,30,15.12,4.23,87.33,47.99,625.79,2.09
ENERO,16,12,0.0367,0.0064,1.6436,0.01698,56,18,16.95,3.02,105.48,46.94,625.35,2.97
ENERO,16,13,0.0428,0.0075,1.5234,0.01282,49,21,18.90,2.18,112.01,38.94,624.60,3.43
ENERO,16,14,0.0483,0.0096,1.4062,0.00930,31,17,20.87,1.87,188.88,36.78,623.58,3.46
ENERO,16,15,0.0530,0.0076,1.3467,0.00682,24,22,22.58,1.65,237.08,35.47,622.79,2.96
ENERO,16,16,0.0502,0.0059,1.3402,0.00704,28,21,23.72,1.97,249.02,33.40,622.25,2.02
ENERO,16,17,0.0486,0.0055,1.3136,0.00551,24,14,23.46,2.40,274.02,32.32,622.03,1.15
ENERO,16,18,0.0495,0.0056,1.3117,0.00701,34,10,22.46,2.33,288.76,34.34,622.07,0.35
ENERO,16,19,0.0366,0.0060,1.5685,0.02474,50,9,20.82,0.94,305.74,38.35,622.33,0.03
ENERO,16,20,0.0091,0.0065,2.4533,0.06381,61,17,19.65,1.04,246.41,42.44,622.57,0.01
ENERO,16,21,0.0112,0.0063,2.0751,0.04835,90,24,18.22,2.19,190.37,45.86,623.29,0.01
ENERO,16,22,0.0199,0.0056,1.5547,0.01893,45,12,17.16,2.68,226.03,48.65,623.68,0.01
ENERO,16,23,0.0182,0.0053,1.4753,0.01867,31,16,16.24,2.11,235.80,53.10,623.75,0.01
ENERO,17,0,0.0126,0.0055,1.4774,0.02228,29,20,15.02,1.17,282.95,57.80,623.77,0.01
ENERO,17,1,0.0055,0.0056,1.5256,0.03202,34,14,14.18,0.64,200.05,62.01,623.80,0.01
ENERO,17,2,0.0085,0.0056,1.4703,0.02482,32,21,13.80,0.79,142.92,62.78,623.86,0.01
ENERO,17,3,NA,0.0056,1.4652,0.02856,28,20,13.07,0.73,181.08,66.73,623.73,0.01
ENERO,17,4,0.0010,0.0060,1.4902,0.03815,32,13,12.51,0.77,100.10,69.42,623.73,0.01
ENERO,17,5,NA,0.0067,1.5189,0.03815,40,22,12.00,0.75,138.90,72.10,623.75,0.01
ENERO,17,6,0.0006,0.0082,1.5693,0.03832,38,23,11.60,0.81,109.81,73.22,623.79,0.01
ENERO,17,7,0.0006,0.0116,1.8972,0.03501,71,33,10.74,1.20,86.51,76.69,624.02,0.01
ENERO,17,8,0.0005,0.0099,2.1826,0.03196,96,32,10.16,1.30,95.59,78.54,624.47,0.06
ENERO,17,9,0.0021,0.0612,2.2260,0.03663,73,34,11.70,1.87,103.50,71.42,625.04,0.44
ENERO,17,10,0.0061,0.1005,2.1424,0.03883,108,31,14.03,1.92,99.72,64.89,625.48,1.11
ENERO,17,11,0.0184,0.0137,1.6907,0.02617,69,52,18.19,1.33,196.01,57.08,625.51,2.07
ENERO,17,12,0.0315,0.0103,1.4622,0.01033,40,34,19.54,2.06,263.32,51.82,625.12,2.77
ENERO,17,13,0.0378,0.0071,1.3444,0.00412,22,24,20.46,2.34,259.31,45.44,624.44,3.31
ENERO,17,14,0.0400,0.0063,1.3734,0.00614,14,22,22.45,1.91,222.43,38.90,623.55,3.50
ENERO,17,15,0.0412,0.0059,1.3678,0.00615,15,26,23.17,2.42,217.34,34.61,622.58,3.01
ENERO,17,16,0.0452,0.0058,1.2980,0.00494,21,21,23.91,2.48,264.53,30.94,622.01,2.08
ENERO,17,17,0.0396,0.0056,1.3694,0.01062,32,10,22.65,2.44,265.84,29.05,621.85,0.70
ENERO,17,18,0.0325,0.0056,1.4049,0.01960,41,10,21.86,1.62,256.30,31.20,621.94,0.25
ENERO,17,19,0.0272,0.0058,1.5755,0.02721,38,11,20.95,0.77,299.14,33.19,622.14,0.03
ENERO,17,20,0.0169,0.0094,1.9125,0.03517,58,16,19.47,2.92,106.01,34.47,622.62,0.01
ENERO,17,21,0.0096,0.0182,2.0535,0.04509,50,13,17.89,1.81,133.83,37.18,623.17,0.01
ENERO,17,22,0.0089,0.0068,1.6672,0.03728,56,17,16.18,2.25,157.06,42.62,623.64,0.01
ENERO,17,23,0.0035,0.0066,1.8020,0.04440,45,13,15.20,1.38,153.95,46.22,623.91,0.01
ENERO,18,0,0.0003,0.0080,1.7922,0.04766,53,20,14.18,1.02,190.07,49.26,624.06,0.01
ENERO,18,1,NA,0.0113,1.8629,0.04444,62,18,13.72,0.99,155.17,52.70,624.01,0.01
ENERO,18,2,0.0028,0.0133,1.5298,0.04085,60,23,13.35,1.05,129.00,57.15,624.01,0.01
ENERO,18,3,0.0028,0.0193,1.5325,0.03826,39,19,12.96,1.52,112.27,55.04,623.82,0.01
ENERO,18,4,0.0024,0.0209,1.4164,0.03936,39,19,12.24,1.48,120.79,53.49,623.66,0.01
ENERO,18,5,0.0009,0.0154,1.4835,0.04396,39,23,11.79,1.22,126.60,54.88,623.65,0.01
ENERO,18,6,0.0007,0.0595,1.6680,0.04659,65,32,11.73,1.28,126.08,56.04,623.86,0.01
ENERO,18,7,0.0007,0.0775,1.9257,0.04364,101,34,10.97,1.11,102.10,59.98,624.15,0.01
ENERO,18,8,NA,0.0212,2.1295,0.03956,110,46,10.20,1.76,105.49,61.15,624.43,0.06
ENERO,18,9,0.0019,0.0283,2.1469,0.04003,101,33,11.77,1.94,105.76,55.85,625.08,0.45
ENERO,18,10,0.0074,0.1217,2.0368,0.04041,102,39,14.30,2.06,94.50,54.36,625.45,1.17
ENERO,18,11,0.0195,0.0140,1.7152,0.02757,67,50,18.05,1.33,142.72,46.41,625.47,2.06
ENERO,18,12,0.0328,0.0113,1.5247,0.01660,44,40,20.27,1.75,225.72,40.74,625.10,2.93
ENERO,18,13,0.0398,0.0081,1.3955,0.00640,26,28,21.75,2.35,259.84,36.70,624.29,3.43
ENERO,18,14,0.0472,0.0067,1.3306,0.00472,10,23,23.04,2.74,273.71,33.59,623.22,3.47
ENERO,18,15,0.0508,0.0064,1.3166,0.00516,22,23,24.11,3.33,276.18,29.56,622.39,2.92
ENERO,18,16,0.0495,0.0059,1.3288,0.00589,12,15,24.92,2.84,260.25,24.96,621.98,2.05
ENERO,18,17,0.0473,0.0057,1.2559,0.00489,23,12,24.93,2.76,267.93,22.56,621.74,1.17
ENERO,18,18,0.0481,0.0057,1.3010,0.00661,19,9,24.45,2.63,257.47,22.63,621.69,0.41
ENERO,18,19,0.0218,0.0065,1.7432,0.04720,45,7,22.58,1.64,241.59,25.06,621.92,0.04
ENERO,18,20,0.0113,0.0061,2.0106,0.05632,70,9,20.77,1.89,218.07,28.07,622.28,0.01
ENERO,18,21,0.0248,0.0057,1.5466,0.02395,51,23,19.51,2.50,221.26,26.81,622.88,0.01
ENERO,18,22,0.0197,0.0057,1.5004,0.02424,47,11,17.74,2.00,190.86,30.14,623.44,0.01
ENERO,18,23,0.0211,0.0054,1.3988,0.01635,40,9,17.34,2.05,188.37,32.90,623.68,0.01
ENERO,19,0,0.0097,0.0058,1.5798,0.03165,36,11,15.72,1.37,272.71,38.19,623.87,0.01
ENERO,19,1,0.0021,0.0063,1.6291,0.04035,40,17,14.20,1.04,250.52,42.63,623.91,0.01
ENERO,19,2,0.0028,0.0065,1.5659,0.04023,53,25,12.92,1.12,229.35,46.18,624.00,0.01
ENERO,19,3,0.0029,0.0065,1.3833,0.03896,49,24,12.37,1.16,259.49,47.82,623.83,0.01
ENERO,19,4,0.0022,0.0070,1.4673,0.03801,43,20,11.12,1.03,283.32,53.05,623.73,0.01
ENERO,19,5,0.0016,0.0065,1.5249,0.03523,38,24,10.27,1.00,296.59,57.97,623.73,0.01
ENERO,19,6,0.0015,0.0063,1.5660,0.03321,40,26,10.06,0.74,246.00,61.44,623.81,0.01
ENERO,19,7,0.0306,0.0068,1.9626,0.03438,42,22,9.92,1.14,139.36,62.40,624.14,0.01
ENERO,19,8,0.0159,0.0143,2.1093,0.03608,100,33,9.45,1.78,102.77,63.53,624.48,0.06
ENERO,19,9,0.0569,0.1222,2.1184,0.04665,112,52,11.36,2.04,87.88,56.78,625.06,0.47
ENERO,19,10,0.0430,0.0450,1.8938,0.04223,120,79,15.78,1.27,108.64,45.25,625.29,1.26
ENERO,19,11,0.0310,0.0159,1.6205,0.02226,55,53,19.05,1.16,170.55,38.40,625.34,2.22
ENERO,19,12,0.0355,0.0159,1.4341,0.01499,29,26,20.43,1.76,253.75,34.26,625.04,3.00
ENERO,19,13,0.0401,0.0079,1.2753,0.00712,15,22,22.17,1.94,238.62,25.08,624.22,3.59
ENERO,19,14,0.0499,0.0082,1.3595,0.00851,8,20,22.75,2.17,244.55,22.25,623.28,2.66
ENERO,19,15,0.0488,0.0070,1.3589,0.00854,26,20,23.35,2.99,262.91,18.27,622.66,2.30
ENERO,19,16,0.0392,0.0056,1.3211,0.00587,10,11,23.79,3.00,273.54,12.30,622.32,1.73
ENERO,19,17,0.0417,0.0057,1.3013,0.00717,19,9,23.48,3.03,272.56,14.98,622.05,0.97
ENERO,19,18,0.0320,0.0058,1.4417,0.01321,17,8,23.33,2.18,242.44,11.49,622.08,0.39
ENERO,19,19,0.0112,0.0063,1.9918,0.04577,38,9,21.50,1.65,227.28,14.16,622.36,0.04
ENERO,19,20,0.0011,0.0064,2.2309,0.05998,79,17,19.25,1.37,227.20,19.11,622.76,0.01
ENERO,19,21,NA,0.0069,2.5650,0.05527,77,17,17.09,0.92,269.43,24.87,623.10,0.01
ENERO,19,22,NA,0.0077,2.8476,0.04931,109,18,15.51,0.98,241.37,30.19,623.41,0.01
ENERO,19,23,NA,0.0072,2.1481,0.04811,120,30,14.15,1.12,270.27,32.95,623.73,0.01
ENERO,20,0,NA,0.0065,1.8856,0.04567,64,28,13.24,1.26,283.76,35.34,623.96,0.01
ENERO,20,1,NA,0.0064,1.6956,0.04510,76,33,12.94,0.87,229.80,35.65,623.97,0.01
ENERO,20,2,NA,0.0072,1.7467,0.04056,69,39,11.53,0.99,245.91,38.99,623.94,0.01
ENERO,20,3,NA,0.0113,1.8084,0.04043,80,40,11.03,1.40,100.13,41.05,623.81,0.01
ENERO,20,4,NA,0.0126,1.7285,0.04020,81,40,10.59,1.12,98.67,40.75,623.59,0.01
ENERO,20,5,NA,0.0155,1.7458,0.04044,70,35,9.97,1.29,95.90,40.46,623.59,0.01
ENERO,20,6,0.0004,0.0186,1.8109,0.04087,109,37,9.68,1.31,98.78,41.37,623.75,0.01
ENERO,20,7,0.0004,0.0345,1.8724,0.04018,84,41,9.18,2.19,99.11,40.47,623.98,0.01
ENERO,20,8,NA,0.0120,2.1562,0.03777,96,44,8.28,2.17,103.60,44.60,624.26,0.05
ENERO,20,9,0.0015,0.0525,2.2420,0.03952,99,37,9.83,2.06,104.69,40.10,624.79,0.45
ENERO,20,10,0.0069,0.0381,2.0640,0.03828,98,59,13.44,2.81,101.74,35.83,625.13,1.08
ENERO,20,11,0.0161,0.0195,1.9275,0.03000,87,42,16.25,2.46,107.30,35.08,625.17,1.95
ENERO,20,12,0.0294,0.0082,1.7162,0.02209,35,36,19.52,1.80,126.50,29.17,624.67,2.88
ENERO,20,13,0.0406,0.0069,1.5293,0.01253,25,26,21.96,1.74,174.50,22.11,623.84,3.51
ENERO,20,14,0.0448,0.0066,1.4831,0.01157,13,20,23.89,1.85,162.24,18.60,622.89,3.43
ENERO,20,15,0.0446,0.0063,1.4617,0.01172,13,22,24.54,1.95,192.01,17.47,622.07,2.23
ENERO,20,16,0.0434,0.0058,1.3998,0.00801,16,14,23.83,2.36,269.77,17.00,621.60,1.30
ENERO,20,17,0.0460,0.0058,1.3791,0.00811,18,11,24.17,1.45,170.85,16.49,621.36,0.90
ENERO,20,18,0.0422,0.0060,1.4435,0.01463,27,12,23.33,1.76,228.04,17.44,621.40,0.27
ENERO,20,19,0.0168,0.0061,2.0802,0.04701,44,14,21.99,1.57,232.99,18.36,621.70,0.04
ENERO,20,20,0.0091,0.0064,1.9482,0.05353,75,17,20.71,1.70,227.73,19.38,621.93,0.01
ENERO,20,21,0.0101,0.0065,1.7972,0.04285,76,25,19.84,1.97,197.41,21.18,622.27,0.01
ENERO,20,22,0.0162,0.0059,1.5276,0.02162,63,18,19.07,2.39,231.76,20.40,622.72,0.01
ENERO,20,23,0.0194,0.0058,1.4469,0.01591,29,11,18.39,1.99,241.33,22.16,622.93,0.01
ENERO,21,0,0.0215,0.0059,1.3968,0.01385,38,11,17.53,2.15,247.00,26.02,623.01,0.01
ENERO,21,1,0.0239,0.0065,1.3785,0.01384,22,11,17.49,2.25,159.64,26.77,622.92,0.01
ENERO,21,2,0.0115,0.0100,1.4355,0.02788,53,12,15.60,2.20,94.24,46.37,623.01,0.01
ENERO,21,3,0.0117,0.0090,1.4364,0.02758,52,20,14.77,2.26,104.16,57.85,622.71,0.01
ENERO,21,4,0.0121,0.0093,1.4158,0.02668,55,26,14.46,2.17,97.16,59.54,622.66,0.01
ENERO,21,5,0.0088,0.0096,1.4165,0.03150,48,29,13.99,2.53,99.48,61.33,622.54,0.01
ENERO,21,6,0.0050,0.0330,1.4596,0.03669,61,27,13.33,2.03,98.26,64.96,622.83,0.01
ENERO,21,7,NA,0.0158,1.6527,0.04219,68,35,13.14,2.16,103.60,65.64,623.14,0.01
ENERO,21,8,NA,0.0127,1.7428,0.04437,60,33,13.01,2.04,148.11,66.14,623.56,0.03
ENERO,21,9,0.0017,0.0358,1.9115,0.04232,80,33,13.56,1.57,198.76,65.10,623.90,0.21
ENERO,21,10,0.0040,0.0601,2.0519,0.04097,82,44,14.54,1.99,111.48,61.29,624.17,0.65
ENERO,21,11,0.0160,0.0586,1.8485,0.03231,74,44,17.22,1.71,136.20,46.82,624.12,1.57
ENERO,21,12,0.0242,0.0487,1.8524,0.02868,72,47,17.36,1.47,155.23,41.31,623.86,0.92
ENERO,21,13,0.0329,0.0298,1.5226,0.02494,46,35,17.93,1.26,290.33,38.04,623.54,1.07
ENERO,21,14,0.0344,0.0202,1.5214,0.03824,42,32,18.57,1.94,274.26,36.59,622.91,1.19
ENERO,21,15,0.0291,0.0091,1.4726,0.03853,47,30,18.33,1.89,288.64,35.43,622.48,0.64
ENERO,21,16,0.0185,0.0081,1.7258,NA,63,19,17.87,1.68,281.22,35.67,622.30,0.20
ENERO,21,17,0.0080,0.0081,2.1245,NA,86,27,17.43,1.18,231.71,38.08,622.32,0.11
ENERO,21,18,0.0049,0.0080,2.1416,NA,101,28,17.26,1.18,224.76,38.59,622.32,0.07
ENERO,21,19,0.0029,0.0082,2.4417,NA,104,34,16.90,0.99,178.30,40.07,622.60,0.02
ENERO,21,20,0.0020,0.0088,2.8095,NA,119,39,16.69,1.42,126.34,41.37,623.12,0.01
ENERO,21,21,0.0011,0.0102,2.3861,NA,159,50,15.92,1.54,103.24,45.92,623.54,0.01
ENERO,21,22,0.0014,0.0217,2.1897,NA,162,65,15.83,1.75,110.07,47.04,623.79,0.01
ENERO,21,23,0.0011,0.0220,1.9196,NA,121,52,15.39,1.87,107.91,47.81,623.89,0.01
ENERO,22,0,NA,0.0143,1.9203,NA,105,41,14.64,1.69,107.54,50.67,623.90,0.01
ENERO,22,1,0.0006,0.0126,1.7181,NA,81,42,14.07,2.09,102.67,55.59,623.81,0.01
ENERO,22,2,0.0010,0.0122,1.6283,NA,59,31,13.22,2.23,89.38,59.37,623.67,0.01
ENERO,22,3,0.0010,0.0087,1.6258,NA,48,31,12.63,2.23,97.90,64.88,623.66,0.01
ENERO,22,4,0.0029,0.0092,1.6437,NA,46,26,12.61,2.57,88.85,67.21,623.51,0.01
ENERO,22,5,NA,0.0158,1.6037,NA,40,28,12.07,2.32,107.15,70.26,623.43,0.01
ENERO,22,6,0.0007,0.0260,1.6866,NA,51,31,11.41,2.21,110.97,72.02,623.56,0.01
ENERO,22,7,NA,0.0222,1.7325,NA,67,32,10.36,2.51,85.34,75.74,623.80,0.01
ENERO,22,8,NA,0.0104,1.9045,NA,59,41,9.86,2.69,100.48,75.27,624.21,0.06
ENERO,22,9,0.0045,0.0381,2.0166,NA,83,37,11.86,3.12,96.86,66.63,624.74,0.48
ENERO,22,10,0.0145,0.0116,1.9154,NA,NA,44,15.04,3.42,84.81,53.75,625.02,1.28
ENERO,22,11,0.0235,0.0088,1.7546,NA,67,27,17.75,2.95,81.91,43.73,625.06,2.24
ENERO,22,12,0.0329,0.0113,1.6229,NA,28,18,20.18,2.29,123.28,35.70,624.74,3.20
ENERO,22,13,0.0405,0.0075,1.5575,NA,11,22,21.98,2.20,131.69,31.89,624.18,3.49
ENERO,22,14,0.0472,0.0072,1.4193,NA,20,20,23.31,1.90,208.76,30.03,623.48,3.11
ENERO,22,15,0.0482,0.0069,1.4826,NA,23,18,23.16,2.04,213.09,29.83,622.76,2.00
ENERO,22,16,0.0462,0.0069,1.5967,NA,20,20,24.00,1.80,130.11,27.75,622.27,1.61
ENERO,22,17,0.0462,0.0066,1.5100,NA,23,10,24.92,2.22,137.71,25.60,622.02,1.05
ENERO,22,18,0.0425,0.0074,1.6173,NA,37,18,23.68,2.30,92.44,26.43,622.14,0.35
ENERO,22,19,0.0260,0.0090,2.2768,NA,61,12,22.32,1.75,86.14,29.18,622.39,0.04
ENERO,22,20,0.0057,0.0097,2.7337,NA,111,27,21.55,1.50,111.30,31.31,622.85,0.01
ENERO,22,21,0.0151,0.0075,1.8836,NA,105,33,20.09,2.61,163.92,33.59,623.24,0.01
ENERO,22,22,0.0214,0.0067,1.5884,NA,74,21,18.40,3.05,215.01,34.73,623.82,0.01
ENERO,22,23,0.0204,0.0066,1.5653,NA,60,46,17.54,2.42,173.58,34.07,624.50,0.01
ENERO,23,0,0.0177,0.0072,1.5373,NA,49,11,16.01,3.18,100.00,45.49,624.88,0.01
ENERO,23,1,0.0167,0.0062,1.4412,NA,32,11,13.35,3.42,93.33,55.17,624.62,0.01
ENERO,23,2,0.0182,0.0070,1.4238,NA,34,12,11.99,3.58,92.65,60.75,624.54,0.01
ENERO,23,3,0.0178,0.0160,1.4047,NA,28,16,10.80,3.79,89.81,66.16,624.41,0.01
ENERO,23,4,0.0180,0.0075,1.3972,NA,23,14,9.97,3.54,92.09,70.25,624.37,0.01
ENERO,23,5,0.0160,0.0069,1.4138,NA,17,9,9.22,3.08,96.24,73.52,624.39,0.01
ENERO,23,6,0.0152,0.0098,1.3689,NA,20,9,8.64,2.80,101.91,77.06,624.44,0.01
ENERO,23,7,0.0132,0.0266,1.4270,NA,26,13,8.20,3.04,89.77,79.78,624.70,0.01
ENERO,23,8,0.0107,0.0165,1.5563,NA,24,22,7.99,3.21,94.04,80.69,624.96,0.06
ENERO,23,9,0.0140,0.0136,1.5963,NA,24,17,9.32,3.68,92.11,75.94,625.37,0.48
ENERO,23,10,0.0183,0.0093,1.6131,NA,32,12,11.54,4.55,93.96,69.56,625.73,1.25
ENERO,23,11,0.0218,0.0109,1.6996,NA,34,28,13.67,4.23,98.47,63.51,625.70,2.14
ENERO,23,12,0.0274,0.0162,1.7467,NA,33,18,15.66,3.05,98.77,56.75,625.37,2.57
ENERO,23,13,0.0373,0.0080,1.6357,NA,28,25,18.55,2.41,83.47,46.12,624.32,3.31
ENERO,23,14,0.0449,0.0118,1.5369,NA,28,23,20.64,1.62,153.17,38.39,623.25,2.73
ENERO,23,15,0.0501,0.0414,1.5927,NA,26,32,22.24,1.52,176.10,32.76,622.42,2.63
ENERO,23,16,0.0557,0.0233,1.5683,NA,31,31,23.16,2.02,242.46,31.16,621.69,2.01
ENERO,23,17,0.0543,0.0105,1.4366,NA,26,22,23.36,2.56,284.55,31.33,621.47,1.15
ENERO,23,18,0.0523,0.0088,1.4196,NA,38,17,22.65,2.65,291.33,32.26,621.61,0.40
ENERO,23,19,0.0373,0.0070,1.5304,NA,52,23,21.22,1.74,277.37,34.54,621.90,0.04
ENERO,23,20,0.0209,0.0067,1.7594,NA,57,21,20.62,1.26,273.34,35.49,622.22,0.01
ENERO,23,21,0.0117,0.0069,2.0561,NA,59,20,19.69,1.56,206.50,36.93,622.52,0.01
ENERO,23,22,0.0236,0.0066,1.6604,NA,76,22,18.96,2.34,222.90,40.97,622.91,0.01
ENERO,23,23,0.0198,0.0063,1.5486,NA,47,22,17.78,2.39,229.05,48.57,622.96,0.01
ENERO,24,0,0.0197,0.0063,1.4501,NA,32,8,16.70,1.72,243.51,53.60,622.94,0.01
ENERO,24,1,0.0233,0.0062,1.3826,NA,17,7,16.39,2.62,236.39,54.46,622.94,0.01
ENERO,24,2,0.0243,0.0060,1.3636,NA,21,7,16.41,1.61,245.14,54.70,622.95,0.01
ENERO,24,3,0.0192,0.0061,1.3676,NA,22,10,16.06,1.64,249.34,56.85,622.65,0.01
ENERO,24,4,0.0165,0.0064,1.3639,NA,28,13,14.97,1.57,266.62,61.67,622.52,0.01
ENERO,24,5,0.0218,0.0064,1.3691,NA,20,14,14.48,1.67,258.94,64.05,622.32,0.01
ENERO,24,6,0.0227,0.0062,1.3973,NA,24,13,14.35,1.39,253.95,63.82,622.31,0.01
ENERO,24,7,0.0147,0.0062,1.6019,NA,31,17,13.70,1.01,197.62,66.26,622.47,0.01
ENERO,24,8,0.0058,0.0064,1.8007,NA,37,22,13.37,1.28,237.15,67.60,622.89,0.06
ENERO,24,9,0.0151,0.0065,1.7902,NA,49,13,15.67,1.26,211.42,58.74,623.08,0.50
ENERO,24,10,0.0249,0.0065,1.6248,NA,42,22,17.43,2.11,202.09,53.84,623.08,1.10
ENERO,24,11,0.0273,0.0063,1.6383,NA,26,23,18.41,2.30,163.60,50.52,622.60,1.64
ENERO,24,12,0.0308,0.0059,1.5667,NA,28,25,19.42,2.49,193.18,46.12,622.32,2.20
ENERO,24,13,0.0340,0.0058,1.5038,NA,23,21,21.18,4.44,218.41,40.02,621.45,3.50
ENERO,24,14,0.0355,0.0055,1.4639,NA,36,16,22.40,5.68,241.11,35.53,620.29,3.49
ENERO,24,15,0.0342,0.0057,1.5066,NA,39,14,23.41,6.00,235.39,30.42,619.72,2.80
ENERO,24,16,0.0358,0.0055,1.4156,NA,52,14,22.93,4.66,261.50,31.59,619.59,1.23
ENERO,24,17,0.0349,0.0054,1.3958,NA,52,13,22.40,6.28,255.22,27.92,619.85,0.38
ENERO,24,18,0.0311,0.0056,1.3764,NA,89,11,21.38,5.99,246.27,28.30,620.51,0.28
ENERO,24,19,0.0276,0.0057,1.4928,NA,52,10,19.94,4.20,239.84,32.47,620.92,0.05
ENERO,24,20,0.0173,0.0061,1.6447,NA,44,8,18.57,2.13,217.38,33.60,621.32,0.01
ENERO,24,21,0.0170,0.0057,1.5597,NA,48,10,17.42,2.21,238.77,36.51,621.87,0.01
ENERO,24,22,0.0222,0.0055,1.4481,NA,33,8,16.98,3.07,219.40,38.45,621.98,0.01
ENERO,24,23,0.0213,0.0056,1.3834,NA,29,8,15.85,2.27,248.74,44.31,622.14,0.01
ENERO,25,0,0.0229,0.0057,1.3925,NA,23,8,15.34,1.83,243.25,48.50,622.24,0.01
ENERO,25,1,0.0200,0.0058,1.3733,NA,27,9,14.31,1.84,280.57,53.13,622.02,0.01
ENERO,25,2,0.0157,0.0058,1.3792,NA,22,12,13.58,1.59,254.89,57.18,621.97,0.01
ENERO,25,3,0.0092,0.0059,1.3931,NA,19,13,13.22,1.44,247.49,58.78,621.84,0.01
ENERO,25,4,0.0214,0.0060,1.3711,NA,18,14,13.94,1.51,247.79,56.49,621.72,0.01
ENERO,25,5,0.0216,0.0060,1.3701,NA,12,13,13.97,1.36,262.66,56.35,621.81,0.01
ENERO,25,6,0.0114,0.0061,1.4285,NA,23,12,13.43,1.70,228.89,58.58,622.10,0.01
ENERO,25,7,0.0150,0.0065,1.4802,NA,21,12,13.59,1.83,213.86,55.56,622.31,0.01
ENERO,25,8,0.0099,0.0065,1.6395,NA,33,12,13.15,1.49,276.64,57.10,622.71,0.07
ENERO,25,9,0.0106,0.0067,1.6616,NA,57,16,14.71,0.98,255.63,52.45,623.24,0.49
ENERO,25,10,0.0232,0.0065,1.5026,NA,43,15,17.77,1.33,224.65,45.21,623.53,1.36
ENERO,25,11,0.0286,0.0066,1.4592,NA,25,14,19.04,2.52,222.09,42.57,623.52,2.30
ENERO,25,12,0.0307,0.0063,1.4326,NA,22,12,19.65,3.12,257.68,41.86,623.34,3.03
ENERO,25,13,0.0338,0.0060,1.3532,NA,233,11,20.86,3.26,275.25,38.17,622.67,3.20
ENERO,25,14,0.0356,0.0060,1.3921,NA,10,18,21.97,3.49,271.88,34.45,621.83,3.08
ENERO,25,15,0.0402,0.0057,1.4033,NA,16,16,22.72,3.96,258.38,31.63,621.16,2.61
ENERO,25,16,0.0397,0.0056,1.3676,NA,18,11,23.39,4.05,258.05,28.18,620.74,2.03
ENERO,25,17,0.0372,0.0054,1.3514,NA,22,7,23.82,4.85,258.22,23.22,620.59,1.34
ENERO,25,18,0.0346,0.0054,1.3398,NA,21,1,23.12,4.46,273.55,25.09,620.77,0.47
ENERO,25,19,0.0247,0.0055,1.4424,NA,40,1,21.36,2.63,281.61,28.25,621.03,0.05
ENERO,25,20,0.0058,0.0059,1.6747,NA,88,5,19.07,1.93,274.27,34.23,621.39,0.01
ENERO,25,21,0.0052,0.0059,1.7095,NA,77,11,17.87,1.67,237.48,35.56,621.89,0.01
ENERO,25,22,0.0122,0.0058,1.7067,NA,63,13,17.30,1.99,206.81,39.13,622.31,0.01
ENERO,25,23,0.0137,0.0058,1.5446,NA,48,13,16.68,2.00,220.57,46.06,622.41,0.01
ENERO,26,0,0.0038,0.0063,1.7291,NA,41,15,15.31,0.89,196.67,46.30,622.55,0.01
ENERO,26,1,0.0255,0.0076,1.9814,NA,66,27,14.58,0.71,164.72,49.39,622.58,0.01
ENERO,26,2,0.0147,0.0070,1.9835,NA,76,36,13.86,0.67,191.11,52.76,622.66,0.01
ENERO,26,3,0.0099,0.0075,1.8574,NA,67,30,12.71,0.86,246.86,55.10,622.76,0.01
ENERO,26,4,NA,0.0074,1.7291,NA,54,27,11.65,0.93,265.26,57.67,622.85,0.01
ENERO,26,5,NA,0.0081,1.7015,NA,54,21,10.97,0.94,237.93,59.12,623.03,0.01
ENERO,26,6,NA,0.0076,1.6492,NA,41,33,11.69,0.94,271.46,58.37,623.50,0.01
ENERO,26,7,NA,0.0076,1.6436,NA,34,28,11.65,0.94,305.55,60.28,623.84,0.01
ENERO,26,8,NA,0.0083,2.5062,NA,66,23,11.98,1.08,201.97,60.07,624.23,0.06
ENERO,26,9,0.0041,0.0176,2.3641,NA,89,25,13.17,1.72,112.80,58.02,624.78,0.47
ENERO,26,10,0.0065,0.0131,2.0391,NA,91,36,17.14,1.07,145.15,46.57,625.08,1.28
ENERO,26,11,0.0222,0.0075,1.6307,NA,54,29,19.10,1.33,198.85,43.14,624.97,2.21
ENERO,26,12,0.0332,0.0074,1.6420,NA,30,16,19.85,1.81,157.52,41.63,624.42,3.02
ENERO,26,13,0.0412,0.0069,1.4877,NA,23,15,21.17,1.94,198.02,39.05,623.72,3.48
ENERO,26,14,0.0431,0.0065,1.4759,NA,19,16,22.87,2.11,240.53,36.13,622.83,3.38
ENERO,26,15,0.0394,0.0059,1.4597,NA,16,26,24.10,3.88,236.12,27.38,622.08,3.15
ENERO,26,16,0.0437,0.0058,1.4053,NA,14,7,24.42,3.53,268.86,25.58,621.71,2.00
ENERO,26,17,0.0440,0.0059,1.4146,NA,27,7,24.33,3.99,270.27,23.97,621.59,1.14
ENERO,26,18,0.0400,0.0068,1.5053,NA,41,7,23.16,3.82,271.49,27.52,621.80,0.36
ENERO,26,19,0.0278,0.0065,1.5740,NA,70,26,21.52,3.06,273.22,29.94,622.20,0.04
ENERO,26,20,0.0134,0.0062,1.7963,NA,52,23,20.00,1.90,240.11,25.59,622.70,0.01
ENERO,26,21,0.0071,0.0067,2.0041,NA,66,16,19.04,1.56,170.10,27.29,623.17,0.01
ENERO,26,22,0.0052,0.0069,2.4949,NA,73,17,18.14,1.01,146.71,30.27,623.53,0.01
ENERO,26,23,0.0096,0.0065,2.3119,NA,117,21,17.13,0.99,208.55,35.43,623.80,0.01
ENERO,27,0,0.0073,0.0062,1.8852,NA,59,29,16.17,0.91,256.53,41.63,623.86,0.01
ENERO,27,1,NA,0.0065,2.2452,NA,73,19,14.79,0.79,242.88,45.74,623.85,0.01
ENERO,27,2,NA,0.0064,1.7747,NA,62,30,13.85,0.90,259.02,48.62,623.89,0.01
ENERO,27,3,NA,0.0075,1.8379,NA,60,20,12.76,1.12,271.31,49.53,623.78,0.01
ENERO,27,4,NA,0.0068,1.6830,NA,48,26,11.80,1.06,269.16,50.30,623.66,0.01
ENERO,27,5,NA,0.0077,1.7169,NA,42,23,11.63,0.96,236.34,50.67,623.78,0.01
ENERO,27,6,NA,0.0083,1.7139,NA,46,22,11.31,0.98,240.67,53.19,624.08,0.01
ENERO,27,7,0.0047,0.0081,2.2921,NA,57,22,11.48,1.29,126.76,55.84,624.33,0.01
ENERO,27,8,0.0023,0.0091,2.6113,NA,84,25,10.63,0.71,200.87,60.84,624.88,0.06
ENERO,27,9,0.0111,0.0171,2.8000,NA,118,37,13.30,1.18,152.73,52.62,625.36,0.47
ENERO,27,10,0.0074,0.0669,2.1446,NA,113,56,16.15,1.87,100.01,49.61,625.70,1.26
ENERO,27,11,0.0191,0.0412,1.8602,NA,68,44,19.56,1.52,124.17,40.92,625.74,2.21
ENERO,27,12,0.0356,0.0111,1.5298,NA,41,41,21.64,1.90,222.20,36.80,625.26,3.12
ENERO,27,13,0.0352,0.0078,1.4606,NA,13,18,22.52,2.19,232.57,35.22,624.56,3.09
ENERO,27,14,0.0342,0.0066,1.4765,NA,11,14,24.07,3.27,254.09,29.48,623.68,3.69
ENERO,27,15,0.0383,0.0065,1.4280,NA,7,19,24.95,3.49,261.69,26.99,622.93,3.10
ENERO,27,16,0.0355,0.0062,1.4928,NA,19,15,24.76,3.23,244.45,25.45,622.45,1.77
ENERO,27,17,0.0338,0.0060,1.4306,NA,19,14,25.18,3.39,265.58,25.22,622.20,1.21
ENERO,27,18,0.0346,0.0060,1.4232,NA,29,11,24.11,2.33,264.50,26.76,622.30,0.37
ENERO,27,19,0.0188,0.0059,1.6554,NA,37,8,22.71,2.28,258.82,29.39,622.56,0.05
ENERO,27,20,0.0181,0.0058,1.6468,NA,47,8,21.67,2.35,267.41,31.51,622.90,0.01
ENERO,27,21,0.0159,0.0064,1.7912,NA,55,10,20.34,1.61,218.85,34.17,623.35,0.01
ENERO,27,22,0.0115,0.0069,2.2302,NA,65,13,19.93,0.87,121.54,35.01,623.85,0.01
ENERO,27,23,0.0076,0.0071,2.4919,NA,101,23,18.87,0.96,147.62,37.95,624.12,0.01
ENERO,28,0,0.0039,0.0063,1.9621,NA,85,30,17.93,1.36,260.04,41.16,624.22,0.01
ENERO,28,1,0.0071,0.0061,1.4763,NA,45,15,17.28,1.73,270.60,43.52,624.11,0.01
ENERO,28,2,0.0059,0.0061,1.4888,NA,34,10,15.99,1.39,294.51,48.89,624.11,0.01
ENERO,28,3,0.0044,0.0060,1.5581,NA,28,11,15.00,0.71,240.76,52.54,623.95,0.01
ENERO,28,4,0.0032,0.0060,1.4977,NA,28,17,14.23,0.95,248.73,54.57,623.84,0.01
ENERO,28,5,0.0076,0.0059,1.4911,NA,27,15,14.14,1.46,212.17,56.56,624.01,0.01
ENERO,28,6,0.0067,0.0058,1.5272,NA,25,17,13.65,1.12,217.84,60.56,624.08,0.01
ENERO,28,7,0.0025,0.0060,1.6930,NA,26,15,12.77,0.97,231.75,64.03,624.40,0.01
ENERO,28,8,0.0006,0.0089,2.4273,NA,57,17,12.20,1.22,96.47,64.89,624.94,0.07
ENERO,28,9,0.0020,0.0154,2.2197,NA,89,26,13.29,1.95,87.23,54.87,625.49,0.48
ENERO,28,10,0.0076,0.0169,2.0735,NA,98,38,17.29,1.38,108.12,44.86,625.94,1.28
ENERO,28,11,0.0192,0.0278,1.7113,NA,65,42,20.45,1.38,179.00,37.78,626.05,2.20
ENERO,28,12,0.0329,0.0116,1.6029,NA,47,31,22.20,1.68,183.68,32.86,625.72,3.15
ENERO,28,13,0.0375,0.0064,1.4062,NA,14,16,23.30,2.25,257.88,29.95,625.08,3.72
ENERO,28,14,0.0413,0.0060,1.4561,NA,6,11,24.55,2.00,238.09,28.06,624.22,3.46
ENERO,28,15,0.0422,0.0060,1.4706,NA,10,13,24.86,2.15,238.36,25.92,623.41,2.60
ENERO,28,16,0.0430,0.0061,1.4793,NA,10,14,26.00,1.70,231.89,23.43,622.82,2.02
ENERO,28,17,0.0439,0.0057,1.4258,NA,14,14,26.28,2.07,275.63,21.48,622.39,1.31
ENERO,28,18,0.0412,0.0057,1.4265,NA,20,10,26.08,1.82,259.03,19.95,622.36,0.48
ENERO,28,19,0.0302,0.0104,1.6080,NA,55,6,23.03,3.64,128.56,30.47,622.94,0.05
ENERO,28,20,0.0182,0.0103,1.6175,NA,151,6,18.76,6.01,75.17,45.18,623.97,0.01
ENERO,28,21,0.0211,0.0062,1.5488,NA,98,7,16.18,6.84,77.14,54.11,624.81,0.01
ENERO,28,22,0.0218,0.0059,1.5096,NA,128,8,14.35,7.29,69.63,61.32,625.69,0.01
ENERO,28,23,0.0213,0.0057,1.4889,NA,59,11,13.02,6.14,70.13,64.34,626.38,0.01
ENERO,29,0,0.0224,0.0055,1.4653,NA,24,12,12.17,5.81,69.31,65.50,626.62,0.01
ENERO,29,1,0.0227,0.0053,1.4298,NA,7,6,11.36,5.45,69.60,66.00,626.53,0.01
ENERO,29,2,0.0242,0.0055,1.4482,NA,8,4,10.84,5.17,72.02,66.04,626.36,0.01
ENERO,29,3,0.0252,0.0056,1.4511,NA,8,2,10.39,5.10,71.50,66.34,626.13,0.01
ENERO,29,4,0.0244,0.0055,1.4557,NA,7,16,9.92,3.94,78.30,67.33,625.90,0.01
ENERO,29,5,0.0229,0.0055,1.4760,NA,10,4,9.51,3.63,85.98,68.68,625.62,0.01
ENERO,29,6,0.0213,0.0057,1.4894,NA,5,5,9.04,3.39,84.37,70.23,625.74,0.01
ENERO,29,7,0.0173,0.0057,1.5811,NA,6,10,8.69,3.20,83.97,71.47,626.13,0.01
ENERO,29,8,0.0124,0.0056,1.7184,NA,12,10,8.59,3.17,88.26,71.48,626.52,0.07
ENERO,29,9,0.0174,0.0056,1.6870,NA,23,8,10.13,4.12,75.07,64.75,626.90,0.49
ENERO,29,10,0.0216,0.0058,1.7567,NA,22,10,11.96,4.87,81.77,57.98,627.24,1.27
ENERO,29,11,0.0243,0.0058,1.7649,NA,33,9,13.88,4.35,76.06,51.95,627.11,2.16
ENERO,29,12,0.0285,0.0059,1.7368,NA,30,8,15.59,4.45,67.45,47.53,626.58,3.00
ENERO,29,13,0.0332,0.0068,1.8053,NA,30,11,17.76,3.03,94.06,43.15,625.96,3.52
ENERO,29,14,0.0409,0.0083,1.6610,NA,92,17,20.39,2.09,101.91,39.08,624.99,3.53
ENERO,29,15,0.0521,0.0159,1.6034,NA,NA,15,22.03,1.88,242.93,37.19,624.11,3.05
ENERO,29,16,0.0541,0.0147,1.5989,NA,25,28,23.06,2.39,257.42,35.51,623.33,2.24
ENERO,29,17,0.0513,0.0123,1.5249,NA,27,23,23.60,2.45,269.50,34.56,622.98,1.28
ENERO,29,18,0.0544,0.0110,1.5683,NA,43,21,22.99,2.13,279.56,35.10,622.98,0.43
ENERO,29,19,0.0432,0.0094,1.7091,NA,56,15,21.63,1.74,303.59,37.19,623.10,0.05
ENERO,29,20,0.0244,0.0103,2.0540,NA,69,20,20.99,1.09,274.78,38.46,623.39,0.01
ENERO,29,21,0.0032,0.0098,3.3020,NA,105,25,19.83,1.37,162.11,41.53,623.88,0.01
ENERO,29,22,0.0130,0.0080,2.1682,NA,104,40,18.26,2.02,156.61,48.03,624.38,0.01
ENERO,29,23,0.0060,0.0077,2.5741,NA,89,29,17.63,1.43,119.65,51.01,624.62,0.01
ENERO,30,0,0.0080,0.0501,2.0355,NA,110,39,16.22,1.99,94.03,52.70,624.84,0.01
ENERO,30,1,0.0129,0.0408,1.7049,NA,102,40,14.70,2.86,101.91,51.49,624.97,0.01
ENERO,30,2,0.0116,0.0106,1.6626,NA,56,25,13.43,2.73,106.43,54.52,624.85,0.01
ENERO,30,3,0.0074,0.0186,1.6439,NA,52,14,12.43,2.82,106.11,57.42,624.67,0.01
ENERO,30,4,0.0095,0.0795,1.6144,NA,69,13,11.62,2.95,105.09,59.53,624.52,0.01
ENERO,30,5,0.0061,0.0321,1.6169,NA,54,34,10.42,3.32,94.42,63.22,624.54,0.01
ENERO,30,6,0.0083,0.0142,1.5830,NA,32,14,9.47,3.00,100.62,65.80,624.78,0.01
ENERO,30,7,0.0085,0.0587,1.6934,NA,42,11,9.33,2.68,110.38,66.78,625.12,0.01
ENERO,30,8,0.0055,0.0509,1.7477,NA,41,22,8.79,2.51,106.22,67.89,625.51,0.07
ENERO,30,9,0.0085,0.0086,1.7852,NA,41,27,10.08,2.98,98.99,62.04,626.00,0.51
ENERO,30,10,0.0136,0.0318,1.8954,NA,41,23,13.20,3.22,92.50,54.96,626.40,1.31
ENERO,30,11,0.0221,0.0367,1.9061,NA,55,21,17.14,2.07,101.43,48.09,626.39,2.31
ENERO,30,12,0.0369,0.0139,1.6612,NA,39,22,19.75,1.88,179.39,41.15,625.90,3.18
ENERO,30,13,0.0435,0.0082,1.5154,NA,28,22,21.99,2.40,247.20,32.60,625.02,3.73
ENERO,30,14,0.0459,0.0070,1.5277,NA,14,21,23.65,2.89,260.86,28.72,623.96,3.79
ENERO,30,15,0.0470,0.0062,1.5006,NA,12,22,24.77,3.87,275.38,25.34,623.06,3.13
ENERO,30,16,0.0428,0.0057,1.4655,NA,13,9,25.37,3.94,258.16,22.97,622.43,2.26
ENERO,30,17,0.0402,0.0057,1.4675,NA,16,7,25.78,3.09,246.80,21.09,622.07,1.22
ENERO,30,18,0.0349,0.0056,1.4733,NA,21,4,25.33,3.91,235.19,19.25,622.01,0.49
ENERO,30,19,0.0288,0.0055,1.5216,NA,33,4,23.33,3.92,218.15,21.64,622.18,0.06
ENERO,30,20,0.0164,0.0097,1.8970,NA,54,7,21.17,3.29,228.50,25.63,622.56,0.01
ENERO,30,21,0.0237,0.0058,1.5598,NA,64,43,20.03,3.10,245.38,26.13,623.07,0.01
ENERO,30,22,0.0222,0.0059,1.5821,NA,37,8,18.38,2.57,261.24,29.97,623.53,0.01
ENERO,30,23,0.0146,0.0062,1.6936,NA,49,12,16.97,2.27,250.32,32.16,623.93,0.01
ENERO,31,0,0.0154,0.0058,1.5672,NA,41,17,15.85,1.75,262.64,34.26,624.13,0.01
ENERO,31,1,0.0144,0.0058,1.5494,NA,36,17,14.84,1.80,240.58,38.77,624.12,0.01
ENERO,31,2,0.0158,0.0061,1.5239,NA,29,15,13.99,1.42,228.73,49.58,624.02,0.01
ENERO,31,3,0.0137,0.0065,1.4923,NA,32,14,13.22,1.14,281.13,54.94,623.78,0.01
ENERO,31,4,0.0101,0.0066,1.5415,NA,27,13,12.78,1.12,249.44,56.53,623.59,0.01
ENERO,31,5,0.0120,0.0063,1.5327,NA,29,10,12.28,1.25,265.71,57.50,623.50,0.01
ENERO,31,6,0.0032,0.0063,1.5760,NA,24,10,11.28,1.46,270.35,60.11,623.55,0.01
ENERO,31,7,0.0009,0.0064,1.7412,NA,36,12,10.32,1.14,254.17,61.37,623.83,0.01
ENERO,31,8,0.0007,0.0068,2.3425,NA,62,21,10.61,1.11,287.06,57.01,624.17,0.07
ENERO,31,9,0.0014,0.0090,2.4751,NA,102,25,13.46,1.40,298.60,44.01,624.62,0.53
ENERO,31,10,0.0077,0.0072,1.8126,NA,80,28,16.33,1.47,280.12,39.22,624.81,1.39
ENERO,31,11,0.0208,0.0061,1.6142,NA,36,27,19.34,2.93,258.22,33.77,624.55,2.40
ENERO,31,12,0.0272,0.0057,1.5245,NA,21,8,21.00,4.71,258.15,27.05,623.85,3.33
ENERO,31,13,0.0295,0.0057,1.4653,NA,15,7,22.19,4.93,256.34,26.11,622.97,3.77
ENERO,31,14,0.0327,0.0058,1.5259,NA,14,10,23.40,5.02,234.00,25.43,621.93,3.76
ENERO,31,15,0.0332,0.0057,1.5323,NA,25,13,24.60,5.65,228.41,23.06,620.86,3.18
ENERO,31,16,0.0374,0.0057,1.4866,NA,60,8,25.10,5.77,236.96,22.03,620.27,2.29
ENERO,31,17,0.0432,0.0061,1.4910,NA,135,2,25.20,5.54,247.38,21.56,620.07,1.29
ENERO,31,18,0.0410,0.0059,1.4835,NA,169,6,24.58,4.78,258.43,21.33,620.21,0.49
ENERO,31,19,0.0270,0.0055,1.4591,NA,34,9,22.67,3.78,264.47,17.77,620.50,0.06
ENERO,31,20,0.0200,0.0057,1.6623,NA,41,5,20.67,3.13,232.61,21.27,620.91,0.01
ENERO,31,21,0.0196,0.0058,1.6913,NA,72,6,18.80,2.54,231.90,26.44,621.42,0.01
ENERO,31,22,0.0212,0.0058,1.6003,NA,60,10,17.74,2.30,244.71,26.21,621.75,0.01
ENERO,31,23,0.0238,0.0056,1.5410,NA,54,13,17.16,3.19,217.18,25.35,621.96,0.01
