DATOS HORARIOS 2023_DIF,,,,,,,,,,,,,
NOTA: LOS DATOS SON PREVALIDADOS,,,,,,,,,,,,,
,,,,,,,,,,,,,
MES,DIA,HORA,O3 [ppm],SO2 [ppm],CO [ppm],NO2 [ppm],PM10 [µg/m³],PM2.5 [µg/m³],TEMP,WS,WD,HR,PBAR
FEBRERO,1,0,0.018,0.009,1.02,0.014,66,26.39,18.70,0.80,247.34,47.90,623.59
FEBRERO,1,1,0.018,0.009,1.02,0.014,54,24.16,18.47,0.82,207.52,47.23,623.71
FEBRERO,1,2,0.009,0.009,1.00,0.020,46,24.10,17.46,1.88,121.63,49.69,623.70
FEBRERO,1,3,0.008,0.009,1.00,0.019,54,34.73,15.90,2.52,99.87,57.78,623.62
FEBRERO,1,4,0.013,0.009,0.99,0.014,58,27.29,14.83,2.59,93.33,63.77,623.38
FEBRERO,1,5,0.013,0.008,0.98,0.012,52,28.20,13.89,2.37,113.48,68.37,623.38
FEBRERO,1,6,0.010,0.008,1.01,0.015,45,24.83,13.11,2.61,101.70,73.18,623.64
FEBRERO,1,7,0.005,0.008,1.13,0.017,44,27.88,12.55,2.24,88.24,76.54,624.07
FEBRERO,1,8,0.002,0.008,1.25,0.020,54,29.89,12.38,2.22,89.36,77.92,624.61
FEBRERO,1,9,0.006,0.008,1.22,0.019,60,30.67,13.48,3.12,92.22,72.94,625.15
FEBRERO,1,10,0.017,0.008,1.13,0.014,81,26.23,16.02,3.61,94.44,64.22,625.61
FEBRERO,1,11,0.025,0.007,1.10,0.012,72,27.89,18.21,3.17,105.95,56.17,625.84
FEBRERO,1,12,0.032,0.016,1.08,0.013,101,27.05,20.16,2.50,119.42,47.90,625.38
FEBRERO,1,13,0.041,0.022,1.06,0.011,64,22.07,21.98,2.18,140.96,40.34,624.54
FEBRERO,1,14,0.042,0.012,1.06,0.011,60,19.20,23.69,2.49,129.14,34.86,623.64
FEBRERO,1,15,0.045,0.010,1.06,0.011,105,11.79,24.47,2.53,145.50,32.55,622.85
FEBRERO,1,16,0.048,0.009,1.04,0.010,48,15.65,25.50,2.17,162.55,29.64,622.20
FEBRERO,1,17,0.053,0.009,0.99,0.008,48,20.50,25.77,2.63,269.24,28.88,621.97
FEBRERO,1,18,0.053,0.008,0.99,0.008,60,23.04,25.30,2.00,275.54,29.18,622.04
FEBRERO,1,19,0.037,0.008,1.08,0.018,48,37.72,23.91,1.41,279.24,31.85,622.26
FEBRERO,1,20,0.010,0.009,1.26,0.026,60,46.04,22.63,2.43,191.29,33.76,622.93
FEBRERO,1,21,0.021,0.008,1.06,0.013,96,29.95,21.20,3.61,159.09,35.24,623.62
FEBRERO,1,22,0.023,0.009,1.01,0.012,53,20.66,20.48,3.10,213.71,38.85,624.29
FEBRERO,1,23,0.024,0.009,1.00,0.011,69,26.45,18.89,2.16,227.81,45.23,624.73
FEBRERO,2,0,0.025,0.009,0.98,0.010,46,23.90,17.96,1.54,239.31,46.88,624.96
FEBRERO,2,1,0.025,0.008,0.97,0.010,51,19.00,17.09,1.99,262.29,47.50,624.84
FEBRERO,2,2,0.020,0.008,0.96,0.012,40,22.25,16.02,1.45,239.57,51.27,624.89
FEBRERO,2,3,0.015,0.008,0.97,0.014,32,22.65,14.93,1.17,258.52,54.69,624.75
FEBRERO,2,4,0.006,0.008,0.98,0.021,36,21.77,13.80,1.16,236.34,59.09,624.47
FEBRERO,2,5,0.010,0.008,0.98,0.019,41,28.26,13.14,1.49,244.74,59.93,624.40
FEBRERO,2,6,0.009,0.008,1.02,0.020,43,22.77,12.51,0.93,158.01,60.69,624.47
FEBRERO,2,7,0.006,0.008,1.11,0.021,40,23.29,11.75,0.91,279.44,64.11,624.90
FEBRERO,2,8,0.006,0.008,1.27,0.020,66,31.94,11.60,0.77,258.13,65.26,625.34
FEBRERO,2,9,0.007,0.008,1.37,0.022,84,23.60,14.16,0.97,259.27,52.90,625.90
FEBRERO,2,10,0.022,0.008,1.02,0.012,116,31.71,16.07,1.94,264.57,50.95,626.37
FEBRERO,2,11,0.033,0.008,0.99,0.009,47,19.13,18.51,1.85,267.97,45.11,626.40
FEBRERO,2,12,0.038,0.008,0.98,0.008,47,20.85,20.26,1.93,246.44,39.33,625.99
FEBRERO,2,13,0.041,0.008,0.97,0.007,46,15.68,22.02,1.91,200.28,34.16,625.23
FEBRERO,2,14,0.037,0.007,1.00,0.008,38,12.83,24.28,3.56,246.32,21.06,624.44
FEBRERO,2,15,0.044,0.007,0.98,0.007,36,8.12,25.29,3.45,268.27,20.33,623.74
FEBRERO,2,16,0.046,0.007,0.97,0.007,35,12.26,26.03,3.58,270.82,17.46,623.22
FEBRERO,2,17,0.047,0.007,0.96,0.007,46,9.61,26.24,3.20,283.26,17.57,623.03
FEBRERO,2,18,0.047,0.007,0.97,0.009,87,16.63,25.83,3.03,279.62,17.95,623.05
FEBRERO,2,19,0.028,0.007,1.06,0.018,53,24.17,24.13,1.77,278.89,19.64,623.22
FEBRERO,2,20,0.004,0.008,1.35,0.033,69,35.86,21.98,1.07,274.35,24.04,623.62
FEBRERO,2,21,0.004,0.009,1.59,0.032,119,42.95,20.47,0.95,206.71,25.58,624.09
FEBRERO,2,22,0.007,0.008,1.30,0.027,135,45.83,19.00,1.44,249.04,26.22,624.46
FEBRERO,2,23,0.007,0.007,1.12,0.025,108,29.92,17.22,1.00,256.25,28.41,624.79
FEBRERO,3,0,0.004,0.008,1.16,0.026,80,24.30,16.26,0.98,254.71,32.01,624.89
FEBRERO,3,1,0.013,0.009,1.13,0.026,77,40.68,14.93,2.51,94.70,36.14,625.04
FEBRERO,3,2,0.007,0.008,1.06,0.026,115,36.57,15.46,2.47,95.33,42.12,625.17
FEBRERO,3,3,0.019,0.038,1.16,0.013,77,28.43,15.20,3.61,62.91,50.24,625.21
FEBRERO,3,4,0.020,0.093,1.10,0.011,91,32.57,13.56,5.35,57.46,62.38,625.25
FEBRERO,3,5,0.020,0.098,0.96,0.010,122,42.95,12.68,3.93,67.10,62.59,625.73
FEBRERO,3,6,0.026,0.014,0.96,0.008,66,16.86,12.27,4.54,70.96,62.53,626.25
FEBRERO,3,7,0.026,0.013,0.98,0.009,46,13.25,12.24,6.00,61.52,61.35,626.83
FEBRERO,3,8,0.023,0.042,1.02,0.013,74,17.39,12.25,4.85,61.40,60.38,627.24
FEBRERO,3,9,0.024,0.046,1.04,0.012,63,14.01,13.02,5.02,61.94,56.09,627.75
FEBRERO,3,10,0.027,0.014,1.02,0.009,77,17.74,13.80,6.64,65.42,52.59,628.24
FEBRERO,3,11,0.029,0.009,1.01,0.009,159,19.89,14.40,6.54,66.25,50.23,628.55
FEBRERO,3,12,0.031,0.008,1.03,0.009,183,15.69,15.94,6.98,71.91,44.74,628.21
FEBRERO,3,13,0.034,0.008,1.06,0.010,199,29.68,17.33,7.17,87.06,40.42,627.40
FEBRERO,3,14,0.035,0.008,1.06,0.011,232,20.00,18.12,6.68,89.64,38.34,626.55
FEBRERO,3,15,0.038,0.008,1.06,0.011,150,20.80,18.86,6.19,91.83,36.53,625.86
FEBRERO,3,16,0.040,0.007,1.04,0.010,131,17.57,19.71,6.07,83.51,33.85,625.31
FEBRERO,3,17,0.040,0.007,1.05,0.011,109,19.37,20.25,5.70,80.37,31.25,625.08
FEBRERO,3,18,0.036,0.007,1.06,0.012,96,15.31,20.14,5.45,79.69,30.01,625.25
FEBRERO,3,19,0.029,0.010,1.08,0.013,100,26.46,18.39,5.29,70.99,31.58,625.66
FEBRERO,3,20,0.028,0.141,1.54,0.012,103,22.54,15.72,6.31,45.69,31.46,626.27
FEBRERO,3,21,0.025,0.101,1.11,0.012,127,25.18,14.38,5.80,58.63,33.40,626.92
FEBRERO,3,22,0.027,0.031,0.99,0.011,66,15.59,13.08,5.69,64.10,35.22,627.48
FEBRERO,3,23,0.031,0.008,0.97,0.008,41,10.88,11.74,5.34,74.20,37.54,627.75
FEBRERO,4,0,0.029,0.007,0.96,0.008,35,6.57,10.09,3.99,82.98,40.07,628.06
FEBRERO,4,1,0.029,0.007,0.96,0.008,23,13.10,9.37,4.03,80.00,42.29,628.05
FEBRERO,4,2,0.030,0.007,0.95,0.007,20,6.53,8.70,3.81,82.33,43.61,627.90
FEBRERO,4,3,0.029,0.007,0.95,0.007,16,7.00,7.95,3.67,84.20,45.32,627.69
FEBRERO,4,4,0.029,0.007,0.94,0.007,16,6.64,7.37,3.09,88.42,45.69,627.39
FEBRERO,4,5,0.026,0.007,0.95,0.009,14,8.37,6.82,2.81,100.79,46.29,627.35
FEBRERO,4,6,0.024,0.007,0.96,0.011,20,7.52,6.11,3.13,96.85,46.58,627.32
FEBRERO,4,7,0.014,0.007,1.03,0.018,11,6.23,5.96,2.67,102.59,44.68,627.61
FEBRERO,4,8,0.007,0.009,1.10,0.021,31,12.95,5.47,3.14,118.88,46.52,627.87
FEBRERO,4,9,0.012,0.009,1.14,0.019,54,13.38,7.00,3.49,112.67,41.78,628.31
FEBRERO,4,10,0.026,0.007,1.07,0.011,69,13.24,9.85,3.65,80.92,34.03,628.47
FEBRERO,4,11,0.030,0.008,1.09,0.012,44,9.85,12.57,4.15,93.46,29.66,628.34
FEBRERO,4,12,0.031,0.009,1.10,0.013,49,14.02,14.91,3.39,102.27,30.67,627.88
FEBRERO,4,13,0.038,0.009,1.07,0.012,55,13.60,17.23,2.51,105.88,30.79,627.02
FEBRERO,4,14,0.047,0.015,1.04,0.011,46,14.27,20.25,1.79,170.70,27.05,626.08
FEBRERO,4,15,0.057,0.029,1.08,0.010,47,14.58,23.03,1.61,198.72,22.54,625.17
FEBRERO,4,16,0.061,0.018,1.02,0.009,48,16.77,24.01,1.69,246.04,21.11,624.53
FEBRERO,4,17,0.053,0.009,0.99,0.008,43,13.87,24.39,2.20,260.53,18.74,624.28
FEBRERO,4,18,0.056,0.009,1.01,0.008,37,21.68,23.95,2.30,268.78,20.02,624.38
FEBRERO,4,19,0.042,0.008,1.10,0.016,43,25.24,22.42,1.68,280.63,21.89,624.53
FEBRERO,4,20,0.005,0.009,1.43,0.038,63,32.63,20.06,0.99,257.73,26.55,624.77
FEBRERO,4,21,0.004,0.010,1.91,0.035,101,39.88,18.19,0.86,219.76,29.62,625.19
FEBRERO,4,22,0.005,0.011,2.68,0.033,171,60.26,17.25,1.03,119.16,31.40,625.43
FEBRERO,4,23,0.006,0.029,1.57,0.033,244,61.10,16.50,1.20,127.17,30.85,625.75
FEBRERO,5,0,0.008,0.009,1.24,0.025,264,46.12,15.62,1.99,107.48,29.05,626.02
FEBRERO,5,1,0.010,0.008,1.14,0.022,86,27.10,14.68,2.01,114.07,29.55,625.98
FEBRERO,5,2,0.008,0.008,1.12,0.023,66,26.15,13.13,2.03,87.35,32.58,625.99
FEBRERO,5,3,0.008,0.008,1.07,0.020,75,26.30,11.64,2.02,86.03,34.57,625.92
FEBRERO,5,4,0.006,0.008,1.06,0.021,65,26.26,11.15,2.02,112.18,36.25,625.62
FEBRERO,5,5,0.005,0.009,1.06,0.021,59,21.19,10.35,2.17,109.24,38.79,625.58
FEBRERO,5,6,0.005,0.008,1.06,0.020,66,27.42,9.18,2.16,106.23,41.80,625.77
FEBRERO,5,7,0.005,0.008,1.07,0.020,64,19.61,8.98,2.14,104.53,42.63,626.08
FEBRERO,5,8,0.005,0.009,1.12,0.020,54,19.87,9.02,2.64,116.49,42.06,626.23
FEBRERO,5,9,0.010,0.009,1.15,0.018,64,19.92,10.77,2.63,111.73,37.54,626.54
FEBRERO,5,10,0.017,0.010,1.16,0.015,70,18.72,14.09,3.19,106.46,32.76,626.84
FEBRERO,5,11,0.026,0.011,1.16,0.015,72,19.31,17.96,3.25,107.63,26.86,626.83
FEBRERO,5,12,0.035,0.008,1.13,0.013,58,13.73,20.91,3.23,106.47,21.73,626.34
FEBRERO,5,13,0.040,0.007,1.09,0.012,43,7.73,23.40,3.55,112.00,18.75,625.41
FEBRERO,5,14,0.044,0.009,1.09,0.012,41,12.65,25.32,3.48,99.00,16.83,624.53
FEBRERO,5,15,0.047,0.009,1.06,0.010,55,11.01,26.62,3.11,102.51,14.15,623.74
FEBRERO,5,16,0.046,0.013,1.05,0.009,53,8.14,27.23,3.72,73.89,11.81,623.15
FEBRERO,5,17,0.045,0.008,1.06,0.010,49,10.54,27.30,3.59,88.48,11.88,622.89
FEBRERO,5,18,0.042,0.009,1.08,0.011,44,14.39,26.92,2.95,83.22,12.22,622.97
FEBRERO,5,19,0.036,0.017,1.09,0.012,43,27.21,24.80,3.78,71.65,12.44,623.33
FEBRERO,5,20,0.028,0.156,1.52,0.015,71,46.87,22.75,4.17,50.02,13.91,623.86
FEBRERO,5,21,0.028,0.252,1.63,0.014,75,33.34,20.93,4.67,54.08,16.90,624.27
FEBRERO,5,22,0.027,0.165,1.18,0.014,76,33.94,19.56,4.31,64.05,19.73,624.64
FEBRERO,5,23,0.023,0.009,1.05,0.012,59,27.92,16.52,3.53,96.43,25.19,625.05
FEBRERO,6,0,0.030,0.007,0.99,0.009,60,18.05,15.83,3.86,95.88,26.29,625.22
FEBRERO,6,1,0.025,0.007,1.00,0.010,37,17.86,14.47,2.98,96.44,29.00,625.20
FEBRERO,6,2,0.024,0.007,1.01,0.011,34,15.81,13.19,2.59,103.21,31.83,625.11
FEBRERO,6,3,0.022,0.007,1.00,0.010,31,18.83,11.97,2.02,101.47,34.04,624.87
FEBRERO,6,4,0.020,0.008,1.00,0.011,36,10.47,10.79,2.44,99.48,37.83,624.54
FEBRERO,6,5,0.017,0.009,1.01,0.014,37,15.58,10.00,2.26,107.74,41.02,624.36
FEBRERO,6,6,0.015,0.010,1.02,0.016,37,18.87,9.59,2.64,86.85,42.81,624.38
FEBRERO,6,7,0.008,0.009,1.06,0.018,45,23.27,8.15,1.86,99.56,46.95,624.80
FEBRERO,6,8,0.006,0.010,1.16,0.021,53,25.41,8.54,1.34,90.86,45.85,625.18
FEBRERO,6,9,0.013,0.010,1.12,0.018,71,27.05,10.71,2.53,85.20,38.25,625.48
FEBRERO,6,10,0.018,0.013,1.16,0.017,96,23.74,13.83,2.18,100.50,32.73,625.75
FEBRERO,6,11,0.028,0.009,1.11,0.015,76,23.14,17.14,2.04,108.97,26.04,625.73
FEBRERO,6,12,0.038,0.008,1.07,0.012,60,12.44,19.77,1.67,140.01,19.51,625.24
FEBRERO,6,13,0.045,0.009,1.07,0.011,44,5.83,22.43,1.61,145.34,12.33,624.29
FEBRERO,6,14,0.049,0.008,1.05,0.010,41,6.40,24.86,1.65,164.65,9.87,623.18
FEBRERO,6,15,0.053,0.009,1.04,0.009,36,5.16,26.13,2.15,221.22,8.54,622.38
FEBRERO,6,16,0.055,0.009,1.01,0.007,39,10.60,26.35,2.27,209.40,8.16,621.71
FEBRERO,6,17,0.053,0.008,1.01,0.007,34,5.28,27.24,1.81,255.28,7.55,621.25
FEBRERO,6,18,0.054,0.009,1.04,0.009,23,9.94,26.61,1.82,242.93,8.09,621.14
FEBRERO,6,19,0.036,0.009,1.25,0.022,25,24.72,24.39,1.24,214.60,10.29,621.12
FEBRERO,6,20,0.005,0.011,2.28,0.036,57,42.50,21.95,1.36,169.39,13.63,621.30
FEBRERO,6,21,0.004,0.011,2.28,0.035,196,59.49,19.64,0.73,161.98,17.36,621.73
FEBRERO,6,22,0.003,0.011,2.30,0.029,215,65.33,17.60,1.02,253.54,22.54,621.95
FEBRERO,6,23,0.003,0.010,1.46,0.028,231,63.55,15.54,1.05,256.82,24.62,622.23
FEBRERO,7,0,0.004,0.010,1.36,0.031,133,36.42,15.05,1.90,143.85,23.23,622.53
FEBRERO,7,1,0.004,0.009,1.21,0.029,125,48.83,14.16,1.25,124.44,25.55,622.56
FEBRERO,7,2,0.006,0.009,1.15,0.025,92,46.08,14.45,1.70,155.92,23.61,622.68
FEBRERO,7,3,0.010,0.009,1.10,0.022,82,32.71,14.24,1.42,183.82,22.49,622.61
FEBRERO,7,4,0.006,0.009,1.11,0.023,71,39.01,13.23,1.41,128.08,25.02,622.52
FEBRERO,7,5,0.005,0.009,1.11,0.025,76,41.96,11.97,1.56,96.27,27.30,622.72
FEBRERO,7,6,0.004,0.009,1.13,0.024,80,35.34,11.61,2.07,105.27,27.01,622.83
FEBRERO,7,7,0.005,0.009,1.29,0.024,74,28.63,11.49,2.27,110.50,26.86,623.09
FEBRERO,7,8,0.005,0.009,1.36,0.022,76,29.81,11.21,2.48,105.41,27.83,623.46
FEBRERO,7,9,0.007,0.010,1.32,0.022,92,33.70,12.54,2.67,99.79,26.33,623.83
FEBRERO,7,10,0.014,0.011,1.29,0.021,113,33.34,14.90,2.33,97.27,28.16,624.11
FEBRERO,7,11,0.030,0.010,1.12,0.016,110,30.45,18.43,1.53,116.73,29.04,624.33
FEBRERO,7,12,0.044,0.010,1.13,0.016,79,24.50,21.60,1.43,152.79,28.15,623.84
FEBRERO,7,13,0.055,0.009,1.04,0.010,84,20.58,23.81,2.03,250.00,27.37,623.09
FEBRERO,7,14,0.060,0.008,1.03,0.008,65,10.26,24.95,2.79,258.61,25.28,622.35
FEBRERO,7,15,0.065,0.008,1.02,0.008,52,10.89,25.84,3.03,267.39,23.02,621.65
FEBRERO,7,16,0.065,0.008,1.03,0.008,56,11.23,26.75,2.62,267.54,21.97,621.00
FEBRERO,7,17,0.065,0.008,1.02,0.008,71,15.23,27.10,2.19,275.27,20.35,620.65
FEBRERO,7,18,0.063,0.008,1.01,0.008,421,17.77,26.66,2.09,268.47,19.04,620.58
FEBRERO,7,19,0.054,0.008,1.06,0.012,46,29.75,24.97,1.46,299.23,18.99,620.72
FEBRERO,7,20,0.012,0.009,1.66,0.035,63,40.69,22.87,0.96,265.13,22.34,621.05
FEBRERO,7,21,0.004,0.009,1.63,0.041,290,55.84,21.29,1.31,220.06,24.29,621.55
FEBRERO,7,22,0.012,0.010,1.29,0.033,138,47.83,19.68,1.75,180.10,26.94,621.92
FEBRERO,7,23,0.032,0.009,1.06,0.013,95,35.95,19.06,2.39,240.63,35.42,622.19
FEBRERO,8,0,0.023,0.008,1.07,0.016,71,36.47,17.44,1.35,228.81,38.98,622.52
FEBRERO,8,1,0.011,0.008,1.10,0.022,143,30.15,16.55,0.76,166.19,41.00,622.52
FEBRERO,8,2,0.005,0.008,1.07,0.026,68,37.88,15.68,1.20,229.61,45.39,622.50
FEBRERO,8,3,0.020,0.008,1.01,0.014,82,32.84,14.58,1.67,255.09,54.63,622.58
FEBRERO,8,4,0.020,0.008,1.00,0.012,97,27.01,14.05,1.48,242.64,55.95,622.66
FEBRERO,8,5,0.020,0.008,1.00,0.011,42,18.22,13.82,2.28,246.74,53.50,622.54
FEBRERO,8,6,0.006,0.008,1.03,0.020,43,22.38,12.46,1.43,279.85,57.42,622.80
FEBRERO,8,7,0.004,0.009,1.24,0.022,54,31.36,12.23,0.72,202.73,58.39,623.12
FEBRERO,8,8,0.004,0.010,2.09,0.022,86,35.42,12.88,0.69,184.39,57.00,623.41
FEBRERO,8,9,0.008,0.012,1.63,0.025,131,52.51,14.40,1.27,89.45,50.61,623.75
FEBRERO,8,10,0.016,0.016,1.28,0.025,190,55.44,17.19,1.28,143.01,42.66,624.23
FEBRERO,8,11,0.033,0.012,1.06,0.014,131,34.08,19.76,1.56,242.97,36.78,624.42
FEBRERO,8,12,0.041,0.009,1.03,0.010,71,23.28,21.38,2.07,261.33,36.42,624.15
FEBRERO,8,13,0.048,0.008,1.02,0.008,55,12.51,23.01,2.74,252.40,32.49,623.65
FEBRERO,8,14,0.048,0.008,1.04,0.008,50,11.63,23.91,2.47,243.34,30.12,622.83
FEBRERO,8,15,0.048,0.008,1.05,0.008,45,13.63,24.16,1.77,230.14,29.14,622.09
FEBRERO,8,16,0.048,0.008,1.04,0.009,41,14.57,24.96,2.34,233.33,27.74,621.43
FEBRERO,8,17,0.051,0.008,1.04,0.009,47,12.64,25.87,2.44,209.72,25.48,621.05
FEBRERO,8,18,0.053,0.008,1.01,0.008,53,22.50,25.34,2.11,285.76,25.53,621.16
FEBRERO,8,19,0.040,0.008,1.12,0.017,48,35.96,23.64,1.59,286.63,27.99,621.50
FEBRERO,8,20,0.006,0.010,1.81,0.039,111,46.72,22.47,1.10,175.71,30.73,621.80
FEBRERO,8,21,0.015,0.010,1.56,0.027,158,52.31,21.42,2.39,182.80,34.82,622.36
FEBRERO,8,22,0.032,0.008,1.07,0.013,166,38.04,20.21,3.18,169.90,40.07,622.80
FEBRERO,8,23,0.035,0.008,1.03,0.011,40,22.47,20.29,3.53,221.19,36.49,623.03
FEBRERO,9,0,0.028,0.008,1.04,0.011,61,22.60,18.46,1.82,235.01,38.74,623.12
FEBRERO,9,1,0.023,0.008,1.03,0.014,191,21.45,17.73,2.16,143.43,41.92,623.27
FEBRERO,9,2,0.029,0.008,1.01,0.010,107,28.76,17.22,3.86,93.11,56.65,623.55
FEBRERO,9,3,0.029,0.008,1.00,0.009,55,25.21,16.55,2.95,82.63,58.96,623.51
FEBRERO,9,4,0.028,0.008,1.01,0.009,41,28.47,15.90,2.58,81.38,61.05,623.38
FEBRERO,9,5,0.024,0.008,1.01,0.011,38,20.83,15.03,2.48,95.98,64.65,623.31
FEBRERO,9,6,0.019,0.007,1.03,0.013,35,26.02,14.42,1.30,104.13,67.44,623.37
FEBRERO,9,7,0.013,0.008,1.17,0.018,36,27.42,14.11,1.13,120.58,68.73,623.75
FEBRERO,9,8,0.007,0.008,1.30,0.022,49,32.18,13.59,1.93,80.98,70.71,624.01
FEBRERO,9,9,0.011,0.008,1.20,0.020,80,29.32,14.54,2.49,84.12,66.17,624.40
FEBRERO,9,10,0.021,0.008,1.17,0.016,91,27.27,16.90,2.67,101.79,57.24,624.67
FEBRERO,9,11,0.034,0.008,1.12,0.013,77,30.69,18.77,2.77,108.73,50.18,624.78
FEBRERO,9,12,0.044,0.010,1.09,0.012,56,24.66,20.84,1.89,177.77,42.45,624.41
FEBRERO,9,13,0.056,0.016,1.09,0.011,62,27.32,22.35,1.84,200.90,36.22,623.73
FEBRERO,9,14,0.057,0.012,1.04,0.008,65,13.99,23.59,2.18,221.25,31.21,622.75
FEBRERO,9,15,0.056,0.010,1.04,0.009,52,20.07,23.89,2.05,206.75,29.81,622.08
FEBRERO,9,16,0.059,0.009,1.03,0.008,50,19.78,23.78,2.02,221.16,30.28,621.61
FEBRERO,9,17,0.057,0.009,1.09,0.010,50,22.50,23.75,1.84,138.33,29.69,621.32
FEBRERO,9,18,0.055,0.009,1.10,0.012,52,30.66,24.00,1.90,114.96,28.54,621.41
FEBRERO,9,19,0.042,0.008,1.20,0.018,55,34.30,23.09,1.07,127.52,29.14,621.60
FEBRERO,9,20,0.015,0.009,1.64,0.035,57,35.69,22.01,0.98,218.48,31.03,621.97
FEBRERO,9,21,0.009,0.010,1.49,0.035,105,49.85,21.06,2.02,198.95,32.64,622.46
FEBRERO,9,22,0.033,0.008,1.04,0.011,130,32.95,20.67,2.89,237.27,30.16,622.87
FEBRERO,9,23,0.026,0.008,1.05,0.013,43,20.39,18.62,2.21,237.62,34.05,623.10
FEBRERO,10,0,0.024,0.007,1.03,0.011,39,19.49,17.02,1.62,245.28,36.68,623.25
FEBRERO,10,1,0.019,0.007,1.03,0.014,36,17.14,16.13,1.43,270.84,39.35,623.33
FEBRERO,10,2,0.015,0.007,1.03,0.015,37,21.75,15.55,0.90,198.10,41.98,623.40
FEBRERO,10,3,0.015,0.007,1.05,0.016,38,21.90,14.93,0.83,169.51,43.55,623.38
FEBRERO,10,4,0.010,0.007,1.03,0.021,39,23.22,14.09,0.76,225.56,46.21,623.32
FEBRERO,10,5,0.015,0.007,1.02,0.017,39,19.65,13.38,0.89,232.89,48.65,623.23
FEBRERO,10,6,0.013,0.007,1.08,0.019,38,25.63,13.01,1.19,136.33,50.19,623.16
FEBRERO,10,7,0.006,0.008,1.25,0.021,45,33.72,12.33,1.23,102.72,52.45,623.60
FEBRERO,10,8,0.005,0.009,1.50,0.021,79,41.55,12.24,1.34,108.13,53.13,624.18
FEBRERO,10,9,0.005,0.009,1.45,0.023,110,41.89,13.24,1.86,103.88,49.36,624.54
FEBRERO,10,10,0.015,0.009,1.20,0.020,120,33.27,16.63,1.79,118.48,39.86,624.74
FEBRERO,10,11,0.030,0.012,1.15,0.016,79,27.97,19.62,1.48,139.56,35.09,624.90
FEBRERO,10,12,0.046,0.016,1.11,0.013,73,34.50,21.48,1.72,198.38,30.87,624.51
FEBRERO,10,13,0.049,0.010,1.06,0.009,58,14.70,23.31,1.97,217.35,28.97,623.79
FEBRERO,10,14,0.047,0.009,1.06,0.009,41,9.30,24.47,2.40,228.96,25.38,623.03
FEBRERO,10,15,0.051,0.008,1.06,0.009,35,7.85,25.66,1.82,199.76,23.30,622.29
FEBRERO,10,16,0.053,0.008,1.03,0.008,46,6.64,25.98,2.50,246.94,22.37,621.75
FEBRERO,10,17,0.053,0.008,1.01,0.007,43,14.41,26.03,2.21,275.39,21.96,621.48
FEBRERO,10,18,0.055,0.008,1.02,0.008,30,17.90,26.21,1.41,227.26,21.01,621.44
FEBRERO,10,19,0.048,0.008,1.07,0.011,36,27.55,24.47,1.50,177.93,23.17,621.68
FEBRERO,10,20,0.024,0.008,1.35,0.027,40,34.68,23.01,1.73,119.38,24.25,622.03
FEBRERO,10,21,0.017,0.011,1.30,0.026,72,42.39,21.75,3.45,66.66,30.91,622.56
FEBRERO,10,22,0.024,0.026,1.07,0.012,157,38.16,18.99,5.01,72.62,44.74,623.31
FEBRERO,10,23,0.022,0.024,1.04,0.012,73,27.65,17.20,5.35,77.31,52.80,623.81
FEBRERO,11,0,0.021,0.028,1.02,0.012,67,22.10,15.90,5.66,69.68,59.73,624.28
FEBRERO,11,1,0.021,0.029,1.00,0.011,64,24.86,14.92,5.41,70.53,63.13,624.39
FEBRERO,11,2,0.024,0.017,0.99,0.008,36,15.34,13.83,4.84,78.19,66.11,624.42
FEBRERO,11,3,0.023,0.029,0.99,0.010,24,13.44,13.42,4.84,65.55,66.77,624.36
FEBRERO,11,4,0.024,0.044,0.99,0.009,24,19.45,12.78,4.21,57.87,66.34,624.44
FEBRERO,11,5,0.025,0.019,0.99,0.008,27,16.74,11.72,3.51,77.80,67.06,624.43
FEBRERO,11,6,0.026,0.009,0.99,0.008,16,11.66,10.74,3.94,87.51,67.62,624.67
FEBRERO,11,7,0.025,0.008,1.02,0.008,20,12.16,10.14,4.62,84.88,67.77,625.04
FEBRERO,11,8,0.024,0.008,1.06,0.010,69,9.66,9.86,4.35,79.31,67.44,625.40
FEBRERO,11,9,0.022,0.008,1.08,0.012,21,9.80,11.00,4.39,74.74,63.36,625.77
FEBRERO,11,10,0.024,0.008,1.09,0.010,62,11.69,12.62,4.93,79.13,57.11,625.84
FEBRERO,11,11,0.029,0.008,1.09,0.010,47,12.00,14.31,4.44,67.61,51.94,625.65
FEBRERO,11,12,0.034,0.008,1.11,0.010,43,15.49,16.20,4.25,69.36,46.38,625.27
FEBRERO,11,13,0.039,0.008,1.10,0.010,47,10.72,18.07,3.34,78.77,40.70,624.63
FEBRERO,11,14,0.042,0.008,1.12,0.011,47,15.72,20.21,3.68,99.05,34.95,623.78
FEBRERO,11,15,0.043,0.008,1.17,0.013,67,10.14,22.37,3.53,112.50,30.91,622.91
FEBRERO,11,16,0.046,0.009,1.12,0.011,71,12.15,23.37,3.31,103.55,28.82,622.39
FEBRERO,11,17,0.045,0.008,1.13,0.012,48,13.89,24.02,3.06,100.27,27.12,622.17
FEBRERO,11,18,0.045,0.011,1.12,0.011,47,21.60,23.96,2.47,88.45,25.44,622.14
FEBRERO,11,19,0.035,0.008,1.21,0.017,41,26.90,22.74,2.12,97.19,27.09,622.40
FEBRERO,11,20,0.033,0.008,1.11,0.012,62,31.27,20.88,4.03,49.86,29.71,622.80
FEBRERO,11,21,0.030,0.012,1.10,0.011,57,17.96,18.97,4.51,60.98,32.62,623.27
FEBRERO,11,22,0.023,0.008,1.12,0.012,56,23.28,16.79,4.54,87.61,36.39,624.00
FEBRERO,11,23,0.028,0.008,1.05,0.009,64,14.50,15.27,5.32,78.27,38.24,624.20
FEBRERO,12,0,0.030,0.008,1.04,0.009,60,16.55,14.82,5.16,75.13,39.67,624.37
FEBRERO,12,1,0.030,0.008,1.02,0.008,46,11.80,14.01,4.86,75.11,42.20,624.43
FEBRERO,12,2,0.032,0.007,1.01,0.007,37,15.28,13.39,4.15,76.47,44.99,624.29
FEBRERO,12,3,0.030,0.007,1.01,0.007,30,11.27,12.18,3.14,84.58,48.39,624.06
FEBRERO,12,4,0.027,0.007,1.01,0.008,21,11.47,11.00,2.83,95.32,51.47,623.96
FEBRERO,12,5,0.025,0.007,1.01,0.008,19,9.48,10.02,3.01,96.89,54.61,624.01
FEBRERO,12,6,0.023,0.007,1.03,0.010,18,12.03,9.75,2.74,88.13,57.23,623.99
FEBRERO,12,7,0.021,0.007,1.04,0.011,27,15.30,9.41,2.99,93.98,57.61,624.09
FEBRERO,12,8,0.019,0.007,1.08,0.012,24,12.25,9.20,2.37,100.21,58.83,624.47
FEBRERO,12,9,0.017,0.010,1.15,0.015,35,20.06,10.71,2.95,90.09,56.78,624.97
FEBRERO,12,10,0.025,0.009,1.10,0.012,59,20.99,13.78,3.12,75.62,48.74,625.19
FEBRERO,12,11,0.033,0.007,1.11,0.011,42,15.78,15.95,2.97,93.55,43.88,625.26
FEBRERO,12,12,0.041,0.008,1.12,0.011,44,15.62,18.94,1.95,127.38,37.68,624.74
FEBRERO,12,13,0.052,0.008,1.08,0.010,51,11.02,21.62,1.50,141.69,32.99,623.83
FEBRERO,12,14,0.058,0.008,1.09,0.010,57,12.10,23.75,1.71,155.23,30.64,622.86
FEBRERO,12,15,0.057,0.008,1.07,0.009,56,14.68,25.17,2.15,202.78,29.53,622.00
FEBRERO,12,16,0.054,0.008,1.06,0.008,53,10.55,25.92,2.00,203.53,28.32,621.35
FEBRERO,12,17,0.052,0.008,1.08,0.010,46,23.01,26.16,2.10,118.23,27.33,620.96
FEBRERO,12,18,0.055,0.008,1.03,0.008,44,24.65,26.07,2.14,277.00,27.02,621.03
FEBRERO,12,19,0.052,0.008,1.08,0.011,43,34.44,24.41,1.90,283.41,29.99,621.32
FEBRERO,12,20,NA,NA,NA,NA,NA,NA,NA,NA,NA,NA,NA
FEBRERO,12,21,NA,NA,NA,NA,NA,NA,NA,NA,NA,NA,NA
FEBRERO,12,22,NA,NA,NA,NA,NA,NA,NA,NA,NA,NA,NA
FEBRERO,12,23,NA,NA,NA,NA,NA,NA,NA,NA,NA,NA,NA
FEBRERO,13,0,0.026,0.007,1.07,0.014,55,24.09,18.26,1.25,279.62,40.58,623.44
FEBRERO,13,1,0.018,0.007,1.11,0.017,47,27.15,17.38,1.24,284.03,43.66,623.34
FEBRERO,13,2,0.007,0.007,1.11,0.024,46,26.93,16.52,1.18,148.86,46.23,623.24
FEBRERO,13,3,0.011,0.008,1.08,0.020,47,25.57,15.86,1.28,110.87,48.60,623.15
FEBRERO,13,4,0.007,0.008,1.07,0.021,53,29.99,14.92,0.96,225.18,51.02,622.91
FEBRERO,13,5,0.006,0.008,1.06,0.022,53,28.23,13.74,1.14,258.39,55.20,622.86
FEBRERO,13,6,0.004,0.008,1.12,0.022,50,37.43,12.60,1.01,252.02,58.51,622.98
FEBRERO,13,7,0.004,0.008,1.18,0.023,53,35.46,12.26,1.06,270.77,59.44,623.36
FEBRERO,13,8,0.004,0.008,1.34,0.022,70,40.78,12.45,0.62,254.79,59.12,623.73
FEBRERO,13,9,0.007,0.008,1.41,0.021,83,34.59,14.89,1.00,260.11,50.45,624.12
FEBRERO,13,10,0.023,0.008,1.08,0.013,114,27.27,18.03,1.32,266.06,42.08,624.41
FEBRERO,13,11,0.035,0.008,1.06,0.010,54,21.96,20.10,1.58,248.29,38.04,624.43
FEBRERO,13,12,0.042,0.008,1.05,0.009,54,22.52,21.61,2.25,247.53,36.27,623.95
FEBRERO,13,13,0.049,0.008,1.03,0.008,63,14.04,23.28,2.36,249.74,33.52,623.16
FEBRERO,13,14,0.048,0.008,1.06,0.008,54,6.04,24.75,2.88,233.02,31.59,622.14
FEBRERO,13,15,0.050,0.008,1.06,0.008,49,8.64,25.78,2.94,239.65,30.00,621.16
FEBRERO,13,16,0.048,0.008,1.05,0.008,42,8.75,26.88,3.50,225.74,27.48,620.53
FEBRERO,13,17,0.049,0.008,1.03,0.008,39,21.45,26.57,3.92,273.61,27.78,620.29
FEBRERO,13,18,0.045,0.008,1.03,0.009,51,31.31,25.72,4.60,263.79,28.00,620.40
FEBRERO,13,19,0.037,0.008,1.03,0.010,59,25.13,24.46,4.41,266.52,28.98,620.70
FEBRERO,13,20,0.030,0.007,1.04,0.009,56,37.64,22.81,5.00,254.41,28.90,621.29
FEBRERO,13,21,0.027,0.007,1.05,0.010,57,31.21,21.27,3.46,243.73,31.43,622.01
FEBRERO,13,22,0.024,0.007,1.05,0.011,32,22.38,19.84,2.93,239.67,35.14,622.36
FEBRERO,13,23,0.019,0.007,1.05,0.013,35,23.21,18.09,2.29,239.52,38.72,622.49
FEBRERO,14,0,0.020,0.007,1.02,0.011,40,18.58,17.31,2.29,252.84,40.84,622.71
FEBRERO,14,1,0.022,0.007,1.00,0.009,31,18.82,16.67,2.99,236.77,44.13,622.52
FEBRERO,14,2,0.023,0.007,0.99,0.007,17,11.47,15.96,2.92,245.15,47.30,622.37
FEBRERO,14,3,0.025,0.007,0.99,0.007,22,13.53,15.55,2.58,254.74,49.53,622.24
FEBRERO,14,4,0.019,0.007,1.00,0.010,16,12.21,13.95,1.26,200.87,54.85,622.20
FEBRERO,14,5,0.014,0.007,1.01,0.014,17,17.17,13.32,1.55,258.26,55.53,622.15
FEBRERO,14,6,0.015,0.007,1.01,0.013,29,13.21,12.99,2.59,269.44,57.65,622.17
FEBRERO,14,7,0.008,0.007,1.09,0.018,25,19.28,12.06,1.81,267.23,60.08,622.32
FEBRERO,14,8,0.005,0.008,1.25,0.020,46,21.50,11.69,1.36,280.22,60.07,622.63
FEBRERO,14,9,0.008,0.011,1.27,0.021,77,38.88,14.81,1.02,273.69,46.26,622.87
FEBRERO,14,10,0.022,0.009,1.07,0.014,117,27.07,17.92,1.28,255.18,39.21,623.12
FEBRERO,14,11,0.033,0.008,1.02,0.008,39,9.84,20.22,1.87,250.21,36.27,623.02
FEBRERO,14,12,0.034,0.008,1.03,0.007,36,10.06,21.96,3.79,265.34,30.40,622.40
FEBRERO,14,13,0.037,0.007,1.02,0.007,36,7.97,23.98,4.35,254.96,24.58,621.55
FEBRERO,14,14,0.037,0.007,1.04,0.008,39,7.10,25.70,4.61,253.24,22.23,620.63
FEBRERO,14,15,0.042,0.007,1.02,0.008,45,5.65,26.66,4.72,262.44,21.25,619.79
FEBRERO,14,16,0.043,0.007,1.02,0.008,43,5.47,27.37,4.48,247.69,18.44,619.40
FEBRERO,14,17,0.038,0.007,1.02,0.009,44,11.98,26.83,4.63,245.01,17.25,619.52
FEBRERO,14,18,0.035,0.007,1.01,0.008,54,17.91,25.86,5.05,253.51,18.01,619.82
FEBRERO,14,19,0.029,0.007,1.04,0.010,72,39.77,23.90,4.54,242.94,19.09,620.32
FEBRERO,14,20,0.020,0.007,1.10,0.012,82,75.35,21.55,3.15,223.71,19.41,620.96
FEBRERO,14,21,0.022,0.007,1.08,0.011,48,54.70,20.57,3.41,214.19,23.37,621.69
FEBRERO,14,22,0.023,0.007,1.04,0.010,36,27.17,19.84,2.90,203.57,27.84,622.15
FEBRERO,14,23,0.021,0.007,1.06,0.011,24,17.94,18.70,2.73,205.55,31.95,622.51
FEBRERO,15,0,0.022,0.007,1.03,0.011,29,12.55,17.67,2.14,202.21,36.03,622.63
FEBRERO,15,1,0.014,0.007,1.05,0.013,23,19.09,15.96,1.34,239.71,39.10,622.65
FEBRERO,15,2,0.011,0.007,1.04,0.015,24,17.57,14.84,0.75,203.01,43.19,622.38
FEBRERO,15,3,0.004,0.008,1.05,0.016,23,8.25,13.63,0.95,265.88,46.57,622.35
FEBRERO,15,4,0.004,0.008,1.00,0.004,NA,NA,12.49,0.68,184.96,48.75,622.34
FEBRERO,15,5,0.005,0.008,1.00,0.004,NA,4.54,12.43,1.05,247.69,48.80,622.32
FEBRERO,15,6,0.006,0.008,1.00,0.004,NA,4.57,11.01,0.77,183.31,53.19,622.39
FEBRERO,15,7,0.005,0.008,1.00,0.004,NA,4.63,11.56,0.92,252.55,52.27,622.56
FEBRERO,15,8,0.005,0.009,1.00,0.004,NA,4.57,11.58,0.75,211.71,51.52,623.03
FEBRERO,15,9,0.006,0.010,1.00,0.004,NA,4.50,15.06,1.05,163.62,40.08,623.46
FEBRERO,15,10,0.009,0.009,1.01,0.004,23,4.50,17.19,1.29,188.85,36.02,623.73
FEBRERO,15,11,0.028,0.008,1.01,NA,NA,NA,19.15,2.01,253.56,34.70,623.81
FEBRERO,15,12,0.037,0.009,1.01,NA,NA,NA,20.96,2.47,271.77,30.03,623.46
FEBRERO,15,13,0.039,0.008,1.01,NA,NA,NA,23.03,2.79,246.01,24.16,622.86
FEBRERO,15,14,0.040,0.008,1.01,NA,NA,NA,24.94,3.00,245.98,19.60,621.82
FEBRERO,15,15,0.031,0.007,1.02,NA,NA,NA,26.09,3.92,244.94,17.22,620.84
FEBRERO,15,16,0.033,0.007,1.02,NA,NA,NA,26.90,4.04,238.59,17.65,620.33
FEBRERO,15,17,0.035,0.007,1.02,NA,NA,NA,27.05,4.55,264.65,16.52,620.04
FEBRERO,15,18,0.034,0.007,1.02,NA,NA,NA,26.68,4.30,269.40,17.08,619.93
FEBRERO,15,19,0.027,0.007,1.02,NA,NA,NA,24.82,2.87,267.73,19.95,620.01
FEBRERO,15,20,0.015,0.008,1.02,NA,NA,NA,22.62,2.02,250.92,23.61,620.54
FEBRERO,15,21,0.016,0.008,1.02,NA,NA,NA,21.60,1.95,241.22,23.65,621.09
FEBRERO,15,22,0.015,0.007,1.02,NA,NA,NA,19.93,2.04,235.35,25.72,621.64
FEBRERO,15,23,0.016,0.007,1.03,NA,NA,NA,18.65,2.06,240.61,27.34,622.03
FEBRERO,16,0,0.015,0.007,1.03,NA,NA,NA,17.51,1.22,257.78,28.90,622.45
FEBRERO,16,1,0.010,0.007,1.03,NA,NA,NA,16.89,1.08,206.27,30.35,622.48
FEBRERO,16,2,0.006,0.008,1.03,NA,NA,NA,15.53,0.62,231.07,33.56,622.38
FEBRERO,16,3,0.005,0.008,1.03,NA,NA,NA,14.08,1.13,256.41,36.74,622.35
FEBRERO,16,4,0.006,0.008,1.03,NA,NA,NA,12.80,1.24,265.69,40.50,622.31
FEBRERO,16,5,0.005,0.008,1.03,NA,NA,NA,12.54,1.16,240.35,40.11,622.35
FEBRERO,16,6,0.005,0.008,1.03,NA,NA,NA,12.19,0.95,265.80,41.51,622.28
FEBRERO,16,7,0.004,0.008,1.03,NA,NA,NA,11.42,1.03,265.26,45.64,622.48
FEBRERO,16,8,0.004,0.009,1.04,NA,NA,NA,11.42,0.62,278.39,45.79,622.89
FEBRERO,16,9,0.006,0.010,1.04,NA,NA,NA,14.08,1.08,269.31,37.22,623.32
FEBRERO,16,10,0.011,0.010,1.04,NA,NA,NA,17.26,1.20,251.75,31.71,623.60
FEBRERO,16,11,0.031,0.009,1.04,NA,NA,NA,19.52,1.95,270.06,31.00,623.65
FEBRERO,16,12,0.037,0.008,1.04,NA,NA,NA,21.90,2.07,232.29,27.00,623.17
FEBRERO,16,13,0.036,0.008,1.04,NA,NA,NA,23.67,3.43,275.84,23.92,622.41
FEBRERO,16,14,0.038,0.007,1.05,NA,NA,NA,25.57,3.37,276.41,20.90,621.47
FEBRERO,16,15,0.034,0.007,0.98,NA,NA,NA,26.84,3.27,259.46,18.26,620.74
FEBRERO,16,16,0.032,0.007,0.77,NA,NA,NA,27.83,3.40,271.75,16.44,620.11
FEBRERO,16,17,0.034,0.007,0.77,NA,NA,NA,27.96,4.25,271.10,15.79,619.99
FEBRERO,16,18,0.038,0.007,0.78,NA,NA,NA,27.53,2.95,285.42,16.95,620.24
FEBRERO,16,19,0.024,0.007,0.83,NA,NA,NA,25.91,2.34,297.02,18.30,620.58
FEBRERO,16,20,0.010,0.008,0.84,NA,NA,NA,23.19,2.33,270.64,23.02,621.08
FEBRERO,16,21,0.005,0.007,0.90,NA,NA,NA,21.43,1.41,263.19,25.56,621.69
FEBRERO,16,22,0.006,0.007,0.90,NA,NA,NA,20.35,1.73,271.46,26.12,622.23
FEBRERO,16,23,0.007,0.007,0.86,NA,NA,NA,19.64,1.69,231.16,26.66,622.58
FEBRERO,17,0,0.014,0.007,0.81,NA,NA,NA,19.30,1.76,226.40,26.72,622.86
FEBRERO,17,1,0.014,0.007,0.79,NA,NA,NA,17.93,1.44,226.39,30.04,622.77
FEBRERO,17,2,0.006,0.008,0.82,NA,NA,NA,16.35,2.77,85.94,32.60,622.92
FEBRERO,17,3,0.004,0.008,0.83,NA,NA,NA,15.67,2.26,101.46,38.32,622.76
FEBRERO,17,4,0.010,0.008,0.81,NA,NA,NA,15.40,3.01,102.02,53.68,622.66
FEBRERO,17,5,0.022,0.008,0.79,NA,NA,NA,15.20,3.68,91.85,64.66,622.62
FEBRERO,17,6,0.022,0.007,0.79,NA,NA,NA,14.60,3.18,81.08,65.86,622.78
FEBRERO,17,7,0.016,0.007,0.89,NA,NA,NA,14.04,2.96,91.78,66.65,623.11
FEBRERO,17,8,0.013,0.007,0.91,NA,NA,NA,13.68,3.83,88.79,71.53,623.61
FEBRERO,17,9,0.023,0.011,0.83,NA,NA,NA,15.65,5.41,69.52,66.04,624.08
FEBRERO,17,10,0.028,0.014,0.84,NA,NA,NA,17.27,5.87,66.54,59.02,624.49
FEBRERO,17,11,0.032,0.013,0.83,NA,NA,NA,18.76,5.53,71.69,52.71,624.52
FEBRERO,17,12,0.037,0.009,0.86,NA,NA,NA,20.60,5.17,85.56,45.48,624.15
FEBRERO,17,13,0.042,0.008,0.85,NA,NA,NA,21.92,4.70,85.23,40.16,623.50
FEBRERO,17,14,0.046,0.008,0.88,NA,NA,NA,23.72,4.46,85.00,36.00,622.72
FEBRERO,17,15,0.049,0.008,0.87,NA,NA,NA,25.32,4.24,89.45,31.66,621.94
FEBRERO,17,16,0.052,0.008,0.84,NA,NA,NA,26.68,4.02,78.60,26.25,621.28
FEBRERO,17,17,0.053,0.009,0.87,NA,NA,NA,27.15,3.67,82.42,25.34,621.01
FEBRERO,17,18,0.048,0.010,0.87,NA,NA,NA,26.67,4.44,72.06,26.69,621.08
FEBRERO,17,19,0.035,0.078,0.94,NA,NA,NA,23.51,5.42,47.73,26.54,621.62
FEBRERO,17,20,0.025,0.063,0.87,NA,NA,NA,20.30,4.91,69.13,27.54,622.38
FEBRERO,17,21,0.027,0.009,0.83,NA,NA,NA,17.26,6.45,83.73,29.71,623.31
FEBRERO,17,22,0.029,0.007,0.81,NA,NA,NA,14.77,6.47,80.68,31.54,624.19
FEBRERO,17,23,0.030,0.007,0.79,NA,NA,NA,12.97,6.78,75.81,33.65,624.71
FEBRERO,18,0,0.032,0.007,0.78,NA,NA,NA,11.27,6.69,71.61,35.51,625.28
FEBRERO,18,1,0.033,0.007,0.77,NA,NA,NA,9.90,6.31,73.41,37.48,625.47
FEBRERO,18,2,0.032,0.007,0.77,NA,NA,NA,9.19,5.51,75.78,39.43,625.57
FEBRERO,18,3,0.032,0.007,0.77,NA,NA,NA,8.30,4.82,81.42,41.86,625.45
FEBRERO,18,4,0.032,0.007,0.77,NA,NA,NA,7.75,4.73,81.64,44.88,625.35
FEBRERO,18,5,0.032,0.007,0.77,NA,NA,NA,7.30,4.31,80.75,47.66,625.50
FEBRERO,18,6,0.029,0.007,0.77,NA,NA,NA,7.00,3.64,81.69,50.36,625.53
FEBRERO,18,7,0.024,0.007,0.81,NA,NA,NA,6.45,3.56,88.43,52.21,625.66
FEBRERO,18,8,0.020,0.007,0.83,NA,NA,NA,6.54,3.14,83.64,52.10,625.88
FEBRERO,18,9,0.022,0.008,0.85,NA,NA,NA,8.03,3.92,96.76,49.59,626.33
FEBRERO,18,10,0.026,0.008,0.86,NA,NA,NA,9.92,4.39,93.53,48.39,626.63
FEBRERO,18,11,0.029,0.008,0.86,NA,NA,NA,12.82,3.23,96.19,41.89,626.73
FEBRERO,18,12,0.038,0.029,0.87,NA,NA,NA,16.15,1.74,117.27,35.10,626.49
FEBRERO,18,13,0.047,0.019,0.84,NA,NA,NA,19.47,1.57,167.28,31.99,625.67
FEBRERO,18,14,0.054,0.012,0.82,NA,NA,NA,22.28,1.87,246.51,31.52,624.76
FEBRERO,18,15,0.059,0.011,0.82,NA,NA,NA,24.68,1.58,218.00,28.74,623.63
FEBRERO,18,16,0.060,0.010,0.80,NA,NA,NA,26.18,1.79,237.06,25.81,622.81
FEBRERO,18,17,0.062,0.013,0.82,NA,NA,NA,27.11,1.86,263.11,24.31,622.38
FEBRERO,18,18,0.062,0.014,0.85,NA,NA,NA,26.61,2.08,250.22,24.00,622.35
FEBRERO,18,19,0.050,0.014,0.88,NA,NA,NA,24.94,1.98,267.11,26.45,622.51
FEBRERO,18,20,0.018,0.013,1.01,NA,NA,NA,22.69,1.57,236.30,30.83,622.97
FEBRERO,18,21,0.027,0.010,0.96,NA,NA,NA,22.31,3.10,75.65,27.52,623.90
FEBRERO,18,22,0.031,0.008,0.86,NA,NA,NA,20.52,3.78,85.36,26.92,624.63
FEBRERO,18,23,0.035,0.008,0.82,NA,NA,NA,19.32,4.46,86.49,29.12,624.88
FEBRERO,19,0,0.036,0.007,0.80,NA,NA,NA,18.18,3.89,76.47,30.32,625.17
FEBRERO,19,1,0.034,0.007,0.79,NA,NA,NA,16.56,3.86,86.87,32.68,625.28
FEBRERO,19,2,0.036,0.007,0.78,NA,NA,NA,15.34,3.48,84.58,34.75,625.29
FEBRERO,19,3,0.037,0.007,0.78,NA,NA,NA,14.20,3.72,99.59,37.16,625.10
FEBRERO,19,4,0.032,0.007,0.78,NA,NA,NA,12.51,3.13,103.31,40.73,624.95
FEBRERO,19,5,0.031,0.007,0.78,NA,NA,NA,11.86,3.53,88.01,42.47,624.95
FEBRERO,19,6,0.031,0.007,0.78,NA,NA,NA,11.07,3.12,99.57,45.78,625.13
FEBRERO,19,7,0.019,0.009,0.82,NA,NA,NA,10.30,2.83,95.79,50.44,625.41
FEBRERO,19,8,0.014,0.009,0.86,NA,NA,NA,10.01,2.79,87.42,52.47,625.62
FEBRERO,19,9,0.020,0.009,0.86,NA,NA,NA,11.63,3.58,95.26,47.57,626.07
FEBRERO,19,10,0.032,0.008,0.84,NA,NA,NA,14.58,3.86,94.03,39.61,626.45
FEBRERO,19,11,0.039,0.008,0.86,NA,NA,NA,17.67,3.09,85.33,35.40,626.59
FEBRERO,19,12,0.049,0.008,0.82,NA,NA,NA,20.58,1.91,149.46,31.99,626.30
FEBRERO,19,13,0.055,0.008,0.79,NA,NA,NA,22.58,2.38,252.18,30.69,625.50
FEBRERO,19,14,0.052,0.008,0.80,NA,NA,NA,24.86,2.26,256.24,28.93,624.47
FEBRERO,19,15,0.058,0.008,0.79,NA,NA,NA,25.72,2.41,222.32,25.54,623.66
FEBRERO,19,16,0.061,0.008,0.80,NA,NA,NA,27.06,2.60,273.88,21.46,623.04
FEBRERO,19,17,0.062,0.008,0.79,NA,NA,NA,27.06,2.41,246.03,21.53,622.72
FEBRERO,19,18,0.062,0.008,0.78,NA,NA,NA,27.13,2.47,267.80,20.74,622.58
FEBRERO,19,19,0.056,0.008,0.81,NA,NA,NA,25.53,2.34,306.28,21.18,622.69
FEBRERO,19,20,0.031,0.008,0.93,NA,NA,NA,23.80,0.87,292.57,24.41,623.04
FEBRERO,19,21,0.006,0.010,1.67,NA,NA,NA,22.42,1.10,162.59,27.33,623.58
FEBRERO,19,22,0.019,0.009,0.99,NA,NA,NA,20.98,2.30,183.23,29.87,624.09
FEBRERO,19,23,0.020,0.010,0.92,NA,NA,NA,20.10,2.49,110.86,31.77,624.66
FEBRERO,20,0,0.026,0.008,0.83,NA,NA,NA,18.99,2.49,107.69,32.79,624.98
FEBRERO,20,1,0.026,0.007,0.81,NA,NA,NA,17.75,2.18,98.16,35.82,625.01
FEBRERO,20,2,0.022,0.007,0.79,NA,NA,NA,15.97,1.98,98.94,40.39,625.03
FEBRERO,20,3,0.022,0.007,0.80,NA,NA,NA,15.01,1.58,120.81,44.68,625.09
FEBRERO,20,4,0.024,0.007,0.79,NA,NA,NA,14.32,1.53,147.14,47.95,625.09
FEBRERO,20,5,0.023,0.007,0.78,NA,NA,NA,13.98,1.93,105.09,49.91,625.00
FEBRERO,20,6,0.016,0.007,0.80,NA,NA,NA,13.08,1.51,90.74,53.44,625.07
FEBRERO,20,7,0.009,0.008,0.92,NA,NA,NA,12.62,1.38,83.43,55.27,625.30
FEBRERO,20,8,0.005,0.008,1.03,NA,NA,NA,12.25,1.76,87.23,55.72,625.59
FEBRERO,20,9,0.009,0.008,0.97,NA,NA,NA,14.07,2.31,100.27,50.35,625.92
FEBRERO,20,10,0.022,0.008,0.90,0.018,92,NA,16.55,2.75,108.57,45.05,626.17
FEBRERO,20,11,0.031,0.009,0.89,0.016,62,NA,19.65,2.58,112.94,37.22,625.97
FEBRERO,20,12,0.040,0.015,0.88,0.017,60,NA,22.27,2.06,133.20,32.70,625.31
FEBRERO,20,13,0.054,0.023,0.86,0.013,67,NA,24.64,1.85,166.46,28.19,624.40
FEBRERO,20,14,0.056,0.010,0.87,0.014,58,NA,26.69,2.73,136.09,24.31,623.29
FEBRERO,20,15,0.056,0.009,0.85,0.012,67,NA,28.11,2.93,104.55,18.54,622.37
FEBRERO,20,16,0.060,0.008,0.83,0.011,60,5.87,29.81,2.29,148.55,14.43,621.61
FEBRERO,20,17,0.065,0.009,0.83,0.011,46,11.25,29.91,2.01,173.47,14.35,621.23
FEBRERO,20,18,0.063,0.008,0.83,0.012,40,21.53,29.75,1.70,135.68,14.23,621.15
FEBRERO,20,19,0.060,0.009,0.85,0.013,41,19.99,28.30,1.01,208.59,15.81,621.21
FEBRERO,20,20,0.031,0.009,0.91,0.027,51,40.64,24.97,2.08,273.99,20.88,621.41
FEBRERO,20,21,0.019,0.009,0.96,0.030,75,41.36,23.10,1.49,247.90,23.14,621.79
FEBRERO,20,22,0.023,0.012,0.97,0.028,78,48.82,23.01,2.59,108.49,22.14,622.42
FEBRERO,20,23,0.029,0.011,0.89,0.020,92,42.12,21.88,1.90,119.71,26.83,622.87
FEBRERO,21,0,0.018,0.009,0.87,0.024,80,36.52,20.18,1.76,106.68,32.94,623.02
FEBRERO,21,1,0.014,0.009,0.85,0.026,70,25.22,19.11,1.43,119.36,36.65,623.10
FEBRERO,21,2,0.015,0.008,0.81,0.021,56,28.26,17.95,1.41,196.77,38.67,623.16
FEBRERO,21,3,0.029,0.008,0.79,0.010,45,21.24,17.74,2.73,217.92,40.50,622.79
FEBRERO,21,4,0.028,0.008,0.78,0.009,32,16.21,16.52,2.42,259.16,45.43,622.56
FEBRERO,21,5,0.019,0.008,0.80,0.014,28,24.95,14.76,1.32,280.92,51.14,622.62
FEBRERO,21,6,0.014,0.008,0.82,0.018,48,34.91,14.22,1.37,289.04,52.77,622.81
FEBRERO,21,7,0.007,0.008,0.88,0.024,46,25.95,14.20,1.33,222.84,56.48,623.16
FEBRERO,21,8,0.010,0.008,0.88,0.022,59,25.70,14.18,1.73,256.80,61.33,623.60
FEBRERO,21,9,0.017,0.008,0.86,0.016,64,19.55,16.18,1.95,258.17,56.72,623.90
FEBRERO,21,10,0.031,0.008,0.82,0.011,64,17.54,18.89,2.49,237.36,46.85,624.10
FEBRERO,21,11,0.039,0.008,0.79,0.008,47,14.68,20.74,3.54,258.87,38.86,624.05
FEBRERO,21,12,0.042,0.008,0.79,0.008,43,17.90,22.28,3.71,259.97,35.88,623.66
FEBRERO,21,13,0.044,0.008,0.79,0.008,50,10.89,23.65,3.68,258.91,33.18,622.82
FEBRERO,21,14,0.044,0.008,0.80,0.008,44,5.57,24.77,3.91,257.51,31.27,621.82
FEBRERO,21,15,0.049,0.008,0.80,0.008,53,5.52,25.82,3.69,263.85,28.70,620.96
FEBRERO,21,16,0.049,0.008,0.79,0.008,50,12.89,25.99,4.25,249.65,27.09,620.45
FEBRERO,21,17,0.046,0.008,0.80,0.009,54,16.13,26.08,3.78,239.83,26.38,620.17
FEBRERO,21,18,0.046,0.007,0.80,0.009,42,23.79,25.20,4.21,251.54,27.54,620.16
FEBRERO,21,19,0.042,0.007,0.81,0.011,37,24.26,24.42,3.45,258.59,28.50,620.36
FEBRERO,21,20,0.031,0.007,0.85,0.017,41,31.40,23.13,2.67,234.25,29.79,620.58
FEBRERO,21,21,0.035,0.008,0.82,0.012,41,33.98,22.56,4.35,219.97,31.25,621.16
FEBRERO,21,22,0.036,0.008,0.80,0.010,53,35.44,21.08,4.25,223.63,35.77,621.75
FEBRERO,21,23,0.031,0.008,0.79,0.010,42,23.13,19.30,2.92,232.31,38.42,622.05
FEBRERO,22,0,0.030,0.007,0.78,0.009,36,21.34,18.30,2.89,233.13,39.63,622.27
FEBRERO,22,1,0.031,0.007,0.77,0.008,33,20.80,17.49,3.55,229.14,43.06,622.30
FEBRERO,22,2,0.027,0.007,0.77,0.009,26,20.32,16.25,2.65,278.75,48.79,622.51
FEBRERO,22,3,0.026,0.007,0.77,0.010,29,20.03,15.19,1.71,232.94,51.76,622.61
FEBRERO,22,4,0.025,0.007,0.77,0.008,27,15.88,14.83,1.77,249.08,56.04,622.56
FEBRERO,22,5,0.022,0.007,0.77,0.009,27,17.62,14.59,1.85,247.85,59.04,622.74
FEBRERO,22,6,0.016,0.007,0.78,0.013,26,24.07,13.73,1.76,250.98,63.39,622.88
FEBRERO,22,7,0.013,0.007,0.83,0.015,30,16.98,13.28,1.63,237.96,63.89,622.93
FEBRERO,22,8,0.008,0.008,0.94,0.019,39,17.47,13.36,1.62,158.06,63.06,623.08
FEBRERO,22,9,0.014,0.008,0.85,0.015,58,17.72,14.81,2.21,273.94,56.74,623.42
FEBRERO,22,10,0.026,0.007,0.80,0.010,56,20.18,16.85,3.59,272.02,52.28,623.75
FEBRERO,22,11,0.033,0.008,0.79,0.009,46,14.31,18.83,3.78,260.26,44.04,623.85
FEBRERO,22,12,0.033,0.007,0.78,0.008,48,14.37,19.74,4.43,257.75,37.07,623.56
FEBRERO,22,13,0.034,0.007,0.80,0.009,49,9.98,20.45,4.41,242.36,33.37,623.13
FEBRERO,22,14,0.038,0.007,0.80,0.008,33,8.04,21.80,3.55,251.96,31.36,622.44
FEBRERO,22,15,0.041,0.007,0.79,0.007,35,4.84,23.52,3.70,259.80,28.44,621.68
FEBRERO,22,16,0.040,0.007,0.79,0.008,43,12.71,23.61,4.31,267.81,23.80,621.21
FEBRERO,22,17,0.041,0.007,0.78,0.008,46,11.13,25.08,4.64,266.31,20.62,620.93
FEBRERO,22,18,0.041,0.007,0.78,0.008,51,13.55,24.90,4.74,266.01,20.06,621.00
FEBRERO,22,19,0.034,0.007,0.80,0.012,46,24.92,23.06,3.65,265.91,23.55,621.42
FEBRERO,22,20,0.023,0.007,0.84,0.017,61,32.11,20.54,2.59,258.08,28.53,621.98
FEBRERO,22,21,0.020,0.007,0.86,0.019,263,23.60,19.48,2.26,233.17,29.66,622.56
FEBRERO,22,22,0.019,0.007,0.83,0.015,61,22.69,18.54,2.40,234.77,31.46,623.13
FEBRERO,22,23,0.017,0.008,0.81,0.014,43,24.25,17.26,2.46,227.83,33.20,623.42
FEBRERO,23,0,0.021,0.007,0.78,0.010,67,34.11,16.28,2.14,252.17,34.38,623.65
FEBRERO,23,1,0.022,0.007,0.77,0.009,27,10.02,15.33,1.70,262.93,38.51,623.78
FEBRERO,23,2,0.016,0.007,0.78,0.014,26,13.88,14.52,1.26,285.54,39.89,623.67
FEBRERO,23,3,0.010,0.007,0.80,0.021,33,17.96,13.58,1.26,242.45,41.87,623.65
FEBRERO,23,4,0.009,0.008,0.80,0.021,33,22.74,12.33,1.82,262.67,48.93,623.59
FEBRERO,23,5,0.015,0.008,0.79,0.017,37,16.88,12.37,1.22,203.05,53.57,623.59
FEBRERO,23,6,0.016,0.008,0.83,0.015,26,22.39,12.45,1.50,212.47,53.85,623.89
FEBRERO,23,7,0.007,0.008,0.86,0.021,28,17.91,11.09,0.90,261.33,58.50,624.31
FEBRERO,23,8,0.006,0.009,1.13,0.020,41,26.51,11.03,1.11,249.12,57.85,624.81
FEBRERO,23,9,0.006,0.009,1.22,0.024,84,23.34,15.28,0.63,163.99,42.83,625.14
FEBRERO,23,10,0.016,0.009,0.93,0.022,96,24.69,17.29,1.09,211.28,37.93,625.50
FEBRERO,23,11,0.031,0.008,0.82,0.014,185,29.36,18.92,1.85,240.11,35.98,625.57
FEBRERO,23,12,0.044,0.008,0.80,0.011,54,35.81,20.43,2.03,233.19,32.76,625.22
FEBRERO,23,13,0.053,0.008,0.81,0.010,50,18.29,22.26,2.04,226.51,29.69,624.56
FEBRERO,23,14,0.061,0.008,0.81,0.010,58,19.04,24.14,2.38,262.65,27.58,623.74
FEBRERO,23,15,0.066,0.012,0.81,0.010,50,11.10,26.11,2.15,217.27,22.11,622.94
FEBRERO,23,16,0.066,0.012,0.81,0.009,51,15.85,26.81,2.23,239.98,18.39,622.37
FEBRERO,23,17,0.067,0.014,0.80,0.009,43,12.83,27.57,2.15,262.13,16.65,622.08
FEBRERO,23,18,0.069,0.016,0.80,0.009,48,25.08,26.90,2.58,270.60,14.81,622.09
FEBRERO,23,19,0.042,0.008,0.83,0.016,48,31.52,25.46,2.25,279.10,15.36,622.33
FEBRERO,23,20,0.008,0.010,1.00,0.041,75,56.80,22.62,1.36,276.63,22.55,622.68
FEBRERO,23,21,0.004,0.009,1.26,0.039,110,63.54,21.11,0.68,249.07,26.34,623.08
FEBRERO,23,22,0.004,0.009,1.09,0.038,136,53.12,19.49,1.04,251.69,29.19,623.49
FEBRERO,23,23,0.004,0.009,1.05,0.038,111,35.76,18.72,1.15,215.09,30.43,623.82
FEBRERO,24,0,0.013,0.010,1.08,0.036,106,51.43,18.06,1.76,175.98,29.89,624.27
FEBRERO,24,1,0.012,0.011,0.89,0.032,131,42.91,17.45,1.61,172.33,28.92,624.38
FEBRERO,24,2,0.014,0.013,0.93,0.031,82,44.94,16.20,1.06,158.82,32.58,624.28
FEBRERO,24,3,0.013,0.010,0.90,0.034,94,48.90,15.64,1.03,134.35,33.20,624.04
FEBRERO,24,4,0.005,0.009,0.88,0.028,84,41.68,13.52,0.86,237.52,37.84,624.00
FEBRERO,24,5,0.005,0.010,0.88,0.026,92,38.13,12.78,0.70,260.44,39.93,624.18
FEBRERO,24,6,0.005,0.009,0.92,0.027,78,40.33,13.34,1.14,188.70,38.22,624.36
FEBRERO,24,7,0.004,0.009,0.94,0.024,88,42.28,11.46,0.87,214.64,45.28,624.80
FEBRERO,24,8,0.005,0.010,1.22,0.026,83,41.53,12.60,1.00,118.31,43.04,625.17
FEBRERO,24,9,0.009,0.010,1.01,0.030,127,39.15,15.49,1.47,92.80,37.68,625.45
FEBRERO,24,10,0.015,0.009,0.95,0.027,114,46.76,17.74,2.22,110.53,35.15,625.52
FEBRERO,24,11,0.030,0.009,0.94,0.020,89,30.45,19.78,2.88,119.50,32.99,625.47
FEBRERO,24,12,0.042,0.009,0.89,0.018,69,25.78,23.18,3.11,102.07,25.46,625.00
FEBRERO,24,13,0.053,0.008,0.86,0.015,85,12.92,25.77,3.69,107.14,17.18,624.16
FEBRERO,24,14,0.060,0.008,0.89,0.015,68,8.98,27.70,3.01,128.86,15.58,623.30
FEBRERO,24,15,0.070,0.008,0.86,0.013,67,10.33,29.40,2.30,171.08,13.54,622.46
FEBRERO,24,16,0.070,0.009,0.84,0.013,64,7.55,30.42,2.66,158.47,11.44,621.69
FEBRERO,24,17,0.069,0.012,0.85,0.014,55,17.76,30.96,2.11,160.17,10.66,621.43
FEBRERO,24,18,0.073,0.012,0.81,0.011,56,22.22,29.57,3.53,269.17,14.87,621.51
FEBRERO,24,19,0.059,0.010,0.85,0.017,71,38.45,27.58,2.40,289.31,16.96,621.86
FEBRERO,24,20,0.039,0.010,0.90,0.019,74,39.31,26.21,3.35,80.94,17.75,622.47
FEBRERO,24,21,0.034,0.091,1.15,0.015,67,37.02,24.35,4.89,61.06,22.92,623.19
FEBRERO,24,22,0.031,0.026,0.84,0.016,102,44.21,22.07,4.49,85.38,29.58,623.92
FEBRERO,24,23,0.036,0.012,0.82,0.012,78,29.20,20.32,4.62,83.56,35.05,624.59
FEBRERO,25,0,0.035,0.013,0.80,0.011,69,21.77,18.83,3.12,86.54,39.22,625.16
FEBRERO,25,1,0.031,0.020,0.79,0.013,53,31.19,17.56,2.89,76.80,44.37,625.25
FEBRERO,25,2,0.027,0.035,0.78,0.015,46,26.93,17.13,3.15,72.79,47.89,625.17
FEBRERO,25,3,0.026,0.043,0.78,0.016,41,24.95,16.54,2.41,86.25,51.47,625.06
FEBRERO,25,4,0.026,0.021,0.78,0.012,46,30.05,15.18,1.21,218.29,55.80,625.08
FEBRERO,25,5,0.026,0.013,0.78,0.013,35,24.25,14.81,1.85,103.40,56.06,624.88
FEBRERO,25,6,0.028,0.010,0.80,0.012,40,21.53,14.48,1.62,77.49,57.59,625.05
FEBRERO,25,7,0.018,0.009,0.83,0.019,35,27.30,13.78,1.79,107.60,61.94,625.40
FEBRERO,25,8,0.015,0.008,0.89,0.020,40,28.48,13.39,2.44,112.06,64.01,625.78
FEBRERO,25,9,0.018,0.009,0.90,0.020,56,22.74,15.24,2.36,87.68,58.52,626.14
FEBRERO,25,10,0.030,0.010,0.87,0.014,68,25.92,17.63,3.24,90.34,53.15,626.32
FEBRERO,25,11,0.038,0.009,0.87,0.013,63,26.51,19.65,3.69,103.91,48.06,626.29
FEBRERO,25,12,0.047,0.008,0.84,0.011,55,23.00,21.41,2.36,141.63,40.84,625.97
FEBRERO,25,13,0.060,0.008,0.81,0.009,50,25.43,22.99,2.07,238.04,36.12,625.27
FEBRERO,25,14,0.064,0.009,0.82,0.009,57,18.77,24.88,2.14,222.46,32.05,624.51
FEBRERO,25,15,0.061,0.009,0.81,0.008,53,21.91,26.13,2.36,246.86,29.79,623.78
FEBRERO,25,16,0.062,0.009,0.80,0.008,54,10.56,26.96,2.58,254.96,26.58,623.12
FEBRERO,25,17,0.064,0.009,0.80,0.009,52,18.48,27.81,1.93,243.34,22.23,622.67
FEBRERO,25,18,0.063,0.011,0.80,0.009,52,20.32,27.54,1.81,254.66,21.03,622.64
FEBRERO,25,19,0.053,0.010,0.83,0.014,49,31.76,25.92,1.85,260.95,22.37,622.83
FEBRERO,25,20,0.026,0.009,0.95,0.032,58,43.03,24.55,1.40,240.08,23.33,623.10
FEBRERO,25,21,0.019,0.008,1.05,0.032,80,51.87,23.12,2.06,175.42,26.53,623.64
FEBRERO,25,22,0.021,0.008,0.90,0.021,102,42.41,21.40,2.73,166.74,25.83,624.14
FEBRERO,25,23,0.011,0.008,0.94,0.028,54,27.06,20.13,1.10,202.12,31.40,624.43
FEBRERO,26,0,0.011,0.009,0.99,0.028,72,30.06,19.63,1.64,112.03,33.53,624.82
FEBRERO,26,1,0.023,0.009,0.87,0.019,80,32.10,18.41,1.56,102.75,35.95,624.98
FEBRERO,26,2,0.019,0.008,0.84,0.015,60,25.83,17.75,1.81,106.84,50.94,624.88
FEBRERO,26,3,0.017,0.008,0.84,0.016,53,27.54,16.73,1.14,139.52,58.98,624.77
FEBRERO,26,4,0.014,0.008,0.84,0.018,48,28.22,16.28,1.56,130.06,62.10,624.51
FEBRERO,26,5,0.006,0.011,0.85,0.023,53,34.93,14.88,1.07,192.44,55.52,624.44
FEBRERO,26,6,0.005,0.010,0.86,0.023,56,34.14,14.31,0.93,169.41,58.63,624.52
FEBRERO,26,7,0.006,0.009,0.86,0.021,57,30.14,13.43,0.94,207.19,57.15,624.95
FEBRERO,26,8,0.005,0.009,0.93,0.021,59,31.96,13.19,1.04,247.86,54.61,625.33
FEBRERO,26,9,0.012,0.009,0.91,0.021,75,26.27,16.14,1.11,212.05,50.83,625.64
FEBRERO,26,10,0.025,0.009,0.88,0.016,74,29.31,18.98,1.30,153.46,45.61,625.85
FEBRERO,26,11,0.041,0.011,0.87,0.015,68,36.10,20.94,1.57,167.35,39.95,625.73
FEBRERO,26,12,0.045,0.010,0.82,0.009,69,24.15,22.73,1.95,240.25,34.79,625.20
FEBRERO,26,13,0.049,0.009,0.80,0.008,46,12.49,24.54,2.10,244.98,30.67,624.30
FEBRERO,26,14,0.046,0.008,0.80,0.007,39,9.23,26.62,2.50,265.95,24.42,623.23
FEBRERO,26,15,0.043,0.008,0.81,0.008,40,4.75,27.79,2.71,200.72,21.48,622.20
FEBRERO,26,16,0.043,0.008,0.80,0.008,37,5.12,28.63,3.04,215.51,19.80,621.36
FEBRERO,26,17,0.045,0.008,0.78,0.007,34,11.17,28.70,3.44,278.78,18.35,621.07
FEBRERO,26,18,0.043,0.007,0.78,0.006,27,13.02,28.31,2.60,279.19,18.23,620.99
FEBRERO,26,19,0.038,0.007,0.81,0.010,22,15.91,27.09,2.30,256.51,20.12,621.02
FEBRERO,26,20,0.025,0.007,0.84,0.016,29,35.50,24.83,2.33,261.19,22.92,621.45
FEBRERO,26,21,0.019,0.007,0.86,0.018,46,31.36,23.60,2.28,246.78,23.92,622.09
FEBRERO,26,22,0.021,0.008,0.85,0.017,50,32.10,22.16,2.18,259.94,25.29,622.59
FEBRERO,26,23,0.015,0.007,0.86,0.019,45,30.77,20.04,1.64,298.92,28.91,622.89
FEBRERO,27,0,0.014,0.007,0.83,0.018,51,21.51,18.96,2.01,267.85,30.03,622.82
FEBRERO,27,1,0.014,0.007,0.82,0.016,45,24.28,17.56,1.21,258.51,32.06,622.74
FEBRERO,27,2,0.012,0.007,0.83,0.016,37,24.87,17.05,0.64,218.26,33.15,622.77
FEBRERO,27,3,0.006,0.007,0.85,0.019,35,19.97,15.97,0.93,253.61,36.16,622.59
FEBRERO,27,4,0.005,0.008,0.84,0.019,40,24.72,14.93,1.14,277.80,37.71,622.46
FEBRERO,27,5,0.004,0.008,0.84,0.019,43,31.86,13.67,1.12,232.60,41.15,622.61
FEBRERO,27,6,0.004,0.008,0.90,0.019,47,21.67,13.73,0.82,163.16,40.71,622.90
FEBRERO,27,7,0.005,0.008,1.02,0.017,54,32.44,12.89,1.57,108.91,42.55,623.34
FEBRERO,27,8,0.005,0.009,1.05,0.018,74,30.15,12.70,1.74,98.04,41.49,623.80
FEBRERO,27,9,0.007,0.009,1.02,0.020,83,27.14,15.10,2.06,95.81,36.08,624.14
FEBRERO,27,10,0.017,0.008,0.90,0.018,111,27.50,18.92,1.44,108.72,30.15,624.34
FEBRERO,27,11,0.033,0.017,0.87,0.014,73,19.75,22.96,1.35,161.75,24.83,624.24
FEBRERO,27,12,0.047,0.015,0.84,0.012,52,23.13,24.71,1.62,190.58,22.74,623.88
FEBRERO,27,13,0.051,0.009,0.81,0.009,45,15.78,26.10,2.13,238.13,19.44,623.29
FEBRERO,27,14,0.048,0.008,0.81,0.008,39,6.44,27.59,2.42,243.24,16.49,622.54
FEBRERO,27,15,0.047,0.008,0.80,0.008,36,4.47,28.65,3.12,259.18,16.32,621.67
FEBRERO,27,16,0.047,0.008,0.79,0.007,32,5.58,29.36,3.03,272.78,15.60,620.97
FEBRERO,27,17,0.046,0.007,0.79,0.007,51,6.81,29.41,3.04,268.83,14.63,620.58
FEBRERO,27,18,0.046,0.007,0.79,0.008,407,12.46,29.30,2.81,271.52,14.51,620.69
FEBRERO,27,19,0.042,0.007,0.81,0.010,28,16.23,28.12,1.68,298.26,15.46,620.88
FEBRERO,27,20,0.015,0.007,0.93,0.029,27,31.93,25.50,1.44,261.98,18.96,621.15
FEBRERO,27,21,0.008,0.008,1.00,0.026,55,37.40,23.77,1.48,248.95,19.50,621.63
FEBRERO,27,22,0.007,0.007,0.91,0.024,52,29.52,21.64,0.88,256.16,22.47,622.00
FEBRERO,27,23,0.006,0.008,0.94,0.024,49,26.51,20.66,1.31,276.38,24.03,622.26
FEBRERO,28,0,0.012,0.008,0.83,0.019,55,29.51,19.53,1.86,264.20,25.48,622.53
FEBRERO,28,1,0.009,0.008,0.85,0.022,40,24.95,18.87,1.26,191.92,27.42,622.71
FEBRERO,28,2,0.006,0.009,0.86,0.024,48,32.47,17.46,2.21,98.79,29.63,622.85
FEBRERO,28,3,0.005,0.008,0.86,0.025,66,29.22,16.71,1.26,157.83,30.93,622.53
FEBRERO,28,4,0.006,0.013,0.87,0.024,61,33.70,16.04,1.03,178.03,33.38,622.25
FEBRERO,28,5,0.004,0.019,0.87,0.021,74,37.72,14.51,1.05,255.03,36.81,622.23
FEBRERO,28,6,0.005,0.017,0.92,0.021,64,36.80,14.26,0.76,129.58,37.54,622.38
FEBRERO,28,7,0.004,0.011,1.10,0.022,74,42.24,14.24,0.92,106.17,37.22,622.65
FEBRERO,28,8,0.005,0.011,1.34,0.023,94,38.52,14.57,1.00,127.59,35.42,623.12
FEBRERO,28,9,0.007,0.010,1.09,0.027,127,44.32,16.84,1.65,86.14,30.95,623.45
FEBRERO,28,10,0.014,0.087,1.00,0.029,157,43.58,19.88,1.30,130.27,28.83,623.59
FEBRERO,28,11,0.033,0.078,0.91,0.022,109,42.41,23.19,1.30,217.83,27.09,623.66
FEBRERO,28,12,0.046,0.027,0.89,0.015,86,30.39,25.19,1.67,173.33,24.37,623.24
FEBRERO,28,13,0.059,0.016,0.86,0.013,61,15.48,27.73,1.56,193.35,20.60,622.53
FEBRERO,28,14,0.063,0.012,0.83,0.011,62,14.49,29.59,1.73,225.74,18.04,621.62
FEBRERO,28,15,0.052,0.010,0.84,0.011,57,5.99,30.84,2.67,159.10,13.48,620.77
FEBRERO,28,16,0.059,0.010,0.82,0.009,38,9.22,30.65,2.07,172.71,13.56,620.17
FEBRERO,28,17,0.063,0.010,0.81,0.009,33,15.31,30.70,2.49,241.90,13.76,619.82
FEBRERO,28,18,0.064,0.010,0.82,0.010,39,16.93,30.97,1.81,224.68,13.72,619.75
FEBRERO,28,19,0.057,0.009,0.85,0.016,40,30.62,28.98,1.72,280.20,16.32,620.02
FEBRERO,28,20,0.027,0.010,0.98,0.030,61,43.61,27.38,1.97,205.43,18.77,620.46
FEBRERO,28,21,0.037,0.008,0.84,0.014,83,39.90,26.04,4.23,225.96,21.57,621.02
FEBRERO,28,22,0.032,0.008,0.83,0.012,90,36.99,23.82,2.95,239.68,25.47,621.75
FEBRERO,28,23,0.030,0.008,0.83,0.012,43,35.28,22.20,2.50,211.19,28.43,622.18
