DATOS HORARIOS 2014_ CRUZ ROJA,,,,,,,,,,,,,,,,
,,,,,,,,,,,,,,,,
AčO,MES,DIA,HORA,O3,SO2,NO2,CO,PM10,WS,WD,TEMP,HR,PBAR,,,
2014,AGO,1,0,12.21,11.15,6.97,0.06,35.89,1.84,151.31,21.54,67.24,619,,,
2014,AGO,1,1,13.99,8.69,5.42,0.09,35.06,1.94,171.7,21.06,68.3,618.93,,,
2014,AGO,1,2,5.98,7.13,6.92,0.08,30.56,1.33,298.79,19.73,74.81,618.91,,,
2014,AGO,1,3,4.1,6.79,7.75,0.13,37.27,1.15,9.4,19.26,76.89,618.65,,,
2014,AGO,1,4,3.97,6.29,7.83,0.14,34.91,1.42,315.14,18.54,79.3,618.58,,,
2014,AGO,1,5,3.97,5.47,6.8,0.13,29.8,1.11,241.93,18.42,79.33,618.55,,,
2014,AGO,1,6,3.97,5.03,6.38,0.14,34.86,1.04,276.11,18.7,77.34,618.86,,,
2014,AGO,1,7,3.97,5,6.48,0.23,39.76,1.95,166.85,18.67,75.81,619.31,,,
2014,AGO,1,8,4.55,5,7.91,0.36,44.86,1.7,123.93,19.74,71.03,619.61,,,
2014,AGO,1,9,8.27,5.6,7.54,0.46,80.17,2.1,117.94,21.01,62.64,619.71,,,
2014,AGO,1,10,13.26,11.15,5.11,0.37,81.88,2.46,110.13,22.25,59.57,619.59,,,
2014,AGO,1,11,19.54,14.17,4.8,0.28,61.36,2.16,127.02,23.61,56.01,619.48,,,
2014,AGO,1,12,28.69,18.2,5.07,0.37,75.27,1.91,277.89,25.16,51.78,619.33,,,
2014,AGO,1,13,35.89,8.48,7.92,0.44,77.84,2.36,291.36,26.09,47.74,618.95,,,
2014,AGO,1,14,35.5,5.47,5.92,0.33,60.97,2.47,271.8,27.21,40.64,618.31,,,
2014,AGO,1,15,35.17,5.16,5.74,0.18,49.01,2.57,289.96,28.35,35.54,617.57,,,
2014,AGO,1,16,41.68,6.06,8.44,0.18,46.37,2.09,196.94,29,35.4,617.08,,,
2014,AGO,1,17,40.54,12.51,9.88,0.19,70.93,1.96,185.4,28.61,37,616.61,,,
2014,AGO,1,18,34.53,13.89,12.05,0.23,77.38,2.21,197.58,29.49,33,615.99,,,
2014,AGO,1,19,31.06,11.38,10.73,0.22,65.23,1.91,139.53,28.85,34.37,616.03,,,
2014,AGO,1,20,20.85,11.31,16.05,0.26,62.87,2.05,271.84,27.56,38.91,616.44,,,
2014,AGO,1,21,16.71,11.17,12.42,0.26,71.35,2.15,42.52,26.32,40.87,616.98,,, 
2014,AGO,1,22,12.98,11.45,9.37,0.19,49.68,2.9,56.34,25.03,37.5,617.38,,,
2014,AGO,1,23,8.51,32.44,11.07,0.33,39.02,3.86,71.4,23.77,40.29,617.86,,,
2014,AGO,2,0,8.38,39.43,10.76,0.25,53.8,3.88,81.36,22.71,41.57,618.23,,,
2014,AGO,2,1,9.94,26.43,7.61,0.21,46.11,2.71,101.07,21.01,47.54,618.34,,,
2014,AGO,2,2,7.84,36.82,8.35,0.17,34.24,3.03,93.14,19.98,51.53,618.19,,,
2014,AGO,2,3,9.31,37.03,8.06,0.15,42.36,2.62,84.01,19.88,51.28,618.2,,,
2014,AGO,2,4,8.59,12.22,7.41,0.16,40.34,2.04,64.84,18.64,55.17,618.21,,,
2014,AGO,2,5,7.09,8.8,7.57,0.13,29.22,2,87.01,17.86,57.85,618.22,,,
2014,AGO,2,6,5.14,11.84,7.43,0.13,28.07,1.62,104.85,16.38,65.14,618.66,,,
2014,AGO,2,7,3.97,9.58,7.3,0.18,50.06,2.13,99.79,15.57,71.27,618.98,,,
2014,AGO,2,8,5.63,15.72,7.6,0.32,57.59,2.2,93.5,17.29,68.64,619.3,,,
2014,AGO,2,9,13.91,21.58,8.96,0.49,71.41,1.61,80.26,20.23,61.72,619.52,,,
2014,AGO,2,10,12.62,20.47,7.11,0.54,83.61,3.05,88.83,21.57,55.43,619.37,,,
2014,AGO,2,11,16.67,12.07,3.97,0.53,70.82,3.82,77.52,22.89,47.97,619.22,,,
2014,AGO,2,12,18.03,10.09,3.97,0.46,40.21,3.09,89.62,24.37,42.33,619.12,,,
2014,AGO,2,13,19.66,9.42,4.22,0.43,34.21,2.93,85.11,26.03,35.75,618.58,,,
2014,AGO,2,14,21.82,9.51,4.64,0.44,40.09,2.99,84.45,27.3,29.75,618.04,,,
2014,AGO,2,15,22.03,5.4,3.97,0.37,37.43,3.28,69.1,28.28,24.36,617.43,,,
2014,AGO,2,16,22.16,5.14,4.09,0.3,31.31,3.24,61.81,29.02,24.99,616.87,,,
2014,AGO,2,17,22.32,5.87,4.66,0.28,23.61,2.83,61.66,29.56,24.4,616.27,,,
2014,AGO,2,18,21.3,11.41,5.24,0.21,23.36,2.92,82.62,29.72,23.14,615.88,,,
2014,AGO,2,19,18.11,9.75,5.78,0.27,35.48,3.13,60.69,28.94,27.78,616.22,,,
2014,AGO,2,20,14.65,5.07,5.46,0.15,39.66,4.19,51.86,26.88,31.54,616.86,,,
2014,AGO,2,21,12.12,5,5.94,0.07,36.46,3.87,51.61,24.89,36.84,617.3,,,
2014,AGO,2,22,12.41,5,4.5,0.05,38.19,4.83,46.56,23.49,41.98,618.05,,,
2014,AGO,2,23,12.25,5,4.2,0.02,41.38,4.25,50.8,22.45,48.42,618.56,,,
2014,AGO,3,0,8.46,16.47,7.08,0.17,44.56,3.56,52.88,22.01,52.44,618.54,,,
2014,AGO,3,1,8.22,12.08,5.82,0.28,60.97,2.56,85.55,20.56,55.41,618.72,,,
2014,AGO,3,2,7.32,16.13,6.39,0.26,53.99,1.84,94.98,19.94,55.86,618.87,,,
2014,AGO,3,3,8.54,6.95,5.57,0.21,51.06,2.28,84.47,18.93,59.2,618.75,,,
2014,AGO,3,4,5.18,6.33,5.93,0.15,45.34,1.98,130.9,17.32,66.48,618.55,,,
2014,AGO,3,5,6.57,7.33,4.55,0.11,45.68,2.1,114.44,16.51,71.08,618.43,,,
2014,AGO,3,6,3.97,6.15,5.81,0.07,45.28,2.27,118.53,15.88,75.39,618.92,,,
2014,AGO,3,7,4.22,11.63,5.46,0.09,61.14,2.67,92.2,15.86,76.31,619.18,,,
2014,AGO,3,8,7.16,25.87,5.54,0.15,64.45,2.68,87.02,17.04,71.58,619.28,,,
2014,AGO,3,9,10.94,24.64,5.85,0.19,70.26,3.14,90.65,19.29,62.8,619.45,,,
2014,AGO,3,10,12.91,20.18,4.66,0.2,79.41,3.88,100.09,21,53.51,619.66,,,
2014,AGO,3,11,16.59,25.98,3.97,0.15,78.4,4.79,82.62,22.44,44.38,619.5,,,
2014,AGO,3,12,19.8,17.25,4.61,0.11,73.38,4.15,88.29,24.05,38.66,619.27,,,
2014,AGO,3,13,21.69,12.43,5.49,0.1,65.32,3.73,86.83,25.09,35.6,618.79,,,
2014,AGO,3,14,21.99,10.75,5.44,0.1,53.22,3.49,100.22,26.34,27.54,618.41,,,
2014,AGO,3,15,23.01,11.61,5.24,0.07,47.68,3.24,101.51,27.51,23.61,617.84,,,
2014,AGO,3,16,22.89,11.73,5.41,0.05,45.41,2.7,93.79,28.4,22.72,617.03,,,
2014,AGO,3,17,20.48,13.62,6.42,0.1,44.22,2.92,71.9,28.96,22.95,616.34,,,
2014,AGO,3,18,19.67,16.78,7.02,0.23,57.47,2.88,84.97,29.11,22.89,616.01,,,
2014,AGO,3,19,18.18,17.41,7.43,0.18,59.04,2.91,76.91,28.6,25.32,615.96,,,
2014,AGO,3,20,12.92,8.99,7.37,0.16,57.88,3.47,62.71,26.65,30.15,616.49,,,
2014,AGO,3,21,11.37,8.34,7.09,0.08,57.53,3.58,62.88,24.78,33.13,617.19,,,
2014,AGO,3,22,11.43,8.5,6.53,0.02,50.38,3.8,55.01,23.4,35.01,617.79,,,
2014,AGO,3,23,8.44,26.92,7.37,0.02,46.11,4.46,56.46,22.37,38.35,618.27,,,
2014,AGO,4,0,5.87,35.56,8.24,0.12,63.75,2.73,96.57,21.1,45.52,618.54,,,
2014,AGO,4,1,6.62,22.85,6.45,0.07,64.94,3.15,87.51,19.85,51.7,618.73,,,
2014,AGO,4,2,6.68,44.48,6.96,0.32,64.63,3.23,59.86,20.02,53.67,618.65,,,
2014,AGO,4,3,8.29,15.07,5.52,0.42,67.58,2.71,52.39,19.31,56.71,618.79,,,
2014,AGO,4,4,7.55,16.88,6.53,0.35,53.7,3.61,48.69,18.78,57.4,618.64,,,
2014,AGO,4,5,7.9,6.68,4.8,0.26,56.56,2.57,60.94,17.65,59.09,618.59,,,
2014,AGO,4,6,6.11,5,5.59,0.22,51.95,2.03,71.56,16.72,60.87,618.72,,,
2014,AGO,4,7,3.97,9.01,8.16,0.33,58.41,2.95,47.64,17.11,63.35,619.2,,,
2014,AGO,4,8,5.63,14.58,7.06,0.68,70.31,2.35,68.95,18.37,61.92,619.64,,,
2014,AGO,4,9,10.87,5,5.65,0.63,66.63,3.33,78.45,19.72,60.02,619.54,,,
2014,AGO,4,10,15.31,18.08,3.97,0.56,57.01,4.71,72.37,21.18,55.82,619.62,,,
2014,AGO,4,11,17.04,16.65,3.97,0.41,47.35,3.86,81.78,22.41,53.6,619.48,,,
2014,AGO,4,12,21.23,10.97,4.68,0.29,62.2,3.67,104.69,23.68,50.67,619.14,,,
2014,AGO,4,13,24.54,7.42,5.27,0.3,60.89,3.16,96.75,25,45.03,618.53,,,
2014,AGO,4,14,24.86,9.16,5.37,0.37,55.38,3.45,94.96,25.83,40.08,618.04,,,
2014,AGO,4,15,25.85,7.85,5.68,0.35,43.07,3.4,97.39,26.96,38.94,617.54,,,
2014,AGO,4,16,24.81,8.64,5.34,0.28,50.63,2.8,93.61,27.75,36.73,616.83,,,
2014,AGO,4,17,21.32,7.58,6.46,0.27,41.54,3.23,89.73,28.12,37.03,616.23,,,
2014,AGO,4,18,19.78,5.9,6.38,0.23,37.45,2.79,71.13,27.8,36.45,615.94,,,
2014,AGO,4,19,18.25,7.99,6.82,0.18,39.53,3.28,54.04,27.62,36.65,616.15,,,
2014,AGO,4,20,12.51,8.91,8.36,0.15,37.69,2.85,62.75,26.24,40.32,616.7,,,
2014,AGO,4,21,10.94,9.25,8.11,0.16,44.59,2.99,57.88,24.98,43.78,617.26,,,
2014,AGO,4,22,11.51,9.43,6.87,0.14,45.37,2.9,56.54,23.72,46.39,618.03,,,
2014,AGO,4,23,8.98,24.7,8.13,0.15,39.87,3.9,81.93,22.75,51.73,618.67,,,
2014,AGO,5,0,8.45,35.04,7.44,0.09,53.93,4.08,85.57,21.96,58.33,618.95,,,
2014,AGO,5,1,7.99,38.7,7.11,0.02,69.36,3.73,73.81,20.95,60.85,619.07,,,
2014,AGO,5,2,8.08,44.47,7.2,0.22,47.9,3.47,61.73,20.22,60.82,618.81,,,
2014,AGO,5,3,9.41,28.3,6.37,0.38,46.46,3.88,53.26,19.65,63.53,618.72,,,
2014,AGO,5,4,9.78,18.36,6.05,0.44,38.42,2.96,46.8,19.09,65.67,618.68,,,
2014,AGO,5,5,10.49,20.53,6.05,0.42,35.79,2.73,74.25,18.89,67.45,618.91,,,
2014,AGO,5,6,5.49,13.66,7.84,0.38,34.65,1.68,280.04,17.88,70.52,619.29,,,
2014,AGO,5,7,3.97,10.3,8.42,0.53,46.36,1.52,123.41,17.56,71.86,619.64,,,
2014,AGO,5,8,3.97,16.78,8,0.6,71.12,2.23,102.6,18.53,68.77,619.89,,,
2014,AGO,5,9,13.3,34.65,6.24,0.59,86.52,4.15,66.13,20.5,63.53,620.21,,,
2014,AGO,5,10,16.31,30.39,3.97,0.47,52.47,4.31,82.94,21.47,60.91,620.32,,,
2014,AGO,5,11,18.47,20.86,4.31,0.3,48.29,4.03,82.76,22.91,55.99,620.23,,,
2014,AGO,5,12,19.24,14.24,5.38,0.4,48.18,2.52,104.47,24.38,50.89,619.79,,,
2014,AGO,5,13,21.77,13.09,5.84,0.47,39.87,2.26,83.1,25.1,47.43,619.3,,,
2014,AGO,5,14,22.27,13.07,6.41,0.46,39.47,2.7,87.54,26.41,42.3,618.69,,,
2014,AGO,5,15,22.86,13.49,6.46,0.46,39.77,2.67,93.16,27.64,37.98,618.04,,,
2014,AGO,5,16,21.76,11.34,7.07,0.45,32.65,2.67,87.47,28.56,35.46,617.39,,,
2014,AGO,5,17,22.42,14.37,6.31,0.35,38.87,3.8,85.2,27.78,37.5,616.81,,,
2014,AGO,5,18,16.9,6.68,8.26,0.34,58.8,2.26,293.45,24.33,50.93,617.01,,,
2014,AGO,5,19,11.81,7.04,11.25,0.54,40.87,2.1,317.87,26.33,46.23,616.87,,,
2014,AGO,5,20,10.74,7.31,10.58,0.63,35.32,2.38,50.22,25.35,49.3,617.36,,,
2014,AGO,5,21,11.37,27.49,10.07,0.52,34.76,3.4,62.49,25.1,41.79,618.08,,,
2014,AGO,5,22,11.16,46.75,8.69,0.42,42.95,4.65,77.58,23.75,46.49,618.83,,,
2014,AGO,5,23,9.47,33.45,7.8,0.22,37.63,3.84,85.31,22.07,55.42,619.51,,,
2014,AGO,6,0,10.5,48.42,7.13,0.12,41.06,3.82,78.34,21.4,57.16,619.87,,,
2014,AGO,6,1,12.21,42.3,7.1,0.06,39.16,4.01,57.16,20.74,57.65,619.77,,,
2014,AGO,6,2,13.64,9.95,3.97,0.02,23.65,3.3,51.89,19.24,64.26,619.43,,,
2014,AGO,6,3,11.4,6.98,3.97,0.02,16.27,1.56,235.24,18.51,67.65,619.25,,,
2014,AGO,6,4,5.93,5.35,6.43,0.02,21.39,1.45,252.58,17.73,71.53,619.26,,,
2014,AGO,6,5,5.77,5,6.86,0.02,20.99,1.67,84.19,17.47,72.81,619.27,,,
2014,AGO,6,6,7.32,11.83,6.59,0.02,31.55,2.71,99.84,17.05,74.55,619.4,,,
2014,AGO,6,7,3.97,9.05,7.48,0.15,33.47,2.54,104.45,16.4,77.52,619.78,,,
2014,AGO,6,8,5.41,13.64,7.13,0.3,53.78,2,98.38,17.99,73.15,620.05,,,
2014,AGO,6,9,13.23,29.14,6.77,0.49,67.17,3.04,88.34,20.42,64.88,620.03,,,
2014,AGO,6,10,15.83,20.08,3.97,0.23,57.58,3.95,92.33,21.04,62.97,620.05,,,
2014,AGO,6,11,17.58,13.7,3.97,0.23,54.32,3.45,103.08,22.41,58.01,619.96,,,
2014,AGO,6,12,19.73,13.81,4.82,0.33,54.71,2.19,112.13,23.74,52.48,619.68,,,
2014,AGO,6,13,22.86,21.06,3.97,0.62,55.69,2.51,281.73,24.41,49.91,619.33,,,
2014,AGO,6,14,28.79,11.63,4.68,0.55,54.9,2.6,293.72,25.75,45.46,618.7,,,
2014,AGO,6,15,32.08,8.94,5.86,0.49,55.11,2.04,259.02,26.45,43.14,617.93,,,
2014,AGO,6,16,34.48,9.6,4.53,0.43,56.44,2.03,314.57,27.45,38.72,617.18,,,
2014,AGO,6,17,32.52,8.54,5.19,0.37,49.68,1.94,69.48,28.57,35.52,616.76,,,
2014,AGO,6,18,23.62,15.81,6.4,0.3,56.15,5.08,104.01,25.43,48.02,616.85,,,
2014,AGO,6,19,18.9,7.73,4.93,0.2,86.32,3.73,148.13,22.46,56.68,617.72,,,
2014,AGO,6,20,18.83,6.53,4.65,0.15,55.84,2.15,115.42,21.91,55.25,618.31,,,
2014,AGO,6,21,12.92,9.3,6.68,0.15,30.96,2.14,270.01,20.76,66.5,619.08,,,
2014,AGO,6,22,10.71,5.9,6.74,0.16,32.73,2.31,267.67,19.35,76.18,619.53,,,
2014,AGO,6,23,11.01,5.73,5.86,0.14,30.3,1.68,274.5,18.88,77.54,619.78,,,
2014,AGO,7,0,12.14,5,6.43,0.12,27.49,1.67,269.5,19.23,74.24,620.08,,,
2014,AGO,7,1,4.89,8.02,9.07,0.08,32.56,1.68,113.76,19.16,73.38,620.05,,,
2014,AGO,7,2,12.91,12.57,4.35,0.04,37.93,1.55,80,18.72,74.14,619.71,,,
2014,AGO,7,3,10.12,10.52,5.59,0.02,31.33,1.57,273.81,18.57,75.85,619.35,,,
2014,AGO,7,4,7.11,9.1,6.52,0.02,28.67,1.29,19.38,18.22,79.44,619.29,,,
2014,AGO,7,5,9.76,9,4.88,0.02,27.77,1.3,138.5,18.28,77.77,619.3,,,
2014,AGO,7,6,5.02,7.73,6.47,0.02,28.71,1.8,263.62,17.82,83.15,619.56,,,
2014,AGO,7,7,4.51,6.98,7.04,0.06,36.87,1.06,90.45,18.03,81.69,619.59,,,
2014,AGO,7,8,4.76,7.2,7.98,0.13,40.15,1.24,43.71,18.48,79.41,619.62,,,
2014,AGO,7,9,8.72,8.3,6.56,0.2,53.46,2.46,118.45,19.06,74.57,619.75,,,
2014,AGO,7,10,12.73,8.91,5.3,0.24,58.23,2.15,125.9,20.82,69.31,619.88,,,
2014,AGO,7,11,16.55,7.06,4.77,0.17,58.52,1.9,172.41,22.41,60.75,619.73,,,
2014,AGO,7,12,18.6,5.03,3.97,0.15,38.66,1.93,181.86,23.6,55.62,619.52,,,
2014,AGO,7,13,19.79,5,4.26,0.15,30.67,2.52,247.5,24.42,53.39,619.05,,,
2014,AGO,7,14,17.73,5.38,4.16,0.17,30.37,3.13,247.17,24.99,49.65,618.16,,,
2014,AGO,7,15,19.33,6.28,3.97,0.15,22.96,2.99,233.91,25.59,48.43,617.52,,,
2014,AGO,7,16,19.91,6.47,4.11,0.12,25.89,3.08,234.22,26.47,45.55,616.89,,,
2014,AGO,7,17,18.66,7.19,7.12,0.1,20.31,4.14,240.72,26.19,47.23,616.77,,,
2014,AGO,7,18,15.67,8.99,5,0.07,37.72,5.59,203.72,23.04,52.47,616.66,,,
2014,AGO,7,19,14.68,8.97,5.97,0.06,43.25,2.98,266.28,20.46,62.53,617.82,,,
2014,AGO,7,20,14.65,9.43,6.33,0.04,27.45,2.89,77.63,19.46,69.9,618.05,,,
2014,AGO,7,21,9.55,17.42,8.96,0.08,23.27,1.85,69.06,18.32,79.6,618.06,,,
2014,AGO,7,22,7.78,12.42,9.65,0.15,27.54,2.04,210.19,18.26,79.29,618.69,,,
2014,AGO,7,23,6.07,10.27,9,0.16,28.13,1.33,61.64,18.16,80.86,619.06,,,
2014,AGO,8,0,4.49,11.42,10.49,0.14,30.85,1.55,69.2,17.92,81.56,619.19,,,
2014,AGO,8,1,6.91,13.73,9.19,0.1,30.9,1.15,58.56,17.84,80.85,619.3,,,
2014,AGO,8,2,4.87,9.81,9.19,0.07,27.03,1.82,125.56,17.38,82.54,619.18,,,
2014,AGO,8,3,8.43,9.16,7.6,0.04,24.16,1.74,115.39,17.43,79.59,618.87,,,
2014,AGO,8,4,4.46,8.07,9.22,0.06,24.78,2.07,125.11,17.19,80.26,618.55,,,
2014,AGO,8,5,3.97,7.21,8.65,0.04,26.45,1.79,275.06,17.03,82.67,618.8,,,
2014,AGO,8,6,3.97,5.73,8.6,0.06,29.33,1.74,257.45,16.42,87.21,619.07,,,
2014,AGO,8,7,3.97,5.4,8.25,0.16,32.12,2.19,301.84,16.32,87.92,619.3,,,
2014,AGO,8,8,3.97,5.04,7.6,0.25,19.59,1.98,299.45,16.48,85.66,619.36,,,
2014,AGO,8,9,4.97,5,7.39,0.39,19.65,2,283.29,17.1,81.07,619.34,,,
2014,AGO,8,10,5.32,5.25,8.35,0.47,22.01,2.53,213.24,17.65,79.95,619.51,,,
2014,AGO,8,11,12.61,5.59,5.81,0.5,25.46,2.36,215.89,20.36,70.38,619.34,,,
2014,AGO,8,12,15.51,5.74,5.49,0.46,29.2,2.33,247.38,21.76,64.43,619.27,,,
2014,AGO,8,13,17.2,5.13,5.22,0.42,25.38,2.27,238.66,22.88,61.46,618.74,,,
2014,AGO,8,14,19.83,5,5.47,0.37,21.01,2.04,260.44,24.65,53.99,617.82,,,
2014,AGO,8,15,22.13,5.99,4.01,0.4,18.18,2.14,264.52,25.81,49.42,617.2,,,
2014,AGO,8,16,22.85,6.38,4.8,0.35,NA,2.06,258.14,26.54,47.03,616.56,,,
2014,AGO,8,17,14.75,8.05,8.08,0.31,NA,3.86,230.68,25.19,51.01,616.33,,,
2014,AGO,8,18,15.44,8.31,7.94,0.28,28.51,3.64,209.19,25.51,46.18,616.36,,,
2014,AGO,8,19,12.96,8.67,5.83,0.23,32.99,5.35,139.16,22.45,58.24,617.35,,,
2014,AGO,8,20,17.93,37.2,4.58,0.18,57.09,6.17,55.23,18.06,73.85,618.63,,,
2014,AGO,8,21,14.16,19.98,6.93,0.37,59.01,2.21,103.15,17.42,78.14,619.23,,,
2014,AGO,8,22,11.94,10.35,7.32,0.39,21.26,1.98,14.47,16.65,85.21,619.48,,,
2014,AGO,8,23,9.72,9.61,6.67,0.37,12.91,2.75,302.13,16.06,89.18,619.77,,,
2014,AGO,9,0,12.86,8.09,4.39,0.19,12.25,1.96,297.31,15.97,89.22,619.58,,,
2014,AGO,9,1,11.08,7.55,5.22,0.07,8.06,1.67,281.61,15.89,88.34,619.22,,,
2014,AGO,9,2,6.62,8.81,7.29,0.04,8.41,1.71,253.31,15.76,88.81,618.92,,,
2014,AGO,9,3,7.6,7.48,5.5,0.05,14.98,1.91,223.44,15.38,90.24,618.51,,,
2014,AGO,9,4,10.48,6.46,4.01,0.04,25.79,1.66,279.28,15.13,90.94,618.3,,,
2014,AGO,9,5,11.21,6.05,3.97,0.02,21.78,1.81,300.31,15.04,90.99,618.54,,,
2014,AGO,9,6,9.31,5.56,4.15,0.02,24.97,1.75,302.83,14.83,90.71,618.74,,,
2014,AGO,9,7,7.8,5,3.97,0.02,28.28,1.57,335.71,14.42,91.37,618.97,,,
2014,AGO,9,8,5.73,5.23,5.22,0.1,25.55,1.95,102.68,15.25,91.17,619.33,,,
2014,AGO,9,9,3.97,5.36,6.39,0.28,62.34,2.66,105.4,16.06,87.19,619.67,,,
2014,AGO,9,10,4.43,9.71,5.51,0.4,97.13,2.7,108.81,16.98,83.23,619.9,,,
2014,AGO,9,11,8.51,11.93,5.57,0.44,109.42,2.59,116.16,19.17,74.5,619.82,,,
2014,AGO,9,12,12.29,15.32,5.65,0.39,87.52,2.63,101.98,21.27,65.04,619.54,,,
2014,AGO,9,13,17.23,12.88,5.72,0.33,59.41,2.35,107.97,23.16,57.52,619.15,,,
2014,AGO,9,14,21.79,7.45,5.83,0.29,56.28,2.38,130.97,24.79,52.39,618.29,,,
2014,AGO,9,15,19.43,5,5.72,0.27,47.5,2.51,174.57,25.91,47.87,617.45,,,
2014,AGO,9,16,18.37,5,5.55,0.25,34.75,2.25,209.54,26.89,44.9,616.75,,,
2014,AGO,9,17,17.94,5,6.29,0.21,27.34,2.86,257.53,26.66,46.75,616.25,,,
2014,AGO,9,18,13.54,5,5.87,0.18,30.66,4.56,228.29,24.27,55.51,616.19,,,
2014,AGO,9,19,9.92,5.02,7.01,0.18,29.28,3.54,235.77,23.17,59.49,616.7,,,
2014,AGO,9,20,6.03,5,7.75,0.25,31.79,2.93,221.67,21.46,64.85,617.02,,,
2014,AGO,9,21,6.21,6.8,8.15,0.33,27.72,2.42,99.35,20.79,68.27,618.09,,,
2014,AGO,9,22,9.93,8.63,7.12,0.29,35.51,2.81,90.13,20.12,72.38,618.61,,,
2014,AGO,9,23,8.58,10.11,7.49,0.29,37.46,2.41,101.42,19.24,73.88,618.99,,,
2014,AGO,10,0,9.02,6.16,6.29,0.31,25.84,2.36,104.15,18.46,78.53,619.07,,,
2014,AGO,10,1,6.39,6.1,6.43,0.33,22.3,2.1,111.34,17.97,81.99,619.05,,,
2014,AGO,10,2,9.71,6.06,4.89,0.3,18.08,2.51,109.88,18.16,80.16,618.76,,,
2014,AGO,10,3,8.52,6.89,4.41,0.22,19.12,3.09,102.51,18.03,79.25,618.47,,,
2014,AGO,10,4,9.81,7.12,4.06,0.16,23.57,2.65,102.68,17.65,81.22,618.35,,,
2014,AGO,10,5,8.91,8.5,4.37,0.11,24.07,2.91,97.45,17.44,82.62,618.44,,,
2014,AGO,10,6,8,18.9,5.5,0.09,24.31,2.45,83.44,17.58,80.36,618.53,,,
2014,AGO,10,7,6.16,15.29,6.45,0.1,32.44,3.16,89.64,17.37,81.39,618.82,,,
2014,AGO,10,8,8.54,21.1,5.91,0.12,43.43,3.07,81.45,18,79.16,619.07,,,
2014,AGO,10,9,11.82,27.72,5.35,0.23,41.27,2.75,74.45,19.92,71.42,618.91,,,
2014,AGO,10,10,13.57,22.03,5.69,0.44,40.76,2.49,96.07,21.79,63.32,618.75,,,
2014,AGO,10,11,17,16.97,4.34,0.4,35.1,4.08,85.52,21.91,60.89,618.85,,,
2014,AGO,10,12,18.76,17.22,4.13,0.29,37.25,4.24,91.46,23.05,58.85,618.73,,,
2014,AGO,10,13,21.68,18.68,4.77,0.19,38.88,3.68,82.37,24.85,54.86,618.28,,,
2014,AGO,10,14,25.04,14.08,5.1,0.17,38.84,3.71,76.19,26.23,48.32,617.65,,,
2014,AGO,10,15,25.43,12.34,5.4,0.2,36.85,3.47,71.81,27.28,42.64,616.79,,,
2014,AGO,10,16,26.65,10.48,5.32,0.16,30.79,2.83,75.26,28.34,37.97,615.95,,,
2014,AGO,10,17,26.23,8.37,5.8,0.12,23.3,2.75,95.32,28.88,38.55,615.4,,,
2014,AGO,10,18,21.19,9.98,4.86,0.08,22.23,3.84,313.14,26.59,48.32,615.44,,,
2014,AGO,10,19,16.74,7.52,6.42,0.04,32.74,3.33,297.46,22.68,62.09,616.04,,,
2014,AGO,10,20,12.79,7.91,8.74,0.06,28.73,3.06,216.3,22.39,62.94,616.68,,,
2014,AGO,10,21,14.03,8.02,9.05,0.11,37.15,2.58,196.59,21.87,64.36,617.41,,,
2014,AGO,10,22,14.42,7.93,7.79,0.13,41.31,1.83,176.38,21.02,69.16,618.21,,,
2014,AGO,10,23,11.22,7.53,7.82,0.13,30.43,1.54,304.82,20.24,72.7,618.73,,,
2014,AGO,11,0,9.36,7.32,8.66,0.17,22.74,1.45,72.62,20.19,72.86,619.04,,,
2014,AGO,11,1,7.67,7.97,7.06,0.14,29.88,2.41,61.1,19.98,72.66,618.66,,,
2014,AGO,11,2,3.97,10.06,7.62,0.12,18.52,1.7,84.76,19.41,75.38,618.42,,,
2014,AGO,11,3,3.97,14.27,6.8,0.17,25.94,2.44,55.26,19.32,72.47,618.21,,,
2014,AGO,11,4,6.33,8.65,4.81,0.19,23.85,2.27,65.98,18.95,72.2,618,,,
2014,AGO,11,5,3.97,17.16,6.37,0.21,18.74,2.34,73.68,18.77,72.24,618.02,,,
2014,AGO,11,6,4.15,14.41,6.07,0.23,28.68,2.84,50.19,18.36,73.46,618.06,,,
2014,AGO,11,7,4.44,6.28,5.9,0.25,22.51,3.03,47.51,18.14,74.64,618.23,,,
2014,AGO,11,8,3.97,5,6.48,0.32,20.77,2.62,51.56,19.12,71.06,618.61,,,
2014,AGO,11,9,8.15,13.34,6.35,0.45,22.64,3.45,70.78,20.56,65.52,618.68,,,
2014,AGO,11,10,10.7,18.67,4.25,0.65,40.34,5.13,66.42,21.27,60.46,618.91,,,
2014,AGO,11,11,11.96,15.27,4.12,0.74,30.8,5.51,69.22,22.33,56.17,618.87,,,
2014,AGO,11,12,14.86,14.11,4.76,0.63,33.14,4.86,75.88,23.68,51.13,618.8,,,
2014,AGO,11,13,16.13,13.47,5.79,0.61,29.15,4.54,86.48,24.65,48.41,618.27,,,
2014,AGO,11,14,17.61,16.56,5.57,0.69,40.12,4.52,77.94,25.78,46.09,617.84,,,
2014,AGO,11,15,16.69,13.57,5.36,0.56,28.71,5.04,73.9,26.83,41.8,617.2,,,
2014,AGO,11,16,16.4,12,4.7,0.44,23.62,4.8,70.45,27.65,39.78,616.54,,,
2014,AGO,11,17,13.32,8.59,5.08,0.37,20.86,5.08,77.43,27.04,43.59,616.06,,,
2014,AGO,11,18,11.49,8.88,5.49,0.3,23.26,4.25,76.04,26.12,48.34,615.98,,,
2014,AGO,11,19,11.39,9.37,5.86,0.24,20.43,4.25,48.12,26.54,45.01,616.16,,,
2014,AGO,11,20,9.84,12.48,6.84,0.23,19.81,3.93,77.96,24.18,53.59,616.85,,,
2014,AGO,11,21,11.18,11.24,6.18,0.21,31.43,4.19,138.08,21.26,67.01,617.72,,,
2014,AGO,11,22,11.99,10.41,6.02,0.15,33.51,3.2,130.59,20.72,67.97,618.42,,,
2014,AGO,11,23,10.19,9.78,6.3,0.17,31.1,2.92,116.2,20.71,68.6,619.04,,,
2014,AGO,12,0,7.69,22.3,7.28,0.14,30.36,3.83,102.95,20.83,64.13,619.54,,,
2014,AGO,12,1,9.18,22.99,5.51,0.09,36.02,3.92,96.07,20.49,63.11,619.61,,,
2014,AGO,12,2,9.57,12.64,4.32,0.05,33.62,3.86,99.03,19.96,65.57,619.46,,,
2014,AGO,12,3,6.26,15.24,6.04,0.03,17.87,3.48,110.05,19.46,68.95,619.31,,,
2014,AGO,12,4,8.91,6.71,3.97,0.02,18.92,3.4,111.77,19.46,68.8,619.3,,,
2014,AGO,12,5,9.21,5.65,4.67,0.02,13.09,3.08,112.82,18.58,73.47,619.21,,,
2014,AGO,12,6,7.57,8.3,5.96,0.02,11.71,2.9,96.85,18.5,74.2,619.34,,,
2014,AGO,12,7,8.14,16.93,7.12,0.02,29.41,3.19,83.32,18.48,74.58,619.38,,,
2014,AGO,12,8,10.39,12.46,6.19,0.02,32.77,4.11,69.45,19.01,70.9,619.42,,,
2014,AGO,12,9,10.91,23.06,5.47,0.29,21.36,3.97,55.04,20.2,67.46,619.49,,,
2014,AGO,12,10,14.2,18.95,4.41,0.29,24.49,4.47,71.25,21.29,62.55,619.54,,,
2014,AGO,12,11,16.82,16.92,3.97,0.27,21.97,4.67,67.54,22.3,58.63,619.34,,,
2014,AGO,12,12,18.39,15.45,3.97,0.3,24.82,3.89,67.57,23.18,55.89,618.97,,,
2014,AGO,12,13,20.45,12.88,3.97,0.27,23.11,3.59,70.98,24.86,49.15,618.29,,,
2014,AGO,12,14,19.53,8.49,4.69,0.29,24.14,3.3,75.84,25.64,46.9,617.93,,,
2014,AGO,12,15,19.27,5,4.79,0.26,24.6,3.1,74.63,26.46,45.5,617.24,,,
2014,AGO,12,16,17.45,5,6.01,0.23,21.71,2.87,272.86,26.55,45.48,616.62,,,
2014,AGO,12,17,16.81,5.23,6.04,0.21,17.39,2.95,297.48,27.67,41.62,615.96,,,
2014,AGO,12,18,14.56,6.27,8.48,0.18,16.98,2.15,218.74,26.87,43.84,615.74,,,
2014,AGO,12,19,11.85,9.42,7.06,0.22,32.01,4.9,143.44,22,70.01,616.46,,,
2014,AGO,12,20,10.95,8.64,6.18,0.13,26.14,4.32,169.8,18.22,85.27,617.85,,,
2014,AGO,12,21,11.56,7.54,6.23,0.21,21.12,2.67,165.77,17.35,86.74,618.92,,,
2014,AGO,12,22,11.16,6.59,5.96,0.2,12.48,2,127.94,17.11,88.6,619.54,,,
2014,AGO,12,23,11.57,6.12,6.41,0.15,15.65,1.57,135.31,17.2,87.91,619.63,,,
2014,AGO,13,0,11,5.69,6.25,0.14,7.92,1.94,308.92,17.17,88.09,619.46,,,
2014,AGO,13,1,14.8,5,5.19,0.11,6.42,1.67,88.22,17.44,84.88,619.53,,,
2014,AGO,13,2,10.18,6.11,7.28,0.1,14.54,1.86,103.47,17.43,84.35,619.31,,,
2014,AGO,13,3,8.38,7.04,8.58,0.08,41.66,1.66,85.17,17.26,85.05,618.72,,,
2014,AGO,13,4,7.92,11.61,7.02,0.11,33.31,1.46,116.78,17.33,86.22,618.55,,,
2014,AGO,13,5,4.3,5.35,8.75,0.11,18.49,1.52,133.78,16.73,88.75,618.39,,,
2014,AGO,13,6,4.13,5,7.68,0.15,37.97,1.19,301.01,16.26,88.85,618.36,,,
2014,AGO,13,7,4.2,5.4,8.18,0.31,32.95,1.75,93.39,16.59,88.07,618.9,,,
2014,AGO,13,8,7.55,41.91,7.75,0.45,31.76,2.59,64,18.1,78.91,619.24,,,
2014,AGO,13,9,10.43,26.67,5.76,0.61,55.75,3.84,62.75,19.43,72.44,619.31,,,
2014,AGO,13,10,15.27,40.65,4.57,0.67,42.96,5.12,74.66,20.31,67.57,619.31,,,
2014,AGO,13,11,18.78,30.4,4.31,0.47,38.37,5.04,74.53,21.65,61.4,619.31,,,
2014,AGO,13,12,20.6,27.87,4.89,0.28,37.41,4.47,84.17,23.14,56.78,619.08,,,
2014,AGO,13,13,22.91,20.18,4.71,0.21,39.76,4.79,81.7,24.12,51.96,618.53,,,
2014,AGO,13,14,24.44,21.14,4.52,0.17,43.92,5.16,82.2,25.31,46.94,618.1,,,
2014,AGO,13,15,24.46,25.91,4.24,0.18,42.22,4.88,68.1,26.48,42.29,617.24,,,
2014,AGO,13,16,22.87,22.14,3.97,0.12,36.91,5.33,73.57,27.03,39.4,616.47,,,
2014,AGO,13,17,19.84,27.86,5.09,0.17,28.74,4.72,61.14,27.5,37.28,615.96,,,
2014,AGO,13,18,17.51,27.32,5.64,0.14,27.63,4.47,83.75,27.72,34.28,615.97,,,
2014,AGO,13,19,13.93,24.01,7.66,0.08,31.47,4.3,105.65,26.95,38.13,616.31,,,
2014,AGO,13,20,16.42,14.42,4.64,0.07,45.43,5.57,148.55,21.52,60.56,617.18,,,
2014,AGO,13,21,15.85,11.67,5.85,0.08,39.11,1.7,116.12,20.62,63.87,618.33,,,
2014,AGO,13,22,13.5,13.18,7.18,0.07,25.8,1.69,301.06,19.42,73.03,619.11,,,
2014,AGO,13,23,11.53,11.85,8.56,0.09,25.79,1.36,140.43,19.68,71.01,619.52,,,
2014,AGO,14,0,13.58,10.13,6.73,0.11,30.83,1.67,130.81,19.27,70.31,619.49,,,
2014,AGO,14,1,11.63,9.66,6.92,0.08,21.22,1.72,95.74,18.43,73.31,619.33,,,
2014,AGO,14,2,5.07,14.14,10.8,0.06,27.89,1.36,109.29,18.08,74.7,619.18,,,
2014,AGO,14,3,5.37,11.47,8.4,0.05,30.56,1.57,353.22,17.67,76.65,618.73,,,
2014,AGO,14,4,3.97,8.14,8.03,0.04,19.55,1,272.06,16.99,79.74,618.37,,,
2014,AGO,14,5,5.51,8.92,5.78,0.02,15.53,2.04,110.12,16.96,80.15,618.27,,,
2014,AGO,14,6,4.17,9.07,5.98,0.02,20.72,3.06,110.43,16.71,81.31,618.55,,,
2014,AGO,14,7,4.77,12.4,7.09,0.07,38.64,3.04,97.46,16.85,80.38,619.02,,,
2014,AGO,14,8,6.97,16.29,6.26,0.13,47.96,2.61,59.76,17.7,76.62,619.23,,,
2014,AGO,14,9,8.08,8.75,6.74,0.22,36.93,1.76,74.55,19.44,70.26,619.3,,,
2014,AGO,14,10,14.62,21.32,4.67,0.19,34.6,3.79,78.58,20.65,62.85,619.23,,,
2014,AGO,14,11,17.49,25.84,3.97,0.07,43.82,3.72,83.13,21.94,59.37,619.24,,,
2014,AGO,14,12,19.69,21.3,3.97,0.06,36.24,2.94,86.75,23.36,53.5,618.95,,,
2014,AGO,14,13,19.72,13.57,4.32,0.06,37.68,3.25,111.69,24.12,50.87,618.45,,,
2014,AGO,14,14,22.2,11.16,4.6,0.09,35.18,2.38,127.46,25.52,45.14,617.91,,,
2014,AGO,14,15,24.59,5,4.63,0.11,30.73,2.44,149.9,26.29,42.62,617.14,,,
2014,AGO,14,16,23.03,5.41,3.97,0.12,26.7,3.15,128.82,26.17,41.83,616.68,,,
2014,AGO,14,17,18.99,6.36,5.39,0.08,33.5,4.33,119.91,23.53,54.62,616.8,,,
2014,AGO,14,18,17.29,7.01,4.45,0.03,40.75,3.89,122.75,22.5,56.99,617.14,,,
2014,AGO,14,19,14.49,12.72,5.88,0.02,36.3,2.74,76.85,21.69,62.28,617.4,,,
2014,AGO,14,20,14.3,6.8,6.21,0.06,34.28,2.18,62.13,21.2,63.88,617.84,,,
2014,AGO,14,21,6.87,7.22,9.63,0.15,26.34,1.41,288.94,20.74,67.25,618.39,,,
2014,AGO,14,22,9.11,6.81,7.85,0.21,31.65,1.39,159.32,20.07,69.58,619.03,,,
2014,AGO,14,23,5.58,6.57,9.4,0.22,32.76,1.7,287.48,19.43,72.99,619.26,,,
2014,AGO,15,0,6.02,5.41,7.82,0.21,30.58,1.61,283.56,17.91,81.34,619.25,,,
2014,AGO,15,1,4.26,5.47,8.18,0.18,25.27,1.33,241.36,17.56,81.75,619.19,,,
2014,AGO,15,2,3.98,6.06,8.44,0.13,31.41,1.38,264.93,17.09,81.15,618.88,,,
2014,AGO,15,3,4.43,5.52,7.36,0.09,28.3,1.3,245.87,16.39,84.99,618.56,,,
2014,AGO,15,4,5.29,5.08,6.73,0.04,19.1,1.5,150.36,16.29,85.04,618.54,,,
2014,AGO,15,5,5.15,5,6.81,0.02,23.38,1.6,124.83,16.43,82.84,618.55,,,
2014,AGO,15,6,3.97,5.09,7.12,0.02,37.36,1.27,32.7,16.04,82.83,618.63,,,
2014,AGO,15,7,3.97,5.18,6.67,0.14,38.65,1,288.71,15.25,87,619.04,,,
2014,AGO,15,8,3.97,5.87,7.74,0.36,54.34,1,167.9,16.86,81.69,619.44,,,
2014,AGO,15,9,9.09,9.01,7.9,0.47,72.6,1.6,115.29,18.83,74.33,619.53,,,
2014,AGO,15,10,10.42,14.31,6.7,0.51,60.3,2.41,91.09,20.66,68.39,619.36,,,
2014,AGO,15,11,15.73,15.71,4.41,0.44,38.33,4.01,90.47,21.87,62.38,619.04,,,
2014,AGO,15,12,18.32,15.47,3.97,0.29,43.34,3.62,71.11,23.19,57.39,618.87,,,
2014,AGO,15,13,22.13,14.3,4.03,0.22,33.12,3.15,79.67,24.66,50.96,618.37,,,
2014,AGO,15,14,21.64,8.8,4.95,0.21,34.7,2.21,85.2,25.5,48.57,617.76,,,
2014,AGO,15,15,20.89,5.92,5.43,0.25,35.17,2.26,59.1,26.17,46.22,617,,,
2014,AGO,15,16,22.77,7.84,5.23,0.23,29.93,2.05,81.32,27.1,42.85,616.3,,,
2014,AGO,15,17,21.73,7.08,5.37,0.21,30.83,2.37,61.17,27.92,39.86,615.88,,,
2014,AGO,15,18,20.76,6.75,5.48,0.15,27.44,3.12,66.44,27.69,40.45,615.59,,,
2014,AGO,15,19,16.75,7.13,6.97,0.13,20.92,3.1,68.14,26.65,40.45,615.7,,,
2014,AGO,15,20,11.64,7.94,8.62,0.21,25.41,2.55,294.49,23.75,50.08,616.29,,,
2014,AGO,15,21,8.87,8.76,9.56,0.35,33.39,2.05,300.25,22.75,54.7,616.9,,,
2014,AGO,15,22,9.09,8.78,8.94,0.35,28.45,2.26,224.07,22.91,54.35,617.44,,,
2014,AGO,15,23,8.13,8.74,9.38,0.28,30.79,2.18,212.69,21.47,63.6,617.96,,,
2014,AGO,16,0,12.13,8.34,8.67,0.23,42.43,1.96,274.33,20.31,67.35,618.35,,,
2014,AGO,16,1,7.8,8.19,9.09,0.19,33.53,1.45,278.2,19.55,72.51,618.39,,,
2014,AGO,16,2,5.26,7.37,9.81,0.15,33.49,1.13,77.63,19.64,73.21,618.19,,,
2014,AGO,16,3,6.2,8.4,7.51,0.13,36.52,1.37,80.19,19.71,73.82,618.41,,,
2014,AGO,16,4,6.11,6.14,7.44,0.15,32.34,1.52,330.23,18.87,75.68,618.3,,,
2014,AGO,16,5,6.13,5.98,6.45,0.12,22.01,1.14,259.81,18.33,76.76,618.1,,,
2014,AGO,16,6,3.97,5.48,7,0.14,27.59,1.65,142.24,17.27,81.55,618.3,,,
2014,AGO,16,7,3.97,5.87,6.15,0.19,38.02,2.3,114.15,17.15,80.74,618.76,,,
2014,AGO,16,8,6.54,15.21,6.52,0.28,55.59,2.71,93,18.5,76.23,619.12,,,
2014,AGO,16,9,12.54,24.57,5.77,0.28,66.35,2.95,90.61,20.51,69.04,619.2,,,
2014,AGO,16,10,14.54,18.02,3.97,0.26,69.87,3.75,102.93,21.4,66.18,619.24,,,
2014,AGO,16,11,16.72,12.83,4.02,0.2,50.19,2.97,111.1,22.4,62.35,619.06,,,
2014,AGO,16,12,20.75,7.35,5.4,0.2,47.69,2.21,135.25,23.89,56.69,619.01,,,
2014,AGO,16,13,24.34,5.25,4.12,0.2,58.14,2.4,124.56,25.37,48.81,618.56,,,
2014,AGO,16,14,26.71,6.76,5.44,0.17,48.89,2.33,261.78,26.07,47.23,618,,,
2014,AGO,16,15,27.81,6.78,5.68,0.18,44.62,1.9,278.45,27.05,43.48,617.27,,,
2014,AGO,16,16,30.67,7.68,6.25,0.17,43.95,2.09,96.9,27.72,41.44,616.66,,,
2014,AGO,16,17,31.12,11.02,6.9,0.24,41.96,1.94,133.23,28.01,40.69,616.1,,,
2014,AGO,16,18,25.95,10.29,6.98,0.16,37.06,2.51,128.94,27.4,41.66,615.99,,,
2014,AGO,16,19,17.26,8.37,4,0.03,40.41,5.21,147.56,24.13,51.74,616.24,,,
2014,AGO,16,20,15.39,8.25,5.63,0.05,54.7,2.91,104.69,22.67,54.51,616.78,,,
2014,AGO,16,21,10.94,16.06,9.34,0.14,38.23,3.54,94.63,21.94,59.62,617.74,,,
2014,AGO,16,22,16.25,42.53,6.09,0.07,55.43,5.56,84.23,18.92,74.65,618.99,,,
2014,AGO,16,23,17.93,28.69,5.81,0.02,57.69,2.96,73.38,17.25,81.53,619.55,,,
2014,AGO,17,0,13.15,14.8,7.67,0.02,36.91,1.67,158.13,16.86,84.99,619.09,,,
2014,AGO,17,1,8.34,16.22,9.33,0.05,22.56,2.14,85.47,16.8,85.46,619.11,,,
2014,AGO,17,2,9.36,9.89,6.33,0.09,40.6,1.18,334.42,16.51,86.24,618.85,,,
2014,AGO,17,3,8.6,7.97,6.84,0.11,19.85,1.59,139.95,17.13,83.19,618.65,,,
2014,AGO,17,4,7.49,8.51,7.22,0.07,21.27,1.96,111.65,16.88,83.02,618.53,,,
2014,AGO,17,5,5.44,6.64,7.38,0.06,29.25,2.4,123.49,16.5,85.87,618.43,,,
2014,AGO,17,6,4.79,7.15,7.75,0.08,41.82,1.68,74.34,16.81,84.43,618.45,,,
2014,AGO,17,7,4.61,8.06,7.22,0.16,39.74,1.15,278.08,16.51,85.52,618.74,,,
2014,AGO,17,8,4.76,5,6.81,0.28,42.28,1.11,282.95,16.81,85.54,619.17,,,
2014,AGO,17,9,10.04,7.2,9.1,0.34,42.46,1.34,322.46,19.27,76.44,619.16,,,
2014,AGO,17,10,14.55,12.36,8.06,1.69,52.89,1.36,266.72,20.41,72.91,619.18,,,
2014,AGO,17,11,16.24,12.75,6.26,1.42,46.29,2.45,107.13,21.62,66.73,619.05,,,
2014,AGO,17,12,16.95,13.45,4.45,0.79,42.33,2.25,96.37,23.16,60.58,618.81,,,
2014,AGO,17,13,16.69,9.78,5.32,0.59,37.81,1.64,316.96,23.86,56.19,618.7,,,
2014,AGO,17,14,18.91,14.07,6.75,0.49,37.74,1.94,251.62,24.85,50.6,618.03,,,
2014,AGO,17,15,22.67,10.34,5.21,0.39,38.44,2.2,164.64,26.9,39.33,617.19,,,
2014,AGO,17,16,21.35,12.28,4.98,0.28,24.18,3.06,101.9,28.05,32.55,616.57,,,
2014,AGO,17,17,21.93,9.22,3.97,0.15,21.57,2.93,110.6,27.98,33.5,615.85,,,
2014,AGO,17,18,21.6,8.68,3.97,0.06,23.46,3.09,137.54,27.19,40.74,615.69,,,
2014,AGO,17,19,18.02,6.06,5.46,0.13,33.44,2.92,174.68,24.74,50.64,616.19,,,
2014,AGO,17,20,14.14,6.99,5.3,0.21,38.38,2.49,162.18,22.86,53.56,616.63,,,
2014,AGO,17,21,11.77,6.84,5.57,0.2,45.47,2.45,277.35,20.55,60.68,617.03,,,
2014,AGO,17,22,11.4,6.35,5.59,0.15,36.82,1.71,289.3,19.54,61.53,617.68,,,
2014,AGO,17,23,8.39,6.55,7.44,0.13,31.25,1.78,245.26,19.27,63.92,618.32,,,
2014,AGO,18,0,11.84,5.43,4.44,0.12,30.34,1.42,209.26,18.99,64.91,618.73,,,
2014,AGO,18,1,11.77,5,4.27,0.11,23.39,1.5,246.55,18.73,66.61,618.62,,,
2014,AGO,18,2,3.97,5.63,7.17,0.09,22.82,1.32,278.08,18.06,71.87,618.34,,,
2014,AGO,18,3,5.14,5.16,7.61,0.06,26.28,1.12,204.66,17.8,71.89,618.16,,,
2014,AGO,18,4,3.97,5,7.32,0.05,23.65,1.47,104.58,17.61,74.37,618.06,,,
2014,AGO,18,5,3.97,8,8.39,0.04,28.63,1.59,83.61,17.79,74.42,618.04,,,
2014,AGO,18,6,3.97,6.36,7.03,0.1,62.04,1.46,23.82,17.19,80.98,618.23,,,
2014,AGO,18,7,5.5,5.09,8.15,0.23,37.91,1.71,299.83,17.14,79.25,618.23,,,
2014,AGO,18,8,4.47,5,7.93,0.41,36.66,1.93,260.23,17.56,78.26,618.21,,,
2014,AGO,18,9,7.57,5.06,6.73,0.56,82.12,2.5,212.99,18.97,73.63,618.08,,,
2014,AGO,18,10,11.66,6.34,6.14,0.57,60.52,1.99,251.14,20.79,65.67,618.54,,,
2014,AGO,18,11,17.73,5.18,4.42,0.48,50.06,1.97,175.67,22.36,59.14,618.68,,,
2014,AGO,18,12,22.4,7.86,5.03,0.39,48.02,2.14,91.11,23.33,57.85,618.56,,,
2014,AGO,18,13,24.44,11.23,6,0.42,59.48,2.16,72.41,23.89,56.8,617.79,,,
2014,AGO,18,14,29.2,10.1,5.64,0.41,76.29,2.01,136.4,24.81,52.03,617.04,,,
2014,AGO,18,15,28.07,12.48,8.46,0.4,64.77,2.1,328.85,24.81,52.33,616.45,,,
2014,AGO,18,16,29.65,12.37,10.35,0.47,70.49,2.26,299.11,24.59,52.87,615.97,,,
2014,AGO,18,17,32.24,13.21,9.33,0.45,78.97,2.59,301.38,24.42,53.97,615.65,,,
2014,AGO,18,18,26.35,10.14,9.53,0.36,75.39,2.47,305.13,24.07,55.42,615.53,,,
2014,AGO,18,19,17.06,9.02,9.41,0.3,67.08,2.96,293.1,22.36,61.04,615.79,,,
2014,AGO,18,20,12,8.27,10.48,0.33,62.28,1.87,292.25,20.77,66.92,616.25,,,
2014,AGO,18,21,10.98,7.94,11.48,0.36,47.09,1.87,214.34,20.7,66.22,617.16,,,
2014,AGO,18,22,10.24,12.77,11.04,0.39,56.56,2.73,96.46,20.5,65.94,617.95,,,
2014,AGO,18,23,17.06,22.2,6.15,0.24,53.36,4.78,91.13,17.8,78.98,618.58,,,
2014,AGO,19,0,17.58,24.61,6.03,0.11,45.89,2.66,82.14,16.98,81.95,618.69,,,
2014,AGO,19,1,17.93,11.21,4.88,0.07,39.64,1.14,80.13,17.07,79.64,618.48,,,
2014,AGO,19,2,16.9,10.61,5.32,0.06,28.96,1.4,112.17,17.34,78.3,618.09,,,
2014,AGO,19,3,17.59,11.25,4.99,0.05,22.92,2.51,102.72,17.18,79.33,617.6,,,
2014,AGO,19,4,12.4,11.13,5.14,0.02,27.51,1.7,106.91,17.01,82.75,617.27,,,
2014,AGO,19,5,5.93,7.9,8.23,0.02,24.46,1.45,279.27,16.48,84.34,617.35,,,
2014,AGO,19,6,4.51,7.12,9.32,0.02,24.71,1.67,269.19,16.12,84.51,617.69,,,
2014,AGO,19,7,3.97,7.38,10.36,0.18,35.85,1.03,239.19,16.35,83.86,618.02,,,
2014,AGO,19,8,5.27,7.8,11.39,0.5,52.12,1.52,222.43,16.88,82.45,618.26,,,
2014,AGO,19,9,9.11,7.72,8.94,0.63,65.87,1.43,209.1,18.24,76.65,618.61,,,
2014,AGO,19,10,14.8,8.02,7.2,0.58,51.52,1.71,288.51,20.49,67.86,618.67,,,
2014,AGO,19,11,17.43,6.06,6.37,0.38,39.33,2.15,259.91,21.3,64.04,618.45,,,
2014,AGO,19,12,19.61,5.25,5.97,0.25,34.5,2.09,270.8,22.21,60.86,618.26,,,
2014,AGO,19,13,23.11,5,3.97,0.13,36.91,1.76,142.44,24.18,53.53,617.74,,,
2014,AGO,19,14,26.05,5,3.97,0.19,35.96,2.06,279.14,24.7,51.45,616.96,,,
2014,AGO,19,15,24.88,5.07,3.97,0.16,35.27,2.59,302.14,24.34,53.25,616.18,,,
2014,AGO,19,16,27.23,5,3.97,0.11,37.12,2.36,296.26,24.89,51.81,615.42,,,
2014,AGO,19,17,24.22,5,4.77,0.12,34.23,2.19,292.29,24.6,49.57,615.01,,,
2014,AGO,19,18,19.95,5,5.2,0.11,31.19,3.48,166.54,25.16,48.44,615.04,,,
2014,AGO,19,19,15.01,5.8,3.97,0.11,44.92,3.93,173.15,22.79,57.1,615.38,,,
2014,AGO,19,20,9.78,6.06,6.82,0.18,39.34,2.1,169.36,21.26,63.74,615.95,,,
2014,AGO,19,21,10.72,6.16,6.42,0.23,44.28,1.9,203.15,20.32,64.71,616.72,,,
2014,AGO,19,22,9.71,5.78,6.29,0.22,34.98,1.47,288.6,20,66.57,617.31,,,
2014,AGO,19,23,10.44,5.54,4.82,0.18,22.61,1.48,275.64,19.46,70.08,617.68,,,
2014,AGO,20,0,5.87,5.81,7.35,0.15,23.52,1.33,141.51,19.76,70.71,617.78,,,
2014,AGO,20,1,8.09,5.4,7.77,0.17,31.8,1.47,334.75,19.23,72.93,617.86,,,
2014,AGO,20,2,6.76,5.86,7.32,0.16,17.59,1.39,107.28,18.88,77.09,617.65,,,
2014,AGO,20,3,8.05,6.03,5.25,0.12,18.6,1.63,122.2,18.23,82.66,617.13,,,
2014,AGO,20,4,9.09,5.62,4.33,0.11,22.23,1.03,150.66,17.81,85.06,616.94,,,
2014,AGO,20,5,6.84,5.01,5.49,0.1,16.99,1.04,319.11,17.52,85.42,616.97,,,
2014,AGO,20,6,4.05,5,7.08,0.16,18.28,1.36,264.31,17.14,85.35,617.12,,,
2014,AGO,20,7,3.97,5,6.95,0.37,42.62,1.13,308.88,17.07,83.28,617.5,,,
2014,AGO,20,8,3.97,5.92,7.17,0.63,60.68,1.2,152.75,17.45,84.39,618.03,,,
2014,AGO,20,9,3.99,6.16,9.44,0.83,91.47,1.09,240.57,18.13,80.42,618.5,,,
2014,AGO,20,10,4.88,7.28,8.29,0.96,78.59,1.27,289.23,18.82,78.01,618.83,,,
2014,AGO,20,11,11.68,17.07,7.92,0.9,56.4,1.36,130.62,20.89,70.4,618.64,,,
2014,AGO,20,12,16.93,17.28,6.38,0.78,71.73,1.76,104.09,23.27,59.65,618.34,,,
2014,AGO,20,13,19.32,14.1,9.6,0.69,58.5,2.39,144.85,24.64,53.09,617.72,,,
2014,AGO,20,14,24.98,7.49,8.09,0.59,65.01,2.44,150.17,25.5,49.7,617.03,,,
2014,AGO,20,15,22.54,10.89,8.84,0.47,63.64,2.38,134.67,26.2,46.72,616.17,,,
2014,AGO,20,16,19.75,10.72,9.21,0.38,49.29,2.02,126.13,25.94,46.93,615.64,,,
2014,AGO,20,17,20.84,8.44,9.35,0.34,41.48,2.44,141.42,26.97,43.6,615.24,,,
2014,AGO,20,18,20.19,7.66,7.47,0.26,39.97,3.01,80.87,24.78,50.66,615.55,,,
2014,AGO,20,19,17.35,24.4,9.16,0.19,31.45,4.28,80.26,22.68,56.55,616.07,,,
2014,AGO,20,20,13.26,13.67,9.44,0.19,94.67,3.24,258.35,19.67,73.14,617.12,,,
2014,AGO,20,21,11.85,9.82,8.5,0.19,48.03,2.3,292.78,17.64,85.68,617.85,,,
2014,AGO,20,22,12.12,9.3,7.36,0.15,25.5,2.9,130.02,17.32,86.23,619.09,,,
2014,AGO,20,23,18.17,8.9,5.11,0.06,30.37,2.65,159.7,16.15,87.24,619.85,,,
2014,AGO,21,0,20.35,7.22,6.42,0.07,18.75,1.63,290.21,16.01,85.3,619.67,,,
2014,AGO,21,1,18.2,6.52,6.39,0.05,14.38,2.32,301.06,15.67,87.81,619.14,,,
2014,AGO,21,2,17.05,6.66,5.91,0.03,17.16,1.53,50.5,16.02,86.44,618.55,,,
2014,AGO,21,3,12.57,8.19,6.95,0.04,28.05,2.63,118.67,16.18,86.13,618.26,,,
2014,AGO,21,4,10.79,5.72,7.2,0.02,27.54,2.62,114.09,15.91,87.5,617.85,,,
2014,AGO,21,5,11.94,5.88,7.06,0.02,32.94,2.25,109.48,15.83,85.62,617.86,,,
2014,AGO,21,6,4.88,5,11.08,0.03,29.55,2.03,124.32,15.47,87.39,618.24,,,
2014,AGO,21,7,3.97,5,10.33,0.26,37.09,2.05,114.75,15.4,86.9,618.31,,,
2014,AGO,21,8,6.52,7.24,8.74,0.49,39.4,3,93.33,16.49,81.86,618.84,,,
2014,AGO,21,9,10.81,18.22,7.4,0.47,42.73,2.33,75.25,18.23,77.11,619.09,,,
2014,AGO,21,10,13.25,13.69,5.81,0.48,47.86,3.59,66.74,20.17,68.55,619.13,,,
2014,AGO,21,11,13.92,12.8,3.97,0.61,36.45,4.32,63.99,20.96,62.25,619.12,,,
2014,AGO,21,12,15.07,13.16,4.82,0.59,40.57,4.39,69.43,22.32,56,618.79,,,
2014,AGO,21,13,15.11,12.03,5.84,0.5,45.5,3.34,74.69,23.58,53.39,618.42,,,
2014,AGO,21,14,14.45,10.43,6.35,0.43,51.09,3.24,93.77,24.78,49.12,618.01,,,
2014,AGO,21,15,16.99,12.27,5.7,0.32,48.78,3.7,79.52,25.79,45.37,617.26,,,
2014,AGO,21,16,20.12,13.29,5.62,0.29,39.76,4.28,64.31,26.07,43.53,616.45,,,
2014,AGO,21,17,20.79,21.13,6.69,0.32,41.94,4.41,78.56,26.62,40.05,615.98,,,
2014,AGO,21,18,17.35,17.99,8.4,0.22,52.13,3.22,79.23,26.38,41.58,616.01,,,
2014,AGO,21,19,9.85,9.43,8.05,0.17,50.59,3.41,48.07,24.92,48.93,616.17,,,
2014,AGO,21,20,7.55,18.32,8.99,0.15,41.88,3.55,62.08,23.94,52.59,616.66,,,
2014,AGO,21,21,7.29,36.32,8.48,0.23,41.83,4.64,74.76,23.29,55.62,617.38,,,
2014,AGO,21,22,6.7,25.87,7.99,0.15,49.67,4.24,78.82,22.03,58.77,618.03,,,
2014,AGO,21,23,5.68,23.21,7.13,0.1,49.77,3.47,65.66,21.01,63.01,618.42,,,
2014,AGO,22,0,5.48,60.36,7.56,0.13,42,4.03,71.3,20.13,66.84,618.67,,,
2014,AGO,22,1,7.4,85.98,5.76,0.09,38.52,4.99,71.96,19.66,67.68,618.63,,,
2014,AGO,22,2,7.34,52.19,5.78,0.02,41.48,4.76,73.63,19.2,69.45,618.45,,,
2014,AGO,22,3,5.67,53.96,6.93,0.05,39.97,3.82,54.62,18.87,70.31,618.03,,,
2014,AGO,22,4,6.68,19.87,6.11,0.1,51.5,4.39,49.57,18.37,66.4,617.83,,,
2014,AGO,22,5,4.25,27.99,7.96,0.16,49.51,3.26,50.5,18.09,64.35,618.03,,,
2014,AGO,22,6,3.97,29.65,8.16,0.28,47.04,3.38,54.17,18.03,62.72,618.28,,,
2014,AGO,22,7,3.97,8.67,6.23,0.36,60.05,4.71,50.06,17.65,62.66,618.39,,,
2014,AGO,22,8,4.49,8.48,5.51,0.35,45.35,3.99,52.83,18.03,59.17,618.94,,,
2014,AGO,22,9,6.87,25.32,5.06,0.48,47.33,4.67,67.72,18.87,56.06,618.96,,,
2014,AGO,22,10,8.38,19.49,3.97,0.52,48.7,5.1,68.34,19.86,53.78,618.75,,,
2014,AGO,22,11,9.65,18.23,3.97,0.54,51.4,4.38,69.4,21.13,53.06,618.83,,,
2014,AGO,22,12,11.93,16.29,3.97,0.49,59.29,3.35,79.08,22.84,49.04,618.4,,,
2014,AGO,22,13,14.45,13.02,4.27,0.42,53.39,3.46,87.09,23.94,47.56,618.02,,,
2014,AGO,22,14,16.52,7.98,4.14,0.36,46.61,3.27,78.73,24.92,45.16,617.53,,,
2014,AGO,22,15,16.8,5.19,4.46,0.35,44.76,3.25,74.64,25.83,41.8,616.82,,,
2014,AGO,22,16,16.81,6.17,4.84,0.32,34.3,3.24,66.45,26.81,37.8,615.89,,,
2014,AGO,22,17,16.25,6.83,5.21,0.24,40.23,2.89,72.63,27.12,36.5,615.53,,,
2014,AGO,22,18,15.62,6.86,5.72,0.18,42.65,2.92,64.09,26.67,36.16,615.28,,,
2014,AGO,22,19,11.37,5,7.19,0.17,41.51,3.33,60.37,26.49,38.47,615.36,,,
2014,AGO,22,20,7.87,5.21,4.73,0.16,46.74,4.09,60.52,23.17,56.08,616.18,,,
2014,AGO,22,21,7.1,5,3.99,0.13,37.96,3.7,51.39,22.91,57.2,616.81,,,
2014,AGO,22,22,5.07,34.3,6.63,0.06,31.5,3.67,79.24,22.2,60.24,617.34,,,
2014,AGO,22,23,6.22,14.69,4.69,0.08,39.25,3.96,49.89,21.16,64.4,617.86,,,
2014,AGO,23,0,5.08,30.36,5.53,0.09,32.74,3.8,73.89,20.72,66.21,618.02,,,
2014,AGO,23,1,5.83,35.09,5.23,0.24,37.57,4.19,62.91,20.43,65.59,617.68,,,
2014,AGO,23,2,6.03,47.99,5.07,0.56,33.42,4.18,66.47,20.01,67.02,617.46,,,
2014,AGO,23,3,7.01,60.14,3.97,0.44,28.48,4.24,71.64,19.48,69.11,617.32,,,
2014,AGO,23,4,4.52,33.75,5.23,0.44,26.62,3.21,55.82,19.08,69.74,617.23,,,
2014,AGO,23,5,5.02,16.44,5.24,0.36,23.65,2.73,51.76,18.96,69.23,617.27,,,
2014,AGO,23,6,4.93,25.33,5.93,0.45,25.42,3.44,57.96,19.01,68.73,617.3,,,
2014,AGO,23,7,3.97,22.22,6.02,0.72,32.61,3.12,59.3,18.42,71.03,617.57,,,
2014,AGO,23,8,6.85,41.85,6.44,0.65,36.13,3.23,67.56,18.79,70.57,617.79,,,
2014,AGO,23,9,11.58,27.9,3.97,0.54,38.33,3.95,71.21,19.86,66.06,617.83,,,
2014,AGO,23,10,12,22.71,4.08,0.39,33.82,3.15,94.48,21.24,61.99,617.74,,,
2014,AGO,23,11,13.55,20.32,3.97,0.29,48.29,3.35,110.25,22.45,57.4,617.79,,,
2014,AGO,23,12,16.45,18.07,3.97,0.21,49,2.76,119.42,23.99,51.81,617.66,,,
2014,AGO,23,13,20.57,15.26,4.32,0.16,54.5,2.79,94.95,25.22,47.46,617.14,,,
2014,AGO,23,14,21.29,17.76,4.46,0.13,51.53,2.58,115.36,26.7,43.36,616.48,,,
2014,AGO,23,15,22.81,14.05,4.79,0.1,54.59,2.52,166.06,26.99,41.92,615.83,,,
2014,AGO,23,16,22.38,9.66,4.05,0.08,46.04,2.81,123.94,27.12,41.28,615.03,,,
2014,AGO,23,17,22.13,9.69,4.52,0.04,32.48,2.72,84.46,27.55,38.41,614.41,,,
2014,AGO,23,18,21.02,11.77,5.32,0.02,25.06,3.08,136.97,26.26,45.61,614.3,,,
2014,AGO,23,19,18.46,12.5,6.47,0.02,51.21,3.77,193.78,23.32,55.23,614.64,,,
2014,AGO,23,20,15.1,12.64,7.07,0.03,51.7,2.47,160.8,21.84,60.6,615.66,,,
2014,AGO,23,21,12.76,16.31,6.28,0.02,39.23,2.81,124.31,18.64,75.78,616.85,,,
2014,AGO,23,22,9.78,13.35,7.4,0.11,21.24,1.36,81.52,18.17,81.55,617.27,,,
2014,AGO,23,23,12.4,14.32,7.11,0.22,27,2.01,158.74,17.96,80.44,618,,,
2014,AGO,24,0,11.46,12.5,6.57,0.32,23.2,1.85,221.5,16.82,85.08,618.26,,,
2014,AGO,24,1,11.09,11.29,5.08,0.34,21.87,1.76,227.34,16.78,86.7,618.23,,,
2014,AGO,24,2,9.79,9.47,4.59,0.28,26.75,1.92,291.03,16.33,88.61,617.8,,,
2014,AGO,24,3,11.06,8.57,3.99,0.22,23.09,1.6,298.61,16.32,87.67,617.21,,,
2014,AGO,24,4,10.03,7.79,4.85,0.19,22.66,1.03,283.56,16.37,87.05,616.87,,,
2014,AGO,24,5,7.03,7.02,4.8,0.2,24.49,1.06,308.27,16.14,87.95,616.66,,,
2014,AGO,24,6,3.97,6.64,5.81,0.2,34.81,1.87,140.08,15.5,89.34,616.66,,,
2014,AGO,24,7,4.61,6.66,5.41,0.22,37.19,1.4,211.45,14.78,91.04,616.96,,,
2014,AGO,24,8,5.9,6.47,5.21,0.48,37.85,1.33,235.7,14.94,91.91,617.36,,,
2014,AGO,24,9,8.94,5.73,4.44,0.45,55.24,1.28,212.09,15.67,91.81,617.73,,,
2014,AGO,24,10,10.92,5,5.06,0.46,57.7,1.34,277.36,17.32,85.03,617.76,,,
2014,AGO,24,11,16.93,9.47,5.71,0.5,56.85,1.51,287.48,19.14,76.19,617.49,,,
2014,AGO,24,12,18.23,14.85,5.42,0.47,75.76,1.73,102.47,21.99,63.39,617.21,,,
2014,AGO,24,13,23.41,7.53,5.72,0.45,61.86,2.29,174.99,23.42,56.5,616.66,,,
2014,AGO,24,14,26.59,5.83,6.26,0.48,56.17,2.34,242.08,24.03,53.75,616,,,
2014,AGO,24,15,28.96,12.7,6.53,0.51,51.67,2.02,200,26,46.01,615.24,,,
2014,AGO,24,16,25.71,6.44,5.2,0.47,43.2,2.73,331.82,26.64,45.17,614.38,,,
2014,AGO,24,17,25.2,5,4.81,0.34,27.43,2.44,288.36,27.17,45.65,613.73,,,
2014,AGO,24,18,23.58,5,4.54,0.23,24.19,2.38,337.36,27.28,45.78,613.49,,,
2014,AGO,24,19,16.19,5,5.74,0.14,28.96,2.29,63.53,25.4,47.86,614.16,,,
2014,AGO,24,20,18.6,5.95,4.33,0.11,22.52,4.83,137.32,21.2,59.16,615.12,,,
2014,AGO,24,21,18.41,5.76,6.08,0.06,33.81,2.33,205.02,19.87,62.27,616.04,,,
2014,AGO,24,22,16,5.63,5.89,0.09,31.06,1.69,238.12,18.96,71.73,616.96,,,
2014,AGO,24,23,12.82,5.17,6.84,0.11,26.79,2.03,282.44,17.84,79.39,617.47,,,
2014,AGO,25,0,11.22,5,7.68,0.09,27.83,1.9,290.08,17.54,81.71,617.79,,,
2014,AGO,25,1,7.91,5,7.3,0.06,29.66,1.65,294.59,17.14,84.36,617.69,,,
2014,AGO,25,2,8.78,6.99,6.34,0.04,28.5,1.41,275.26,16.97,84.09,617.46,,,
2014,AGO,25,3,6.2,6.36,7.2,0.02,20.57,1.45,272.35,16.88,85.34,617.09,,,
2014,AGO,25,4,7.71,5.72,5.91,0.02,23.89,1.54,274.91,16.31,87.13,616.94,,,
2014,AGO,25,5,5.16,5.37,6.2,0.02,25.98,1.04,258.97,15.94,87.61,616.94,,,
2014,AGO,25,6,5.61,5,6.49,0.07,27.3,1.24,267.66,16,86.82,616.9,,,
2014,AGO,25,7,4.06,5,8.7,0.31,51.5,1.73,236.28,15.63,87.52,617.14,,,
2014,AGO,25,8,4.31,5,9.23,0.53,58.9,1.5,302.27,15.57,87.34,617.5,,,
2014,AGO,25,9,6.01,5,10.05,0.63,46.08,1.32,195.23,17.24,82.55,617.7,,,
2014,AGO,25,10,12.64,12.64,8.24,0.67,88.52,1.74,98.31,19.76,70.49,617.59,,,
2014,AGO,25,11,13.21,19.99,6.2,0.45,76.54,3,110.82,21.62,61.44,617.36,,,
2014,AGO,25,12,16.22,24.2,3.97,0.16,55.07,2.39,106.23,23.32,55.35,616.99,,,
2014,AGO,25,13,20.96,10.4,3.97,0.16,47.37,2.44,131.32,24.76,50.72,616.57,,,
2014,AGO,25,14,28.2,9.28,7.01,0.24,48.28,2.28,124.69,26.01,47.16,615.98,,,
2014,AGO,25,15,33.44,9.16,8.07,0.25,55.76,2.13,266.47,26.71,43.65,615.47,,,
2014,AGO,25,16,34.99,6.64,6.99,0.22,54,2.8,292.53,27.15,43.4,614.83,,,
2014,AGO,25,17,35.97,5.48,6.02,0.12,48.75,3.14,292.77,27.25,43.6,614.37,,,
2014,AGO,25,18,33.85,7.3,7.9,0.12,51.22,3.04,283.9,27.43,43.7,613.93,,,
2014,AGO,25,19,26.41,7.23,9.27,0.11,53.77,2.57,275.63,27.01,44.39,614.2,,,
2014,AGO,25,20,13.83,7.94,12.58,0.17,48.24,2.65,271.03,25.38,49.79,614.68,,,
2014,AGO,25,21,10.6,8.56,12.29,0.22,49.29,2.03,299.01,24.32,53.11,615.48,,,
2014,AGO,25,22,7.21,8.79,13.31,0.24,54.23,1.79,275.77,23.37,57.21,616.02,,,
2014,AGO,25,23,10.45,8.85,9.73,0.26,46.2,1.62,227.81,22.61,55.62,616.6,,,
2014,AGO,26,0,8.89,16.3,8.61,0.23,36.65,2.46,92.88,21.55,54.86,616.99,,,
2014,AGO,26,1,4.99,12.56,9.55,0.18,34.91,2.7,99.48,20.35,63.31,617.32,,,
2014,AGO,26,2,6.86,20.08,7.94,0.13,43.17,2.17,69.6,20.03,59.98,617.54,,,
2014,AGO,26,3,6.1,7.99,7.3,0.14,33.04,2.13,68.04,18.3,65.61,617.33,,,
2014,AGO,26,4,8.74,7.73,6.01,0.12,19.36,1.87,51.47,17.78,67.3,617.2,,,
2014,AGO,26,5,7.93,14.34,6.54,0.11,23.95,1.86,102.62,17.31,70.26,617.27,,,
2014,AGO,26,6,3.97,9.95,7.76,0.13,32.16,1.3,57.66,16,74.67,617.45,,,
2014,AGO,26,7,3.97,7.18,8.41,0.43,49.48,1.24,156.74,15.58,75.81,617.94,,,
2014,AGO,26,8,3.97,7.61,8.43,0.7,78.73,1.64,153.26,16.57,69.73,618.38,,,
2014,AGO,26,9,7.38,7.45,9.88,0.84,69.73,1.6,215.94,18.95,62.63,618.62,,,
2014,AGO,26,10,11.44,11.57,9.54,0.87,69.93,2.31,34.43,20.37,60.28,618.65,,,
2014,AGO,26,11,17.94,13.65,5.63,0.73,56.05,2.82,79.8,22.71,50.64,618.37,,,
2014,AGO,26,12,19.84,10.58,3.97,0.46,33.14,3.15,72.54,23.98,43.94,618.03,,,
2014,AGO,26,13,19.47,11.69,4.24,0.41,17.31,2.91,78.81,25.32,41.37,617.53,,,
2014,AGO,26,14,20.12,10.89,4.31,0.32,26.93,2.86,66.78,26.37,38.13,616.75,,,
2014,AGO,26,15,20.45,8.07,5.09,0.31,32.71,2.71,69.67,27.59,36.72,616.07,,,
2014,AGO,26,16,21.78,7.88,5.01,0.25,23.35,3.12,65.79,28.4,31.64,615.4,,,
2014,AGO,26,17,21.91,8.31,5.72,0.2,19.21,3.63,75.03,29.1,29.58,614.92,,,
2014,AGO,26,18,20.98,9.34,6.56,0.15,18,3.72,68.17,29.33,27.3,614.77,,,
2014,AGO,26,19,19.48,10.04,7.49,0.11,24.75,3.51,72.16,28.73,26.2,614.88,,,
2014,AGO,26,20,17.18,10.44,8.52,0.1,30.33,3.26,52.41,26.83,31.26,615.4,,,
2014,AGO,26,21,15.73,11.87,7.8,0.08,19.54,3.68,52.83,24.84,38.27,615.96,,,
2014,AGO,26,22,14.41,11.77,6.87,0.07,15.13,4.12,47.38,23.64,45.71,616.53,,,
2014,AGO,26,23,11.11,47.45,8.21,0.14,26.41,4.27,66.81,22.46,51.38,617.01,,,
2014,AGO,27,0,10.81,29.76,7.2,0.1,25.39,4.49,82.45,21.33,56.19,617.4,,,
2014,AGO,27,1,10.78,21.95,5.65,0.04,36.16,4.67,79.57,20.57,58.75,617.59,,,
2014,AGO,27,2,11.57,48.11,6.02,0.02,26.77,4.42,74.36,20.08,60,617.57,,,
2014,AGO,27,3,11.56,53.38,5.59,0.02,29.81,3.24,82.37,19.33,61.5,617.42,,,
2014,AGO,27,4,10.61,44.58,6.16,0.04,29.71,2.87,78.02,18.9,63.55,617.41,,,
2014,AGO,27,5,8.65,21.07,6.11,0.08,25.16,2.02,101.75,17.39,70.73,617.55,,,
2014,AGO,27,6,6.53,24.72,7.87,0.09,27.69,1.97,82.56,17.16,71.9,617.92,,,
2014,AGO,27,7,3.97,9.89,8.81,0.27,42.78,2.04,6.15,16.4,73.93,618.17,,,
2014,AGO,27,8,5.48,7.46,7.5,0.5,49.57,1.9,243.11,17.47,71.17,618.54,,,
2014,AGO,27,9,10.38,6.7,6.79,0.68,44.45,2.36,85.64,19.99,62.71,618.85,,,
2014,AGO,27,10,15.76,17.79,5.21,0.59,40.91,4.1,72.82,21.52,56.18,618.85,,,
2014,AGO,27,11,17.27,13.07,3.97,0.48,33.9,3.66,66.99,22.83,52.79,618.6,,,
2014,AGO,27,12,19.16,11.04,3.97,0.38,23.86,3.22,71.54,24.4,45.92,618.23,,,
2014,AGO,27,13,20.41,9.98,3.97,0.35,20.22,3.22,72.53,25.86,40.52,617.83,,,
2014,AGO,27,14,21.29,5,4.85,0.31,18.47,3.1,67.83,26.76,37.96,617.23,,,
2014,AGO,27,15,21.18,7.64,6.46,0.31,21.57,2.92,86.26,27.94,37.49,616.6,,,
2014,AGO,27,16,22.26,5,5.7,0.25,21.59,2.65,76.4,28.86,34.57,616.01,,,
2014,AGO,27,17,20.6,5,6.35,0.2,23.62,3.1,63.88,29.29,31.51,615.61,,,
2014,AGO,27,18,19.81,5,7.51,0.17,19.99,3.63,128.2,29.42,29.11,615.54,,,
2014,AGO,27,19,18.04,5.4,7.53,0.13,27.47,3.52,64.98,28.38,31.16,615.63,,,
2014,AGO,27,20,15.77,5.98,8.58,0.09,34.26,3.2,61.79,26.1,35.98,615.94,,,
2014,AGO,27,21,14.33,5.93,9.07,0.11,28.98,2.97,56.7,24.63,40.38,616.36,,,
2014,AGO,27,22,13.63,37.44,9.4,0.13,23.7,3.52,75.67,23.74,44.29,616.85,,,
2014,AGO,27,23,11.07,43.09,9.48,0.25,32.16,3.44,84.4,22.72,48.74,617.34,,,
2014,AGO,28,0,12.16,23.75,7.99,0.16,44.08,3.84,86.93,21.72,50.64,617.48,,,
2014,AGO,28,1,10.8,27.02,8.28,0.08,47.06,4.39,83.1,21.07,54.08,617.6,,,
2014,AGO,28,2,12.78,33.31,6.4,0.03,40.12,3.88,81.11,20.45,56.1,617.52,,,
2014,AGO,28,3,12.4,31.75,5.98,0.02,26.29,4.54,78.46,19.92,57.93,617.24,,,
2014,AGO,28,4,12.62,36.03,5.8,0.14,24.37,3.82,77.26,19.72,57.26,617.06,,,
2014,AGO,28,5,6.78,12.91,7.08,0.1,30.91,1.69,124.24,17.28,67.11,617.16,,,
2014,AGO,28,6,4.74,10.58,9.01,0.1,30.32,1.46,110.03,17.04,67.68,617.11,,,
2014,AGO,28,7,4.15,9.26,8.95,0.3,48.97,2.02,116.88,16.19,70.96,617.35,,,
2014,AGO,28,8,5.36,10.84,10.1,0.5,70.43,2.18,96.16,17.86,65.88,617.85,,,
2014,AGO,28,9,17.26,24.17,10.96,0.46,83.74,1.69,80.09,20.06,59.31,617.86,,,
2014,AGO,28,10,17.52,34.1,7.17,0.36,79.05,3.16,69.82,22.06,50.99,617.89,,,
2014,AGO,28,11,20.15,21.66,5.31,0.09,52.16,4.23,95.29,23.29,49.98,617.67,,,
2014,AGO,28,12,23.83,15.46,3.97,0.04,43,3.35,68.55,24.61,47.91,617.33,,,
2014,AGO,28,13,24.15,13.25,4,0.16,38.01,2.91,91.17,26.2,43.63,616.77,,,
2014,AGO,28,14,23.78,14.23,3.98,0.11,42.67,2.82,108.68,27.26,40.83,616.17,,,
2014,AGO,28,15,24.17,11.75,4.27,0.11,31.54,2.85,102.68,28.01,40.09,615.35,,,
2014,AGO,28,16,23.97,12.13,4.71,0.16,38.86,2.48,79.58,27.94,40.66,614.77,,,
2014,AGO,28,17,22.45,5,5.5,0.09,34.05,3.15,297.42,26.85,46.32,614.37,,,
2014,AGO,28,18,18.56,5,7.82,0.09,33.47,2.33,297.27,26.02,49.91,614.18,,,
2014,AGO,28,19,15.25,5,10.23,0.17,39.19,2.63,295.16,25.96,52.85,614.28,,,
2014,AGO,28,20,15.9,5.91,8.81,0.21,40.84,2.88,293.95,23.16,62.56,614.55,,,
2014,AGO,28,21,7.79,5.27,11.75,0.33,35.72,1.9,311.74,22.44,66.08,614.86,,,
2014,AGO,28,22,6.25,5,11.02,0.33,34.48,1.49,307.19,21.68,69.03,615.31,,,
2014,AGO,28,23,4.86,5,12.66,0.32,39.48,1.19,340.21,21.58,67.92,615.61,,,
2014,AGO,29,0,3.97,5,11.77,0.31,38.54,1.24,266.91,20.6,72.85,615.6,,,
2014,AGO,29,1,3.98,5,12.43,0.26,44.42,1.46,101.4,20.05,73.37,615.69,,,
2014,AGO,29,2,4.12,5.52,10.52,0.26,54.46,1.55,196.21,19.79,72.5,615.5,,,
2014,AGO,29,3,4.7,9.82,9.75,0.23,49.27,1.68,76.64,19.46,70.95,615.17,,,
2014,AGO,29,4,4.02,6.03,9.99,0.18,42.3,1.29,131.51,19.06,71.84,615.13,,,
2014,AGO,29,5,6.24,6.69,8.34,0.13,31.76,1.54,94.98,19.38,69.7,615.25,,,
2014,AGO,29,6,5.33,7.75,8.57,0.16,29.1,2.3,103.52,18.98,71.74,615.37,,,
2014,AGO,29,7,5.12,15.87,8.58,0.33,47.72,2.34,98.32,18.21,75.37,615.61,,,
2014,AGO,29,8,7.39,15.47,8.13,0.56,64.8,2.51,96.48,18.97,72.64,615.9,,,
2014,AGO,29,9,17.9,29.21,5.99,0.46,70.94,3.88,74.39,20.68,67.27,615.99,,,
2014,AGO,29,10,19.85,31.83,4.69,0.23,55.59,4.39,93.16,22.36,60.39,616.14,,,
2014,AGO,29,11,22.03,22.68,3.97,0.02,54.37,3.91,86.87,23.94,53.88,616.05,,,
2014,AGO,29,12,25.4,13.95,3.97,0.05,51.63,3.5,98.32,25.36,48.35,615.66,,,
2014,AGO,29,13,27.99,19,4.27,0.27,42.98,3.45,111.23,26.4,45.21,615.2,,,
2014,AGO,29,14,30.31,16.25,4.97,0.62,50.45,2.95,90.23,27.57,42.11,614.44,,,
2014,AGO,29,15,30.85,11.62,5.45,1.06,43.52,3.2,115.94,28.08,40.87,613.55,,,
2014,AGO,29,16,30.2,11.95,6.23,0.53,48.68,2.61,103.04,28.46,39.02,613.02,,,
2014,AGO,29,17,25.54,10.27,5.8,0.24,48.56,4.46,305.1,25.08,55.31,613.13,,,
2014,AGO,29,18,22.39,8.15,4.31,0.06,42.19,5.46,183.82,23.47,57.06,613.32,,,
2014,AGO,29,19,21.09,9.2,4.99,0.02,38.33,4.65,250.56,20.36,69.52,613.67,,,
2014,AGO,29,20,13.36,8.87,8.98,0.04,23.88,2.41,289.76,20.14,71.66,613.71,,,
2014,AGO,29,21,9.49,9.09,10.68,0.14,16.74,1.78,73.94,20.86,69.13,614.17,,,
2014,AGO,29,22,8.54,11.72,9.74,0.24,29.74,2.01,154.5,20.76,68.46,614.97,,,
2014,AGO,29,23,4.55,10.3,10.65,0.31,49.81,1.97,294.52,19.15,78.31,615.49,,,
2014,AGO,30,0,4.93,9.57,10.71,0.28,43.23,1.62,265.18,19.14,77.39,616.06,,,
2014,AGO,30,1,6.81,8.47,10.87,0.38,42.83,1.38,275.7,19.13,76.08,616.22,,,
2014,AGO,30,2,4.52,7.6,11.78,0.38,35.99,1.09,282.16,18.36,79.56,616.21,,,
2014,AGO,30,3,4.34,6.88,11.19,0.3,33.69,1.38,316.85,18.16,79.96,615.92,,,
2014,AGO,30,4,3.97,6.91,10.83,0.25,34.37,1.07,277.03,16.9,84.71,615.98,,,
2014,AGO,30,5,3.97,6.64,10.18,0.22,33.07,1.61,324.37,17.14,80.82,615.85,,,
2014,AGO,30,6,5.32,7.58,9.47,0.26,23.3,1.22,71.95,17.5,79.62,615.56,,,
2014,AGO,30,7,3.97,7.46,9.92,0.44,38.83,1.75,125.44,16.9,81.72,615.67,,,
2014,AGO,30,8,3.97,10.44,9.18,0.58,48.03,1.75,105.28,17.66,79.33,616.01,,,
2014,AGO,30,9,5.45,12.85,14.03,0.7,65.51,1.48,99.02,19.51,74.06,616.32,,,
2014,AGO,30,10,12.22,19.08,6.25,0.86,65.95,3.45,75.17,21.4,66.74,616.32,,,
2014,AGO,30,11,15.11,17,4.17,0.7,45.35,3.88,71.3,22.79,59.07,616.21,,,
2014,AGO,30,12,17.59,19.98,4.36,0.58,37.09,3.44,72.46,24.06,52.47,616,,,
2014,AGO,30,13,20.48,18.2,5.06,0.51,38,2.97,75.91,25.56,44.94,615.69,,,
2014,AGO,30,14,20.71,15.72,5.08,0.42,32.56,3.06,80.52,26.59,39.85,615.17,,,
2014,AGO,30,15,19.3,9.89,5.8,0.3,29.75,3.09,72.77,27.55,36.47,614.41,,,
2014,AGO,30,16,20.07,9.81,5.87,0.25,23.67,3,72.81,28.5,32.4,613.74,,,
2014,AGO,30,17,19.36,8.98,6.54,0.25,20.7,2.68,40.72,29.56,30.5,613.22,,,
2014,AGO,30,18,17.13,9.5,7.59,0.2,16.79,2.59,282.53,29.32,33.18,612.91,,,
2014,AGO,30,19,13.78,10.03,9.37,0.17,19.7,2.31,297.84,28.74,34.76,613.2,,,
2014,AGO,30,20,9.05,10.57,7.9,0.14,24.07,3.47,67.42,26.54,42.92,613.67,,,
2014,AGO,30,21,8.78,15.64,6.76,0.12,21.9,4.98,50.85,25.13,47.75,614.51,,,
2014,AGO,30,22,8.05,24.34,4.99,0.1,32.91,6.04,52.49,24.02,50.93,615.29,,,
2014,AGO,30,23,9.03,16.14,4.38,0.02,27.6,4.71,52.04,22.64,58.59,616.04,,,
2014,AGO,31,0,6.07,38.59,8.32,0.16,24.82,2.94,70.78,21.69,64.13,616.33,,,
2014,AGO,31,1,7.17,32.09,7.78,0.47,35.41,2.68,63.82,21,66.8,616.43,,,
2014,AGO,31,2,11.51,10.57,5.06,0.26,31.89,2.79,50.49,20.74,67.31,616.37,,,
2014,AGO,31,3,10.81,8.75,4.76,0.12,27.81,2.5,60.12,20.42,68.43,616.31,,,
2014,AGO,31,4,9.41,7.81,5.31,0.05,25.45,2.2,99.78,20.14,69.56,616.04,,,
2014,AGO,31,5,8.31,11.93,5.42,0.03,21.37,2.21,75.15,20.12,69.8,616.03,,,
2014,AGO,31,6,7.1,18.18,6.22,0.07,28.44,3.34,51.47,19.9,70.42,616.11,,,
2014,AGO,31,7,5.37,14.89,6.05,0.07,26.27,2.2,54.19,19.37,72.53,616.22,,,
2014,AGO,31,8,7.61,5,5.35,0.08,24.33,2.22,74.03,19.67,71.77,616.54,,,
2014,AGO,31,9,13.59,5,4.55,0.09,23.11,3.25,49.59,21.36,65.49,616.83,,,
2014,AGO,31,10,15.2,11.23,4.52,0.12,18.66,3.46,67.37,21.97,62.25,616.99,,,
2014,AGO,31,11,16.63,13.86,4.13,0.2,27.61,4.08,83.89,23.14,58.08,616.97,,,
2014,AGO,31,12,19,19.97,3.97,0.15,32.29,4.48,76.87,24.36,53.29,616.66,,,
2014,AGO,31,13,19.48,12.57,4.19,0.14,39.09,4.2,95.23,25.53,48.37,616.11,,,
2014,AGO,31,14,20.5,11.19,3.97,0.05,27.63,3.39,99.52,26.15,46.86,615.55,,,
2014,AGO,31,15,20.84,15.83,4.15,0.02,34.48,2.89,112.89,26.78,44.58,614.83,,,
2014,AGO,31,16,19.14,8.65,6.24,0.02,32.64,2.87,167.05,27.24,44.3,614.19,,,
2014,AGO,31,17,19.78,5.01,6.39,0.05,36.47,2.37,231.16,27.58,43.3,613.64,,,
2014,AGO,31,18,20.94,7.02,7.43,0.05,34.29,1.73,265.35,28.47,39.92,613.29,,,
2014,AGO,31,19,19.09,5,8.45,0.04,28.67,2.53,264.08,27.37,44.81,613.41,,,
2014,AGO,31,20,12.78,12.55,9.01,0.13,36.38,2.68,70.38,24.47,58.23,614.05,,,
2014,AGO,31,21,11.45,6.92,5.85,0.15,37.92,3.38,54.35,24.05,56.48,614.7,,,
2014,AGO,31,22,8.35,34.14,8.24,0.29,24.05,3.42,54.06,23.1,60.79,615.62,,,
2014,AGO,31,23,10.03,26.39,6.45,0.68,37.67,3.94,74.27,22.36,63.97,616.44,,,
