DATOS MÓVILES  DE ACUERDO AL ÍNDICE AIRE Y SALUD_DIF 2021,,,,,,,,,
NOTA: LOS DATOS SON PREVALIDADOS,,,,,,,,,
,,,,,,,,,
MES,DIA,HORA,O3 Horario [ppm],O3 Promedio de 8 hrs. [ppm],SO2 promedio de 24 hrs. [ppm],CO Promedio de 8 hrs. [ppm],PM10 Promedio ponderado  de 12 hrs. [µg/m³],PM2.5 Promedio ponderado  de 12 hrs.  [µg/m³],NO2 Horario [ppm]
NOVIEMBRE,1,0,NA,0.031,0.007,2.1078,NA,NA,NA
NOVIEMBRE,1,1,0.0177,0.0265,0.0071,2.1162,NA,NA,0.0302
NOVIEMBRE,1,2,0.0175,0.0229,0.0075,2.0606,NA,NA,0.0277
NOVIEMBRE,1,3,0.0094,0.0169,0.0079,1.9933,NA,NA,0.0323
NOVIEMBRE,1,4,0.0054,0.0144,0.0081,1.9436,NA,NA,0.0381
NOVIEMBRE,1,5,0.0094,0.0112,0.0081,1.9005,NA,NA,0.0265
NOVIEMBRE,1,6,0.0037,0.0097,0.0082,1.8308,NA,NA,0.0427
NOVIEMBRE,1,7,0.0026,0.0094,0.0083,1.7758,NA,NA,0.0382
NOVIEMBRE,1,8,0.0031,0.0086,0.0084,1.8165,NA,NA,0.0335
NOVIEMBRE,1,9,0.0101,0.0076,0.0084,1.841,NA,NA,0.024
NOVIEMBRE,1,10,0.0245,0.0085,0.0084,1.8576,NA,NA,0.0132
NOVIEMBRE,1,11,0.0314,0.0113,0.0079,1.8616,NA,NA,0.0142
NOVIEMBRE,1,12,0.0397,0.0156,0.0074,1.8592,32,18,0.0136
NOVIEMBRE,1,13,0.0483,0.0204,0.0072,1.8605,26,18,0.0137
NOVIEMBRE,1,14,0.0538,0.0267,0.0072,1.858,28,18,0.0116
NOVIEMBRE,1,15,0.0539,0.0331,0.0074,1.8245,23,19,0.0156
NOVIEMBRE,1,16,0.053,0.0394,0.0075,1.7817,25,15,0.0171
NOVIEMBRE,1,17,0.0472,0.044,0.0075,1.7703,28,11,0.0209
NOVIEMBRE,1,18,0.0338,0.0452,0.0075,1.8134,38,8,0.0428
NOVIEMBRE,1,19,0.0143,0.043,0.0071,1.9136,63,9,0.073
NOVIEMBRE,1,20,0.0198,0.0405,0.0067,1.9516,78,14,0.0279
NOVIEMBRE,1,21,0.0172,0.0366,0.0089,1.9812,69,12,0.0247
NOVIEMBRE,1,22,0.0182,0.0322,0.0094,1.9852,61,11,0.0208
NOVIEMBRE,1,23,0.0156,0.0274,0.0094,1.9885,53,12,0.0195
NOVIEMBRE,2,0,0.0165,0.0228,0.0093,1.9743,45,15,0.0173
NOVIEMBRE,2,1,0.0158,0.0189,0.0092,1.9447,40,13,0.018
NOVIEMBRE,2,2,0.015,0.0165,0.0089,1.873,48,25,0.0178
NOVIEMBRE,2,3,0.0213,0.0174,0.0086,1.7391,41,27,0.0101
NOVIEMBRE,2,4,0.0181,0.0172,0.0085,1.6784,30,17,0.0137
NOVIEMBRE,2,5,0.0072,0.0159,0.0085,1.6308,29,18,0.0249
NOVIEMBRE,2,6,0.0036,0.0141,0.0085,1.6195,24,16,0.0307
NOVIEMBRE,2,7,0.0024,0.0125,0.0085,1.6283,31,16,0.0311
NOVIEMBRE,2,8,0.0042,0.0109,0.0084,1.6594,36,16,0.0267
NOVIEMBRE,2,9,0.0119,0.0104,0.0083,1.7045,38,19,0.0188
NOVIEMBRE,2,10,0.0209,0.0112,0.0083,1.7413,36,17,0.0138
NOVIEMBRE,2,11,0.0284,0.0121,0.0083,1.7743,31,16,0.0105
NOVIEMBRE,2,12,0.0311,0.0137,0.0082,1.8052,27,16,0.0139
NOVIEMBRE,2,13,0.0376,0.0175,0.0082,1.8273,29,15,0.0133
NOVIEMBRE,2,14,0.0419,0.0223,0.0081,1.8351,29,14,0.0144
NOVIEMBRE,2,15,0.0465,0.0278,0.008,1.8239,27,17,0.0154
NOVIEMBRE,2,16,0.0477,0.0332,0.0078,1.8048,25,13,0.0148
NOVIEMBRE,2,17,0.0446,0.0373,0.0078,1.7745,29,11,0.015
NOVIEMBRE,2,18,0.0337,0.0389,0.0078,1.7753,34,9,0.0222
NOVIEMBRE,2,19,0.0273,0.0388,0.0078,1.784,50,8,0.0268
NOVIEMBRE,2,20,0.0222,0.0377,0.0077,1.7906,51,9,0.0285
NOVIEMBRE,2,21,0.0103,0.0343,0.0065,1.8159,59,10,0.0408
NOVIEMBRE,2,22,0.0125,0.0306,0.006,1.8251,66,10,0.0267
NOVIEMBRE,2,23,0.0147,0.0266,0.006,1.8237,55,10,0.0171
NOVIEMBRE,3,0,0.0104,0.022,0.006,1.8118,44,10,0.0273
NOVIEMBRE,3,1,0.0123,0.0179,0.0063,1.8024,37,10,0.0194
NOVIEMBRE,3,2,0.013,0.0153,0.0066,1.7656,33,10,0.0211
NOVIEMBRE,3,3,0.0072,0.0128,0.0067,1.7341,28,10,0.0326
NOVIEMBRE,3,4,0.0014,0.0102,0.007,1.7104,28,9,0.0404
NOVIEMBRE,3,5,0.0007,0.009,0.0071,1.6849,32,16,0.0397
NOVIEMBRE,3,6,0.0007,0.0076,0.0072,1.6973,44,15,0.0408
NOVIEMBRE,3,7,NA,0.0066,0.0074,1.7297,51,29,0.0364
NOVIEMBRE,3,8,NA,0.0059,0.0075,1.8169,57,26,0.0407
NOVIEMBRE,3,9,0.0055,0.0048,0.0077,1.8859,69,25,0.0379
NOVIEMBRE,3,10,0.0161,0.0053,0.008,1.9297,66,31,0.0249
NOVIEMBRE,3,11,0.0313,0.0093,0.0081,1.9561,56,25,0.0162
NOVIEMBRE,3,12,0.04,0.0157,0.0081,1.9583,40,19,0.0118
NOVIEMBRE,3,13,0.0449,0.0231,0.0081,1.9439,27,17,0.0104
NOVIEMBRE,3,14,0.0523,0.0317,0.0083,1.934,18,16,0.0118
NOVIEMBRE,3,15,0.0513,0.0345,0.0092,1.9119,18,15,0.007
NOVIEMBRE,3,16,0.0514,0.0366,0.0096,1.8249,15,13,0.0046
NOVIEMBRE,3,17,0.0518,0.0424,0.0099,1.7474,23,9,0.0105
NOVIEMBRE,3,18,0.0389,0.0452,0.0099,1.723,43,5,0.0203
NOVIEMBRE,3,19,0.0093,0.0425,0.0099,1.7908,51,3,0.06
NOVIEMBRE,3,20,0.0029,0.0379,0.0099,1.9481,82,6,0.0702
NOVIEMBRE,3,21,0.0038,0.0327,0.0088,2.2398,127,14,NA
NOVIEMBRE,3,22,0.0025,0.0265,0.0088,2.3348,141,24,0.0558
NOVIEMBRE,3,23,0.0024,0.0204,0.0088,2.3714,129,26,0.0479
NOVIEMBRE,4,0,0.0061,0.0147,0.0089,2.3861,93,27,0.0371
NOVIEMBRE,4,1,0.0049,0.0089,0.0086,2.3956,69,23,0.0336
NOVIEMBRE,4,2,0.0033,0.0044,0.0083,2.3872,61,19,0.0419
NOVIEMBRE,4,3,0.0067,0.0041,0.0086,2.2959,64,18,0.0315
NOVIEMBRE,4,4,0.009,0.0048,0.0089,2.1247,43,21,0.0258
NOVIEMBRE,4,5,0.0032,0.0048,0.009,1.8384,41,12,0.0379
NOVIEMBRE,4,6,0.007,0.0053,0.0099,1.7275,37,18,0.0301
NOVIEMBRE,4,7,0.0066,0.0058,0.0103,1.7024,35,19,0.0277
NOVIEMBRE,4,8,0.0081,0.0061,0.0106,1.7406,38,15,0.0235
NOVIEMBRE,4,9,0.0118,0.0069,0.0107,1.8081,51,16,0.0355
NOVIEMBRE,4,10,0.0239,0.0095,0.0116,1.8424,50,25,0.0172
NOVIEMBRE,4,11,0.0313,0.0126,0.0118,1.8716,38,20,0.0137
NOVIEMBRE,4,12,0.0382,0.0162,0.012,1.9002,33,21,0.0165
NOVIEMBRE,4,13,0.0456,0.0215,0.0124,1.9157,31,19,0.019
NOVIEMBRE,4,14,0.0548,0.0275,0.0123,1.9183,27,21,0.0148
NOVIEMBRE,4,15,0.0583,0.034,0.0117,1.9046,29,20,0.0131
NOVIEMBRE,4,16,0.0608,0.0406,0.0117,1.8557,30,15,0.0085
NOVIEMBRE,4,17,0.0576,0.0463,0.0117,1.7973,28,19,0.0112
NOVIEMBRE,4,18,0.0554,0.0503,0.0118,1.7664,33,15,0.0154
NOVIEMBRE,4,19,0.0156,0.0483,0.0119,1.8209,56,12,0.0739
NOVIEMBRE,4,20,0.0056,0.0442,0.012,2.0113,79,17,0.0804
NOVIEMBRE,4,21,0.0196,0.041,0.0121,2.0277,86,20,0.0203
NOVIEMBRE,4,22,0.0211,0.0367,0.0123,2.0307,70,11,0.0134
NOVIEMBRE,4,23,0.0242,0.0325,0.0122,2.0143,56,8,0.0076
NOVIEMBRE,5,0,0.0258,0.0281,0.0122,1.9991,45,10,0.0041
NOVIEMBRE,5,1,0.0234,0.0238,0.0121,1.9839,44,10,0.0042
NOVIEMBRE,5,2,0.0224,0.0197,0.0121,1.9706,44,9,0.0045
NOVIEMBRE,5,3,0.0222,0.0205,0.0115,1.881,31,8,0.0049
NOVIEMBRE,5,4,0.0241,0.0229,0.011,1.6637,22,9,0.0043
NOVIEMBRE,5,5,0.0216,0.0231,0.0106,1.6235,16,9,0.0052
NOVIEMBRE,5,6,0.0195,0.0229,0.0097,1.616,13,8,0.0081
NOVIEMBRE,5,7,0.0178,0.0221,0.009,1.6364,15,8,0.0174
NOVIEMBRE,5,8,0.0185,0.0212,0.0084,1.7001,24,8,0.0265
NOVIEMBRE,5,9,0.019,0.0206,0.0083,1.7529,34,9,0.019
NOVIEMBRE,5,10,0.0247,0.0209,0.0072,1.7808,31,10,0.0119
NOVIEMBRE,5,11,0.0312,0.0221,0.0068,1.8115,28,10,0.01
NOVIEMBRE,5,12,0.0372,0.0237,0.0066,1.8327,24,12,0.0109
NOVIEMBRE,5,13,0.0437,0.0264,0.0064,1.8659,26,16,0.0158
NOVIEMBRE,5,14,0.0506,0.0303,0.0068,1.8763,27,18,0.013
NOVIEMBRE,5,15,0.053,0.0347,0.0069,1.864,26,19,0.0092
NOVIEMBRE,5,16,0.0522,0.0389,0.007,1.8325,25,18,0.0098
NOVIEMBRE,5,17,0.0404,0.0416,0.0071,1.8252,31,14,0.0214
NOVIEMBRE,5,18,0.0317,0.0425,0.007,1.8644,38,12,0.0322
NOVIEMBRE,5,19,0.0114,0.04,0.0071,1.9618,53,9,0.0629
NOVIEMBRE,5,20,0.0072,0.0363,0.0072,2.1192,83,13,0.0669
NOVIEMBRE,5,21,0.0201,0.0333,0.0074,2.1317,89,21,0.0275
NOVIEMBRE,5,22,0.0265,0.0303,0.0072,2.1361,65,13,0.0157
NOVIEMBRE,5,23,0.033,0.0278,0.0071,2.1403,51,10,0.0182
NOVIEMBRE,6,0,0.028,0.0248,0.0071,2.1259,42,8,0.0185
NOVIEMBRE,6,1,0.0095,0.0209,0.0071,2.0958,36,7,0.0363
NOVIEMBRE,6,2,0.0138,0.0187,0.008,2.0356,36,12,0.0217
NOVIEMBRE,6,3,0.0091,0.0184,0.0086,1.9147,32,11,0.0254
NOVIEMBRE,6,4,0.0074,0.0184,0.009,1.7496,33,12,0.0246
NOVIEMBRE,6,5,0.0012,0.0161,0.0093,1.7229,35,12,0.0364
NOVIEMBRE,6,6,0.003,0.0131,0.0106,1.7202,38,17,0.0269
NOVIEMBRE,6,7,0.0031,0.0094,0.0111,1.7502,33,16,0.0267
NOVIEMBRE,6,8,0.0033,0.0063,0.0112,1.8104,39,16,0.0334
NOVIEMBRE,6,9,0.0102,0.0064,0.0124,1.8546,58,27,0.02
NOVIEMBRE,6,10,0.0195,0.0071,0.0127,1.9015,47,22,0.0203
NOVIEMBRE,6,11,0.028,0.0095,0.0132,1.9374,43,25,0.0136
NOVIEMBRE,6,12,0.0368,0.0131,0.0133,1.9605,33,18,0.0115
NOVIEMBRE,6,13,0.0379,0.0177,0.0133,1.9823,25,13,0.0125
NOVIEMBRE,6,14,0.039,0.0222,0.013,1.9902,27,15,0.0093
NOVIEMBRE,6,15,0.0408,0.0269,0.013,1.9682,26,14,0.0075
NOVIEMBRE,6,16,0.0426,0.0319,0.0128,1.9104,24,12,0.0072
NOVIEMBRE,6,17,0.0436,0.036,0.0126,1.875,26,9,0.0115
NOVIEMBRE,6,18,0.0417,0.0388,0.0125,1.8489,30,6,0.0158
NOVIEMBRE,6,19,0.0272,0.0387,0.0125,1.8563,37,6,0.0306
NOVIEMBRE,6,20,0.0227,0.0369,0.0125,1.8516,45,7,0.0271
NOVIEMBRE,6,21,0.0263,0.0355,0.0126,1.8486,47,6,0.0186
NOVIEMBRE,6,22,0.0202,0.0332,0.015,1.8646,47,6,0.0222
NOVIEMBRE,6,23,0.0254,0.0312,0.0183,1.8593,45,7,0.0135
NOVIEMBRE,7,0,0.0251,0.029,0.0183,1.8607,40,7,0.0114
NOVIEMBRE,7,1,0.0271,0.027,0.0184,1.8473,39,7,0.007
NOVIEMBRE,7,2,0.0263,0.025,0.0174,1.8266,29,6,0.0063
NOVIEMBRE,7,3,0.0185,0.024,0.0168,1.7885,28,3,0.0176
NOVIEMBRE,7,4,0.0179,0.0234,0.0178,1.7703,29,3,0.0163
NOVIEMBRE,7,5,0.0165,0.0221,0.0185,1.7441,30,11,0.0136
NOVIEMBRE,7,6,0.0147,0.0214,0.0175,1.7183,21,9,0.0139
NOVIEMBRE,7,7,0.0086,0.0193,0.0171,1.7246,22,11,0.0199
NOVIEMBRE,7,8,0.0068,0.0171,0.017,1.7516,25,12,0.0201
NOVIEMBRE,7,9,0.0166,0.0157,0.0158,1.7855,27,12,0.0137
NOVIEMBRE,7,10,0.0268,0.0158,0.0155,1.8178,26,13,0.0108
NOVIEMBRE,7,11,0.0317,0.0174,0.015,1.8483,22,12,0.0122
NOVIEMBRE,7,12,0.0392,0.0201,0.015,1.8748,18,12,0.0123
NOVIEMBRE,7,13,0.0493,0.0242,0.015,1.9064,17,13,0.0117
NOVIEMBRE,7,14,0.0531,0.029,0.0162,1.9475,17,16,0.0092
NOVIEMBRE,7,15,0.0472,0.0338,0.0167,1.9492,12,15,0.011
NOVIEMBRE,7,16,0.0442,0.0385,0.0167,1.9346,16,10,0.0135
NOVIEMBRE,7,17,0.0479,0.0424,0.0166,1.9173,22,7,0.0138
NOVIEMBRE,7,18,0.0464,0.0449,0.0166,1.9182,33,7,0.0197
NOVIEMBRE,7,19,0.0256,0.0441,0.0165,1.9625,45,10,0.0453
NOVIEMBRE,7,20,0.0326,0.0433,0.0163,1.945,46,11,0.0144
NOVIEMBRE,7,21,0.0268,0.0405,0.0158,2.0941,45,8,0.0202
NOVIEMBRE,7,22,0.0182,0.0361,0.0166,2.0679,51,6,0.0241
NOVIEMBRE,7,23,0.0237,0.0332,0.014,2.0657,47,9,0.0122
NOVIEMBRE,8,0,0.0281,0.0312,0.0139,2.046,38,8,0.0053
NOVIEMBRE,8,1,0.0276,0.0286,0.0139,2.0275,32,6,0.004
NOVIEMBRE,8,2,0.0267,0.0262,0.0139,1.9939,24,5,0.0039
NOVIEMBRE,8,3,0.0254,0.0261,0.0139,1.9153,18,5,0.0042
NOVIEMBRE,8,4,0.0137,0.0238,0.0125,1.9059,19,5,0.0226
NOVIEMBRE,8,5,0.0105,0.0217,0.0127,1.7287,27,7,0.0249
NOVIEMBRE,8,6,0.0093,0.0206,0.0134,1.7203,25,15,0.0209
NOVIEMBRE,8,7,0.0032,0.0181,0.0135,1.7575,24,15,0.0303
NOVIEMBRE,8,8,0.0059,0.0153,0.0135,1.8266,29,14,0.0297
NOVIEMBRE,8,9,0.0133,0.0135,0.0135,1.8843,32,14,0.0205
NOVIEMBRE,8,10,0.0226,0.013,0.0135,1.9281,33,18,0.0135
NOVIEMBRE,8,11,0.0286,0.0134,0.0135,1.9606,27,12,0.0126
NOVIEMBRE,8,12,0.0401,0.0167,0.0134,1.9936,24,12,0.0149
NOVIEMBRE,8,13,0.0611,0.023,0.0142,2.0838,27,14,0.0178
NOVIEMBRE,8,14,0.0593,0.0293,0.0148,2.1113,26,27,0.0081
NOVIEMBRE,8,15,0.061,0.0365,0.0143,2.0899,23,20,0.0073
NOVIEMBRE,8,16,0.0559,0.0427,0.0146,2.0606,24,14,0.0147
NOVIEMBRE,8,17,0.0446,0.0466,0.0151,2.0477,29,10,0.0228
NOVIEMBRE,8,18,0.0374,0.0485,0.0152,2.064,35,8,0.0316
NOVIEMBRE,8,19,0.0148,0.0468,0.0151,2.1725,60,7,0.0696
NOVIEMBRE,8,20,0.011,0.0431,0.0152,2.2876,77,12,0.0657
NOVIEMBRE,8,21,0.0212,0.0381,0.0156,2.2588,70,10,0.0296
NOVIEMBRE,8,22,0.022,0.0335,0.0138,2.2371,63,9,0.0178
NOVIEMBRE,8,23,0.0179,0.0281,0.0132,2.2242,51,8,0.0196
NOVIEMBRE,9,0,0.0218,0.0238,0.0132,2.1946,42,7,0.0112
NOVIEMBRE,9,1,0.0244,0.0213,0.0132,2.1523,34,7,0.0091
NOVIEMBRE,9,2,0.0243,0.0197,0.0132,2.0959,25,6,0.0074
NOVIEMBRE,9,3,0.0194,0.0202,0.0132,1.9586,20,5,0.0132
NOVIEMBRE,9,4,0.0198,0.0213,0.0133,1.8121,19,4,0.0119
NOVIEMBRE,9,5,0.019,0.0211,0.0125,1.7492,17,3,0.0109
NOVIEMBRE,9,6,0.0117,0.0198,0.0115,1.7431,16,2,0.0192
NOVIEMBRE,9,7,0.0121,0.0191,0.0114,1.7573,19,3,0.0165
NOVIEMBRE,9,8,0.0086,0.0174,0.0114,1.8034,22,6,0.0241
NOVIEMBRE,9,9,0.0155,0.0163,0.0113,1.8555,28,9,0.018
NOVIEMBRE,9,10,0.0231,0.0162,0.0113,1.8991,33,12,0.0142
NOVIEMBRE,9,11,0.0288,0.0173,0.0113,1.9363,30,14,0.0152
NOVIEMBRE,9,12,0.0365,0.0194,0.0113,1.9639,24,16,0.0155
NOVIEMBRE,9,13,0.0482,0.0231,0.0105,1.9927,26,15,0.0133
NOVIEMBRE,9,14,0.0604,0.0292,0.0094,2.0552,27,20,0.0154
NOVIEMBRE,9,15,0.0611,0.0353,0.0102,2.0779,26,18,0.0152
NOVIEMBRE,9,16,0.0581,0.0415,0.0106,2.079,28,14,0.0164
NOVIEMBRE,9,17,0.0579,0.0468,0.011,2.0593,30,11,0.0112
NOVIEMBRE,9,18,0.0336,0.0481,0.0113,2.0786,31,9,0.0283
NOVIEMBRE,9,19,0.01,0.0457,0.0115,2.2836,53,8,0.0716
NOVIEMBRE,9,20,0.0072,0.0421,0.0118,2.5306,107,18,0.0672
NOVIEMBRE,9,21,0.0172,0.0382,0.0115,2.5449,111,34,0.0338
NOVIEMBRE,9,22,0.019,0.033,0.0108,2.5338,79,21,0.0309
NOVIEMBRE,9,23,0.0161,0.0274,0.012,2.5081,63,14,0.027
NOVIEMBRE,10,0,0.0203,0.0227,0.0121,2.4648,50,10,0.0174
NOVIEMBRE,10,1,0.0167,0.0175,0.0121,2.441,41,8,0.0215
NOVIEMBRE,10,2,0.0153,0.0152,0.0121,2.3858,34,12,0.0213
NOVIEMBRE,10,3,0.0119,0.0155,0.0122,2.1524,32,13,0.0284
NOVIEMBRE,10,4,0.0144,0.0163,0.0125,1.885,29,14,0.0217
NOVIEMBRE,10,5,0.0095,0.0154,0.0124,1.8533,31,15,0.0303
NOVIEMBRE,10,6,0.0056,0.0137,0.0126,1.8132,36,15,0.0387
NOVIEMBRE,10,7,0.002,0.0119,0.0128,1.8437,41,21,0.0398
NOVIEMBRE,10,8,0.0028,0.0098,0.0129,1.9299,58,25,0.0332
NOVIEMBRE,10,9,0.0069,0.0085,0.013,2.013,63,26,0.0317
NOVIEMBRE,10,10,0.0149,0.0085,0.0132,2.0655,66,27,0.0295
NOVIEMBRE,10,11,0.0288,0.0106,0.0133,2.0945,55,25,0.0223
NOVIEMBRE,10,12,0.0423,0.0141,0.0134,2.1204,46,26,0.0207
NOVIEMBRE,10,13,0.0569,0.02,0.0134,2.1297,40,28,0.0151
NOVIEMBRE,10,14,0.0684,0.0279,0.0128,2.1154,33,27,0.0074
NOVIEMBRE,10,15,0.0678,0.0361,0.0115,2.0627,28,22,0.0068
NOVIEMBRE,10,16,0.0671,0.0441,0.0105,1.9808,27,17,0.01
NOVIEMBRE,10,17,0.0629,0.0511,0.0096,1.9116,29,14,0.0158
NOVIEMBRE,10,18,0.0458,0.055,0.0092,1.8829,60,12,0.0283
NOVIEMBRE,10,19,0.0158,0.0534,0.009,1.9544,121,11,0.0789
NOVIEMBRE,10,20,0.0108,0.0494,0.0087,2.1677,122,14,0.097
NOVIEMBRE,10,21,0.0113,0.0437,0.0087,2.3141,137,23,0.0876
NOVIEMBRE,10,22,0.0103,0.0365,0.0081,2.4315,125,24,0.0777
NOVIEMBRE,10,23,0.0104,0.0293,0.0069,2.5499,118,24,0.0664
NOVIEMBRE,11,0,0.0308,0.0248,0.0069,2.5643,91,26,0.0304
NOVIEMBRE,11,1,0.0235,0.0198,0.0069,2.5726,67,22,0.0368
NOVIEMBRE,11,2,0.0098,0.0153,0.0069,2.5964,60,16,0.0501
NOVIEMBRE,11,3,0.0045,0.0139,0.0068,2.5425,63,22,0.049
NOVIEMBRE,11,4,0.0045,0.0131,0.0065,2.3466,62,25,0.0473
NOVIEMBRE,11,5,0.0037,0.0122,0.0064,2.225,60,26,0.0459
NOVIEMBRE,11,6,0.0043,0.0114,0.0061,2.1528,65,26,0.054
NOVIEMBRE,11,7,0.0041,0.0106,0.006,2.1361,89,37,0.0796
NOVIEMBRE,11,8,0.0053,0.0075,0.0066,2.2423,125,60,0.0799
NOVIEMBRE,11,9,0.0085,0.0056,0.007,2.3395,121,65,0.0606
NOVIEMBRE,11,10,0.0211,0.007,0.0071,2.3616,114,60,0.0506
NOVIEMBRE,11,11,0.036,0.0109,0.0075,2.3703,107,60,0.0409
NOVIEMBRE,11,12,0.0562,0.0174,0.0077,2.3628,83,62,0.0203
NOVIEMBRE,11,13,0.0702,0.0257,0.0078,2.3627,53,49,0.0155
NOVIEMBRE,11,14,0.0879,0.0362,0.0082,2.386,39,40,0.0175
NOVIEMBRE,11,15,0.0851,0.0463,0.0095,2.3331,39,33,0.0156
NOVIEMBRE,11,16,0.0562,0.0526,0.0102,2.2412,37,27,0.0147
NOVIEMBRE,11,17,0.0546,0.0584,0.0107,2.152,35,17,0.0125
NOVIEMBRE,11,18,0.0542,0.0625,0.011,2.1242,36,12,0.0212
NOVIEMBRE,11,19,0.0319,0.062,0.011,2.1748,68,11,0.0573
NOVIEMBRE,11,20,0.0274,0.0584,0.0111,2.2185,72,15,0.0285
NOVIEMBRE,11,21,0.0242,0.0527,0.0136,2.2053,70,14,0.0257
NOVIEMBRE,11,22,0.0295,0.0454,0.014,2.1468,64,11,0.0121
NOVIEMBRE,11,23,0.0301,0.0385,0.014,2.1079,62,8,0.0093
NOVIEMBRE,12,0,0.0366,0.0361,0.014,2.0778,47,8,0.01
NOVIEMBRE,12,1,0.0462,0.035,0.014,2.0514,38,8,0.0129
NOVIEMBRE,12,2,0.0227,0.0311,0.014,2.0142,34,7,0.0223
NOVIEMBRE,12,3,0.0362,0.0316,0.0142,1.9113,34,7,0.0269
NOVIEMBRE,12,4,0.075,0.0375,0.0145,1.8374,32,13,0.0142
NOVIEMBRE,12,5,0.0143,0.0363,0.0145,1.8178,29,10,0.026
NOVIEMBRE,12,6,0.0125,0.0342,0.0149,1.8209,31,14,0.0279
NOVIEMBRE,12,7,0.0498,0.0366,0.0151,1.8658,39,16,0.0393
NOVIEMBRE,12,8,0.0391,0.037,0.0146,1.9478,56,21,0.0421
NOVIEMBRE,12,9,0.0209,0.0338,0.0143,1.993,57,26,0.018
NOVIEMBRE,12,10,0.0331,0.0351,0.0141,2.0258,48,26,0.0098
NOVIEMBRE,12,11,0.0367,0.0352,0.0136,2.0566,43,26,0.0109
NOVIEMBRE,12,12,0.0431,0.0312,0.0132,2.0779,35,21,0.0109
NOVIEMBRE,12,13,0.0477,0.0354,0.0131,2.0981,34,18,0.0128
NOVIEMBRE,12,14,0.0507,0.0401,0.0126,2.106,30,20,0.0121
NOVIEMBRE,12,15,0.0491,0.04,0.0113,2.0906,26,19,0.0121
NOVIEMBRE,12,16,0.0479,0.0411,0.0109,2.0247,23,14,0.0092
NOVIEMBRE,12,17,0.0425,0.0438,0.0104,2.0034,24,12,0.0119
NOVIEMBRE,12,18,0.0395,0.0446,0.0103,1.9858,30,10,0.0142
NOVIEMBRE,12,19,0.0268,0.0434,0.0101,1.9976,39,8,0.029
NOVIEMBRE,12,20,0.0219,0.0408,0.01,2.0493,48,6,0.0314
NOVIEMBRE,12,21,0.0218,0.0375,0.0078,2.0529,58,6,0.0199
NOVIEMBRE,12,22,0.0207,0.0338,0.0074,2.0579,51,5,0.0255
NOVIEMBRE,12,23,0.0155,0.0296,0.009,2.0493,47,5,0.0322
NOVIEMBRE,13,0,0.0219,0.0263,0.0093,2.0417,46,10,0.0197
NOVIEMBRE,13,1,0.0281,0.0245,0.0097,2.023,39,14,0.0095
NOVIEMBRE,13,2,0.0227,0.0224,0.0097,2.0123,31,11,0.0131
NOVIEMBRE,13,3,0.0265,0.0224,0.0099,1.9725,26,10,0.0074
NOVIEMBRE,13,4,0.0222,0.0224,0.0096,1.8983,23,10,0.0116
NOVIEMBRE,13,5,0.0225,0.0225,0.0095,1.8761,21,9,0.0086
NOVIEMBRE,13,6,0.0222,0.0227,0.0091,1.8614,20,9,0.0112
NOVIEMBRE,13,7,0.0171,0.0229,0.0088,1.8706,21,10,0.0203
NOVIEMBRE,13,8,0.0087,0.0212,0.0086,1.9177,27,13,0.0295
NOVIEMBRE,13,9,0.0222,0.0205,0.0085,1.9527,35,21,0.0137
NOVIEMBRE,13,10,0.0307,0.0215,0.0084,1.9928,38,20,0.0113
NOVIEMBRE,13,11,0.0357,0.0227,0.0084,2.0342,42,25,0.0125
NOVIEMBRE,13,12,0.0397,0.0248,0.0084,2.0694,47,21,0.012
NOVIEMBRE,13,13,0.0421,0.0273,0.0084,2.096,46,17,0.0121
NOVIEMBRE,13,14,0.0407,0.0296,0.0084,2.1132,39,18,0.0112
NOVIEMBRE,13,15,0.0389,0.0323,0.0085,2.1077,42,20,0.0117
NOVIEMBRE,13,16,0.0384,0.036,0.0082,2.086,47,16,0.0136
NOVIEMBRE,13,17,0.0369,0.0379,0.0081,2.0758,49,12,0.0139
NOVIEMBRE,13,18,0.0343,0.0383,0.008,2.0637,52,9,0.0138
NOVIEMBRE,13,19,0.0276,0.0373,0.0099,2.1672,53,9,0.019
NOVIEMBRE,13,20,0.027,0.0358,0.0118,2.2672,49,10,0.0171
NOVIEMBRE,13,21,0.025,0.0336,0.0124,2.3762,44,9,0.0172
NOVIEMBRE,13,22,0.0232,0.0314,0.0149,2.3957,41,10,0.0159
NOVIEMBRE,13,23,0.0232,0.0295,0.0141,2.3921,40,13,0.0123
NOVIEMBRE,14,0,0.0256,0.0279,0.0139,2.3724,30,13,0.0095
NOVIEMBRE,14,1,0.0231,0.0261,0.0135,2.3583,26,12,0.0126
NOVIEMBRE,14,2,0.0222,0.0246,0.0134,2.339,22,10,0.0103
NOVIEMBRE,14,3,0.0225,0.024,0.0131,2.1997,18,7,0.009
NOVIEMBRE,14,4,0.0144,0.0224,0.0131,2.0735,17,4,0.0174
NOVIEMBRE,14,5,0.01,0.0205,0.0134,1.9454,17,5,0.0235
NOVIEMBRE,14,6,0.0133,0.0193,0.0136,1.9124,21,14,0.0204
NOVIEMBRE,14,7,0.0101,0.0176,0.0139,1.9177,24,15,0.0261
NOVIEMBRE,14,8,0.0079,0.0154,0.0142,1.9448,28,15,0.0282
NOVIEMBRE,14,9,0.0152,0.0145,0.0143,1.9696,30,14,0.0173
NOVIEMBRE,14,10,0.0231,0.0146,0.0144,1.9978,27,16,0.0134
NOVIEMBRE,14,11,0.031,0.0156,0.0146,2.0224,25,16,0.0089
NOVIEMBRE,14,12,0.0368,0.0184,0.0146,2.0409,20,10,0.0087
NOVIEMBRE,14,13,0.0458,0.0229,0.0147,2.0529,19,9,0.0083
NOVIEMBRE,14,14,0.051,0.0276,0.0147,2.0616,24,16,0.0092
NOVIEMBRE,14,15,0.0495,0.0325,0.0148,2.0552,21,19,0.0106
NOVIEMBRE,14,16,0.0487,0.0376,0.0148,2.0439,22,14,0.0134
NOVIEMBRE,14,17,0.0455,0.0414,0.0149,2.0303,24,9,0.013
NOVIEMBRE,14,18,0.0436,0.044,0.015,2.0212,29,7,0.0162
NOVIEMBRE,14,19,0.032,0.0441,0.0132,2.0425,35,7,0.029
NOVIEMBRE,14,20,0.025,0.0426,0.0114,2.0669,41,12,0.0146
NOVIEMBRE,14,21,0.0248,0.04,0.0107,2.0618,36,8,0.0106
NOVIEMBRE,14,22,0.0255,0.0368,0.0082,2.0614,33,4,0.014
NOVIEMBRE,14,23,0.0269,0.034,0.0085,2.0556,30,2,0.0131
NOVIEMBRE,15,0,0.0294,0.0316,0.0092,2.0354,26,2,0.0068
NOVIEMBRE,15,1,0.0303,0.0297,0.0092,2.0141,24,4,0.005
NOVIEMBRE,15,2,0.0278,0.0277,0.0092,1.9873,18,5,0.0052
NOVIEMBRE,15,3,0.0245,0.0268,0.0091,1.9375,13,3,0.0121
NOVIEMBRE,15,4,0.0147,0.0255,0.0092,1.8881,15,2,0.0258
NOVIEMBRE,15,5,0.008,0.0234,0.0094,1.8741,20,5,0.039
NOVIEMBRE,15,6,0.0198,0.0227,0.0097,1.8654,21,8,0.0106
NOVIEMBRE,15,7,0.0153,0.0212,0.0095,1.8683,19,8,0.0161
NOVIEMBRE,15,8,0.0091,0.0187,0.0092,1.9017,21,10,0.0326
NOVIEMBRE,15,9,0.015,0.0168,0.0092,1.9474,30,14,0.025
NOVIEMBRE,15,10,0.0286,0.0169,0.0092,1.9842,33,14,0.0125
NOVIEMBRE,15,11,0.0372,0.0184,0.0091,2.0266,27,11,0.0133
NOVIEMBRE,15,12,0.042,0.0219,0.009,2.0583,29,10,0.0126
NOVIEMBRE,15,13,0.0439,0.0264,0.009,2.0863,28,10,0.0132
NOVIEMBRE,15,14,0.0481,0.0299,0.0089,2.1039,27,9,0.0123
NOVIEMBRE,15,15,0.0514,0.0344,0.0087,2.1098,23,9,0.0113
NOVIEMBRE,15,16,0.0491,0.0394,0.0087,2.0914,20,9,0.0118
NOVIEMBRE,15,17,0.0447,0.0431,0.0086,2.0823,22,7,0.0163
NOVIEMBRE,15,18,0.036,0.044,0.0086,2.0878,37,5,0.0189
NOVIEMBRE,15,19,0.0354,0.0438,0.0085,2.068,44,5,0.0141
NOVIEMBRE,15,20,0.0343,0.0429,0.0085,2.0545,40,5,0.0115
NOVIEMBRE,15,21,0.0321,0.0414,0.0082,2.1635,39,3,0.0174
NOVIEMBRE,15,22,0.0218,0.0381,0.0115,2.1707,41,3,0.0304
NOVIEMBRE,15,23,0.024,0.0347,0.0112,2.1683,45,5,0.0178
NOVIEMBRE,16,0,0.0293,0.0322,0.0107,2.1577,32,4,0.0095
NOVIEMBRE,16,1,0.0286,0.0302,0.0106,2.1286,23,3,0.0092
NOVIEMBRE,16,2,0.0206,0.0283,0.0106,2.0904,20,3,0.0256
NOVIEMBRE,16,3,0.0172,0.026,0.0108,2.0744,19,5,0.0245
NOVIEMBRE,16,4,0.0216,0.0244,0.0109,2.0645,17,6,0.0129
NOVIEMBRE,16,5,0.0173,0.0225,0.0104,1.9394,16,6,0.0198
NOVIEMBRE,16,6,0.0069,0.0207,0.0102,1.9344,22,6,0.0345
NOVIEMBRE,16,7,0.0049,0.0183,0.0103,1.9801,25,8,0.0359
NOVIEMBRE,16,8,0.0051,0.0153,0.0104,2.0552,33,10,0.0371
NOVIEMBRE,16,9,0.0088,0.0128,0.0102,2.1371,48,14,0.0339
NOVIEMBRE,16,10,0.0173,0.0124,0.0102,2.2017,59,19,0.0355
NOVIEMBRE,16,11,0.0331,0.0144,0.0108,2.2413,53,23,0.0187
NOVIEMBRE,16,12,0.0424,0.017,0.0109,2.2753,38,17,0.0159
NOVIEMBRE,16,13,0.0473,0.0207,0.0109,2.2966,30,18,0.0167
NOVIEMBRE,16,14,0.0532,0.0265,0.0111,2.2905,31,20,0.0152
NOVIEMBRE,16,15,0.0565,0.033,0.0111,2.2369,25,20,0.0089
NOVIEMBRE,16,16,0.0614,0.04,0.0111,2.1552,24,16,0.0058
NOVIEMBRE,16,17,0.0596,0.0463,0.0112,2.0721,28,14,0.0071
NOVIEMBRE,16,18,0.0554,0.0511,0.0112,2.017,33,13,0.0133
NOVIEMBRE,16,19,0.0162,0.049,0.0112,2.0918,62,14,0.0726
NOVIEMBRE,16,20,0.0025,0.044,0.0113,2.2331,100,19,0.0845
NOVIEMBRE,16,21,0.0043,0.0386,0.0114,2.3801,112,20,0.0825
NOVIEMBRE,16,22,0.0228,0.0348,0.0081,2.4016,108,31,0.0356
NOVIEMBRE,16,23,0.0203,0.0303,0.0073,2.4297,86,23,0.0288
NOVIEMBRE,17,0,0.006,0.0234,0.0072,2.5202,75,22,0.0512
NOVIEMBRE,17,1,0.0031,0.0163,0.0072,2.5843,75,23,0.0526
NOVIEMBRE,17,2,0.0037,0.0099,0.0073,2.608,79,22,0.0542
NOVIEMBRE,17,3,0.0046,0.0084,0.0079,2.5231,79,24,0.0484
NOVIEMBRE,17,4,0.0031,0.0085,0.0091,2.3782,71,27,0.0476
NOVIEMBRE,17,5,0.0023,0.0082,0.0094,2.2323,64,26,0.0465
NOVIEMBRE,17,6,0.002,0.0056,0.0094,2.2342,57,24,0.0413
NOVIEMBRE,17,7,0.0035,0.0035,0.0093,2.2702,59,23,0.0407
NOVIEMBRE,17,8,0.0044,0.0033,0.0095,2.3001,74,27,0.0405
NOVIEMBRE,17,9,0.0064,0.0038,0.0098,2.3343,87,35,0.0389
NOVIEMBRE,17,10,0.0151,0.0052,0.0101,2.3799,87,36,0.04
NOVIEMBRE,17,11,0.0302,0.0084,0.0099,2.3917,74,41,0.026
NOVIEMBRE,17,12,0.044,0.0135,0.0099,2.3845,57,33,0.0181
NOVIEMBRE,17,13,0.0558,0.0202,0.01,2.371,46,27,0.01
NOVIEMBRE,17,14,0.0631,0.0278,0.0099,2.3483,37,28,0.0116
NOVIEMBRE,17,15,0.0659,0.0356,0.0099,2.2986,37,26,0.0135
NOVIEMBRE,17,16,0.062,0.0428,0.0099,2.204,36,20,0.013
NOVIEMBRE,17,17,0.0554,0.0489,0.0099,2.1282,36,17,0.0159
NOVIEMBRE,17,18,0.0509,0.0534,0.0099,2.0911,36,14,0.0284
NOVIEMBRE,17,19,0.0094,0.0508,0.0099,2.271,60,12,0.0906
NOVIEMBRE,17,20,0.0043,0.0458,0.0099,2.5262,112,20,0.0979
NOVIEMBRE,17,21,0.0055,0.0396,0.0099,2.7036,116,32,0.0949
NOVIEMBRE,17,22,0.0068,0.0325,0.0099,2.9288,126,29,0.0778
NOVIEMBRE,17,23,0.0112,0.0257,0.01,2.9896,115,32,0.0592
NOVIEMBRE,18,0,0.0032,0.0183,0.0101,3.0529,113,31,0.0669
NOVIEMBRE,18,1,0.0054,0.0121,0.0102,3.0986,114,35,0.0631
NOVIEMBRE,18,2,0.0063,0.0065,0.0104,3.1154,93,38,0.0554
NOVIEMBRE,18,3,0.0046,0.0059,0.0097,2.9522,84,36,0.0579
NOVIEMBRE,18,4,0.0085,0.0064,0.0093,2.723,93,37,0.0547
NOVIEMBRE,18,5,0.0033,0.0062,0.0113,2.5783,108,59,0.0615
NOVIEMBRE,18,6,0.0027,0.0056,0.0131,2.4022,98,56,0.0562
NOVIEMBRE,18,7,0.002,0.0045,0.0136,2.4073,84,49,0.0558
NOVIEMBRE,18,8,0.004,0.0046,0.0137,2.4255,84,40,0.0478
NOVIEMBRE,18,9,0.0106,0.0052,0.0137,2.4609,96,37,0.0415
NOVIEMBRE,18,10,0.0184,0.0068,0.014,2.4816,88,37,0.0397
NOVIEMBRE,18,11,0.0298,0.0099,0.0146,2.4929,82,41,0.035
NOVIEMBRE,18,12,0.0421,0.0141,0.0149,2.4929,68,36,0.0214
NOVIEMBRE,18,13,0.0518,0.0202,0.0151,2.4856,52,29,0.0164
NOVIEMBRE,18,14,0.0601,0.0273,0.0153,2.4636,43,29,0.02
NOVIEMBRE,18,15,0.0673,0.0355,0.0153,2.4171,51,27,0.0199
NOVIEMBRE,18,16,0.0704,0.0438,0.0154,2.3557,114,24,0.0231
NOVIEMBRE,18,17,0.0675,0.0509,0.0154,2.2967,120,21,0.0263
NOVIEMBRE,18,18,0.0478,0.0546,0.0155,2.3284,91,21,0.0558
NOVIEMBRE,18,19,0.0284,0.0544,0.0156,2.4315,110,20,0.0597
NOVIEMBRE,18,20,0.033,0.0533,0.0162,2.4964,108,22,0.0188
NOVIEMBRE,18,21,0.0227,0.0497,0.0173,2.5143,89,12,0.0297
NOVIEMBRE,18,22,0.0322,0.0462,0.0174,2.4919,75,8,0.0102
NOVIEMBRE,18,23,0.0305,0.0416,0.0173,2.4706,56,8,0.0086
NOVIEMBRE,19,0,0.0313,0.0367,0.0173,2.4402,45,7,0.0051
NOVIEMBRE,19,1,0.0329,0.0323,0.0172,2.404,40,6,0.0038
NOVIEMBRE,19,2,0.034,0.0306,0.0169,2.3053,32,8,0.003
NOVIEMBRE,19,3,0.032,0.0311,0.0168,2.1431,203,10,0.0035
NOVIEMBRE,19,4,0.0308,0.0308,0.0157,2.0366,113,10,0.0073
NOVIEMBRE,19,5,0.0285,0.0315,0.0138,1.9916,67,13,0.0076
NOVIEMBRE,19,6,0.024,0.0305,0.0118,1.9885,41,12,0.009
NOVIEMBRE,19,7,0.0169,0.0288,0.0112,2.0074,27,10,0.0175
NOVIEMBRE,19,8,0.013,0.0265,0.0109,2.0567,25,8,0.0216
NOVIEMBRE,19,9,0.0201,0.0249,0.0106,2.0972,23,8,0.0154
NOVIEMBRE,19,10,0.0272,0.0241,0.0098,2.1257,36,7,0.0087
NOVIEMBRE,19,11,0.0296,0.0237,0.0089,2.1516,55,7,0.0093
NOVIEMBRE,19,12,0.0326,0.024,0.0084,2.1746,66,7,0.0097
NOVIEMBRE,19,13,0.0362,0.0249,0.0081,2.1908,69,7,0.0089
NOVIEMBRE,19,14,0.0382,0.0267,0.0079,2.2131,63,9,0.0124
NOVIEMBRE,19,15,0.0407,0.0297,0.0078,2.2124,56,14,0.0126
NOVIEMBRE,19,16,0.0416,0.0332,0.0077,2.1794,49,17,0.0113
NOVIEMBRE,19,17,0.0361,0.0353,0.0076,2.1702,48,15,0.0137
NOVIEMBRE,19,18,0.0303,0.0356,0.0075,2.1704,53,13,0.0164
NOVIEMBRE,19,19,0.0222,0.0347,0.0074,2.1969,60,10,0.0206
NOVIEMBRE,19,20,0.0195,0.0331,0.0067,2.2124,56,8,0.0183
NOVIEMBRE,19,21,0.0199,0.0311,0.0055,2.2158,46,6,0.0153
NOVIEMBRE,19,22,0.0225,0.0291,0.0055,2.1951,38,4,0.0104
NOVIEMBRE,19,23,0.0233,0.0269,0.0055,2.1774,32,3,0.0072
NOVIEMBRE,20,0,0.023,0.0246,0.0055,2.1619,26,2,0.0073
NOVIEMBRE,20,1,0.0239,0.0231,0.0054,2.1332,17,3,0.0076
NOVIEMBRE,20,2,0.0229,0.0222,0.0055,2.1065,11,4,0.01
NOVIEMBRE,20,3,0.0241,0.0224,0.0058,2.0562,9,3,0.0054
NOVIEMBRE,20,4,0.0211,0.0226,0.0058,2.0206,8,2,0.0108
NOVIEMBRE,20,5,0.0118,0.0216,0.0054,2.0066,10,2,0.02
NOVIEMBRE,20,6,0.0071,0.0196,0.0054,2.0098,12,3,0.0221
NOVIEMBRE,20,7,0.0039,0.0172,0.0059,2.0377,19,5,0.0276
NOVIEMBRE,20,8,0.0046,0.0149,0.0065,2.1002,25,8,0.0284
NOVIEMBRE,20,9,0.0104,0.0132,0.007,2.165,33,11,0.024
NOVIEMBRE,20,10,0.0216,0.0131,0.0074,2.2052,36,15,0.0146
NOVIEMBRE,20,11,0.0266,0.0134,0.0075,2.2462,29,11,0.0126
NOVIEMBRE,20,12,0.035,0.0151,0.0076,2.2661,26,11,0.0084
NOVIEMBRE,20,13,0.0409,0.0188,0.0077,2.2814,22,16,0.0098
NOVIEMBRE,20,14,0.0474,0.0238,0.0082,2.3277,19,19,0.0116
NOVIEMBRE,20,15,0.0494,0.0295,0.009,2.302,17,18,0.0059
NOVIEMBRE,20,16,0.0511,0.0353,0.0091,2.252,28,12,0.009
NOVIEMBRE,20,17,0.0535,0.0407,0.0091,2.2058,41,11,0.0113
NOVIEMBRE,20,18,0.0514,0.0444,0.0091,2.1888,38,10,0.0166
NOVIEMBRE,20,19,0.0217,0.0438,0.0091,2.2369,55,10,0.0604
NOVIEMBRE,20,20,0.0074,0.0403,0.0092,2.3531,80,15,0.0757
NOVIEMBRE,20,21,0.0025,0.0355,0.0092,2.5678,94,19,0.0764
NOVIEMBRE,20,22,0.0115,0.0311,0.0091,2.5935,93,21,0.0399
NOVIEMBRE,20,23,0.01,0.0261,0.0096,2.6313,76,19,0.0265
NOVIEMBRE,21,0,0.0109,0.0211,0.0098,2.6465,63,14,0.021
NOVIEMBRE,21,1,0.0118,0.0159,0.0099,2.6494,55,13,0.0172
NOVIEMBRE,21,2,0.0161,0.0115,0.0098,2.6376,40,11,0.0096
NOVIEMBRE,21,3,0.017,0.0109,0.0095,2.5546,27,9,0.0072
NOVIEMBRE,21,4,0.0125,0.0115,0.0095,2.4254,18,8,0.0106
NOVIEMBRE,21,5,0.0116,0.0127,0.0097,2.1975,18,7,0.0111
NOVIEMBRE,21,6,0.0092,0.0124,0.0101,2.1311,17,8,0.0152
NOVIEMBRE,21,7,0.0043,0.0117,0.0099,2.1136,19,10,0.0218
NOVIEMBRE,21,8,0.0033,0.0107,0.0094,2.1434,29,10,0.0251
NOVIEMBRE,21,9,0.0092,0.0104,0.0092,2.1748,34,11,0.0191
NOVIEMBRE,21,10,0.0185,0.0107,0.0093,2.2033,28,16,0.0112
NOVIEMBRE,21,11,0.025,0.0117,0.0093,2.2341,24,15,0.0113
NOVIEMBRE,21,12,0.0338,0.0144,0.0093,2.2594,20,15,0.0102
NOVIEMBRE,21,13,0.043,0.0183,0.0094,2.2725,20,15,0.0097
NOVIEMBRE,21,14,0.0523,0.0237,0.0093,2.2868,20,19,0.0113
NOVIEMBRE,21,15,0.0568,0.0302,0.0095,2.2804,20,22,0.0081
NOVIEMBRE,21,16,0.0608,0.0374,0.0097,2.2329,23,17,0.0071
NOVIEMBRE,21,17,0.0577,0.0435,0.01,2.1958,27,14,0.0097
NOVIEMBRE,21,18,0.0532,0.0478,0.0101,2.1817,31,12,0.0139
NOVIEMBRE,21,19,0.0185,0.047,0.0102,2.287,42,12,0.0652
NOVIEMBRE,21,20,0.0037,0.0432,0.0103,2.3797,72,17,0.079
NOVIEMBRE,21,21,0.002,0.0381,0.0103,2.6479,91,22,0.0756
NOVIEMBRE,21,22,0.0024,0.0319,0.0104,2.8005,125,25,0.066
NOVIEMBRE,21,23,0.0131,0.0264,0.0101,2.8391,111,28,0.0328
NOVIEMBRE,22,0,0.0202,0.0213,0.0099,2.8524,80,21,0.0182
NOVIEMBRE,22,1,0.0252,0.0173,0.0099,2.8474,56,17,0.009
NOVIEMBRE,22,2,0.0239,0.0136,0.0099,2.8287,40,13,0.0094
NOVIEMBRE,22,3,0.0205,0.0139,0.0099,2.6916,30,9,0.0124
NOVIEMBRE,22,4,0.0206,0.016,0.0099,2.5722,27,5,0.0124
NOVIEMBRE,22,5,0.0159,0.0177,0.0099,2.2892,27,6,0.018
NOVIEMBRE,22,6,0.012,0.0189,0.0097,2.1248,27,9,0.0216
NOVIEMBRE,22,7,0.0081,0.0183,0.0099,2.1069,29,8,0.0265
NOVIEMBRE,22,8,0.0092,0.0169,0.0102,2.1324,36,8,0.0263
NOVIEMBRE,22,9,0.0216,0.0165,0.0101,2.1694,36,15,0.0149
NOVIEMBRE,22,10,0.0286,0.0171,0.0096,2.1949,44,16,0.0086
NOVIEMBRE,22,11,0.0298,0.0182,0.0095,2.2203,50,14,0.0082
NOVIEMBRE,22,12,0.0332,0.0198,0.0094,2.2448,48,13,0.0089
NOVIEMBRE,22,13,0.0365,0.0224,0.0092,2.2724,47,13,0.0101
NOVIEMBRE,22,14,0.0386,0.0257,0.0088,2.2889,43,17,0.0127
NOVIEMBRE,22,15,0.0407,0.0298,0.0079,2.2771,38,17,0.0136
NOVIEMBRE,22,16,0.0428,0.034,0.0075,2.257,32,16,0.0132
NOVIEMBRE,22,17,0.037,0.0359,0.0073,2.255,52,29,0.0147
NOVIEMBRE,22,18,0.0341,0.0366,0.0074,2.2558,50,20,0.0142
NOVIEMBRE,22,19,0.0282,0.0364,0.0073,2.2868,63,16,0.016
NOVIEMBRE,22,20,0.0214,0.0349,0.0074,2.4055,52,12,0.0198
NOVIEMBRE,22,21,0.0191,0.0327,0.0092,2.4228,50,10,0.0171
NOVIEMBRE,22,22,0.0223,0.0307,0.0093,2.4221,41,9,0.0099
NOVIEMBRE,22,23,0.0215,0.0283,0.0091,2.4129,32,5,0.0093
NOVIEMBRE,23,0,0.0237,0.0259,0.0091,2.3968,24,4,0.0092
NOVIEMBRE,23,1,0.0279,0.0248,0.0097,2.3641,20,5,0.0088
NOVIEMBRE,23,2,0.0248,0.0236,0.0097,2.3388,15,6,0.0055
NOVIEMBRE,23,3,0.0231,0.023,0.0097,2.2869,10,5,0.0102
NOVIEMBRE,23,4,0.0338,0.0245,0.01,2.1467,9,4,0.0052
NOVIEMBRE,23,5,0.0323,0.0262,0.0098,2.1042,8,4,0.0066
NOVIEMBRE,23,6,0.0247,0.0265,0.0095,2.0821,7,4,0.0049
NOVIEMBRE,23,7,0.0212,0.0264,0.0091,2.0839,10,5,0.0109
NOVIEMBRE,23,8,0.0195,0.0259,0.0086,2.1144,14,5,0.0143
NOVIEMBRE,23,9,0.0222,0.0252,0.0084,2.1467,18,7,0.0126
NOVIEMBRE,23,10,0.0258,0.0253,0.0084,2.1761,21,7,0.0106
NOVIEMBRE,23,11,0.028,0.0259,0.0083,2.211,21,6,0.011
NOVIEMBRE,23,12,0.0307,0.0255,0.0083,2.2456,21,8,0.0113
NOVIEMBRE,23,13,0.0363,0.026,0.0084,2.2753,21,10,0.0114
NOVIEMBRE,23,14,0.0442,0.0285,0.0084,2.2994,21,14,0.0108
NOVIEMBRE,23,15,0.0493,0.032,0.0085,2.3092,21,16,0.0109
NOVIEMBRE,23,16,0.0515,0.036,0.0088,2.2918,21,15,0.0104
NOVIEMBRE,23,17,0.05,0.0395,0.0088,2.2832,28,15,0.0163
NOVIEMBRE,23,18,0.0337,0.0404,0.0088,2.3143,39,17,0.0392
NOVIEMBRE,23,19,0.019,0.0393,0.0089,2.3552,52,19,0.0602
NOVIEMBRE,23,20,0.0271,0.0389,0.0087,2.4324,77,23,0.0685
NOVIEMBRE,23,21,0.0222,0.0371,0.0069,2.4799,83,24,0.0408
NOVIEMBRE,23,22,0.0291,0.0352,0.0067,2.4931,74,23,0.0228
NOVIEMBRE,23,23,NA,0.0332,0.0067,2.5048,62,18,0.0206
NOVIEMBRE,24,0,0.0361,0.031,0.0066,2.5033,52,16,0.0223
NOVIEMBRE,24,1,0.0158,0.0261,0.0061,2.4856,41,16,0.0193
NOVIEMBRE,24,2,0.0189,0.024,0.0061,2.431,32,15,0.0114
NOVIEMBRE,24,3,0.0209,0.0243,0.006,2.3563,26,13,0.0089
NOVIEMBRE,24,4,0.018,0.023,0.0058,2.2458,21,9,0.0081
NOVIEMBRE,24,5,0.0126,0.0216,0.0057,2.1722,20,9,0.015
NOVIEMBRE,24,6,0.0127,0.0193,0.0057,2.1406,20,10,0.019
NOVIEMBRE,24,7,0.0039,0.0174,0.0058,2.1472,19,7,0.029
NOVIEMBRE,24,8,0.0029,0.0132,0.0058,2.2085,31,14,0.0324
NOVIEMBRE,24,9,0.0079,0.0122,0.006,2.2609,41,16,0.0262
NOVIEMBRE,24,10,0.0149,0.0117,0.0067,2.3128,48,22,0.0246
NOVIEMBRE,24,11,0.0272,0.0125,0.0071,2.3632,41,22,0.0264
NOVIEMBRE,24,12,0.0414,0.0154,0.0076,2.3835,37,24,0.0082
NOVIEMBRE,24,13,0.0444,0.0194,0.0078,2.3937,27,25,0.0068
NOVIEMBRE,24,14,0.0462,0.0236,0.0078,2.4028,22,21,0.0073
NOVIEMBRE,24,15,0.0557,0.0301,0.0077,2.3731,24,21,0.0049
NOVIEMBRE,24,16,0.0477,0.0357,0.0075,2.3043,22,15,0.0049
NOVIEMBRE,24,17,0.043,0.0401,0.0072,2.2563,28,11,0.0082
NOVIEMBRE,24,18,0.0288,0.0418,0.0071,2.2287,39,9,0.0166
NOVIEMBRE,24,19,0.0229,0.0413,0.007,2.2138,43,8,0.0231
NOVIEMBRE,24,20,0.0187,0.0384,0.007,2.2329,40,9,0.0262
NOVIEMBRE,24,21,0.0154,0.0348,0.0069,2.2636,36,10,0.0306
NOVIEMBRE,24,22,0.0158,0.031,0.0069,2.2804,39,10,0.0241
NOVIEMBRE,24,23,0.0147,0.0259,0.0069,2.297,36,9,0.0214
NOVIEMBRE,25,0,0.0094,0.0211,0.0068,2.3338,34,9,0.0288
NOVIEMBRE,25,1,0.0096,0.0169,0.0068,2.3566,34,11,0.0382
NOVIEMBRE,25,2,0.0278,0.0168,0.0068,2.3479,29,14,0.0291
NOVIEMBRE,25,3,0.0144,0.0157,0.0068,2.3356,27,11,0.0265
NOVIEMBRE,25,4,0.0053,0.014,0.0068,2.3186,33,17,0.0311
NOVIEMBRE,25,5,0.0028,0.0125,0.0068,2.2982,33,18,0.0364
NOVIEMBRE,25,6,0.0016,0.0107,0.0069,2.2944,41,18,0.0339
NOVIEMBRE,25,7,0.0033,0.0093,0.0074,2.3208,48,20,0.0297
NOVIEMBRE,25,8,0.003,0.0085,0.0079,2.4223,57,23,0.0321
NOVIEMBRE,25,9,0.0051,0.0079,0.008,2.4749,66,30,0.0345
NOVIEMBRE,25,10,0.0108,0.0058,0.008,2.5191,71,30,0.0377
NOVIEMBRE,25,11,0.0287,0.0076,0.0082,2.5566,62,32,0.0276
NOVIEMBRE,25,12,0.039,0.0118,0.008,2.5754,48,31,0.0204
NOVIEMBRE,25,13,0.0415,0.0166,0.0081,2.5785,38,29,0.0121
NOVIEMBRE,25,14,0.0473,0.0223,0.0082,2.5805,70,23,0.0162
NOVIEMBRE,25,15,0.0487,0.028,0.0082,2.5469,49,21,0.0119
NOVIEMBRE,25,16,0.0361,0.0322,0.0083,2.4253,35,18,0.0128
NOVIEMBRE,25,17,0.0412,0.0367,0.0083,2.3521,29,14,0.0075
NOVIEMBRE,25,18,0.0411,0.0405,0.0083,2.2996,28,11,0.0081
NOVIEMBRE,25,19,0.0185,0.0392,0.0084,2.3089,48,10,0.0493
NOVIEMBRE,25,20,0.005,0.0349,0.0084,2.4074,71,19,0.0745
NOVIEMBRE,25,21,0.0027,0.0301,0.0085,2.6055,106,27,0.0729
NOVIEMBRE,25,22,0.012,0.0257,0.0086,2.6469,122,29,0.0364
NOVIEMBRE,25,23,0.0146,0.0214,0.0086,2.666,89,22,0.0299
NOVIEMBRE,26,0,0.023,0.0198,0.0086,2.6608,66,17,0.0158
NOVIEMBRE,26,1,0.0269,0.018,0.0087,2.6498,53,14,0.0058
NOVIEMBRE,26,2,0.0302,0.0166,0.0087,2.6404,39,12,0.0038
NOVIEMBRE,26,3,0.031,0.0182,0.0087,2.5724,30,10,0.0026
NOVIEMBRE,26,4,0.0322,0.0216,0.0087,2.4349,23,7,0.0022
NOVIEMBRE,26,5,0.0316,0.0252,0.0087,2.211,22,8,0.0037
NOVIEMBRE,26,6,0.0282,0.0272,0.0086,2.1444,20,16,0.0065
NOVIEMBRE,26,7,0.0235,0.0283,0.008,2.1277,22,15,0.0142
NOVIEMBRE,26,8,0.0199,0.0279,0.0075,2.1517,28,14,0.0227
NOVIEMBRE,26,9,0.0275,0.028,0.0072,2.2002,38,17,0.0199
NOVIEMBRE,26,10,0.0324,0.0283,0.0064,2.2338,42,26,0.0138
NOVIEMBRE,26,11,0.0352,0.0288,0.0059,2.2703,65,22,0.0145
NOVIEMBRE,26,12,0.0381,0.0296,0.0056,2.3143,57,21,0.0188
NOVIEMBRE,26,13,0.0456,0.0313,0.0054,2.3533,50,24,0.0159
NOVIEMBRE,26,14,0.0537,0.0345,0.0054,2.3778,42,24,0.0136
NOVIEMBRE,26,15,0.0569,0.0387,0.0054,2.3898,40,19,0.0161
NOVIEMBRE,26,16,0.056,0.0432,0.0054,2.3858,45,20,0.018
NOVIEMBRE,26,17,0.0527,0.0463,0.0054,2.3828,36,19,0.0215
NOVIEMBRE,26,18,0.0485,0.0483,0.0055,2.4151,NA,16,0.0338
NOVIEMBRE,26,19,0.032,0.0479,0.0055,2.46,NA,18,0.0401
NOVIEMBRE,26,20,0.0214,0.0458,0.0055,2.4756,NA,20,0.0258
NOVIEMBRE,26,21,0.0182,0.0424,0.0055,2.4859,NA,10,0.0181
NOVIEMBRE,26,22,0.0183,0.038,0.0054,2.4883,NA,5,0.0139
NOVIEMBRE,26,23,0.0195,0.0333,0.0054,2.4768,NA,4,0.0096
NOVIEMBRE,27,0,0.0207,0.0289,0.0053,2.4555,NA,5,0.0074
NOVIEMBRE,27,1,0.0204,0.0248,0.0053,2.4158,NA,5,0.0056
NOVIEMBRE,27,2,0.0189,0.0212,0.0053,2.3557,NA,5,0.0085
NOVIEMBRE,27,3,0.0169,0.0193,0.0053,2.2786,NA,6,0.007
NOVIEMBRE,27,4,0.0162,0.0186,0.0053,2.2247,NA,7,0.0072
NOVIEMBRE,27,5,0.0132,0.018,0.0053,2.1849,NA,4,0.0136
NOVIEMBRE,27,6,0.0081,0.0167,0.0053,2.1627,NA,4,0.0176
NOVIEMBRE,27,7,0.0059,0.015,0.0057,2.1725,NA,6,0.0198
NOVIEMBRE,27,8,0.0027,0.0128,0.0058,2.2122,NA,5,0.0248
NOVIEMBRE,27,9,0.0062,0.011,0.007,2.2661,NA,10,0.0215
NOVIEMBRE,27,10,0.0144,0.0105,0.0075,2.3209,NA,11,0.0165
NOVIEMBRE,27,11,0.0248,0.0115,0.0077,2.3658,1,11,0.0145
NOVIEMBRE,27,12,0.0403,0.0145,0.008,2.3893,1,12,0.0106
NOVIEMBRE,27,13,0.0485,0.0189,0.0081,2.4059,1,17,0.009
NOVIEMBRE,27,14,0.0459,0.0236,0.008,2.4173,1,24,0.0063
NOVIEMBRE,27,15,0.0475,0.0288,0.008,2.4009,1,24,0.0055
NOVIEMBRE,27,16,0.0534,0.0351,0.0079,2.3587,1,20,0.0054
NOVIEMBRE,27,17,0.053,0.041,0.0079,2.3115,1,18,0.0062
NOVIEMBRE,27,18,0.0417,0.0444,0.0078,2.2676,1,19,0.0098
NOVIEMBRE,27,19,0.0126,0.0429,0.0077,2.2697,1,18,0.0491
NOVIEMBRE,27,20,0.006,0.0386,0.0077,2.3063,1,20,0.0519
NOVIEMBRE,27,21,0.0087,0.0336,0.0077,2.3629,1,22,0.0462
NOVIEMBRE,27,22,0.0172,0.03,0.0077,2.4051,1,23,0.0305
NOVIEMBRE,27,23,0.0214,0.0267,0.0077,2.4243,1,23,0.0185
NOVIEMBRE,28,0,0.0151,0.022,0.0077,2.4428,NA,20,0.0196
NOVIEMBRE,28,1,0.0097,0.0165,0.0077,2.4638,NA,20,0.0244
NOVIEMBRE,28,2,0.0043,0.0119,0.0077,2.5034,NA,19,0.0334
NOVIEMBRE,28,3,0.002,0.0106,0.0077,2.5275,NA,21,0.0331
NOVIEMBRE,28,4,0.0032,0.0102,0.0077,2.5276,NA,25,0.0328
NOVIEMBRE,28,5,0.002,0.0094,0.0078,2.501,NA,29,0.0339
NOVIEMBRE,28,6,0.0031,0.0076,0.0078,2.487,NA,33,0.0352
NOVIEMBRE,28,7,0.0022,0.0052,0.0078,2.5085,NA,33,0.0379
NOVIEMBRE,28,8,0.0035,0.0038,0.0077,2.5522,NA,33,0.0354
NOVIEMBRE,28,9,0.0079,0.0035,0.0069,2.5972,NA,37,0.0334
NOVIEMBRE,28,10,0.0205,0.0056,0.0086,2.6137,NA,44,0.0282
NOVIEMBRE,28,11,0.0338,0.0095,0.0092,2.5817,NA,44,0.0172
NOVIEMBRE,28,12,0.0452,0.0148,0.0093,2.5521,NA,40,0.0095
NOVIEMBRE,28,13,0.0646,0.0226,0.0093,2.5929,NA,29,0.0151
NOVIEMBRE,28,14,0.0837,0.0327,0.0105,2.6507,NA,30,0.0147
NOVIEMBRE,28,15,0.0754,0.0418,0.0127,2.6617,NA,36,0.0136
NOVIEMBRE,28,16,0.067,0.0498,0.0137,2.6483,NA,36,0.017
NOVIEMBRE,28,17,0.0751,0.0582,0.0145,2.6301,NA,31,0.0112
NOVIEMBRE,28,18,0.0616,0.0633,0.0155,2.6116,NA,27,0.0166
NOVIEMBRE,28,19,0.0313,0.063,0.0159,2.6521,NA,26,0.0509
NOVIEMBRE,28,20,0.0213,0.06,0.0162,2.7053,NA,27,0.0533
NOVIEMBRE,28,21,0.0159,0.0539,0.0163,2.7072,NA,29,0.0513
NOVIEMBRE,28,22,0.016,0.0454,0.0165,2.6561,NA,27,0.0259
NOVIEMBRE,28,23,0.0202,0.0386,0.0165,2.616,NA,22,0.0126
NOVIEMBRE,29,0,0.0244,0.0332,0.0166,2.5699,NA,16,0.0052
NOVIEMBRE,29,1,0.0246,0.0269,0.0166,2.5159,NA,12,0.0033
NOVIEMBRE,29,2,0.0247,0.0223,0.0166,2.4717,NA,8,0.0034
NOVIEMBRE,29,3,0.025,0.0215,0.0166,2.3962,NA,6,0.003
NOVIEMBRE,29,4,0.0262,0.0221,0.0166,2.3147,NA,6,0.0037
NOVIEMBRE,29,5,0.0273,0.0235,0.0165,2.2256,NA,7,0.005
NOVIEMBRE,29,6,0.0259,0.0248,0.0165,2.1816,NA,8,0.0069
NOVIEMBRE,29,7,0.0196,0.0247,0.0161,2.1874,NA,9,0.0161
NOVIEMBRE,29,8,0.0112,0.0231,0.016,2.2355,NA,11,0.028
NOVIEMBRE,29,9,0.018,0.0222,0.0156,2.2821,NA,14,0.0186
NOVIEMBRE,29,10,0.0297,0.0229,0.0134,2.3182,NA,16,0.0114
NOVIEMBRE,29,11,0.0347,0.0241,0.0126,2.3544,NA,15,0.012
NOVIEMBRE,29,12,0.0382,0.0256,0.0122,2.3903,NA,15,0.0127
NOVIEMBRE,29,13,0.0444,0.0277,0.012,2.422,NA,18,0.0128
NOVIEMBRE,29,14,0.0502,0.0308,0.0107,2.3489,NA,22,0.0127
NOVIEMBRE,29,15,0.0577,0.0355,0.0086,2.2304,NA,22,0.0127
NOVIEMBRE,29,16,0.0607,0.0417,0.0076,2.092,NA,21,0.0175
NOVIEMBRE,29,17,0.0623,0.0472,0.0073,1.9621,NA,21,0.0163
NOVIEMBRE,29,18,0.0468,0.0494,0.0069,1.8689,NA,21,0.0351
NOVIEMBRE,29,19,0.0089,0.0462,0.0066,1.9032,NA,24,0.0901
NOVIEMBRE,29,20,0.0079,0.0424,0.0064,1.9097,NA,29,0.0725
NOVIEMBRE,29,21,0.0181,0.0391,0.0063,1.8484,NA,23,0.0346
NOVIEMBRE,29,22,0.0183,0.0351,0.0075,1.8447,NA,18,0.0194
NOVIEMBRE,29,23,0.0236,0.0308,0.0076,1.8468,NA,15,0.0116
NOVIEMBRE,30,0,0.0249,0.0264,0.0076,1.8225,NA,13,0.0079
NOVIEMBRE,30,1,0.0225,0.0214,0.0075,1.7954,NA,10,0.008
NOVIEMBRE,30,2,0.0198,0.018,0.0075,1.7399,NA,9,0.0087
NOVIEMBRE,30,3,0.0194,0.0193,0.0077,1.5577,23,9,0.0087
NOVIEMBRE,30,4,0.0169,0.0204,0.008,1.4053,21,8,0.011
NOVIEMBRE,30,5,0.0102,0.0194,0.0083,1.332,22,9,0.0203
NOVIEMBRE,30,6,0.0064,0.018,0.0085,1.312,24,13,0.0253
NOVIEMBRE,30,7,0.0025,0.0153,0.0091,1.3381,28,16,0.0321
NOVIEMBRE,30,8,0.0031,0.0126,0.0095,1.3949,38,19,0.0283
NOVIEMBRE,30,9,0.0061,0.0106,0.0096,1.4561,39,20,0.0257
NOVIEMBRE,30,10,0.0126,0.0097,0.0101,1.5195,47,21,0.026
NOVIEMBRE,30,11,0.0229,0.0101,0.0104,1.5769,50,22,0.0237
NOVIEMBRE,30,12,0.0364,0.0125,0.0105,1.6078,45,21,0.0152
NOVIEMBRE,30,13,0.0465,0.0171,0.0106,1.6234,44,25,0.0139
NOVIEMBRE,30,14,0.0556,0.0232,0.0106,1.6273,41,29,0.0132
NOVIEMBRE,30,15,0.062,0.0307,0.0106,1.6073,37,24,0.0122
NOVIEMBRE,30,16,0.0699,0.039,0.0107,1.5605,38,21,0.0088
NOVIEMBRE,30,17,0.0685,0.0468,0.0103,1.5143,46,23,0.0103
NOVIEMBRE,30,18,0.0605,0.0528,0.0099,1.4728,45,22,0.0175
NOVIEMBRE,30,19,0.0189,0.0523,0.0099,1.5329,71,22,0.0742
NOVIEMBRE,30,20,0.0025,0.048,0.0099,1.7195,109,25,0.0914
NOVIEMBRE,30,21,0.0029,0.0426,0.0099,2.0181,166,36,0.0837
NOVIEMBRE,30,22,0.0034,0.0361,0.0086,2.3603,198,50,0.0802
NOVIEMBRE,30,23,0.005,0.0289,0.0087,2.431,208,64,0.0605
