DATOS HORARIOS 2017_CRUZ ROJA,,,,,,,,,,,,,
,,,,,,,,,,,,,
MES,DIA,HORA,O3,SO2,CO,NO2,PM10,WS,WD,TEMP,HR,PBAR,PM2.5
OCT,1,0,NA,105.78,NA,14.32,15.02,2.57,96.05,18.93,73.36,623.94,NA
OCT,1,1,NA,87.82,NA,14.21,26.3,2.06,91.17,18.4,76.44,623.83,NA
OCT,1,2,NA,47.03,NA,9.45,21.69,1.92,98.33,18.29,76.85,623.56,NA
OCT,1,3,NA,48.45,NA,11.91,22.28,1.35,99.94,18.35,77.61,623.3,NA
OCT,1,4,NA,45.32,NA,13.04,24.34,1.63,78.93,18.61,76.55,622.89,NA
OCT,1,5,NA,8.5,NA,17.04,20.48,1.05,260.75,18.17,78.85,622.64,NA
OCT,1,6,NA,7.9,NA,16.38,15.72,1.1,163.42,18.43,78.24,622.86,NA
OCT,1,7,NA,23.74,NA,16.46,28.65,1.56,93.38,18.63,77.49,622.93,NA
OCT,1,8,NA,64.7,NA,10.68,16.81,2.13,72.7,19.27,75.35,623.2,NA
OCT,1,9,NA,44.04,NA,9.5,17.9,2.49,74.31,19.85,73.35,623.52,NA
OCT,1,10,NA,38.18,NA,12.34,23.05,2.92,94.38,20.56,72.51,623.58,NA
OCT,1,11,NA,37.56,NA,4.63,16.09,3.35,75.87,22.05,64.62,623.61,NA
OCT,1,12,NA,34.67,NA,5.67,9.96,2.71,75.65,23.56,59.74,623.33,NA
OCT,1,13,NA,15.01,NA,3.98,11.01,4,61.65,23.65,59.37,622.65,NA
OCT,1,14,NA,10.3,NA,3.56,13.16,3.07,54.39,24.6,57.83,621.76,NA
OCT,1,15,NA,9.59,NA,3.68,11.63,3.95,62.57,25.31,54.7,620.97,NA
OCT,1,16,NA,3.01,NA,3.05,10.36,3.61,54.52,25.45,53.47,620.46,NA
OCT,1,17,NA,3.21,NA,2.88,9.61,3.98,52.21,25.57,52.28,620.26,NA
OCT,1,18,NA,2.76,NA,3.17,18.55,5.13,53.66,24.22,57.02,620.53,NA
OCT,1,19,NA,1.96,NA,5.05,14.35,4.54,56.27,22.52,62.38,621.14,NA
OCT,1,20,NA,1.81,NA,6.39,9.84,4.04,57.99,21.51,64.76,621.63,NA
OCT,1,21,NA,1.67,NA,4.9,12.41,2.52,54.39,21.08,66.04,622.21,NA
OCT,1,22,NA,1.93,NA,6.89,6.66,1.94,57.5,20.76,67.74,622.71,NA
OCT,1,23,NA,5.06,NA,8.37,13.11,1.46,63.14,20.43,69.91,622.95,NA
OCT,2,0,NA,3.18,NA,9.44,13.54,1.09,69.72,20.08,71.72,622.93,NA
OCT,2,1,NA,2.31,NA,7.5,15.53,1.95,55.39,19.68,72.61,622.69,NA
OCT,2,2,NA,4.52,NA,7.32,7.24,2.37,54.11,19.34,73.18,622.49,NA
OCT,2,3,NA,74.35,NA,9.37,14.51,1.8,75.12,18.99,74.9,622.08,NA
OCT,2,4,NA,73.47,NA,12.03,18.39,1.11,81.45,18.64,76.34,621.6,NA
OCT,2,5,NA,32.18,NA,11.37,23.72,1.33,78.56,18.1,77.5,621.43,NA
OCT,2,6,NA,64.07,NA,17.38,20.49,1.31,98.98,17.84,78.86,621.59,NA
OCT,2,7,NA,48.39,NA,21.7,39.44,1.43,110.55,17.85,78.73,621.75,NA
OCT,2,8,NA,38.31,NA,22.48,45.31,0.95,244.89,19.26,74.09,622,NA
OCT,2,9,NA,41.9,NA,15.66,77.41,2.75,83.49,21.08,66.49,622.31,NA
OCT,2,10,NA,37.59,NA,4.93,32.61,4.6,63.43,21.63,62.86,622.56,NA
OCT,2,11,NA,26.94,NA,5.34,18.3,4,65.23,21.73,62.91,622.71,NA
OCT,2,12,NA,24.73,NA,5.84,9.97,4.35,59.21,22.88,57.46,622.58,NA
OCT,2,13,NA,42.08,NA,8.35,13.16,3.64,77.96,24.45,52.02,622.02,NA
OCT,2,14,NA,30.85,NA,6.53,20,3.29,69.17,25.21,50.53,621.15,NA
OCT,2,15,NA,32.26,NA,6.85,18.86,2.39,76.73,26.3,47.32,620.62,NA
OCT,2,16,NA,28.67,NA,4.22,13.31,3.3,67.52,26.46,47.13,620.14,NA
OCT,2,17,NA,5.56,NA,4.55,9.47,3.37,62.1,26.88,46.91,619.88,NA
OCT,2,18,NA,7.3,NA,5.96,24.18,4.14,51.8,25.41,51.6,619.84,NA
OCT,2,19,NA,3.28,NA,7.78,13.39,3.98,54.3,24.12,57.41,620.27,NA
OCT,2,20,NA,2.79,NA,8.07,23.01,3.57,54.73,22.46,62.26,620.85,NA
OCT,2,21,NA,2.45,NA,6.38,18.1,3.83,67.27,21.24,63.84,621.4,NA
OCT,2,22,NA,2.55,NA,5.34,13.7,3.49,54.68,20.21,66.78,622.15,NA
OCT,2,23,NA,13.36,NA,4.27,12.17,4.76,66.76,19.96,67.7,622.45,NA
OCT,3,0,NA,36.7,NA,8.24,14.35,2.78,81.94,19.43,69.58,622.52,NA
OCT,3,1,NA,19.67,NA,7.13,19.34,2.15,75.13,19.16,70.7,622.55,NA
OCT,3,2,NA,16.79,NA,9.93,18.52,1.4,120.78,18.44,74.64,622.51,NA
OCT,3,3,NA,28.12,NA,7.93,18.45,1.45,107.09,18.16,75.68,622.14,NA
OCT,3,4,NA,36.64,NA,8.12,18.53,1.62,103.96,17.92,76.36,621.89,NA
OCT,3,5,NA,54.62,NA,14.65,27.4,2.86,81.38,17.85,76.46,622.03,NA
OCT,3,6,NA,49.05,NA,15.06,24.15,2.19,70.99,17.65,76.05,622.41,NA
OCT,3,7,NA,34,NA,16.15,21.33,1.96,75.2,17.73,74.8,622.82,NA
OCT,3,8,NA,31.68,NA,15.35,19.27,2.82,63.73,18.44,71.48,623.21,NA
OCT,3,9,NA,63.13,NA,10.66,28.11,3.36,76.04,19.07,70.04,623.62,NA
OCT,3,10,NA,13.46,NA,4.76,14.38,3.59,52.58,20.19,64.8,623.61,NA
OCT,3,11,NA,32.64,NA,5.07,19.46,4.79,64.8,21.27,59.92,623.65,NA
OCT,3,12,NA,24.74,NA,4.7,13.71,4.04,65.67,22.44,56.81,623.39,NA
OCT,3,13,NA,11.75,NA,5.9,20.06,3.66,67.14,23.39,54.71,622.72,NA
OCT,3,14,NA,17.34,NA,4.7,16.1,4.68,56.69,24.51,51.14,622.11,NA
OCT,3,15,NA,5.31,NA,4.5,21.02,4.94,56.37,24.48,51.5,621.67,NA
OCT,3,16,NA,2.93,NA,4.71,16.03,4.21,56.83,24.31,51.32,621.43,NA
OCT,3,17,NA,2.49,NA,4.2,18.42,5.17,57.49,23.91,52.52,621.26,NA
OCT,3,18,NA,2.38,NA,5.87,23.22,4.52,57.39,23.29,55.7,621.39,NA
OCT,3,19,NA,2.35,NA,8.42,18.15,3.31,57.13,22.33,58.94,621.86,NA
OCT,3,20,NA,2.11,NA,6.98,21.08,3.83,51.58,21.61,61.83,622.61,NA
OCT,3,21,NA,5.8,NA,4.94,11.2,4.71,51.31,21.05,63.91,623.23,NA
OCT,3,22,NA,60.72,NA,5.35,12.35,5.07,57.65,20.82,65.12,623.45,NA
OCT,3,23,NA,15.46,NA,6.22,12.77,2.59,67.63,20.28,67.51,623.67,NA
OCT,4,0,NA,39.16,NA,9.03,22.69,3.49,84.76,19.73,70.9,623.92,NA
OCT,4,1,NA,115.96,NA,6.06,10.9,4.64,71.76,19.67,71.33,623.83,NA
OCT,4,2,NA,120.99,NA,6.33,10.75,4.19,71.12,19.5,72.32,623.55,NA
OCT,4,3,NA,107.58,NA,7.13,16.79,3.04,74.66,19.28,73.39,623.27,NA
OCT,4,4,NA,47.58,NA,8.58,14.03,2.33,64.01,19.08,74.22,623.04,NA
OCT,4,5,NA,39.74,NA,7.3,13.56,2.11,56.89,18.91,74.86,623.38,NA
OCT,4,6,NA,18.07,NA,8.57,9.43,1.89,72.88,19.13,73.77,623.4,NA
OCT,4,7,NA,55.46,NA,16.01,25.34,2.34,96.05,19.06,74.25,623.69,NA
OCT,4,8,NA,118.71,NA,12.17,31.9,2.97,82.1,19.45,73.21,624.05,NA
OCT,4,9,NA,13.92,NA,6.35,11.36,3.04,55.49,20.65,68.98,624.14,NA
OCT,4,10,NA,14.4,NA,4.67,16.88,4.04,57.94,22.12,64.06,624.28,NA
OCT,4,11,NA,32.95,NA,6.65,14.32,4.53,83.06,23.14,61.08,624.52,NA
OCT,4,12,NA,60.68,NA,7.02,25.16,5.84,79.59,23.44,60.56,624.28,NA
OCT,4,13,NA,53.21,NA,8.54,44,6.19,91.81,24.38,56.6,623.57,NA
OCT,4,14,NA,46.5,NA,7.42,34.05,5.12,74.16,25.18,53.72,623.07,NA
OCT,4,15,NA,12.18,NA,5.17,20.74,4.63,54.92,24.9,55.33,622.51,NA
OCT,4,16,NA,24.98,NA,5.06,18.41,4.73,54.89,24.96,54.57,622.33,NA
OCT,4,17,NA,55.38,NA,5.3,19.19,6.27,59.6,24.89,54.4,622.26,NA
OCT,4,18,NA,6.43,NA,4.8,14.18,6.25,52.94,23.55,60.18,622.41,NA
OCT,4,19,NA,4.39,NA,5.77,16.45,4.61,54.17,22.28,63.06,622.95,NA
OCT,4,20,NA,3.11,NA,6.34,17.31,3.75,59.68,21.14,65.39,623.52,NA
OCT,4,21,NA,2.5,NA,5.49,7.95,4.44,50.8,20.66,63.54,624.01,NA
OCT,4,22,NA,2.76,NA,5.94,14.89,3.13,53.78,20,63.46,624.35,NA
OCT,4,23,NA,37.47,NA,8.35,12.25,4.05,54.69,19.55,65.24,624.19,NA
OCT,5,0,NA,102.7,NA,9.93,18.83,3.99,73.51,19.06,66.42,624.36,NA
OCT,5,1,NA,66.9,NA,10.72,27.67,3.74,86.94,18.58,68.52,624.48,NA
OCT,5,2,NA,56.65,NA,10.72,23.56,2.63,86.35,18.47,69.86,624.4,NA
OCT,5,3,NA,65.28,NA,9.29,26.82,4.54,67.63,18.88,69.14,624.15,NA
OCT,5,4,NA,65.81,NA,7.21,17.64,3.84,59.11,18.61,72.26,624.01,NA
OCT,5,5,NA,165.43,NA,8.96,19.45,5.81,72.76,17.98,76.09,623.72,NA
OCT,5,6,NA,123.39,NA,8.99,17.9,5.2,67.22,18.21,75.25,623.73,NA
OCT,5,7,NA,99.96,NA,10.62,17.11,5.19,66.93,17.8,77.12,623.95,NA
OCT,5,8,NA,40.26,NA,6.39,16.55,3.6,57.61,18.33,74.98,624.13,NA
OCT,5,9,NA,128.28,NA,7.35,16.48,5.85,69.63,19.4,70.52,624.17,NA
OCT,5,10,NA,69.84,NA,6.2,16.64,5.85,68.12,20.62,66.54,624.36,NA
OCT,5,11,NA,48.93,NA,7.23,24.05,4.55,71.27,21.16,65.64,624.31,NA
OCT,5,12,NA,19.96,NA,4.47,12.9,4.98,57.95,22.4,60.75,623.95,NA
OCT,5,13,NA,39.54,NA,4.23,16.27,5.17,63.03,24.05,54.36,623.36,NA
OCT,5,14,NA,20.57,NA,4.45,17.59,4.9,63.41,24.66,52.97,622.71,NA
OCT,5,15,NA,31.81,NA,7.23,17.19,4.36,84.72,25.01,52.53,622.32,NA
OCT,5,16,NA,48.4,NA,7.17,23.12,3.94,77.07,25.53,49.34,621.89,NA
OCT,5,17,NA,46.67,NA,7.18,25.33,5.09,67.33,25.58,45.7,621.8,NA
OCT,5,18,NA,28.76,NA,4.61,25.89,4.09,61.4,25.22,49.21,621.77,NA
OCT,5,19,NA,4.99,NA,8.1,18.03,2.55,49.32,23.65,56.13,621.97,NA
OCT,5,20,NA,4.09,NA,8.56,20.68,2.71,47.71,21.8,63.88,622.24,NA
OCT,5,21,NA,3.43,NA,7.05,14.14,2.58,73.06,20.87,67.52,622.75,NA
OCT,5,22,NA,5.79,NA,8,10.44,1.63,86.38,20.25,69.63,623.1,NA
OCT,5,23,NA,18.56,NA,12.76,15.11,1.69,101.04,19.64,72.08,623.35,NA
OCT,6,0,NA,16.87,NA,8.98,17.79,1.98,60.98,19.36,72.4,623.46,NA
OCT,6,1,NA,21.45,NA,14.79,14.31,1.68,217.88,18.87,74.75,623.45,NA
OCT,6,2,NA,10,NA,14.21,17.59,1.35,134.29,18.81,75.37,623.3,NA
OCT,6,3,NA,13.43,NA,12.68,17.61,1.15,118.05,18.61,76.85,622.87,NA
OCT,6,4,NA,11.69,NA,14.52,19.82,1.36,22.72,18.28,77.66,622.63,NA
OCT,6,5,NA,8.32,NA,15.89,21.08,0.86,213.93,17.58,79.85,622.82,NA
OCT,6,6,NA,14.85,NA,15.39,28.38,1.61,46.16,17.75,79.77,622.94,NA
OCT,6,7,NA,77.93,NA,16.2,29.76,2.31,80.68,18.7,75.69,623.09,NA
OCT,6,8,NA,24.22,NA,10.41,29.26,2.46,51.91,19.07,73.76,623.48,NA
OCT,6,9,NA,48.91,NA,9.24,14.9,1.91,79.01,20.48,69.22,623.75,NA
OCT,6,10,NA,46.82,NA,10.01,24,1.76,91.31,21.94,63.92,623.79,NA
OCT,6,11,NA,13.87,NA,4.16,22.82,3.7,56.02,23.49,53.91,623.71,NA
OCT,6,12,NA,21.45,NA,4.44,11.26,4.19,75.04,24.82,49.5,623.33,NA
OCT,6,13,NA,24.23,NA,4.85,18.79,4.77,61.63,25.46,47.63,622.43,NA
OCT,6,14,NA,27.82,NA,4.47,13.13,4.25,68.16,26,45.14,621.5,NA
OCT,6,15,NA,10.65,NA,4.38,21.09,3.82,63.15,26.76,40.3,620.82,NA
OCT,6,16,NA,8.17,NA,3.56,13.47,5.03,60.34,27.13,36.2,620.35,NA
OCT,6,17,NA,4.51,NA,4.03,12.55,4.71,58.05,27.11,34.14,620.1,NA
OCT,6,18,NA,6.48,NA,4.31,14.43,3.71,54.52,26.65,36.25,619.91,NA
OCT,6,19,NA,4.2,NA,6.24,21.19,3.82,48.9,25.09,41,619.98,NA
OCT,6,20,NA,2.85,NA,11.16,16.62,3.23,48.52,23.19,45.19,620.35,NA
OCT,6,21,NA,60.43,NA,14.36,16.13,2.63,70.9,22.32,45.84,620.9,NA
OCT,6,22,NA,63.58,NA,18.95,35.02,2.59,96.16,21.15,52.3,621.25,5.97
OCT,6,23,NA,39.04,NA,17.52,33.41,3.58,76.05,20.87,55.19,621.52,16.5
OCT,7,0,NA,47.9,NA,22.51,36.63,4.64,76.94,19.87,58.39,621.51,13.35
OCT,7,1,NA,55.91,NA,17.18,37.98,3.15,84.51,19.12,60.36,621.41,27.93
OCT,7,2,NA,99.19,NA,19.53,31.62,2.24,74.98,18.25,62.29,621.07,14.22
OCT,7,3,NA,56.28,NA,19.28,29.21,2.44,102.28,17.05,66.65,620.94,15.38
OCT,7,4,NA,13.47,NA,20.85,25.66,2.14,104.13,15.98,69.37,620.84,12.88
OCT,7,5,NA,28.54,NA,21.67,29.78,0.92,143,15.62,70.39,621,13.22
OCT,7,6,NA,9.26,NA,17.9,33.5,0.75,274.7,14.31,75.72,621.18,8.05
OCT,7,7,NA,10.65,NA,19.62,40.64,0.78,130.51,15.04,73.79,621.01,16.14
OCT,7,8,NA,13.54,NA,19.44,70.81,1.93,126.05,15.57,71.58,621.42,NA
OCT,7,9,NA,19.85,NA,16.93,58.48,2.44,115.65,16.82,68.6,621.85,27.92
OCT,7,10,NA,8.95,NA,14.27,48.78,1.52,119.41,19.79,57.99,621.96,17.23
OCT,7,11,NA,5.55,NA,12.42,28.92,1.71,141.62,22.45,49.64,621.88,8.92
OCT,7,12,NA,4.42,NA,13.56,36.54,1.9,225.84,24.5,45.71,621.61,9.07
OCT,7,13,NA,4.08,NA,14.36,34.32,2.71,233.08,25.83,44.41,621.11,10.54
OCT,7,14,NA,3.77,NA,9.16,34.4,3.11,276.51,26.66,43.96,620.38,15.55
OCT,7,15,NA,3.9,NA,10.84,25.96,3,284.8,27.14,44.03,619.58,7.95
OCT,7,16,NA,3.95,NA,9.57,31.82,2.72,284.81,27.88,42.86,619.08,10.05
OCT,7,17,NA,3.32,NA,10.08,31.5,3.33,283.31,27.27,43.29,619.17,8.25
OCT,7,18,NA,2.82,NA,14.59,54.87,4.06,217.77,24.29,49.04,619.41,8.16
OCT,7,19,NA,2.61,NA,15.99,47.65,3.11,162.73,21.97,51.69,620.27,9.32
OCT,7,20,NA,23.42,NA,21.36,38.27,2.06,113.24,21.51,53.82,620.88,5.33
OCT,7,21,NA,21,NA,24.8,37.33,1.38,270.45,21.31,55.44,621.4,14.16
OCT,7,22,NA,7.23,NA,24.2,40.39,1.64,259.09,20.16,61.62,622.14,18.26
OCT,7,23,NA,6.81,NA,27.14,50.43,1.27,189.91,19.9,62.73,622.59,15.54
OCT,8,0,NA,4.2,NA,21.78,44.34,1.67,194.33,19.53,63.3,622.71,11.45
OCT,8,1,NA,3.29,NA,14.52,33.37,1.66,218.61,19.07,67.99,622.61,12.04
OCT,8,2,NA,2.82,NA,19.31,25.75,0.87,262.56,18.52,70.04,622.55,9.72
OCT,8,3,NA,2.83,NA,22.6,37.61,1.08,296.44,17.87,71.95,622.47,5.13
OCT,8,4,NA,3.01,NA,20.01,35.61,0.89,297.47,16.99,73.7,622.44,5.86
OCT,8,5,NA,2.8,NA,17.21,26.22,1.22,293.79,16.71,74.94,622.28,14.65
OCT,8,6,NA,2.59,NA,15.57,26.29,0.9,301.46,16.86,75.03,622.38,9.58
OCT,8,7,NA,2.5,NA,16.23,26.4,1.11,226.82,16.78,76.42,622.62,10.33
OCT,8,8,NA,2.4,NA,15.37,26.18,1.54,217.99,16.93,76.67,622.97,8.24
OCT,8,9,NA,2.6,NA,11.35,24.08,1.64,240.31,18.65,73.56,623.28,5.07
OCT,8,10,NA,2.44,NA,6.9,17.67,2.29,245.39,20.7,66.75,623.47,5.96
OCT,8,11,NA,2.23,NA,8.1,15.5,3.49,241.8,21.96,61.83,623.39,8.11
OCT,8,12,NA,2.43,NA,8.64,19.78,3.23,261.34,23.65,55.92,622.97,7.94
OCT,8,13,NA,2.25,NA,7.34,21.92,3.64,268.11,24.57,51.9,622.35,4.86
OCT,8,14,NA,2.22,NA,7.76,24.82,3.93,257.26,25.28,49.11,621.7,6.9
OCT,8,15,NA,2.19,NA,7.77,17.72,3.76,261.63,26.27,43.74,620.96,8.16
OCT,8,16,NA,2.08,NA,7.61,20.79,3.73,255.04,26.97,41.99,620.35,8.44
OCT,8,17,NA,2.11,NA,8.07,16.87,3.18,273.4,27.27,41.95,620.16,8.68
OCT,8,18,NA,2.06,NA,10.15,25.79,2.87,255.01,26.61,41.94,620.22,8.23
OCT,8,19,NA,2.16,NA,19.44,26.11,1.83,249.44,25.25,46.9,620.64,3.95
OCT,8,20,NA,2.21,NA,19.21,37.55,2.39,237.88,23.54,53.93,621.14,NA
OCT,8,21,NA,2.27,NA,16.27,32.66,2.81,235.71,21.87,61.57,621.68,3.81
OCT,8,22,NA,2.23,NA,13.13,25.8,2.55,227,20.59,68.19,622.19,2.59
OCT,8,23,NA,1.99,NA,11.85,26.49,1.65,286.79,19.77,72.06,622.71,4.43
OCT,9,0,NA,2.14,NA,13.81,20.76,1.37,245.31,19.61,73.35,622.8,8.07
OCT,9,1,NA,1.9,NA,8.82,18.82,1.24,254.39,19.14,75.52,622.74,7.72
OCT,9,2,NA,2.23,NA,9.27,14.18,1.23,257.29,18.36,77.92,622.69,9.1
OCT,9,3,NA,1.99,NA,8.92,15.47,0.91,227.68,17.98,78.85,622.58,7.27
OCT,9,4,NA,1.94,NA,9.5,14.27,1.33,260.22,17.5,80.09,622.38,4.32
OCT,9,5,NA,2.07,NA,9.32,16.5,1.62,222.13,17.14,80.56,622.54,NA
OCT,9,6,NA,2.19,NA,14.68,17.31,1.55,224.61,17.29,79.28,623.39,NA
OCT,9,7,NA,2.42,NA,17.28,38.84,1.8,236.12,17.17,79.16,623.6,3.29
OCT,9,8,NA,2.52,NA,16.85,54.31,1.58,297.75,16.72,80.97,623.92,9.19
OCT,9,9,NA,2.54,NA,15.49,55.89,1.19,280.93,17.64,80.82,624.22,16.91
OCT,9,10,NA,2.42,NA,18.5,54.53,1.54,267.74,19.15,77.32,624.28,12.44
OCT,9,11,NA,2.65,NA,12.32,46.26,1.9,254.33,21.32,68.13,624.05,11.38
OCT,9,12,NA,2.33,NA,9.93,28.62,2.32,244.54,22.4,59.26,623.74,8.31
OCT,9,13,NA,2.16,NA,9.39,16.77,2.31,262.82,23.83,53.63,623.13,1.35
OCT,9,14,NA,1.88,NA,7.7,19.55,2.33,280.36,25.21,49.22,622.43,1.6
OCT,9,15,NA,2.29,NA,9.76,22.53,2.33,258.19,26.21,46.64,621.64,8.25
OCT,9,16,NA,2.13,NA,10.07,30.13,2.62,272.03,26.87,43.34,621.2,5.18
OCT,9,17,NA,2.29,NA,10.96,28.64,2.44,264.68,27.49,41.22,620.94,3.67
OCT,9,18,NA,2.21,NA,12.68,33.36,2.15,292.13,27.24,42.68,620.99,2.66
OCT,9,19,NA,2.39,NA,27.6,44.33,1.27,304.68,25.53,47.04,621.42,0.55
OCT,9,20,NA,2.77,NA,34.38,51.08,1.2,279.61,24.41,49.73,621.76,3.77
OCT,9,21,NA,3.85,NA,33.41,67.22,1.44,262.18,23.38,53.78,622.21,16.31
OCT,9,22,NA,2.68,NA,20.42,55.8,2.02,217.91,22.1,60.17,622.61,18.65
OCT,9,23,NA,2.19,NA,12.84,34.11,1.78,242.26,20.91,66.51,623.09,6.44
OCT,10,0,NA,2.16,NA,10.98,27.07,1.59,220.14,20.43,69.91,623.26,8.86
OCT,10,1,NA,3.8,NA,20.16,24.61,1.28,77.46,20.41,69.22,623.17,10.15
OCT,10,2,NA,5.78,NA,26.55,36.59,0.72,269.27,20.17,69.19,622.83,NA
OCT,10,3,NA,4.77,NA,23.28,35.78,1.05,334.52,19.01,72.57,622.66,13.08
OCT,10,4,NA,4.46,NA,24.27,32.91,0.79,167.15,19,72.99,622.61,16.83
OCT,10,5,NA,4.56,NA,22.65,41.25,0.76,305.1,18.02,75.48,622.63,15.32
OCT,10,6,NA,3.86,NA,22.85,43.86,0.89,119.1,17.68,76.95,623.03,14.76
OCT,10,7,NA,16.46,NA,25.12,50.97,1.99,110.41,17.93,77.68,623.37,16.65
OCT,10,8,NA,64.2,NA,22,38.36,2.45,98.51,18.61,76.52,623.68,11.54
OCT,10,9,NA,140.39,NA,12.71,42.21,3.5,70.94,21.2,68.91,623.89,22.43
OCT,10,10,NA,76.44,NA,7.25,35.54,4.91,71.94,22.74,62.58,623.89,18.34
OCT,10,11,NA,60.2,NA,10.65,36.42,4.23,89.5,24.04,58.72,623.95,16.57
OCT,10,12,NA,54.69,NA,9.8,42.77,3.91,77.82,25.54,51.06,623.65,26.46
OCT,10,13,NA,36.91,NA,7.88,42.32,4.03,67.14,25.19,53.11,623.16,20.18
OCT,10,14,NA,11.44,NA,9.93,49.72,4.4,24.08,18.81,80.37,622.99,13.08
OCT,10,15,NA,4.94,NA,10.76,15.08,3.53,57.84,22.09,67.59,622.6,NA
OCT,10,16,NA,5.83,NA,5.57,11.41,5.09,52.57,25.18,50.98,621.93,NA
OCT,10,17,NA,8.68,NA,4.72,22.25,4.86,56.36,25.6,43.72,621.86,NA
OCT,10,18,NA,4.23,NA,5.54,22.23,4.74,48.55,25.07,40.38,621.92,NA
OCT,10,19,NA,2.74,NA,8,21.85,4.23,52.86,22.66,45.08,622.04,2.77
OCT,10,20,NA,2.63,NA,7.93,23.1,4.03,51.49,21.32,60.44,622.68,NA
OCT,10,21,NA,2.47,NA,5.18,17.87,4.76,47.58,20.62,64.92,623.36,3.65
OCT,10,22,NA,3.57,NA,6.87,19.68,2.8,61.93,20.1,66.13,623.87,6.92
OCT,10,23,NA,3.49,NA,4.4,15.81,4.06,46.16,19.81,66.22,624.02,7.76
OCT,11,0,NA,37.32,NA,4.53,20.83,3.84,56.9,19.77,66.05,624.02,8.98
OCT,11,1,NA,83.56,NA,9.44,31.98,3.21,73.98,19.65,67.18,624.04,20.51
OCT,11,2,NA,97.05,NA,7.98,26.01,4.22,79.68,19.45,66.03,623.91,24.99
OCT,11,3,NA,69.89,NA,11.1,21.2,3.66,91.16,18.52,66.58,623.86,15.9
OCT,11,4,NA,82.4,NA,13.61,34.65,3.06,82.26,17.96,72.22,623.67,22.33
OCT,11,5,NA,39.26,NA,11.94,19.3,2.24,110.63,17.42,75.56,623.84,14.08
OCT,11,6,NA,65.18,NA,14.41,27.29,2.88,81.62,17.36,75.78,624.35,11.52
OCT,11,7,NA,104.11,NA,13.87,25.2,2.04,61.41,17.16,75.48,624.48,NA
OCT,11,8,NA,40.45,NA,14.76,25.33,1.95,67.18,17.82,72.38,624.84,6.8
OCT,11,9,NA,84.43,NA,17.45,35.04,1.22,92.59,18.82,70.12,625.17,14.28
OCT,11,10,NA,56.44,NA,5.77,33.52,4.68,64.22,20.85,61.32,625.3,16.93
OCT,11,11,NA,67.89,NA,6.73,19.87,5.65,65.35,21.58,59.86,625.4,6.91
OCT,11,12,NA,71.27,NA,6.48,24.22,6.79,62.03,22.38,53.62,625.07,6.36
OCT,11,13,NA,79.69,NA,5.49,28.18,5.95,70.23,22.99,48.67,624.22,5.15
OCT,11,14,NA,39.74,NA,4.76,12.53,4.9,66.22,23.62,44.96,623.62,5.36
OCT,11,15,NA,37.3,NA,4.16,14.22,4.84,61.79,24.22,43.71,623.08,3.98
OCT,11,16,NA,74.39,NA,5.39,11.75,5.85,67.07,24.91,42.18,622.74,1.05
OCT,11,17,NA,67.26,NA,7.02,25.89,6.18,70.07,25.03,41.9,622.71,2.39
OCT,11,18,NA,73.02,NA,6.34,29.08,5.07,65.06,24.18,43.5,622.89,6.94
OCT,11,19,NA,10.97,NA,5.94,19.66,4.6,49.12,22.3,51.4,623.27,8.5
OCT,11,20,NA,5.22,NA,7.73,13.57,3.65,49.22,20.62,57.53,623.72,5.67
OCT,11,21,NA,8.32,NA,6.13,14.77,3.9,49.49,19.85,59.95,624.4,4.23
OCT,11,22,NA,10.32,NA,6.15,13.96,3,54.52,18.68,64.34,624.98,6.31
OCT,11,23,NA,8.64,NA,7.65,11.27,1.84,67.94,18,66.22,625.06,6.11
OCT,12,0,NA,106.68,NA,8.91,13.2,3.54,70.34,17.85,66.89,625.17,1.62
OCT,12,1,NA,43.83,NA,5.27,10.74,3.94,49.87,17.55,67.75,624.71,3.82
OCT,12,2,NA,98.71,NA,11.35,15.84,2.2,101,16.52,72.42,624.74,4.58
OCT,12,3,NA,114.48,NA,11.26,24.71,2.29,70.94,16.67,71.18,624.93,18.56
OCT,12,4,NA,158.55,NA,11.87,22.35,3.73,81.3,16.38,72.67,624.94,9.55
OCT,12,5,NA,84.58,NA,7.81,23.45,3.13,55.27,15.86,73.99,624.87,NA
OCT,12,6,NA,6.83,NA,6.05,6.04,3.43,50.8,15.88,73.12,624.85,2.65
OCT,12,7,NA,23.07,NA,8.62,15.75,3.46,50.49,16.49,69.7,624.97,4.11
OCT,12,8,NA,12.42,NA,7.62,7.68,3.39,50.55,17.3,65.94,625.15,NA
OCT,12,9,NA,76.47,NA,6.29,19.78,4.46,69.06,19.04,60.62,625.45,0.72
OCT,12,10,NA,61.05,NA,6.05,17.3,4.44,72.78,20.33,57.57,625.66,3.33
OCT,12,11,NA,72.92,NA,8.08,95.3,4.83,78.13,21.86,52.95,625.46,5.68
OCT,12,12,NA,65.7,NA,8.93,71.34,5.37,89.29,23.13,49.72,625.04,NA
OCT,12,13,NA,65.95,NA,8.77,37.8,6.31,89.1,24.13,46.28,624.34,17.29
OCT,12,14,NA,82.21,NA,8.59,42.62,6.44,85.11,25.22,41.59,623.52,15.41
OCT,12,15,NA,65.44,NA,6,26.88,6.27,68.23,25.82,39.58,622.81,NA
OCT,12,16,NA,57.77,NA,5.7,25.9,5.93,68.38,26.32,38.27,622.43,7.34
OCT,12,17,NA,74.99,NA,5.08,26.09,6.3,67.75,25.99,39.59,622.37,7.29
OCT,12,18,NA,116.23,NA,6.7,22.4,6.15,69.16,24.96,43.65,622.66,5.37
OCT,12,19,NA,143.01,NA,6.69,24.18,6.4,65.9,23.17,46.81,623.07,5.76
OCT,12,20,NA,11.92,NA,6.64,16.38,3.89,48.35,21.42,56.01,623.52,2.69
OCT,12,21,NA,5.5,NA,5.78,14.8,3.99,52.86,20.12,61.92,624.15,2.84
OCT,12,22,NA,5.66,NA,4.67,13.35,3.66,48.44,19.52,64.04,624.69,3.97
OCT,12,23,NA,9.99,NA,4.05,9.4,4.29,54.15,19.63,62.77,625.06,1.19
OCT,13,0,NA,33.13,NA,4.19,15.05,3.93,55.05,19.31,65.09,625.21,3.73
OCT,13,1,NA,15.37,NA,3.18,19.93,3.75,54.09,18.64,68.13,625.17,2.82
OCT,13,2,NA,14.9,NA,3.32,8.01,3.78,49.25,18.57,68.32,625.11,NA
OCT,13,3,NA,68.48,NA,4.38,12.51,3.6,61.49,18.55,68.34,625.02,NA
OCT,13,4,NA,18.02,NA,3.02,14.36,3.4,53.57,18.21,69.69,624.95,1.35
OCT,13,5,NA,75.81,NA,6.55,11.33,3.44,80.48,17.68,71.66,625.01,4.37
OCT,13,6,NA,120.47,NA,6.7,13.62,3.95,69.08,17.25,71.66,625.33,0.91
OCT,13,7,NA,20.67,NA,10.37,13.93,2.72,48.62,16.76,71.15,625.51,1.73
OCT,13,8,NA,96.11,NA,9.78,17.42,4.35,67.26,17.33,68.44,625.77,3.38
OCT,13,9,NA,41.26,NA,4.76,22.12,4.57,53.21,18.83,62.84,625.91,7.27
OCT,13,10,NA,39.89,NA,4.26,19,4.93,73.39,19.82,58.71,626.08,10.9
OCT,13,11,NA,40.79,NA,4.83,19.43,5.02,65.33,20.74,56.89,626.18,4.89
OCT,13,12,NA,37.65,NA,4.55,13.5,5.2,63.13,22.11,53.4,625.76,2.55
OCT,13,13,NA,30,NA,4.59,21.55,4.62,64.54,23.01,50.13,624.97,3.9
OCT,13,14,NA,56.26,NA,5.74,17.24,4.73,71.52,24.33,44.89,624.22,3.72
OCT,13,15,NA,35.45,NA,6.41,23.22,4.63,81.08,25.16,42.93,623.67,3.7
OCT,13,16,NA,23.65,NA,4.6,25,4.61,62.89,25.24,42.65,623.14,3.95
OCT,13,17,NA,7.27,NA,3.76,16.08,4.37,53.79,25.09,43.91,622.97,2.99
OCT,13,18,NA,4.18,NA,5.12,21.64,4.38,52.59,24.72,45.98,622.97,NA
OCT,13,19,NA,3.46,NA,6.32,26.07,4.34,57.68,22.55,54.48,623.26,1.96
OCT,13,20,NA,3.17,NA,6.52,23.23,4.4,56.82,20.7,60.26,623.87,6.69
OCT,13,21,NA,3.13,NA,5.36,19.63,4.75,48.97,19.57,63.31,624.43,3.33
OCT,13,22,NA,2.97,NA,4.24,12.61,4.75,51.33,18.94,64.96,625.26,1.54
OCT,13,23,NA,26.01,NA,5.12,17.38,3.41,57.84,18.59,65.53,625.69,1.47
OCT,14,0,NA,4.04,NA,3.81,7.59,3.01,47.05,18.17,65.59,625.81,NA
OCT,14,1,NA,2.97,NA,3.86,11.95,3.88,46.24,17.55,67.3,625.74,1.68
OCT,14,2,NA,3.06,NA,3.62,12.83,3.37,55.46,17.3,67.81,625.49,1.47
OCT,14,3,NA,3.04,NA,3.66,9.96,2.32,58.26,16.93,69.16,625.33,2.63
OCT,14,4,NA,4.29,NA,5.42,11.88,2.63,60.81,16.73,70.44,625.22,4.1
OCT,14,5,NA,19.14,NA,17.13,16.05,1.14,146.41,15.65,75.27,625.28,2.7
OCT,14,6,NA,10.45,NA,18.09,29.81,1.63,160.98,15.13,77.31,625.52,5.74
OCT,14,7,NA,29.82,NA,16.18,29.19,2.03,65.49,14.99,77.11,625.73,13.37
OCT,14,8,NA,8.24,NA,14.49,40.97,0.9,140.11,15.03,75.99,625.84,10.32
OCT,14,9,NA,41.45,NA,13.35,61.54,3.33,103.69,17.76,68.2,626.06,18.7
OCT,14,10,NA,42.45,NA,5.04,28.25,4.49,63.67,19.98,60.12,626.17,23.25
OCT,14,11,NA,46.37,NA,4.8,14.75,2.9,72.18,21.68,53.99,625.9,6.82
OCT,14,12,NA,33.3,NA,5.24,19.29,2.23,77.53,23.45,49.61,625.48,8.72
OCT,14,13,NA,29.85,NA,5.17,21.71,2.08,83.53,24.51,45.33,624.77,7.81
OCT,14,14,NA,23.31,NA,5.74,15.79,2.2,84.16,25.59,40.82,623.93,3.58
OCT,14,15,NA,10.28,NA,5.96,19.48,1.7,75.12,26.34,38.7,623.3,2.19
OCT,14,16,NA,6.02,NA,6.27,20.86,1.85,76.98,26.66,36.42,622.85,1.68
OCT,14,17,NA,16.06,NA,8.95,23.68,1.43,77.5,26.13,37.3,622.77,3.11
OCT,14,18,NA,4.67,NA,10.92,19.37,1.2,42.32,25.9,37.78,622.95,7.59
OCT,14,19,NA,3.73,NA,9.81,26.63,2.73,51.1,24.94,43.63,623.38,7.99
OCT,14,20,NA,72.41,NA,7.42,22.99,4.25,72,23.41,52.41,624.16,4.22
OCT,14,21,NA,55.27,NA,6.44,22.7,3.09,63.21,22.03,58.86,624.87,0.56
OCT,14,22,NA,46.44,NA,14.32,26.52,2.25,100.83,21.11,62.69,625.22,4.91
OCT,14,23,NA,132.81,NA,11.08,28.39,2.61,77.29,20.17,64.6,625.57,13.49
OCT,15,0,NA,10.28,NA,6.28,18.6,2.14,56.13,19.29,66.49,625.67,7.68
OCT,15,1,NA,5.65,NA,5.4,20.88,2.51,55.37,18.67,68.41,625.41,4.88
OCT,15,2,NA,3.95,NA,4.34,16.24,2.25,52.47,18.15,70.12,625.25,1.5
OCT,15,3,NA,9.34,NA,9.44,10.62,1.81,103.78,17.46,72.91,625.11,1.77
OCT,15,4,NA,10.94,NA,13.83,22.49,1.51,124.28,16.33,77.52,625.17,3.76
OCT,15,5,NA,10.47,NA,12.13,21.53,1.88,111.06,15.82,78.97,625.33,7.32
OCT,15,6,NA,15.03,NA,11.58,21.5,1,351.57,14.85,80.66,625.56,9.78
OCT,15,7,NA,6.24,NA,10.97,23.15,0.63,321.87,14.52,81.08,625.73,13.12
OCT,15,8,NA,6.62,NA,10.76,22.83,0.65,305.21,15.45,78.84,626.22,NA
OCT,15,9,NA,26.49,NA,10.02,26.45,1.52,124.74,17.63,73.15,626.49,0.59
OCT,15,10,NA,67.17,NA,11.91,36.37,1.61,113.18,19.84,66.42,626.89,15.17
OCT,15,11,NA,39.23,NA,7.51,33.51,1.85,92.46,22.17,57.54,626.65,NA
OCT,15,12,NA,37.13,NA,5.45,23.62,1.76,79.18,23.35,53.65,626.1,13.24
OCT,15,13,NA,25.02,NA,4.2,18.25,1.28,111.55,25.32,46.93,625.3,7.17
OCT,15,14,NA,13.27,NA,4.56,17.54,2.14,47.09,26.71,38.81,624.66,5.77
OCT,15,15,NA,3.55,NA,3.8,11.33,2.21,81.41,27.54,34.03,623.97,NA
OCT,15,16,NA,2.9,NA,3.48,8.56,2.3,64.33,28.1,33.3,623.57,NA
OCT,15,17,NA,2.85,NA,3.42,18.63,2.86,73.57,28.18,32.2,623.33,NA
OCT,15,18,NA,2.52,NA,2.98,18.74,3.56,71.46,27.01,32.98,623.47,NA
OCT,15,19,NA,2.62,NA,4.64,26.65,3.56,58.18,24.61,40.14,624.11,4.48
OCT,15,20,NA,2.4,NA,4.46,21.76,4.16,50.61,22.7,45.3,625.08,7.77
OCT,15,21,NA,2.56,NA,2.98,16.62,4.27,45.39,21.47,52.94,625.88,7.43
OCT,15,22,NA,2.73,NA,2.68,17.27,4.01,46.64,20.46,58.95,626.6,2.93
OCT,15,23,NA,2.71,NA,2.71,14.65,3.61,47.02,19.57,60.39,626.96,NA
OCT,16,0,NA,2.55,NA,2.14,13.82,4.17,53.86,19.1,61.18,627.25,NA
OCT,16,1,NA,3.31,NA,2.37,19.65,3.78,61.84,18.66,61.71,627.37,3.22
OCT,16,2,NA,52.08,NA,8.71,41.08,2.79,79.31,17.93,63.55,627.26,3.21
OCT,16,3,NA,61.16,NA,14.1,34.44,3.26,91.12,16.85,67.95,626.97,20.4
OCT,16,4,NA,62.83,NA,12.52,27.12,4.06,90.82,16.6,70.2,626.78,18.43
OCT,16,5,NA,51.97,NA,13.19,28.63,4.1,88.18,16.5,73.52,626.77,21.58
OCT,16,6,NA,45.99,NA,12.06,23.06,3.76,84.23,16.53,74.41,627.05,NA
OCT,16,7,NA,61.85,NA,12.05,15.52,3.03,82.51,16.58,74.47,627.21,NA
OCT,16,8,NA,49.08,NA,14.01,25.32,3.98,82.6,16.99,73.52,627.51,12.32
OCT,16,9,NA,35.63,NA,5.64,19.39,4.17,79.78,18.95,66.65,627.82,14.32
OCT,16,10,NA,25.28,NA,4.04,13.98,4.01,81,20.05,63.48,628.04,6.54
OCT,16,11,NA,16.08,NA,3.96,13.19,3.78,65.4,20.87,60.73,627.94,4.24
OCT,16,12,NA,13.06,NA,4.06,13.13,3.19,62.57,21.89,56.23,627.47,4.7
OCT,16,13,NA,19.33,NA,4.53,16.32,3.8,56.8,22.54,53.93,626.99,3.3
OCT,16,14,NA,6.19,NA,4.09,17.03,3.32,58.61,23.05,52.38,626.3,2.02
OCT,16,15,NA,10.89,NA,4.47,20.24,4.36,61.85,23.58,50.77,625.73,3.87
OCT,16,16,NA,4.76,NA,3.37,132.17,4.75,51.31,23.52,50.78,625.42,1.57
OCT,16,17,NA,2.96,NA,3.71,51.6,4.57,50.47,23.72,50.15,625.42,NA
OCT,16,18,NA,2.73,NA,4.89,17.85,5.12,52.44,22.82,52.32,625.8,NA
OCT,16,19,NA,2.77,NA,5.71,16.07,5.06,52.03,20.91,58.34,626.55,3.94
OCT,16,20,NA,2.86,NA,6.07,19.44,3.72,59.24,18.88,63.78,627.27,4.36
OCT,16,21,NA,2.65,NA,5.03,13.05,3.06,59.02,18.22,65.24,627.6,2.21
OCT,16,22,NA,16.14,NA,6.05,12.32,3.16,66.02,18.1,64.82,628.07,5.96
OCT,16,23,NA,34.75,NA,8.74,20.53,3.61,68.83,17.8,66.78,628.15,5.56
OCT,17,0,NA,5.88,NA,3.98,18.35,2.82,55.09,17.32,67.9,628.03,13.14
OCT,17,1,NA,3.81,NA,3.27,10.26,2.67,52.48,17.4,67.42,627.66,NA
OCT,17,2,NA,31.2,NA,7.66,26.7,3.98,67.43,17.1,67.96,627.32,1.61
OCT,17,3,NA,4.88,NA,3.25,15.63,3.05,56.61,16.54,68.17,627.21,3.57
OCT,17,4,NA,3.76,NA,4.92,9.14,2.44,49.37,16.16,69.01,627.03,6.41
OCT,17,5,NA,18.56,NA,7.09,16.38,3.19,57.49,16.99,67.48,626.94,1.39
OCT,17,6,NA,12.13,NA,8.1,42.27,2.52,53.6,16.04,70.68,627.1,26.47
OCT,17,7,NA,3.24,NA,13.43,15.25,2.03,54.99,15.56,71.7,627.33,8.45
OCT,17,8,NA,5.52,NA,16.54,19.93,1.57,90.09,15.93,70.31,627.75,4.85
OCT,17,9,NA,23.29,NA,13.04,36.83,1.83,74.68,18.04,63.35,628.08,5.5
OCT,17,10,NA,13.13,NA,5.1,22.72,4.19,70.4,19.49,55.59,628.18,13.02
OCT,17,11,NA,10.46,NA,5.28,21.86,4.39,69.13,20.79,52.31,627.89,1.32
OCT,17,12,NA,10.47,NA,5.5,20.84,4.48,69.32,22.19,48.26,627.37,3.54
OCT,17,13,NA,8.45,NA,5.36,21.27,3.33,68.41,23.82,43.75,626.52,8.32
OCT,17,14,NA,6.49,NA,5.23,21.37,3.4,63.31,24.62,43.05,625.51,3.54
OCT,17,15,NA,9.27,NA,5.76,18.73,3.37,62.84,25.43,41.15,624.8,0.99
OCT,17,16,NA,20.7,NA,7.85,17.44,3.12,80.35,26.13,39.03,624.41,4.7
OCT,17,17,NA,53.33,NA,13.93,45.02,4,97.64,25.94,39.94,624.25,2.23
OCT,17,18,NA,71.02,NA,15.64,52.47,5.51,91.22,25.18,42.27,624.35,16.47
OCT,17,19,NA,47.68,NA,14.57,62.83,4.89,71.38,23.8,46.26,624.7,37.69
OCT,17,20,NA,5.18,NA,8.97,32.71,3.4,50.83,22.15,52.21,625.25,9.44
OCT,17,21,NA,3.78,NA,7.31,22.28,2.86,52.75,20.3,58.85,625.99,4.48
OCT,17,22,NA,6.48,NA,5.78,17.46,3.75,52.4,19.65,60.61,626.48,1.92
OCT,17,23,NA,4,NA,5.26,22.83,3.86,49.03,18.85,63.06,626.69,6.32
OCT,18,0,NA,16.83,NA,7.75,21.36,3.14,64.57,18.35,64.21,626.64,7.63
OCT,18,1,NA,44.97,NA,11.06,33.82,3.02,74.75,17.47,66.73,626.62,7.26
OCT,18,2,NA,50.41,NA,8.9,23.62,3.13,69.44,17.21,66.3,626.51,18.26
OCT,18,3,NA,24.4,NA,6.93,29.04,2.38,66.33,16.93,66.15,626.29,11.08
OCT,18,4,NA,24.31,NA,12.74,21.88,1.76,109.97,15.65,70.52,626.17,10.88
OCT,18,5,NA,55.25,NA,13.17,22.09,1.87,104.33,14.39,74.56,626.11,18.4
OCT,18,6,NA,46.01,NA,19.61,24.24,1.28,100.8,13.95,75.71,626.2,5.7
OCT,18,7,NA,15.04,NA,23.19,32.18,1.77,117.73,13.57,76.48,626.5,14.6
OCT,18,8,NA,42.54,NA,18.96,36.89,3.03,104.98,14.37,72.78,626.94,9.32
OCT,18,9,NA,68.83,NA,17.35,34.07,2.97,88.46,16.82,66.06,627.18,7.28
OCT,18,10,NA,31.34,NA,8.2,38.9,3.75,71.37,19.3,57.96,627.21,26.98
OCT,18,11,NA,35.13,NA,9.27,25.77,2.7,82.39,21.64,52.38,627.05,3.31
OCT,18,12,NA,38.43,NA,9.96,28.31,2.51,94.18,23.32,48.48,626.52,16.02
OCT,18,13,NA,50.74,NA,11.21,32.14,1.96,97.82,24.98,45.02,625.7,12.46
OCT,18,14,NA,43.73,NA,12.17,39.47,1.41,144.9,26.56,41.12,624.89,16.1
OCT,18,15,NA,14.99,NA,8.47,36.72,1.35,92.79,27.51,38.62,624.17,23.58
OCT,18,16,NA,8.26,NA,8.34,25.57,1.23,248.21,28.71,35.46,623.57,12.23
OCT,18,17,NA,8.98,NA,8.13,28.97,1.29,20.21,28.67,34.47,623.27,9.72
OCT,18,18,NA,4.76,NA,12.13,32.83,1.44,316.59,28.41,33.13,623.37,7.99
OCT,18,19,NA,3.15,NA,20.26,34.75,1.7,104.61,25.92,36.8,623.64,5.36
OCT,18,20,NA,2.76,NA,14.22,32.56,2.97,47.04,24.29,38.34,623.99,2.17
OCT,18,21,NA,2.79,NA,7.47,20.89,3.74,58.72,22.62,42.52,624.47,0.68
OCT,18,22,NA,9.77,NA,9.06,18.67,2.7,62.43,21.93,47.86,624.77,1.34
OCT,18,23,NA,43.44,NA,16.49,24.59,4,78.98,20.76,52.04,624.96,2.8
OCT,19,0,NA,56.74,NA,11.43,25.39,4.16,70.77,19.84,52.96,624.98,2.32
OCT,19,1,NA,52.29,NA,11.56,31.88,2.43,71.86,19.16,53.57,624.89,5.13
OCT,19,2,NA,31.66,NA,14.74,24.7,1.97,100.14,17.49,55.44,624.79,7.35
OCT,19,3,NA,43.1,NA,13.69,25.86,2.37,99,16.97,54.32,624.63,8.15
OCT,19,4,NA,26.68,NA,11.73,26.26,2.41,106.46,15.72,56.49,624.6,19.34
OCT,19,5,NA,53.25,NA,14.67,28.07,3.14,95.31,15.37,56.26,624.53,10.19
OCT,19,6,NA,41.98,NA,16.7,35.95,2.82,88.73,14.84,56.6,624.8,24.29
OCT,19,7,NA,34.69,NA,22.44,31.94,2.68,96.68,14.49,59.73,625,14.98
OCT,19,8,NA,66.09,NA,24.78,46.89,2.58,86.88,15.08,55.94,625.53,16.32
OCT,19,9,NA,49.68,NA,21.84,57.55,2.71,101.25,16.18,51.85,625.75,33.99
OCT,19,10,NA,71.53,NA,16.85,54.51,2.57,94.71,19.88,45.83,625.92,30.79
OCT,19,11,NA,41.46,NA,13.69,43.77,2.57,92.07,22.52,45.39,625.69,33.06
OCT,19,12,NA,47.09,NA,14.46,46.38,1.9,112.42,24.55,43.89,625.06,16.01
OCT,19,13,NA,28.7,NA,15.83,47.49,1.31,178.61,26.47,41.67,624.23,17.73
OCT,19,14,NA,47.53,NA,15.86,64.9,1.41,77.98,27.71,36.08,623.31,24.52
OCT,19,15,NA,9.87,NA,8.51,40.25,1.34,114.5,28.86,30.7,622.69,NA
OCT,19,16,NA,5.8,NA,7.65,27.51,1.58,284.29,29.25,29.22,622.11,7.61
OCT,19,17,NA,4.85,NA,10.94,31.98,1.7,263.7,29.41,29.01,621.93,12.08
OCT,19,18,NA,4.17,NA,17.16,37.73,1.4,291.11,28.76,29.24,622.15,2.62
OCT,19,19,NA,4.35,NA,37.17,59.26,0.87,304.64,27.28,32.74,622.52,11.66
OCT,19,20,NA,4.31,NA,38.5,66.05,1.23,298.18,25.85,35.49,622.83,16.69
OCT,19,21,NA,11.57,NA,20.53,62,2.08,60.93,23.82,39.2,623.52,19.97
OCT,19,22,NA,57.92,NA,19.19,39.3,2.96,83.87,22.88,43.01,624.42,15.81
OCT,19,23,NA,59.27,NA,18.33,58.76,4.07,77.09,21.48,48.05,624.68,21.55
OCT,20,0,NA,18.42,NA,6.84,36.13,3.3,65.72,20.38,50.91,624.78,19.44
OCT,20,1,NA,32.81,NA,13.32,35.47,2.91,101.49,18.93,56.24,624.75,NA
OCT,20,2,NA,35.46,NA,13.12,35.25,2.65,96.73,18.31,58.14,624.57,16.4
OCT,20,3,NA,56.35,NA,19.4,35.61,2.04,88.33,17.36,64.31,624.46,26.11
OCT,20,4,NA,82.56,NA,24.67,63.44,2.51,95.94,16.77,66.96,624.44,38.61
OCT,20,5,NA,45.1,NA,22.97,48.3,2.97,98.66,15.92,69.5,624.55,NA
OCT,20,6,NA,54.12,NA,22.79,40.58,2.36,87.01,15.89,69.72,624.85,21.79
OCT,20,7,NA,60.61,NA,22.12,64.94,2.19,94.61,15.42,71.3,625.22,45.78
OCT,20,8,NA,35.14,NA,18.89,41.32,2.41,87.96,15.57,71,625.48,34.58
OCT,20,9,NA,51.43,NA,18.45,49.16,2.22,107.94,17.73,64.51,625.61,25.72
OCT,20,10,NA,72.77,NA,19.47,49.5,1.77,99.6,20.41,57.2,625.49,29.37
OCT,20,11,NA,55.26,NA,18.13,NA,1.58,187.6,23.52,48.18,624.89,24.32
OCT,20,12,NA,5.25,NA,11.98,NA,1.38,290.08,27.33,38.57,623.34,15.57
OCT,20,13,NA,6.24,NA,15.25,47.40,1.53,245.22,26.53,42.31,623.91,20.55
OCT,20,14,NA,4.95,NA,18.52,42.25,1.41,242.64,28.09,34.85,622.83,10.96
OCT,20,15,NA,16.91,NA,19.24,46.30,1.52,215.30,28.99,30.21,622.01,15.55
OCT,20,16,NA,20.80,NA,19.45,47.80,1.39,270.21,29.97,25.84,621.49,21.93
OCT,20,17,NA,6.23,NA,16.88,44.74,1.93,280.27,29.64,25.64,621.31,29.13
OCT,20,18,NA,4.40,NA,20.04,46.51,1.68,177.27,28.85,28.57,621.41,16.88
OCT,20,19,NA,3.97,NA,36.30,42.21,1.48,135.85,27.41,32.39,621.73,11.64
OCT,20,20,NA,4.42,NA,58.52,61.29,1.87,252.73,26.36,37.58,622.24,11.05
OCT,20,21,NA,4.24,NA,32.01,67.54,2.53,224.52,24.37,47.34,622.82,22.06
OCT,20,22,NA,4.11,NA,27.66,59.84,1.86,180.24,23.21,53.31,623.29,25.21
OCT,20,23,NA,4.57,NA,22.97,56.16,1.62,151.64,22.60,57.10,623.59,24.29
OCT,21,0,NA,18.42,NA,6.84,36.13,3.3,65.72,20.38,50.91,624.78,19.44
OCT,21,1,NA,3.75,NA,14.19,33.96,1.43,263.46,20.91,62.1,623.75,22.41
OCT,21,2,NA,3.61,NA,19.6,42.42,1.04,295.75,20.24,63.52,623.56,16.15
OCT,21,3,NA,3.57,NA,29.06,46.57,0.87,240.52,19.86,63.42,623.26,18.99
OCT,21,4,NA,3.51,NA,25.09,53.86,1.43,251.07,19.31,66.76,623.13,19.54
OCT,21,5,NA,3.32,NA,17.71,52.29,1.15,252.69,18.18,70.98,623.23,21.94
OCT,21,6,NA,3.22,NA,25.33,48.33,0.95,219.99,17.98,70.05,623.43,21.57
OCT,21,7,NA,3.33,NA,25.81,57.14,0.81,254.51,17.63,72.27,623.93,33.04
OCT,21,8,NA,3.44,NA,27.18,66.95,0.7,215.24,18.22,67.7,624.29,29.56
OCT,21,9,NA,4.04,NA,28.46,54.03,1.03,286.1,20.15,66.83,624.56,34.68
OCT,21,10,NA,4.01,NA,19.12,68.8,1.23,288.92,22.01,61.37,624.69,31.92
OCT,21,11,NA,3.6,NA,12.58,42.02,1.81,280.98,24.29,52.7,624.48,23.63
OCT,21,12,NA,3.86,NA,13.17,48.78,1.88,257.26,26.01,45.67,623.94,22.4
OCT,21,13,NA,3.78,NA,14.11,58.42,1.83,287.61,26.99,42.25,623.18,25.98
OCT,21,14,NA,3.38,NA,12.47,45.8,1.95,275.47,28.11,39.3,622.46,22.83
OCT,21,15,NA,3.14,NA,9.36,40.98,1.95,270.78,29.04,36.27,621.81,19.98
OCT,21,16,NA,2.97,NA,10.47,48.53,2.16,281.96,28.8,34.64,621.43,11.66
OCT,21,17,NA,3.03,NA,10.23,32.62,2.32,303.56,29.21,33.23,621.38,20.42
OCT,21,18,NA,3.26,NA,15.63,42.93,1.59,301.42,28.64,34.1,621.6,15.49
OCT,21,19,NA,3.32,NA,27.74,41.59,1.2,297.54,27.3,35.31,621.98,10.34
OCT,21,20,NA,3.75,NA,38.98,85.14,1.94,263.85,25.87,41.75,622.51,10.79
OCT,21,21,NA,3.24,NA,23.93,55.34,2.73,243.61,23.88,48.04,623.17,23.56
OCT,21,22,NA,3.22,NA,26.02,47.38,1.88,246.32,22.78,50.24,623.52,18.06
OCT,21,23,NA,3.04,NA,27.41,54.59,1.36,265.32,21.64,54.38,623.88,14.7
OCT,22,0,NA,6.48,NA,25.85,49.64,1.96,194.98,21.32,53.68,624.04,NA
OCT,22,1,NA,2.81,NA,18.53,49.3,2.01,230.31,20.94,53.89,623.9,26.49
OCT,22,2,NA,2.65,NA,21.52,40.76,1.2,304.53,18.59,61.99,623.87,5.62
OCT,22,3,NA,2.8,NA,20.14,38.89,0.68,319.26,18.42,62.4,623.79,22.6
OCT,22,4,NA,2.99,NA,24.23,50.43,1.04,269.48,17.69,64.39,623.79,19.21
OCT,22,5,NA,2.97,NA,24.98,53.26,0.86,224.4,17.36,66.3,624.22,17.41
OCT,22,6,NA,3.07,NA,19.81,50.53,0.76,339.65,15.99,68.84,624.59,25.62
OCT,22,7,NA,6.3,NA,23.9,49.04,1.59,131.36,16.02,71.09,625,22.34
OCT,22,8,NA,9.14,NA,22.42,64.93,1.47,284.87,16.03,70.11,625.39,33.95
OCT,22,9,NA,17.49,NA,24.81,57.66,0.81,96.6,18.8,63.24,625.84,33.69
OCT,22,10,NA,35.89,NA,22.48,71.37,1.27,161.61,21.53,56.63,626.03,38.35
OCT,22,11,NA,37.28,NA,18.43,62.23,1.91,129,23.89,49.7,625.9,42.29
OCT,22,12,NA,43.85,NA,16.6,54.83,2.5,109.36,26.02,42.45,625.42,39.17
OCT,22,13,NA,28.74,NA,11.39,49.36,1.57,99.7,27.96,35.78,624.44,39.8
OCT,22,14,NA,8.68,NA,7.19,37.35,3.17,59.42,29.39,27.21,623.58,21.2
OCT,22,15,NA,7.42,NA,5.59,30.08,3.45,59.29,29.78,26.39,623.02,13.97
OCT,22,16,NA,3.28,NA,5.32,26.05,3.44,55.1,29.97,24.06,622.74,14.69
OCT,22,17,NA,2.82,NA,4.24,22.11,4.45,63.29,29.96,21.95,622.69,4.84
OCT,22,18,NA,2.68,NA,4.58,44.25,5.5,59.05,28.32,24.53,623.14,4.74
OCT,22,19,NA,2.78,NA,5.81,32.76,4.57,54.11,26.27,29.73,623.92,6.16
OCT,22,20,NA,2.8,NA,5.49,24.4,4.93,50.17,24.66,32.92,624.74,5.02
OCT,22,21,NA,2.64,NA,4.53,21.84,5.62,49.09,23.38,34.61,625.24,1.67
OCT,22,22,NA,10.52,NA,5.16,22.58,4.77,54.41,22.06,41.06,625.87,4.62
OCT,22,23,NA,36.07,NA,8.9,33.67,3.79,69.08,20.51,51.07,626.67,6.66
OCT,23,0,NA,42.92,NA,9.24,31.82,3.91,77.46,19.4,53.74,626.99,18.7
OCT,23,1,NA,52.6,NA,9.61,25.95,3.99,77.46,19.01,54.42,626.96,15.11
OCT,23,2,NA,42.23,NA,10.83,34.05,3.53,76.59,18.26,58.53,626.8,18.88
OCT,23,3,NA,40.39,NA,11.41,29.13,3.37,83.12,17.7,63.88,626.81,NA
OCT,23,4,NA,51.63,NA,10.65,36.73,2.64,85.5,17.12,67.8,626.81,31.7
OCT,23,5,NA,44.86,NA,10.63,37.24,3.18,71.64,16.89,68.97,626.64,35.25
OCT,23,6,NA,8.16,NA,16.13,33.41,2.27,68.16,15.16,73.47,626.82,22.71
OCT,23,7,NA,35.05,NA,17.13,30.33,2.74,68.38,16.41,71.13,626.94,12.1
OCT,23,8,NA,56.04,NA,17.14,37.33,2.2,77.87,16.48,69.77,627.29,27.86
OCT,23,9,NA,59.18,NA,11.85,35.53,4.01,83.5,18.09,65.86,627.51,25.78
OCT,23,10,NA,36.4,NA,9.66,47.7,3.95,73.7,19.56,61.07,627.71,27.64
OCT,23,11,NA,19.76,NA,7.86,25.05,3.69,82.6,21.89,52.34,627.41,13.72
OCT,23,12,NA,8.34,NA,5.63,32.81,4.32,55.09,22.45,50.88,627.05,5.97
OCT,23,13,NA,16.05,NA,6.87,30.02,3.78,65.02,23.35,48.09,626.3,5.24
OCT,23,14,NA,23.01,NA,6.77,23.36,4.29,68.89,24.28,45.66,625.67,5.44
OCT,23,15,NA,23.1,NA,5.61,28.13,5.12,67.48,24.39,44.91,625.19,6.67
OCT,23,16,NA,24.54,NA,6.03,23.47,4.78,69.28,24.91,43.77,624.77,8.3
OCT,23,17,NA,29.7,NA,7.33,29.91,4.38,75.93,24.93,43.85,624.61,9.09
OCT,23,18,NA,4.95,NA,5.55,29.03,4.53,52.27,24.23,45.34,624.64,12.16
OCT,23,19,NA,3.64,NA,8.41,27.14,3.56,47.2,22.94,49.61,625.04,9.68
OCT,23,20,NA,3.33,NA,8.59,26.73,3.6,49.9,21.76,53.98,625.5,5.83
OCT,23,21,NA,3.22,NA,7.55,23.6,3.06,51.9,20.5,58.32,625.98,3.59
OCT,23,22,NA,6.44,NA,6.37,21.03,3.9,48.85,19.6,62.4,626.43,0.4
OCT,23,23,NA,4.73,NA,8.95,23.59,3.5,46.43,18.71,66.13,626.59,3.35
OCT,24,0,13.74,34.48,NA,10.63,19.06,3.01,73.55,18.28,67.39,626.59,13.81
OCT,24,1,10.43,33,NA,10.56,35.85,2.4,103.56,17.34,69.84,626.46,17.06
OCT,24,2,9.84,18.38,NA,10.16,29.62,0.97,118.9,16.17,73.1,626.28,7.02
OCT,24,3,11.49,10.48,NA,9.09,24.41,1.56,109.51,15.71,74,626.05,15.88
OCT,24,4,9.89,9.92,NA,12.79,15.1,1.81,119.82,14.52,77.82,625.91,10.49
OCT,24,5,9.52,6.98,NA,14.49,18.64,1.79,122.58,13.97,79.12,626.02,5.85
OCT,24,6,9.07,17.89,NA,16.66,23.03,1.35,103.51,13.5,79.73,626.17,5.21
OCT,24,7,9.03,31.19,NA,17.37,32.5,0.93,81.49,13.29,79.91,626.54,17.19
OCT,24,8,9.78,17.02,NA,15.83,51.17,1.53,116.85,13.83,77.24,627.03,21.33
OCT,24,9,10.21,48.72,NA,14.42,32.81,2.69,97.13,16.47,69.54,627.41,25.71
OCT,24,10,13.71,47.27,NA,8.13,40.47,4.44,77.88,18.43,61.66,627.56,29.72
OCT,24,11,18.28,31.32,NA,8.26,26.22,4.45,82.01,20.28,56.32,627.41,8.52
OCT,24,12,24.36,15.34,NA,5.98,37.93,5.63,62,22.54,45.13,626.73,15.9
OCT,24,13,25.11,19.94,NA,7.65,49.22,4.09,77.92,24.2,41.26,625.89,16.6
OCT,24,14,25.52,10.25,NA,5.52,26.8,4.14,63.19,24.79,37.44,625.02,4.17
OCT,24,15,25.9,4.99,NA,4.98,26.97,4.48,55.01,24.76,38.27,624.49,2.55
OCT,24,16,25.22,5.76,NA,5.49,28.27,4.94,58.75,24.35,42.34,624.37,0.17
OCT,24,17,25.27,3.7,NA,4.63,32.7,5.45,50.47,23.64,45.64,624.54,2.9
OCT,24,18,25.13,3.75,NA,5.21,30.05,5.46,53.47,22.59,49.95,624.99,6.34
OCT,24,19,23.03,3.38,NA,5.73,33.35,4.5,49.22,20.61,57.91,625.52,8.31
OCT,24,20,23.25,3.12,NA,5.25,12.67,3.71,51.89,19.22,61.06,626.25,7.41
OCT,24,21,24.17,5.81,NA,4.82,16.09,4.45,57.75,18.76,61.33,626.98,3.65
OCT,24,22,19.15,21.67,NA,9.1,20.87,3.86,76.83,17.68,66.9,627.42,4.46
OCT,24,23,18.67,24.21,NA,8.59,20.25,4.21,73.8,17.22,67.78,627.86,8.68
OCT,25,0,19.87,50.15,NA,9.89,14.11,5.02,75.92,16.99,64.46,627.99,7.45
OCT,25,1,19.31,45.75,NA,11.15,35.94,4.69,74.53,16.87,61.69,627.96,18.64
OCT,25,2,21.78,54.29,NA,8.51,23.22,5.18,72.64,15.93,64.55,627.76,14.77
OCT,25,3,23.36,30.86,NA,6.4,18.04,5.09,81.12,15.61,63.71,627.65,6.92
OCT,25,4,24.09,32.4,NA,6.79,8,5.21,71.09,15.22,64.3,627.43,4.06
OCT,25,5,24.16,20.09,NA,6.19,13.26,5.33,75.54,14.7,66.55,627.36,3.01
OCT,25,6,20.99,32,NA,8.66,13.8,3.53,77.39,14.36,68.12,627.37,3.22
OCT,25,7,20.78,17.91,NA,7.82,11.82,3.81,79.19,14.42,70.17,627.5,1.3
OCT,25,8,20.75,33.81,NA,9.81,15.53,3.14,83.06,14.39,71.66,627.9,3.84
OCT,25,9,23.56,44.9,NA,9.75,26.49,6.98,78.33,15.4,60.99,628.2,6.8
OCT,25,10,22.2,47.76,NA,8.54,37.55,6.26,86.06,16.69,52.56,628.17,16.96
OCT,25,11,25.54,48.89,NA,8.67,42.91,6.86,88.19,17.92,46.75,627.78,16.14
OCT,25,12,24.57,37.98,NA,10.94,39.18,6.07,87.52,18.51,43.6,626.97,8.94
OCT,25,13,25.48,30.96,NA,8.12,37.77,6.37,81.37,19.5,42.26,626.11,14.25
OCT,25,14,25.9,32.99,NA,9.04,30.16,5.29,84.42,20.45,41.58,625.12,3.82
OCT,25,15,28.3,33.21,NA,8.71,35.14,4.37,87.94,21.08,40.41,624.46,7.45
OCT,25,16,25.2,36.79,NA,8.26,32.12,5.14,83.4,21.23,38.3,624.04,11
OCT,25,17,26.16,41.94,NA,9.67,36.58,4.96,77.09,21.89,37.53,623.82,8.35
OCT,25,18,26.5,19.67,NA,9,38.88,4.66,68.71,21.1,41.43,624.02,15.73
OCT,25,19,26.76,4.15,NA,7.97,31.41,4.15,76.13,18.54,48.8,624.48,10.6
OCT,25,20,25.54,3.77,NA,7.91,24.42,4.34,54.23,16.63,54.17,625.05,7.43
OCT,25,21,26.18,4,NA,6.65,21.09,4.06,51.14,15.19,58.01,625.71,4.23
OCT,25,22,25.44,4.79,NA,6.73,13.42,3.08,63.03,14.13,62.43,625.99,4.18
OCT,25,23,24.31,5.07,NA,7.12,17.21,2.08,59.85,13.63,64.34,626.07,6.29
OCT,26,0,24.24,5.29,0.65,6.91,17.84,1.78,78.85,13.69,62.98,626.12,3.56
OCT,26,1,22.56,5.86,0.65,9.16,18.52,0.89,127.24,13.02,65.28,625.96,4.37
OCT,26,2,12.38,4.2,0.69,20.39,19.65,0.84,239.18,12.19,68.94,625.75,5.05
OCT,26,3,9.81,4.67,0.7,22.01,22.09,0.58,243.27,11.53,71.18,625.39,5.33
OCT,26,4,11.81,4.7,0.65,15.35,19.51,0.82,126.17,10.89,73.52,625.18,8.38
OCT,26,5,9.58,3.77,0.69,23.08,20.67,0.86,117.23,10.12,75.76,625.02,5.92
OCT,26,6,10.34,4.68,0.78,19.42,21.52,0.95,103.81,9.69,77.21,625.08,8.14
OCT,26,7,9.24,25.6,1.02,19.68,26.39,0.87,91.73,9.61,77.37,625.1,7.28
OCT,26,8,9.21,6.56,1.69,21.07,48.43,0.9,309.99,9.68,75.15,625.44,16.84
OCT,26,9,11.45,22.23,1.15,22.91,42.51,1.15,135.64,12.09,69.18,625.75,18.83
OCT,26,10,16.38,28.03,0.95,17.51,45.04,1.6,151.71,14.6,61.85,625.75,18.92
OCT,26,11,22.71,40.09,1.02,21.35,42.67,1.59,231.13,17.11,54.33,625.22,7.67
OCT,26,12,36.97,25.16,0.99,17.41,48.58,1.52,211.06,19.28,46.71,624.37,20.92
OCT,26,13,46.64,12.36,0.95,17.44,51.66,2.03,257.41,21.03,42.12,623.48,15.5
OCT,26,14,40.73,5.85,0.91,15.07,55.2,3.27,283.84,22.43,33.44,622.57,17.15
OCT,26,15,38.46,5.52,1.05,18.62,41.1,2.19,280.61,24.28,28.68,621.75,13.67
OCT,26,16,35.88,4.27,0.81,10.26,34.91,2.6,278.86,24.96,21.59,621.32,19.96
OCT,26,17,35.71,4.3,0.87,11.94,33.51,2.22,277.47,25.63,22.33,621.25,4.66
OCT,26,18,34.89,4.4,1.04,21.17,37.4,2.13,271.34,25.29,27.64,621.33,6.49
OCT,26,19,16.97,4.94,1.81,47.21,59.28,1.72,238.75,23.75,31.39,621.55,17.35
OCT,26,20,10.48,5.04,2.33,49.45,86.72,1.36,232.61,22.03,33.56,621.96,19.11
OCT,26,21,9.94,4.63,1.78,46.95,82.26,0.69,69.86,19.97,40.77,622.41,25.86
OCT,26,22,9.33,5.09,2.24,43.22,95.14,1.07,237.2,18.89,42.49,622.56,30.89
OCT,26,23,12.91,3.89,1.13,30.87,60.99,1.63,262.74,17.57,41.63,622.64,26.24
OCT,27,0,9.4,4.01,1.15,33.78,64.1,0.79,302.74,15.07,55.28,622.76,14.93
OCT,27,1,10.52,3.78,1.05,30.55,66.29,0.75,272.9,14.78,55.41,622.62,30.54
OCT,27,2,9.15,6.58,1.12,29.38,64.86,0.57,311.31,13.7,58.95,622.51,20.43
OCT,27,3,9.2,5.1,1.16,24.84,55.98,0.67,322.21,12.08,61.65,622.48,27.03
OCT,27,4,11.71,4.19,0.89,24.82,41.37,0.94,92.55,11.53,61.78,622.34,19.41
OCT,27,5,12.23,8.22,1.01,27.16,52.71,1.07,119.4,11.92,63.16,622.41,16.27
OCT,27,6,10.42,7.15,1.23,27.84,96.34,1.64,109.61,11.05,66.97,622.52,26.84
OCT,27,7,10.06,7.11,1.62,29.76,79.8,1.54,108.09,11.02,66.54,622.74,39.61
OCT,27,8,10.26,9.22,1.54,28.97,85.85,1.96,106.85,11.8,63.93,623.02,40.75
OCT,27,9,12.39,14.57,1.3,25.74,80.4,2.35,105.79,13.99,58.29,623.33,40.82
OCT,27,10,21.98,13.17,1.02,18.09,56.92,1.7,107.46,17.32,50.74,623.38,35.4
OCT,27,11,31.67,5.98,1.05,18.44,42.54,1.48,163.85,20.28,42.16,623.02,24.52
OCT,27,12,37.75,14.75,1.05,16.75,42.9,1.25,180.26,22.79,35.12,622.3,15.8
OCT,27,13,41.07,14.49,0.98,17.21,58.1,2.24,150.96,24.57,30.56,621.33,29.05
OCT,27,14,42.73,15.22,0.92,16.06,40.32,1.75,159.93,26.17,25.57,620.48,15.98
OCT,27,15,39.61,13.72,1.01,20.4,40.49,1.83,217.43,27.27,20.58,619.9,22.35
OCT,27,16,40.21,7.93,0.96,17.78,39.86,2.04,236.91,27.92,17.14,619.55,15.97
OCT,27,17,46.02,6.58,0.9,15.16,35.92,2.05,271.66,27.85,17.73,619.61,6.44
OCT,27,18,44.36,5.5,0.96,20.02,44.09,1.3,275.31,27.62,18.87,619.66,8.41
OCT,27,19,22.18,5.69,2.24,53.22,47.25,0.73,276.41,25.61,23.38,620,15.72
OCT,27,20,9.95,6.35,3.45,66.05,93.66,1.09,162.69,24.3,26,620.2,14.56
OCT,27,21,21.51,5.22,1.36,26.38,124.88,2.57,59.26,21.5,31.56,620.8,34.11
OCT,27,22,19.14,29.98,0.91,19.98,34.07,2.12,78.2,20.03,34.02,621.3,14.28
OCT,27,23,15.52,51.96,0.74,19.04,41.37,3.85,82.72,18.87,35.43,621.45,13.83
OCT,28,0,21.07,36.23,0.78,13.58,36.61,3.9,73.71,18.86,34.48,621.44,17.39
OCT,28,1,22.98,45.12,0.84,11.55,39.29,4.61,74.21,17.97,43.44,621.54,12.11
OCT,28,2,23.92,48.12,0.73,8.62,40.9,4.65,76.63,17.07,54.18,621.47,18.3
OCT,28,3,21.91,45.71,0.76,9.05,26.63,2.79,78.63,16.28,58.84,621.66,11.91
OCT,28,4,22.88,16.23,0.71,7.51,28.64,2.83,59.83,15.73,61.53,621.79,11.21
OCT,28,5,25.05,18.31,0.72,6.29,20.39,2.65,60.88,15.61,63.17,621.98,10.08
OCT,28,6,18.02,42.13,0.78,13.24,28.03,2.12,75,14.74,66.69,622.42,7.45
OCT,28,7,13.77,21.65,1,20.3,31.59,1.83,99.06,13.52,71.48,622.83,12.03
OCT,28,8,13.31,23.85,1.38,21.46,36.71,1.59,95.75,14.44,69.44,623.38,16.18
OCT,28,9,15.38,30,1.05,15.39,39.57,2.38,86.94,16.27,64.76,623.79,19.38
OCT,28,10,24.09,36.02,0.83,8.81,41.29,3.46,74.9,17.95,58.34,623.97,19.51
OCT,28,11,27.74,24.31,0.88,9.85,28.79,3.39,86.18,20.13,51.47,623.62,12.64
OCT,28,12,32.09,24.82,0.87,10.23,35.54,2.93,93.63,22.33,43.74,622.91,17.61
OCT,28,13,39.24,16.81,0.89,10.7,39.28,2.21,104.67,24.12,37.04,622.12,12.59
OCT,28,14,46.52,10,0.91,11.35,50.74,1.94,132.17,25.78,31.79,621.34,12.9
OCT,28,15,48.42,13.19,0.97,12.67,41,1.66,252.22,27.09,25.77,620.76,22.56
OCT,28,16,50.71,9.77,0.93,11.56,46.78,2.2,62.63,27.27,25.89,620.33,21.24
OCT,28,17,52.01,7.13,0.91,10.73,43.93,2.18,296.9,27.26,25.64,620.29,12.47
OCT,28,18,44.85,5.21,1.03,20.47,44.67,1.57,301.65,26.96,26.2,620.49,23.28
OCT,28,19,28.54,5.05,1.43,39.13,58.96,1.46,328.28,25.15,30.24,620.97,10.7
OCT,28,20,23.98,5.52,1.26,24.87,85.63,2.21,133.76,23.29,49.59,621.54,12.82
OCT,28,21,21.41,5.2,1.22,22.54,69.34,1.92,162.1,21.87,56.3,622.26,31.22
OCT,28,22,16.59,4.77,1.34,27.58,56.26,0.95,257.71,21.08,58.39,622.68,29.47
OCT,28,23,17.03,4.58,1.33,25.87,55.49,1.14,224.26,20.57,59.77,622.97,22.44
OCT,29,0,18.59,4.21,1.15,21.75,45.11,1.02,131.72,19.87,62.46,623.18,23.38
OCT,29,1,14.03,5.34,1.24,26.89,47.14,1.42,126.49,18.81,65.7,623.15,27.49
OCT,29,2,15.78,5.22,1.11,25.95,60.97,2,128.63,18.21,65,623.16,39.34
OCT,29,3,14.27,5.18,1,21.98,48.99,2.09,123.61,17.18,62.59,622.97,24.94
OCT,29,4,12.72,10.39,0.96,21.5,46.84,1.66,107.96,16.36,65.44,622.93,20.81
OCT,29,5,10.97,8.53,0.95,23.05,44.61,1.39,112.25,15.55,68.03,623.2,22.82
OCT,29,6,10.98,9.45,0.93,17.65,42.85,1.86,108.04,14.82,70.72,623.45,16.29
OCT,29,7,10.65,5.97,0.95,16.18,39.43,2.04,110.55,14.24,71.66,623.77,21.97
OCT,29,8,10.38,15.62,1.04,18.16,38.8,1.77,102.02,14.54,70.77,624.21,16.27
OCT,29,9,10.66,35.72,1.02,16.68,41.22,1.85,105.94,16.45,65.69,624.48,21
OCT,29,10,16.66,25.89,1.04,14.05,41.57,1.39,130.55,18.75,60.56,624.56,24.07
OCT,29,11,27.76,20.53,1.12,13.98,47.4,1.67,246,20.99,56.8,624.48,24.41
OCT,29,12,37.26,6.91,1.03,11.59,43.06,1.83,249.61,22.91,51.11,623.87,26.29
OCT,29,13,43.47,4.85,0.93,9.66,39.67,2.3,286.51,24.05,45.89,623.06,19.01
OCT,29,14,43.99,4.1,0.95,11.02,40.41,1.74,260.2,25.21,40.52,622.27,18.76
OCT,29,15,39.15,3.36,0.99,12.59,34.17,1.92,235.87,26.5,35.02,621.6,22.77
OCT,29,16,36.59,3.16,1.04,13.87,42.64,2.56,240.2,27.21,32.28,621.25,18.18
OCT,29,17,40.81,3.13,0.91,9.65,33.64,2.51,275.69,27.2,32.43,621.09,18.98
OCT,29,18,38.65,3.04,0.94,10.65,40.54,2.35,291.94,26.34,33.91,621.26,18.28
OCT,29,19,25.19,3.38,1.24,27.98,50.66,1.3,316.96,24.54,40.1,621.63,17.28
OCT,29,20,15.13,3.61,1.53,37.42,55.92,0.99,125.55,23.36,44.89,622.22,18.93
OCT,29,21,14.02,3.8,1.45,26.75,77.86,1.74,183.58,21.76,57.42,622.74,18.75
OCT,29,22,15.99,3.66,1.2,19.79,53.29,2.48,225.06,20.73,58.48,623.18,23.74
OCT,29,23,13.36,3.43,1.12,22.28,44.36,1.36,274.14,19.49,62.54,623.54,16.58
OCT,30,0,13.28,3.15,1.07,21.31,53.05,1.21,303.98,18.54,64.89,623.49,20.52
OCT,30,1,13.76,3.19,1.02,18.5,54.45,1.26,202.66,18.45,67.28,623.38,24.55
OCT,30,2,15.5,2.98,0.85,12.55,31.97,1.8,243.99,17.74,70.78,623.34,11.88
OCT,30,3,9.73,3.13,0.95,20.99,36.06,0.92,296.59,16,72.46,623.27,14.19
OCT,30,4,9.76,3,0.91,21.43,45.81,1.42,264.09,15.64,74.62,623.14,20.71
OCT,30,5,10.17,2.92,0.88,19.11,36.52,1.16,275.86,15.34,75.31,623.09,19.03
OCT,30,6,9.6,3.24,1.01,18.33,37.6,0.71,293.46,13.74,75.47,623.2,23
OCT,30,7,9.91,3.32,1.29,18.77,46.77,0.75,306.04,13.75,76.12,623.61,18.05
OCT,30,8,9.97,3.91,2.02,23.14,60.7,0.72,273.45,14.6,75.19,624.06,30.17
OCT,30,9,11.03,3.82,1.86,25.25,80.52,1.24,260.02,17.17,69.43,624.53,35.28
OCT,30,10,16.34,3.29,1.24,18.25,58.42,1.38,248.14,18.74,66.28,624.76,26.86
OCT,30,11,22.5,3.41,1.1,12.24,37.75,1.71,263.81,20.61,61.95,624.68,23.72
OCT,30,12,24.22,3.22,1.03,11.62,40.13,1.33,267.41,22.1,56.47,624.14,25.53
OCT,30,13,28.6,3.08,0.97,9.26,24.97,1.16,276.54,23.34,49.69,623.27,12.38
OCT,30,14,29.74,3.23,0.95,9.39,34.16,1.5,289.04,24,46.45,622.49,11.43
OCT,30,15,33.9,3,0.93,8.35,25.91,2.07,285.18,25.18,42.37,621.7,12.8
OCT,30,16,32.4,2.83,0.98,10.39,64.95,2.01,271.85,26.13,38.64,621.22,3.24
OCT,30,17,31.01,2.96,1.04,13.67,66.89,1.68,281.4,26.38,37.05,621.16,7.16
OCT,30,18,25.02,2.86,1.17,18.29,38.59,2.52,267.49,25.6,37.77,621.27,9.65
OCT,30,19,12.52,3.39,1.93,36.64,59.56,1.69,253.36,24.58,42.16,621.61,12.76
OCT,30,20,9.9,3.57,2.46,37.98,78.22,1.4,237.7,23.86,44.64,622.16,14.77
OCT,30,21,11.87,3.65,1.57,30.24,86.25,2.06,180.45,22.75,50.1,622.79,29.37
OCT,30,22,14.24,4.61,1.26,26.18,55.86,1.39,212.07,21.73,56.8,623.11,19.77
OCT,30,23,9.72,3.61,1.16,28.43,60.91,1.41,302.95,20.23,59.56,623.42,19.18
OCT,31,0,9.63,3.1,1.09,26.08,61.26,0.86,6.71,19.72,63.65,623.52,22.26
OCT,31,1,10.13,3.11,0.94,22.41,51.46,1.11,307.76,18.87,68.42,623.5,19.07
OCT,31,2,12.7,2.83,0.86,15.88,35.69,0.68,303.44,19.4,67.12,623.27,12.11
OCT,31,3,9.94,2.79,0.88,21.15,30.22,1.09,305.27,18.65,68.06,623.04,12.32
OCT,31,4,9.44,2.99,0.88,21.94,36.08,0.92,299.04,18.13,69.15,622.96,18.74
OCT,31,5,12.53,3.19,0.85,20.17,34.16,0.85,271.7,17.82,70.54,623.12,13.08
OCT,31,6,12.15,3.47,0.98,20.6,41.61,0.77,254.64,17.5,72.19,623.31,16.62
OCT,31,7,10.97,4.26,1.24,19.34,54.12,0.9,294.05,16.58,74.56,623.56,22.22
OCT,31,8,11.61,4.67,1.79,21.53,58.32,0.9,166.64,17.09,74.02,624.03,22.14
OCT,31,9,12.51,4.05,1.57,23.6,84.45,1.03,271.83,19.17,67.17,624.32,29.62
OCT,31,10,17.28,4.27,1.14,18.76,60.08,1.31,276.92,20.88,62.23,624.47,30.83
OCT,31,11,22.51,4.8,1.17,16.7,45.93,1.36,194.01,22.75,55.62,624.36,16.52
OCT,31,12,25.88,3.32,1.02,10.7,28.64,1.73,201.92,24.11,50.49,623.88,7.36
OCT,31,13,29.35,2.91,0.97,8.51,30.8,1.74,268.3,25.11,47.21,623.01,11.71
OCT,31,14,27.82,2.72,0.98,10.36,28.18,1.79,247.46,25.95,43.75,622.17,10
OCT,31,15,27.57,2.63,0.97,9.8,18.65,1.9,264.1,26.77,40.52,621.45,5.95
OCT,31,16,26.06,2.77,1.11,13.06,31.38,1.96,262.41,27.1,39.33,621.11,12.62
OCT,31,17,28.96,2.78,1.12,17.22,32.41,2.31,261.07,26.77,40.09,621.02,10.76
OCT,31,18,23.74,2.83,1.21,17.29,48.49,2.63,219.78,24.81,47.68,621.34,17.25
OCT,31,19,15.31,3.19,1.57,24.84,49.85,2.53,183.88,22.54,56.77,621.94,7.84
OCT,31,20,14.35,3.1,1.34,21.05,37.51,1.48,213.15,22.37,56.74,622.45,7.29
OCT,31,21,13.99,2.86,1.31,20.23,43.34,1.35,237.03,21.97,58.45,622.94,7.72
OCT,31,22,13.25,2.71,1.17,17.07,32.29,2.06,203.19,20.72,64.78,623.35,7.52
OCT,31,23,12.08,2.88,1.04,13.92,27.87,1.97,226.15,19.57,68.55,623.74,7.97
