DATOS MÓVILES 2015_ DIF,,,,,,,,
,,,,,,,,
Ańo,Mes,Día,Hora,MO3,MSO2,MCO,MNO2,MPM10
2015,MAY,1,0,30.66083333,15.60291667,1.405833333,15.48,48.68708333
2015,MAY,1,1,31.38166667,15.55458333,1.404166667,15.12625,49.99208333
2015,MAY,1,2,31.58375,15.5275,1.405,15.18208333,50.03375
2015,MAY,1,3,31.83041667,15.50916667,1.406666667,15.14541667,50.56625
2015,MAY,1,4,31.97916667,15.50333333,1.409166667,15.175,51.17166667
2015,MAY,1,5,32.07666667,15.52,1.414166667,15.46208333,51.93291667
2015,MAY,1,6,32.11333333,15.53875,1.395833333,15.64,53.49833333
2015,MAY,1,7,32.12958333,15.55541667,1.358333333,15.69083333,54.32083333
2015,MAY,1,8,32.17166667,15.65125,1.329583333,16.33833333,55.33875
2015,MAY,1,9,32.61958333,15.69875,1.31375,16.19583333,55.85041667
2015,MAY,1,10,32.9575,16.02333333,1.3125,16.36666667,56.33083333
2015,MAY,1,11,33.50583333,16.22208333,1.305416667,16.12416667,56.55291667
2015,MAY,1,12,33.93916667,16.28625,1.3,16.00416667,56.69458333
2015,MAY,1,13,34.21125,16.28208333,1.296666667,15.99166667,56.70416667
2015,MAY,1,14,34.32125,16.26875,1.294583333,15.955,56.56666667
2015,MAY,1,15,34.1675,16.26375,1.293333333,15.95125,56.53083333
2015,MAY,1,16,33.89916667,16.26333333,1.294166667,15.96041667,56.47541667
2015,MAY,1,17,34.23,16.25125,1.285833333,15.70833333,55.88708333
2015,MAY,1,18,34.34416667,16.23875,1.28125,15.61375,55.48583333
2015,MAY,1,19,34.39583333,16.23416667,1.277083333,15.50208333,55.1625
2015,MAY,1,20,34.5325,16.24458333,1.271666667,15.21333333,55.28041667
2015,MAY,1,21,34.66791667,16.255,1.267083333,14.98,54.855
2015,MAY,1,22,34.63458333,16.26208333,1.267083333,14.92666667,54.17083333
2015,MAY,1,23,34.5325,16.285,1.270416667,14.9575,54.47125
2015,MAY,2,0,34.50083333,16.32458333,1.270833333,14.86916667,55.23458333
2015,MAY,2,1,34.50791667,16.35375,1.270416667,14.73166667,54.60291667
2015,MAY,2,2,35.04458333,16.38291667,1.266666667,14.14,54.36041667
2015,MAY,2,3,35.56708333,16.395,1.262083333,13.57833333,53.99416667
2015,MAY,2,4,36.1175,16.39625,1.255833333,12.97166667,53.2925
2015,MAY,2,5,36.69083333,16.37291667,1.246666667,12.28666667,52.41041667
2015,MAY,2,6,37.25375,16.34458333,1.234583333,11.7125,50.42083333
2015,MAY,2,7,37.49541667,16.31208333,1.22,11.43708333,48.89291667
2015,MAY,2,8,37.97833333,16.21,1.20625,10.19916667,46.88375
2015,MAY,2,9,38.14958333,16.16,1.20125,9.877083333,44.06916667
2015,MAY,2,10,38.07625,15.82083333,1.1975,9.53,42.97041667
2015,MAY,2,11,37.90708333,15.575,1.207916667,9.58125,42.33041667
2015,MAY,2,12,37.70916667,15.63291667,1.216666667,9.6875,42.38916667
2015,MAY,2,13,37.78458333,15.79333333,1.220416667,9.710833333,42.53458333
2015,MAY,2,14,37.83833333,15.84291667,1.222083333,9.713333333,42.89625
2015,MAY,2,15,37.92291667,15.84833333,1.224166667,9.69625,42.99166667
2015,MAY,2,16,37.97541667,15.84916667,1.225,9.66,43.31708333
2015,MAY,2,17,37.94583333,15.83458333,1.227083333,9.683333333,43.55541667
2015,MAY,2,18,37.70916667,15.84666667,1.2325,9.785416667,44.50333333
2015,MAY,2,19,37.535,15.84416667,1.2325,9.730833333,44.7025
2015,MAY,2,20,37.45041667,15.82041667,1.2325,9.80125,44.53583333
2015,MAY,2,21,37.38333333,15.80916667,1.234166667,9.810833333,45.14208333
2015,MAY,2,22,37.44083333,15.79958333,1.231666667,9.671666667,44.83083333
2015,MAY,2,23,37.53666667,15.78083333,1.225416667,9.427083333,44.16125
2015,MAY,3,0,37.56041667,15.74,1.224166667,9.312916667,43.35083333
2015,MAY,3,1,37.35291667,15.71791667,1.227083333,9.483333333,43.98375
2015,MAY,3,2,36.87,15.70416667,1.235,9.884166667,44.61
2015,MAY,3,3,36.375,15.705,1.242916667,10.29208333,45.14916667
2015,MAY,3,4,35.86208333,15.715,1.249583333,10.78291667,45.82
2015,MAY,3,5,35.32375,15.73833333,1.25625,11.26083333,46.30791667
2015,MAY,3,6,35.10708333,15.745,1.257083333,11.41958333,46.91666667
2015,MAY,3,7,35.31833333,15.74291667,1.2525,11.17125,46.77791667
2015,MAY,3,8,35.36416667,15.72333333,1.242083333,11.01875,45.835
2015,MAY,3,9,35.40833333,15.71875,1.232916667,10.92083333,45.30541667
2015,MAY,3,10,35.51166667,15.70541667,1.222083333,10.70625,44.85
2015,MAY,3,11,35.37666667,15.67833333,1.20875,10.33166667,44.37291667
2015,MAY,3,12,34.96041667,15.5025,1.2025,10.16833333,43.63166667
2015,MAY,3,13,34.425,15.29791667,1.198333333,10.08125,43.77416667
2015,MAY,3,14,34.00125,15.2175,1.197916667,10.08,43.34458333
2015,MAY,3,15,33.74,15.19208333,1.198333333,10.07041667,42.74
2015,MAY,3,16,33.60625,15.19208333,1.197083333,10.06833333,42.33416667
2015,MAY,3,17,33.5675,15.20333333,1.195416667,10.01291667,42.19625
2015,MAY,3,18,33.85416667,15.195,1.189583333,9.921666667,41.91625
2015,MAY,3,19,34.4,15.19541667,1.185,9.9025,41.58541667
2015,MAY,3,20,34.80791667,15.18916667,1.177083333,9.93875,42.03166667
2015,MAY,3,21,34.94875,15.16791667,1.169583333,10.12541667,42.63958333
2015,MAY,3,22,34.87958333,15.15791667,1.169166667,10.42041667,43.04791667
2015,MAY,3,23,35.14833333,15.14958333,1.166666667,10.47083333,43.93083333
2015,MAY,4,0,35.35666667,15.13291667,1.16125,10.46416667,43.97125
2015,MAY,4,1,35.18708333,15.12,1.160833333,10.74833333,44.68708333
2015,MAY,4,2,34.93333333,15.11291667,1.159166667,11.10125,45.35916667
2015,MAY,4,3,34.98625,15.09,1.15375,11.22916667,45.83333333
2015,MAY,4,4,35.47708333,15.06583333,1.147083333,10.97166667,45.81458333
2015,MAY,4,5,35.4925,15.05791667,1.144583333,11.07416667,46.27458333
2015,MAY,4,6,35.105,15.06666667,1.157916667,11.49666667,47.85083333
2015,MAY,4,7,34.64666667,15.11041667,1.20375,12.01833333,50.1325
2015,MAY,4,8,34.12833333,15.18791667,1.247916667,12.81916667,55.58375
2015,MAY,4,9,33.71666667,15.23125,1.266666667,13.50291667,60.36333333
2015,MAY,4,10,33.74666667,15.23166667,1.269166667,13.57041667,65.31416667
2015,MAY,4,11,33.87625,15.23791667,1.272916667,13.64666667,71.73458333
2015,MAY,4,12,34.11291667,15.24666667,1.271666667,13.67208333,72.11791667
2015,MAY,4,13,34.365,15.26041667,1.275,13.75833333,71.92833333
2015,MAY,4,14,34.6475,15.28791667,1.275833333,13.775,72.88
2015,MAY,4,15,34.99083333,15.30583333,1.274583333,13.80541667,74.10291667
2015,MAY,4,16,35.40083333,15.30166667,1.275,13.83666667,74.9725
2015,MAY,4,17,35.75833333,15.30291667,1.274583333,13.86166667,75.76208333
2015,MAY,4,18,35.98625,15.3025,1.276666667,13.91291667,75.97833333
2015,MAY,4,19,36.02083333,15.29625,1.279583333,13.99958333,76.63291667
2015,MAY,4,20,36.04291667,15.29625,1.280833333,13.94291667,76.82791667
2015,MAY,4,21,36.14166667,15.27541667,1.282083333,13.7775,76.86125
2015,MAY,4,22,36.22291667,15.28583333,1.282083333,13.67916667,78.74791667
2015,MAY,4,23,36.15208333,15.2975,1.287083333,13.73083333,79.57375
2015,MAY,5,0,36.02125,15.31083333,1.293333333,13.87,81.08791667
2015,MAY,5,1,36.18541667,15.32083333,1.294583333,13.78666667,80.75833333
2015,MAY,5,2,36.50375,15.31083333,1.292916667,13.62625,80.77458333
2015,MAY,5,3,36.32833333,15.31916667,1.297083333,13.84125,80.61083333
2015,MAY,5,4,35.72416667,15.33291667,1.305416667,14.41625,81.49583333
2015,MAY,5,5,35.58,15.365,1.313333333,14.55,82.22333333
2015,MAY,5,6,35.57791667,15.48125,1.32625,14.6525,88.975
2015,MAY,5,7,35.57958333,15.61875,1.338333333,14.81541667,93.81083333
2015,MAY,5,8,35.66208333,15.77458333,1.325,14.68458333,94.86416667
2015,MAY,5,9,35.62625,15.94541667,1.3225,14.7375,94.025
2015,MAY,5,10,35.58041667,16.00625,1.323333333,14.7275,90.33875
2015,MAY,5,11,35.52416667,16.03458333,1.322083333,14.70333333,84.22958333
2015,MAY,5,12,35.4975,16.04916667,1.323333333,14.69291667,84.13791667
2015,MAY,5,13,35.57875,16.055,1.32375,14.70458333,84.45958333
2015,MAY,5,14,35.61333333,16.04791667,1.321666667,14.67166667,84.52458333
2015,MAY,5,15,35.47166667,16.06125,1.322083333,14.63416667,84.14875
2015,MAY,5,16,35.21125,16.07958333,1.322083333,14.62416667,84.4725
2015,MAY,5,17,34.92,16.09333333,1.322916667,14.62541667,84.255
2015,MAY,5,18,34.55583333,16.10875,1.32375,14.64083333,84.01958333
2015,MAY,5,19,34.08875,16.14291667,1.327916667,14.70208333,84.46375
2015,MAY,5,20,33.62916667,16.17083333,1.3375,14.94833333,85.3525
2015,MAY,5,21,33.55708333,16.21666667,1.344583333,15.08708333,86.21166667
2015,MAY,5,22,33.84083333,16.23458333,1.34625,14.93166667,86.35625
2015,MAY,5,23,33.91125,16.25291667,1.345833333,14.91541667,85.7775
2015,MAY,6,0,34.15625,16.26625,1.342916667,14.81375,84.70125
2015,MAY,6,1,34.38791667,16.27291667,1.340416667,14.76416667,84.75
2015,MAY,6,2,34.94541667,16.28,1.337916667,14.33166667,84.88875
2015,MAY,6,3,35.69291667,16.27791667,1.332916667,13.67333333,84.54583333
2015,MAY,6,4,36.5,16.27291667,1.325833333,12.91583333,83.87916667
2015,MAY,6,5,37.23375,16.20041667,1.314583333,12.27666667,82.62291667
2015,MAY,6,6,37.68625,16.06916667,1.297083333,11.94666667,74.71916667
2015,MAY,6,7,38.20083333,15.80708333,1.24625,11.53833333,68.56041667
2015,MAY,6,8,38.81,15.58208333,1.225833333,11.1075,63.39166667
2015,MAY,6,9,39.40416667,15.38333333,1.2125,10.42875,60.63208333
2015,MAY,6,10,39.655,15.335,1.21375,10.43041667,60.08333333
2015,MAY,6,11,40.08791667,15.32,1.215416667,10.45541667,60.63875
2015,MAY,6,12,40.21166667,15.31625,1.221666667,10.48541667,60.97
2015,MAY,6,13,40.14083333,15.3325,1.225,10.44833333,61.58
2015,MAY,6,14,40.08333333,15.34541667,1.231666667,10.4875,62.11541667
2015,MAY,6,15,39.93541667,15.3425,1.237916667,10.595,63.52291667
2015,MAY,6,16,39.42375,15.33708333,1.245416667,10.84666667,65.40166667
2015,MAY,6,17,38.48833333,15.33375,1.260416667,11.37666667,67.66
2015,MAY,6,18,37.61,15.32208333,1.274166667,11.76791667,68.97583333
2015,MAY,6,19,36.99875,15.29916667,1.289166667,12.03416667,67.94791667
2015,MAY,6,20,36.62625,15.39208333,1.295416667,11.99708333,66.37333333
2015,MAY,6,21,36.10458333,15.48041667,1.303333333,12.07625,65.1425
2015,MAY,6,22,35.31083333,15.5425,1.310416667,12.34833333,63.1675
2015,MAY,6,23,34.56,15.65833333,1.312916667,12.63583333,62.175
2015,MAY,7,0,33.8575,15.87666667,1.317083333,12.93291667,61.7625
2015,MAY,7,1,33.19291667,16.2125,1.320833333,13.08833333,61.10708333
2015,MAY,7,2,32.49166667,16.40625,1.321666667,13.31458333,60.40875
2015,MAY,7,3,31.71166667,16.55458333,1.322916667,13.70541667,59.67208333
2015,MAY,7,4,30.86375,16.79916667,1.324583333,14.22375,59.25458333
2015,MAY,7,5,30.15708333,17.0075,1.335,14.71291667,59.63
2015,MAY,7,6,29.7125,17.2125,1.346666667,14.8325,61.30666667
2015,MAY,7,7,29.21,17.48708333,1.372916667,14.99375,62.25666667
2015,MAY,7,8,28.6375,17.87458333,1.387083333,15.21625,63.11583333
2015,MAY,7,9,28.04291667,18.21333333,1.40625,15.69208333,64.18208333
2015,MAY,7,10,27.71416667,18.42041667,1.409583333,15.82375,64.06041667
2015,MAY,7,11,27.34875,18.56083333,1.4125,15.96375,63.28583333
2015,MAY,7,12,27.39291667,18.65708333,1.410416667,16.04833333,62.91208333
2015,MAY,7,13,27.54916667,18.92,1.414583333,16.18291667,61.755
2015,MAY,7,14,27.61041667,19.0575,1.41125,16.22083333,60.6075
2015,MAY,7,15,27.63583333,19.08208333,1.406666667,16.13958333,58.49458333
2015,MAY,7,16,27.97083333,19.10083333,1.398333333,15.87041667,55.48041667
2015,MAY,7,17,28.75791667,19.06708333,1.385833333,15.39708333,52.12125
2015,MAY,7,18,29.69125,19.10875,1.374166667,15.0425,50.98708333
2015,MAY,7,19,30.36041667,19.15458333,1.363333333,14.88958333,52.0025
2015,MAY,7,20,30.35208333,19.13791667,1.370833333,15.43,53.50375
2015,MAY,7,21,29.97041667,19.19,1.4025,16.33375,55.78916667
2015,MAY,7,22,30.22208333,19.18583333,1.399166667,16.43333333,57.75375
2015,MAY,7,23,30.59583333,19.07041667,1.39375,16.08375,59.75458333
2015,MAY,8,0,30.93416667,18.84958333,1.385416667,15.67666667,59.74083333
2015,MAY,8,1,31.31666667,18.53083333,1.377083333,15.28708333,59.30666667
2015,MAY,8,2,31.75958333,18.43625,1.37125,14.91875,58.405
2015,MAY,8,3,31.98166667,18.32208333,1.366666667,14.6625,58.4175
2015,MAY,8,4,32.03125,18.14458333,1.36375,14.54375,58.32458333
2015,MAY,8,5,32.05708333,18.02416667,1.354166667,14.40041667,57.95875
2015,MAY,8,6,32.05583333,17.86916667,1.345416667,14.33958333,55.91458333
2015,MAY,8,7,32.04583333,17.72583333,1.334166667,14.27291667,55.6725
2015,MAY,8,8,32.005,17.43958333,1.33,14.2725,56.46333333
2015,MAY,8,9,32.01333333,17.2425,1.32375,14.24375,57.67041667
2015,MAY,8,10,32.16416667,17.11291667,1.3225,14.23708333,57.68375
2015,MAY,8,11,32.42416667,17.04041667,1.318333333,14.13,58.19583333
2015,MAY,8,12,32.68375,16.9925,1.315416667,14.06625,58.48458333
2015,MAY,8,13,32.88583333,16.74666667,1.305833333,13.95666667,58.47625
2015,MAY,8,14,33.26375,16.62166667,1.305,13.9225,58.6
2015,MAY,8,15,33.84833333,16.62166667,1.30625,13.97,60.00916667
2015,MAY,8,16,34.34666667,16.63291667,1.314583333,14.13375,61.82083333
2015,MAY,8,17,34.4575,16.72583333,1.322083333,14.30625,63.65041667
2015,MAY,8,18,34.26708333,16.72958333,1.325416667,14.4275,64.54541667
2015,MAY,8,19,34.09666667,16.7225,1.329583333,14.44666667,65.27166667
2015,MAY,8,20,34.40833333,16.68916667,1.32,13.82125,72.10416667
2015,MAY,8,21,35.27541667,16.58583333,1.279583333,12.66625,75.72833333
2015,MAY,8,22,35.56708333,16.57333333,1.2775,12.31208333,75.6075
2015,MAY,8,23,35.95375,16.625,1.27875,12.26666667,73.58291667
2015,MAY,9,0,36.26208333,16.66833333,1.28125,12.23916667,72.37916667
2015,MAY,9,1,36.51666667,16.69541667,1.284583333,12.21083333,71.6125
2015,MAY,9,2,36.60166667,16.63708333,1.28875,12.30916667,71.4325
2015,MAY,9,3,36.80708333,16.64458333,1.292083333,12.29166667,71.18041667
2015,MAY,9,4,36.87,16.625,1.295,12.41375,71.01291667
2015,MAY,9,5,36.935,16.6325,1.299166667,12.56875,71.04708333
2015,MAY,9,6,36.94083333,16.65583333,1.298333333,12.72708333,71.35541667
2015,MAY,9,7,36.9625,16.68291667,1.3025,12.79,71.37583333
2015,MAY,9,8,36.975,16.64833333,1.3025,12.76375,69.63791667
2015,MAY,9,9,36.98333333,16.58458333,1.314166667,12.76291667,67.72375
2015,MAY,9,10,36.68125,16.67083333,1.3275,13.15958333,68.95375
2015,MAY,9,11,36.33833333,16.75125,1.344166667,13.53291667,69.95458333
2015,MAY,9,12,36.17791667,16.84541667,1.352916667,13.83458333,70.8125
2015,MAY,9,13,36.14583333,17.09291667,1.3625,14.10958333,71.215
2015,MAY,9,14,35.94583333,17.27666667,1.366666667,14.20916667,70.895
2015,MAY,9,15,35.80625,17.4725,1.3725,14.32291667,69.92958333
2015,MAY,9,16,35.71666667,17.54375,1.368333333,14.26416667,69.0075
2015,MAY,9,17,35.92333333,17.5725,1.362083333,14.11666667,67.66958333
2015,MAY,9,18,36.32916667,17.61541667,1.36125,14.05375,66.5975
2015,MAY,9,19,36.36041667,17.67916667,1.3625,14.32,65.33166667
2015,MAY,9,20,35.90666667,17.70916667,1.393333333,15.22125,58.65541667
2015,MAY,9,21,35.09041667,17.775,1.430416667,16.27416667,54.91541667
2015,MAY,9,22,35.10166667,17.83791667,1.432083333,16.63541667,55.68375
2015,MAY,9,23,34.55916667,17.8775,1.450833333,17.40958333,55.98041667
2015,MAY,10,0,34.0975,17.90541667,1.461666667,18.085,57.93
2015,MAY,10,1,33.7875,17.90958333,1.471666667,18.60666667,60.3125
2015,MAY,10,2,33.53375,17.895,1.480833333,19.03625,62.62833333
2015,MAY,10,3,33.68583333,17.89375,1.487083333,19.085,65.245
2015,MAY,10,4,34.31333333,17.87916667,1.490416667,18.72,66.86833333
2015,MAY,10,5,34.93125,17.83958333,1.49,18.315,67.39416667
2015,MAY,10,6,35.35583333,17.79458333,1.482916667,18.1,67.6575
2015,MAY,10,7,35.85333333,17.745,1.4675,17.98666667,67.2575
2015,MAY,10,8,36.51791667,17.70375,1.46,17.87291667,67.24958333
2015,MAY,10,9,37.32166667,17.66625,1.440833333,17.44625,66.72166667
2015,MAY,10,10,37.78458333,17.5325,1.429583333,16.89291667,65.12625
2015,MAY,10,11,38.07541667,17.42125,1.418333333,16.45708333,64.08916667
2015,MAY,10,12,38.10083333,17.32708333,1.419166667,16.14791667,62.92
2015,MAY,10,13,38.025,17.09791667,1.417083333,15.85,64.13791667
2015,MAY,10,14,38.02,16.94833333,1.416666667,15.7125,64.66791667
2015,MAY,10,15,37.88916667,16.76916667,1.414166667,15.55541667,65.55333333
2015,MAY,10,16,37.87333333,16.70208333,1.414166667,15.44083333,66.1925
2015,MAY,10,17,37.895,16.65041667,1.413333333,15.33666667,67.97375
2015,MAY,10,18,37.75375,16.59791667,1.414166667,15.25,68.81583333
2015,MAY,10,19,37.95833333,16.52458333,1.40875,14.80875,69.09041667
2015,MAY,10,20,38.37041667,16.47083333,1.385,14.03916667,68.85833333
2015,MAY,10,21,38.83041667,16.32208333,1.360833333,13.32875,68.59291667
2015,MAY,10,22,38.58541667,16.16333333,1.371666667,13.1575,67.54208333
2015,MAY,10,23,38.4725,16.10458333,1.367083333,12.80916667,68.90041667
2015,MAY,11,0,38.82875,16.04708333,1.36125,12.23333333,68.81041667
2015,MAY,11,1,39.32083333,16.00416667,1.3525,11.61625,67.78666667
2015,MAY,11,2,39.72333333,15.99958333,1.345416667,11.07625,66.8175
2015,MAY,11,3,39.73208333,15.97666667,1.341666667,10.86333333,65.7825
2015,MAY,11,4,39.38833333,15.96583333,1.34125,10.88458333,65.50083333
2015,MAY,11,5,38.84166667,15.95083333,1.341666667,11.01083333,65.66541667
2015,MAY,11,6,38.43208333,15.93208333,1.344583333,11.03166667,66.34708333
2015,MAY,11,7,37.93291667,15.95041667,1.358333333,11.08541667,67.05791667
2015,MAY,11,8,37.31,15.97083333,1.368333333,11.22125,68.60875
2015,MAY,11,9,36.74291667,15.95125,1.370416667,11.38333333,69.29416667
2015,MAY,11,10,36.3675,15.93,1.367083333,11.49041667,69.79541667
2015,MAY,11,11,35.88916667,15.90833333,1.365833333,11.62083333,70.34916667
2015,MAY,11,12,35.41,15.88791667,1.359583333,11.61916667,70.82875
2015,MAY,11,13,35.01166667,15.93041667,1.351666667,11.56125,68.85666667
2015,MAY,11,14,34.81541667,16.0325,1.35,11.59375,68.66791667
2015,MAY,11,15,34.62708333,16.07083333,1.346666667,11.61958333,67.76583333
2015,MAY,11,16,34.58666667,16.07,1.346666667,11.68833333,67.18291667
2015,MAY,11,17,34.27833333,16.05666667,1.350833333,11.82333333,67.10958333
2015,MAY,11,18,33.62291667,16.05833333,1.36,12.08791667,67.71083333
2015,MAY,11,19,33.15166667,16.0775,1.357083333,12.02791667,71.05833333
2015,MAY,11,20,33.15416667,16.1325,1.340416667,11.62208333,73.48666667
2015,MAY,11,21,33.41791667,16.20916667,1.32,11.07083333,73.57583333
2015,MAY,11,22,33.67208333,16.56291667,1.3025,10.71166667,77.49625
2015,MAY,11,23,34.06916667,19.04541667,1.295,10.40416667,77.03291667
2015,MAY,12,0,34.01333333,22.31958333,1.305833333,10.39583333,76.07791667
2015,MAY,12,1,33.78583333,22.88333333,1.303333333,10.43083333,75.29791667
2015,MAY,12,2,33.30125,23.02125,1.30125,10.65708333,74.61708333
2015,MAY,12,3,33.15166667,23.07791667,1.2975,10.66375,73.35208333
2015,MAY,12,4,33.185,23.1,1.29125,10.57125,71.88458333
2015,MAY,12,5,33.17583333,23.20875,1.288333333,10.63541667,70.56375
2015,MAY,12,6,33.14916667,23.37666667,1.300833333,10.73375,69.33041667
2015,MAY,12,7,33.12875,23.4575,1.306666667,10.72375,69.30583333
2015,MAY,12,8,33.11291667,23.52791667,1.309583333,10.635,69.54125
2015,MAY,12,9,33.15125,23.59041667,1.31,10.55541667,69.74125
2015,MAY,12,10,33.315,23.6625,1.309583333,10.53,69.35791667
2015,MAY,12,11,33.43083333,23.73583333,1.30875,10.5275,68.77916667
2015,MAY,12,12,33.62625,23.79458333,1.310416667,10.55958333,68.76833333
2015,MAY,12,13,33.7025,23.805,1.321666667,10.73166667,69.70708333
2015,MAY,12,14,33.46458333,23.74416667,1.327916667,10.80291667,69.33416667
2015,MAY,12,15,33.13291667,23.90333333,1.333333333,10.82833333,69.67041667
2015,MAY,12,16,32.60541667,24.35333333,1.337916667,10.81375,68.795
2015,MAY,12,17,32.22666667,24.42041667,1.34,10.81458333,67.69
2015,MAY,12,18,32.15166667,24.4575,1.335833333,10.65125,71.46833333
2015,MAY,12,19,31.79125,24.54458333,1.352916667,11.04166667,69.44
2015,MAY,12,20,31.66041667,24.525,1.365416667,11.33541667,66.55916667
2015,MAY,12,21,31.62666667,24.68208333,1.374166667,11.43166667,64.09666667
2015,MAY,12,22,31.55375,24.68333333,1.37625,11.43,57.77708333
2015,MAY,12,23,31.6275,22.26541667,1.368333333,11.20041667,55.785
2015,MAY,13,0,31.58875,19.8275,1.357916667,11.15666667,55.01916667
2015,MAY,13,1,31.67916667,19.83,1.36,11.10833333,54.92458333
2015,MAY,13,2,31.96,20.83083333,1.358333333,10.88791667,54.8175
2015,MAY,13,3,32.00208333,20.97416667,1.3575,10.84833333,54.06708333
2015,MAY,13,4,32.06833333,21.03625,1.3575,10.80208333,53.7325
2015,MAY,13,5,32.25666667,20.98625,1.355416667,10.59208333,53.44375
2015,MAY,13,6,32.40916667,20.88083333,1.34375,10.31916667,52.79791667
2015,MAY,13,7,32.41916667,20.80416667,1.334583333,10.17541667,50.90875
2015,MAY,13,8,32.33041667,20.73041667,1.330833333,10.12708333,48.86125
2015,MAY,13,9,31.94458333,20.66458333,1.33625,10.16791667,47.93333333
2015,MAY,13,10,31.51208333,20.6,1.344583333,10.18791667,47.70083333
2015,MAY,13,11,31.24791667,20.56125,1.347083333,10.21458333,47.27875
2015,MAY,13,12,31.25125,20.54041667,1.34625,10.25541667,47.05291667
2015,MAY,13,13,31.9125,21.02458333,1.346666667,10.29291667,47.91625
2015,MAY,13,14,33.25291667,22.03583333,1.348333333,10.33875,49.71458333
2015,MAY,13,15,34.16458333,22.005,1.345416667,10.315,50.18875
2015,MAY,13,16,35.20583333,21.78125,1.345,10.39083333,52.00041667
2015,MAY,13,17,35.355,21.81166667,1.343333333,10.45041667,53.84291667
2015,MAY,13,18,35.47625,21.80291667,1.346666667,10.66458333,50.14083333
2015,MAY,13,19,35.90875,21.71833333,1.3375,10.495,49.65583333
2015,MAY,13,20,36.21083333,21.69458333,1.337916667,10.46291667,50.79208333
2015,MAY,13,21,36.45333333,21.55083333,1.3425,10.61083333,50.92458333
2015,MAY,13,22,36.72583333,21.2725,1.345833333,10.6675,51.55291667
2015,MAY,13,23,36.665,21.18708333,1.35125,10.93625,52.69083333
2015,MAY,14,0,36.66583333,20.36125,1.349166667,10.93041667,53.66333333
2015,MAY,14,1,36.60208333,19.81083333,1.349583333,10.93375,53.56333333
2015,MAY,14,2,36.38041667,18.67666667,1.354166667,11.16583333,53.26375
2015,MAY,14,3,35.69208333,18.52041667,1.361666667,11.87291667,54.28875
2015,MAY,14,4,35.42583333,18.48458333,1.36625,12.1825,54.9325
2015,MAY,14,5,35.35666667,18.45541667,1.370833333,12.25166667,55.29
2015,MAY,14,6,35.34041667,18.41875,1.367916667,12.23166667,55.79333333
2015,MAY,14,7,35.27625,18.41708333,1.367916667,12.32875,56.27833333
2015,MAY,14,8,35.34583333,18.45916667,1.370833333,12.435,56.85958333
2015,MAY,14,9,35.60416667,18.52541667,1.370833333,12.54333333,56.98708333
2015,MAY,14,10,35.88708333,18.61,1.368333333,12.66583333,57.16291667
2015,MAY,14,11,36.19208333,18.64166667,1.36875,12.69,57.5975
2015,MAY,14,12,36.42708333,18.66125,1.370416667,12.74041667,58.31708333
2015,MAY,14,13,36.47583333,18.24833333,1.365,12.66375,57.44416667
2015,MAY,14,14,35.93708333,17.235,1.3575,12.54791667,56.5425
2015,MAY,14,15,35.19541667,17.38083333,1.36,12.59291667,57.81666667
2015,MAY,14,16,34.70625,18.18666667,1.365,12.58125,57.3675
2015,MAY,14,17,35.29083333,18.52833333,1.362916667,12.41375,56.09125
2015,MAY,14,18,35.41291667,18.53125,1.355416667,12.12166667,55.3525
2015,MAY,14,19,35.65291667,18.51125,1.34625,11.87875,56.36583333
2015,MAY,14,20,35.60458333,19.5275,1.338333333,11.8075,56.91791667
2015,MAY,14,21,35.45666667,20.11416667,1.334166667,11.75125,60.015
2015,MAY,14,22,35.25375,21.64,1.33375,11.87666667,60.13208333
2015,MAY,14,23,35.31041667,21.7525,1.331666667,11.74333333,59.92833333
2015,MAY,15,0,35.25958333,21.80458333,1.33,11.79,59.60958333
2015,MAY,15,1,35.01041667,21.85208333,1.330416667,12.01791667,60.01583333
2015,MAY,15,2,35.01875,21.92,1.3275,11.98416667,60.21708333
2015,MAY,15,3,35.59833333,21.90666667,1.322916667,11.37958333,59.70958333
2015,MAY,15,4,35.5375,21.8875,1.321666667,11.32,59.37916667
2015,MAY,15,5,35.44375,21.91833333,1.320416667,11.35166667,59.62208333
2015,MAY,15,6,35.28833333,22.02666667,1.325416667,11.6025,60.26291667
2015,MAY,15,7,35.33833333,22.03916667,1.320833333,11.57958333,61.0525
2015,MAY,15,8,35.43875,22.06166667,1.31625,11.42541667,62.25333333
2015,MAY,15,9,35.36166667,22.15,1.31625,11.43708333,64.17833333
2015,MAY,15,10,35.46041667,22.18,1.315,11.32083333,64.66166667
2015,MAY,15,11,35.78291667,22.1675,1.31,11.16166667,64.82041667
2015,MAY,15,12,36.10583333,22.32708333,1.3075,11.0375,65.1075
2015,MAY,15,13,36.17125,22.37625,1.30625,10.9925,65.99333333
2015,MAY,15,14,36.25375,22.4125,1.30625,10.9825,66.3175
2015,MAY,15,15,36.98208333,22.14125,1.3025,10.89166667,66.05
2015,MAY,15,16,37.09541667,21.10916667,1.294166667,10.80041667,66.5925
2015,MAY,15,17,36.91916667,20.65791667,1.2925,10.81375,66.67625
2015,MAY,15,18,36.96541667,20.63666667,1.30625,11.0475,67.95416667
2015,MAY,15,19,36.61958333,20.65041667,1.32625,11.425,67.55666667
2015,MAY,15,20,36.51375,19.63958333,1.342083333,11.605,68.1375
2015,MAY,15,21,36.44208333,19.05041667,1.349166667,11.70416667,66.13458333
2015,MAY,15,22,36.05,17.53375,1.360416667,12.01458333,67.30291667
2015,MAY,15,23,35.58083333,17.46333333,1.371666667,12.60291667,68.52916667
2015,MAY,16,0,35.67541667,17.44291667,1.379166667,12.72833333,69.77333333
2015,MAY,16,1,35.70375,17.41791667,1.385,12.89541667,70.59625
2015,MAY,16,2,35.33708333,17.38666667,1.3925,13.33166667,71.9625
2015,MAY,16,3,35.34,17.39791667,1.398333333,13.52458333,73.10333333
2015,MAY,16,4,35.41583333,17.36833333,1.4025,13.58875,74.25
2015,MAY,16,5,35.31541667,17.30333333,1.407083333,13.77083333,74.89291667
2015,MAY,16,6,35.37666667,17.19375,1.409166667,13.72583333,74.87291667
2015,MAY,16,7,35.34875,17.19583333,1.417916667,13.88333333,75.22958333
2015,MAY,16,8,35.29666667,17.17583333,1.425833333,14.11291667,74.885
2015,MAY,16,9,35.6575,17.1425,1.43,14.13583333,74.86833333
2015,MAY,16,10,35.91875,17.11458333,1.430416667,14.15333333,75.84583333
2015,MAY,16,11,36.12125,17.08416667,1.432083333,14.11541667,76.18583333
2015,MAY,16,12,36.04708333,16.86375,1.4325,14.07208333,75.18541667
2015,MAY,16,13,35.76958333,16.65625,1.435,14.02916667,74.94291667
2015,MAY,16,14,35.56041667,16.545,1.4425,14.03916667,76.31458333
2015,MAY,16,15,35.49041667,16.46875,1.450416667,14.09291667,76.67458333
2015,MAY,16,16,35.43083333,16.43291667,1.452916667,14.10291667,76.8175
2015,MAY,16,17,35.23791667,16.41791667,1.457916667,14.16125,77.08875
2015,MAY,16,18,34.97166667,16.38,1.454583333,14.13041667,78.2225
2015,MAY,16,19,34.98875,16.34375,1.445416667,13.93333333,78.30666667
2015,MAY,16,20,35.17,16.29833333,1.435416667,13.68916667,76.01208333
2015,MAY,16,21,35.30875,16.25333333,1.434583333,13.61541667,76.17458333
2015,MAY,16,22,35.66583333,16.22958333,1.429583333,13.38291667,75.98916667
2015,MAY,16,23,36.23291667,16.16041667,1.421666667,12.91541667,75.73083333
2015,MAY,17,0,36.39125,16.10166667,1.419166667,12.7775,75.14791667
2015,MAY,17,1,36.73,16.05083333,1.417083333,12.49958333,74.8875
2015,MAY,17,2,37.36208333,15.99625,1.414166667,12.01041667,73.80375
2015,MAY,17,3,37.53625,15.94375,1.411666667,11.81833333,73.25083333
2015,MAY,17,4,37.82458333,15.92708333,1.409583333,11.61416667,72.75875
2015,MAY,17,5,37.97083333,15.92708333,1.405833333,11.67291667,72.3125
2015,MAY,17,6,37.88416667,15.92333333,1.3975,11.98708333,71.57166667
2015,MAY,17,7,38.15666667,15.85833333,1.38,11.78458333,70.29541667
2015,MAY,17,8,38.52958333,15.77041667,1.362916667,11.46,68.77291667
2015,MAY,17,9,38.15625,15.67291667,1.355,11.69,67.36166667
2015,MAY,17,10,38.08666667,15.59875,1.3525,11.68541667,66.58125
2015,MAY,17,11,37.99125,15.54833333,1.35,11.7,65.97958333
2015,MAY,17,12,37.80583333,15.51583333,1.343333333,11.67208333,65.97125
2015,MAY,17,13,37.84625,15.51708333,1.33875,11.6775,65.00583333
2015,MAY,17,14,37.77791667,15.57333333,1.329166667,11.65541667,63.03375
2015,MAY,17,15,37.49166667,15.60208333,1.317083333,11.54208333,60.39333333
2015,MAY,17,16,37.35083333,15.62333333,1.312083333,11.50458333,58.74666667
2015,MAY,17,17,37.42541667,15.63,1.305416667,11.41208333,57.40666667
2015,MAY,17,18,37.91583333,15.62041667,1.287916667,11.06333333,54.1425
2015,MAY,17,19,38.35125,15.62083333,1.275833333,10.87708333,51.54708333
2015,MAY,17,20,38.47125,15.69166667,1.279583333,11.17291667,51.665
2015,MAY,17,21,38.40208333,15.81333333,1.2875,11.56458333,53.23333333
2015,MAY,17,22,38.41416667,15.89291667,1.2925,11.76916667,54.48625
2015,MAY,17,23,38.3675,15.93541667,1.294166667,11.76083333,55.32791667
2015,MAY,18,0,37.8,16.0975,1.2925,12.09666667,54.66583333
2015,MAY,18,1,37.2,16.15458333,1.290833333,12.32416667,54.25666667
2015,MAY,18,2,36.70208333,16.20625,1.289166667,12.49333333,54.44
2015,MAY,18,3,36.43708333,16.23375,1.2875,12.61791667,54.59583333
2015,MAY,18,4,36.17625,16.27333333,1.287083333,12.765,54.80708333
2015,MAY,18,5,36.40208333,16.31041667,1.287083333,12.40916667,55.52416667
2015,MAY,18,6,36.67083333,16.3225,1.294166667,11.95041667,56.08875
2015,MAY,18,7,36.57916667,16.37333333,1.307916667,11.94458333,57.31666667
2015,MAY,18,8,36.29,16.43458333,1.3275,12.215,59.02291667
2015,MAY,18,9,36.40541667,16.485,1.335833333,12.06583333,60.17375
2015,MAY,18,10,36.27041667,16.6,1.34625,12.20541667,61.0625
2015,MAY,18,11,36.28083333,16.69875,1.34875,12.24375,61.36875
2015,MAY,18,12,36.72041667,16.76958333,1.357083333,12.38416667,61.82708333
2015,MAY,18,13,37.26583333,16.81208333,1.360833333,12.46625,62.05458333
2015,MAY,18,14,37.58416667,16.7575,1.365416667,12.56833333,61.35041667
2015,MAY,18,15,37.89625,16.75208333,1.370416667,12.72166667,62.5625
2015,MAY,18,16,38.30875,16.92,1.376666667,12.87708333,63.76875
2015,MAY,18,17,38.61375,17.10666667,1.385416667,13.08375,65.10958333
2015,MAY,18,18,38.67583333,17.15666667,1.405833333,13.49958333,67.46458333
2015,MAY,18,19,38.92875,17.18791667,1.419166667,13.76541667,69.51416667
2015,MAY,18,20,38.99708333,17.25375,1.417916667,13.65041667,72.42541667
2015,MAY,18,21,39.19916667,17.15375,1.406666667,13.29875,71.88416667
2015,MAY,18,22,39.46333333,17.07208333,1.397916667,13.06333333,70.33125
2015,MAY,18,23,39.34833333,17.09875,1.394166667,13.07333333,69.08041667
2015,MAY,19,0,39.70833333,16.97416667,1.392083333,12.68666667,70.99875
2015,MAY,19,1,40.2775,16.95083333,1.388333333,12.3425,73.34625
2015,MAY,19,2,40.8575,17.08208333,1.385,12.01,73.52833333
2015,MAY,19,3,41.10291667,17.14416667,1.3825,11.79041667,73.63583333
2015,MAY,19,4,41.50458333,17.13041667,1.379166667,11.40625,73.55125
2015,MAY,19,5,41.75958333,17.1075,1.375416667,11.21416667,73.02583333
2015,MAY,19,6,41.99375,17.08458333,1.37,11.07708333,73.0575
2015,MAY,19,7,42.00375,17.06833333,1.362083333,11.215,72.81333333
2015,MAY,19,8,42.08583333,17.06,1.349166667,11.0875,72.80208333
2015,MAY,19,9,42.32291667,16.99083333,1.340833333,10.74041667,72.1475
2015,MAY,19,10,42.38791667,16.875,1.334166667,10.65166667,71.55333333
2015,MAY,19,11,42.12375,16.87833333,1.33875,10.86666667,72.30958333
2015,MAY,19,12,41.86708333,17.16041667,1.339583333,10.93791667,73.51875
2015,MAY,19,13,41.73625,17.55666667,1.340833333,10.98416667,75.17416667
2015,MAY,19,14,42.29291667,17.88791667,1.338333333,10.91625,76.95458333
2015,MAY,19,15,42.44208333,18.10125,1.338333333,10.8875,77.71
2015,MAY,19,16,42.12708333,18.04083333,1.34,10.9125,79.15583333
2015,MAY,19,17,41.56875,17.96458333,1.34125,10.96666667,81.65375
2015,MAY,19,18,41,17.995,1.336666667,10.90958333,84.37166667
2015,MAY,19,19,40.13708333,17.99875,1.335833333,10.86625,84.435
2015,MAY,19,20,39.58333333,17.88,1.333333333,10.74666667,81.22791667
2015,MAY,19,21,39.0525,17.88083333,1.3275,10.67708333,77.55541667
2015,MAY,19,22,38.50125,17.90541667,1.322083333,10.54583333,75.55875
2015,MAY,19,23,38.09,17.92541667,1.322916667,10.55791667,73.69916667
2015,MAY,20,0,37.80958333,18.18625,1.324583333,10.6275,70.9625
2015,MAY,20,1,37.39583333,18.3775,1.324166667,10.72833333,67.65125
2015,MAY,20,2,36.67791667,18.40958333,1.326666667,11.08791667,66.73833333
2015,MAY,20,3,36.06208333,18.47083333,1.32875,11.39416667,66.0225
2015,MAY,20,4,35.42208333,18.63958333,1.332916667,11.72208333,65.30166667
2015,MAY,20,5,34.76833333,18.93166667,1.337083333,11.96041667,64.90958333
2015,MAY,20,6,34.31708333,19.22,1.357083333,12.02916667,64.08041667
2015,MAY,20,7,34.15708333,19.42875,1.375,11.79,62.86708333
2015,MAY,20,8,33.99958333,19.78041667,1.372916667,11.65416667,60.39333333
2015,MAY,20,9,33.6525,21.23375,1.390416667,11.9675,58.53208333
2015,MAY,20,10,33.37125,22.56375,1.3925,12.015,58.25666667
2015,MAY,20,11,33.38458333,23.51541667,1.39125,11.94583333,57.65166667
2015,MAY,20,12,33.42916667,23.85458333,1.389583333,11.94625,55.97125
2015,MAY,20,13,32.60083333,23.6325,1.382916667,11.81958333,53.92666667
2015,MAY,20,14,31.25916667,23.38333333,1.38125,11.78875,52.11708333
2015,MAY,20,15,30.765,23.22541667,1.377916667,11.72,49.955
2015,MAY,20,16,30.7575,23.15041667,1.370416667,11.59791667,46.82375
2015,MAY,20,17,31.39458333,23.08,1.36125,11.36791667,42.71
2015,MAY,20,18,32.48583333,23.05666667,1.353333333,11.19166667,38.0875
2015,MAY,20,19,33.57625,23.06166667,1.348333333,11.13083333,37.46125
2015,MAY,20,20,33.56541667,23.13541667,1.3775,11.96291667,37.87833333
2015,MAY,20,21,33.56625,24.32291667,1.412916667,12.5725,42.87625
2015,MAY,20,22,34.07166667,24.4425,1.413333333,12.51375,46.095
2015,MAY,20,23,34.30291667,24.44291667,1.40875,12.6225,47.17083333
2015,MAY,21,0,34.535,24.20583333,1.404166667,12.65416667,47.36708333
2015,MAY,21,1,34.5125,24.05708333,1.405833333,12.90208333,48.0775
2015,MAY,21,2,34.66708333,24.06375,1.405833333,12.98833333,48.46
2015,MAY,21,3,34.74458333,24.10875,1.407916667,13.13416667,49.11208333
2015,MAY,21,4,34.93083333,24.17041667,1.407083333,13.14333333,49.4575
2015,MAY,21,5,35.265,24.01875,1.40125,13.0425,49.14791667
2015,MAY,21,6,35.35875,23.80583333,1.382083333,13.12166667,49.18166667
2015,MAY,21,7,35.38541667,23.64666667,1.375416667,13.26541667,49.19291667
2015,MAY,21,8,35.46416667,23.31041667,1.372083333,13.33375,49.63958333
2015,MAY,21,9,35.61041667,21.8975,1.349166667,13.10458333,50.08458333
2015,MAY,21,10,35.76041667,20.72125,1.344166667,12.95958333,49.06666667
2015,MAY,21,11,36.21333333,22.28125,1.352083333,13.10958333,49.21958333
2015,MAY,21,12,36.45125,22.94291667,1.35625,13.21583333,50.74
2015,MAY,21,13,37.02375,23.18916667,1.367916667,13.44375,52.10833333
2015,MAY,21,14,37.58333333,23.31291667,1.369166667,13.515,52.8775
2015,MAY,21,15,37.71333333,23.37208333,1.3725,13.58958333,54.16416667
2015,MAY,21,16,37.87583333,23.42541667,1.375416667,13.64125,55.4025
2015,MAY,21,17,37.77916667,23.46916667,1.379166667,13.73666667,56.07666667
2015,MAY,21,18,37.58208333,23.49083333,1.376666667,13.70041667,55.79625
2015,MAY,21,19,36.8975,23.5375,1.380416667,13.85666667,55.2375
2015,MAY,21,20,36.89625,23.5275,1.359583333,13.2625,56.21041667
2015,MAY,21,21,36.73083333,22.51625,1.340833333,13.05333333,54.2625
2015,MAY,21,22,36.25791667,22.40083333,1.345,13.26958333,53.27041667
2015,MAY,21,23,36.04166667,22.37625,1.3525,13.29208333,54.16875
2015,MAY,22,0,36.00875,22.56,1.354583333,13.24666667,55.46541667
2015,MAY,22,1,36.46541667,23.00625,1.359166667,12.91958333,56.94791667
2015,MAY,22,2,36.85375,26.23,1.387916667,12.67,57.21416667
2015,MAY,22,3,37.6375,26.77166667,1.381666667,12.11166667,57.25916667
2015,MAY,22,4,38.02458333,26.76291667,1.377083333,11.91208333,56.67083333
2015,MAY,22,5,38.30041667,26.73875,1.377083333,11.79708333,56.4025
2015,MAY,22,6,38.68458333,26.73958333,1.375833333,11.58083333,55.65958333
2015,MAY,22,7,38.91375,26.71583333,1.365416667,11.435,54.56625
2015,MAY,22,8,38.91958333,26.69125,1.372916667,11.4425,53.7725
2015,MAY,22,9,38.87833333,26.68458333,1.380416667,11.44041667,52.50833333
2015,MAY,22,10,38.71625,26.56333333,1.38125,11.4475,52.02083333
2015,MAY,22,11,37.95125,24.00083333,1.372916667,11.21333333,50.90083333
2015,MAY,22,12,37.06916667,22.71375,1.3675,10.99666667,50.15208333
2015,MAY,22,13,36.35833333,22.35791667,1.360833333,10.87875,49.58041667
2015,MAY,22,14,35.76625,22.23458333,1.362916667,10.91166667,49.85333333
2015,MAY,22,15,35.44958333,22.1575,1.362916667,10.96,49.45625
2015,MAY,22,16,35.13125,22.12791667,1.364583333,11.03583333,48.47041667
2015,MAY,22,17,34.6525,22.08041667,1.36625,11.08291667,47.84333333
2015,MAY,22,18,34.06291667,22.04833333,1.375833333,11.23125,48.375
2015,MAY,22,19,34.02833333,21.99208333,1.377916667,11.16333333,48.89083333
2015,MAY,22,20,33.95083333,21.96458333,1.39125,11.54541667,48.44666667
2015,MAY,22,21,33.80416667,21.84583333,1.414583333,11.97083333,49.76708333
2015,MAY,22,22,33.42208333,21.85541667,1.43125,12.33958333,51.91583333
2015,MAY,22,23,33.47,21.84166667,1.432083333,12.205,52.6475
2015,MAY,23,0,33.11458333,21.65916667,1.435416667,12.39708333,53.665
2015,MAY,23,1,32.78958333,21.73875,1.43375,12.58291667,53.88541667
2015,MAY,23,2,33.02875,18.46833333,1.4,12.32375,54.41458333
2015,MAY,23,3,32.89875,17.80625,1.39875,12.35291667,53.39541667
2015,MAY,23,4,32.83708333,18.0225,1.402083333,12.30666667,53.24125
2015,MAY,23,5,32.84583333,18.12458333,1.4,12.24958333,53.14666667
2015,MAY,23,6,32.9275,18.15291667,1.389166667,12.13166667,53.29833333
2015,MAY,23,7,33.02666667,18.16708333,1.373333333,12.04041667,53.19666667
2015,MAY,23,8,33.05791667,18.17791667,1.356666667,11.94375,53.01875
2015,MAY,23,9,33.00416667,18.165,1.344166667,11.91541667,52.74541667
2015,MAY,23,10,32.99833333,18.14166667,1.337083333,11.89375,52.60291667
2015,MAY,23,11,33.18208333,18.45791667,1.334583333,11.85291667,52.57291667
2015,MAY,23,12,33.55625,19.075,1.340833333,11.93416667,52.49125
2015,MAY,23,13,33.685,19.22958333,1.342083333,11.93583333,53.07958333
2015,MAY,23,14,34.00791667,19.33,1.34125,11.89625,53.62166667
2015,MAY,23,15,34.13333333,19.33,1.3375,11.78833333,53.615
2015,MAY,23,16,34.09916667,19.35291667,1.33125,11.61166667,53.51208333
2015,MAY,23,17,34.60333333,19.48125,1.323333333,11.43916667,53.75666667
2015,MAY,23,18,35.12583333,19.70583333,1.3125,11.28916667,53.25166667
2015,MAY,23,19,35.51083333,19.825,1.3025,11.16833333,52.44208333
2015,MAY,23,20,35.7525,19.87875,1.283333333,10.87625,50.70833333
2015,MAY,23,21,36.08291667,19.87041667,1.255833333,10.34916667,47.87833333
2015,MAY,23,22,36.31666667,19.87833333,1.245833333,10.15333333,45.36875
2015,MAY,23,23,36.42125,19.88166667,1.243333333,10.19916667,44.12083333
2015,MAY,24,0,36.64291667,19.86458333,1.246666667,10.15125,42.7275
2015,MAY,24,1,36.69041667,19.30375,1.249166667,10.12833333,41.96875
2015,MAY,24,2,36.35333333,19.15916667,1.255833333,10.35,41.4975
2015,MAY,24,3,36.08208333,19.11666667,1.2625,10.56291667,42.16916667
2015,MAY,24,4,36.12125,18.685,1.262083333,10.61083333,42.96041667
2015,MAY,24,5,36.06541667,18.46333333,1.265416667,10.72166667,43.77
2015,MAY,24,6,36.12833333,18.35583333,1.267916667,10.72875,44.75958333
2015,MAY,24,7,36.33541667,18.29666667,1.270416667,10.62625,45.70666667
2015,MAY,24,8,36.84125,18.25541667,1.269583333,10.41416667,46.80333333
2015,MAY,24,9,37.24958333,18.2125,1.2675,10.23583333,48.11625
2015,MAY,24,10,37.59125,18.18416667,1.267916667,10.1325,49.08333333
2015,MAY,24,11,37.74333333,17.83541667,1.26125,10.01416667,49.62916667
2015,MAY,24,12,37.71291667,17.16916667,1.250416667,9.833333333,49.33083333
2015,MAY,24,13,37.91583333,16.905,1.24375,9.68375,48.41083333
2015,MAY,24,14,37.82083333,16.71166667,1.23875,9.567916667,47.66208333
2015,MAY,24,15,37.81083333,16.64916667,1.237083333,9.517916667,47.68833333
2015,MAY,24,16,37.81791667,16.55291667,1.23625,9.480833333,48.37458333
2015,MAY,24,17,37.45666667,16.3925,1.23625,9.452083333,48.18416667
2015,MAY,24,18,37.06375,16.13541667,1.234583333,9.388333333,47.81791667
2015,MAY,24,19,36.50291667,16.00041667,1.237083333,9.447916667,48.12
2015,MAY,24,20,36.69541667,15.89958333,1.225833333,9.026666667,47.12375
2015,MAY,24,21,37.17666667,15.82416667,1.21,8.593333333,44.81833333
2015,MAY,24,22,37.87833333,15.76583333,1.195416667,8.130416667,42.39666667
2015,MAY,24,23,38.38041667,15.71333333,1.19,7.9375,40.53458333
2015,MAY,25,0,38.97541667,15.67333333,1.18,7.634166667,38.69708333
2015,MAY,25,1,39.39333333,15.63208333,1.172083333,7.444583333,37.28958333
2015,MAY,25,2,39.60875,15.59708333,1.165833333,7.385,35.63583333
2015,MAY,25,3,39.69458333,15.57333333,1.160416667,7.445416667,34.26041667
2015,MAY,25,4,39.68041667,15.545,1.15625,7.535,32.96833333
2015,MAY,25,5,39.42,15.535,1.157916667,7.790416667,31.65125
2015,MAY,25,6,38.88208333,15.53625,1.180833333,8.32125,30.1775
2015,MAY,25,7,38.62291667,15.54458333,1.20375,8.617916667,28.84958333
2015,MAY,25,8,38.11875,15.59291667,1.223333333,8.937916667,27.03416667
2015,MAY,25,9,37.92875,15.64958333,1.235,9.138333333,25.40083333
2015,MAY,25,10,37.90625,15.66,1.235,9.20625,23.94458333
2015,MAY,25,11,37.82,15.66333333,1.237083333,9.295,22.42708333
2015,MAY,25,12,37.66791667,15.66333333,1.235416667,9.27875,20.76166667
2015,MAY,25,13,37.48583333,15.67416667,1.235416667,9.27875,19.44833333
2015,MAY,25,14,37.55083333,15.68791667,1.235,9.3,18.34916667
2015,MAY,25,15,37.8925,15.70875,1.236666667,9.35625,17.42
2015,MAY,25,16,38.13333333,15.72458333,1.23625,9.382083333,16.9125
2015,MAY,25,17,38.53666667,15.74041667,1.235833333,9.403333333,17.22
2015,MAY,25,18,38.85958333,15.75333333,1.23375,9.400416667,17.18875
2015,MAY,25,19,38.97333333,15.75208333,1.232916667,9.314166667,17.10208333
2015,MAY,25,20,38.80416667,15.75791667,1.237916667,9.394166667,18.31833333
2015,MAY,25,21,38.37708333,15.77583333,1.244166667,9.625416667,20.11458333
2015,MAY,25,22,37.76625,15.78375,1.253333333,9.942083333,22.13166667
2015,MAY,25,23,37.44791667,15.79541667,1.254583333,9.99625,23.65625
2015,MAY,26,0,36.7,15.8125,1.260833333,10.3975,25.12791667
2015,MAY,26,1,35.73916667,15.85958333,1.2775,10.97583333,26.87083333
2015,MAY,26,2,35.00625,15.92541667,1.285833333,11.42,30.41125
2015,MAY,26,3,34.4725,15.91708333,1.291666667,11.7175,32.18666667
2015,MAY,26,4,33.89291667,15.91833333,1.30125,12.04291667,33.89625
2015,MAY,26,5,33.78583333,15.93,1.301666667,12.01833333,35.62375
2015,MAY,26,6,33.92708333,15.9375,1.281666667,11.69875,36.72458333
2015,MAY,26,7,33.65416667,15.96041667,1.28625,11.70041667,38.88208333
2015,MAY,26,8,33.47875,15.96958333,1.287916667,11.81875,43.51208333
2015,MAY,26,9,33.46708333,15.94416667,1.28,11.8,45.66583333
2015,MAY,26,10,33.4,15.94375,1.280416667,11.83958333,47.44041667
2015,MAY,26,11,33.525,15.94875,1.27875,11.78458333,49.03458333
2015,MAY,26,12,33.71208333,15.95625,1.28,11.80208333,50.16958333
2015,MAY,26,13,33.89291667,15.9525,1.27875,11.79375,51.3175
2015,MAY,26,14,33.8875,15.94958333,1.280833333,11.81041667,51.68416667
2015,MAY,26,15,33.555,16.02375,1.280416667,11.80208333,53.09458333
2015,MAY,26,16,33.47583333,16.04791667,1.28125,11.82625,53.47083333
2015,MAY,26,17,33.18333333,16.0425,1.284166667,11.90125,53.59416667
2015,MAY,26,18,32.85333333,16.2825,1.292083333,12.03291667,54.77125
2015,MAY,26,19,33.00625,16.40166667,1.296666667,12.17583333,54.93666667
2015,MAY,26,20,33.15,16.46041667,1.30125,12.41,57.36291667
2015,MAY,26,21,33.68166667,16.4875,1.302916667,12.38875,59.08541667
2015,MAY,26,22,34.20583333,16.51,1.3025,12.35666667,59.18
2015,MAY,26,23,34.41625,17.55875,1.31375,12.44041667,60.54583333
2015,MAY,27,0,34.89458333,17.66416667,1.31,12.16541667,61.80916667
2015,MAY,27,1,35.725,17.66916667,1.294166667,11.59125,61.07083333
2015,MAY,27,2,36.57125,17.63333333,1.287083333,11.05083333,59.22291667
2015,MAY,27,3,37.33875,17.6575,1.282916667,10.54041667,59.30041667
2015,MAY,27,4,38.11458333,17.67458333,1.275833333,10.00416667,59.6225
2015,MAY,27,5,38.47083333,17.675,1.275,9.774166667,59.79
2015,MAY,27,6,38.35708333,17.70041667,1.285416667,9.976666667,60.88541667
2015,MAY,27,7,38.3825,17.72083333,1.2775,10.10208333,62.80625
2015,MAY,27,8,38.57916667,17.705,1.275,9.9775,62.45041667
2015,MAY,27,9,38.67708333,17.70666667,1.280833333,9.921666667,63.40166667
2015,MAY,27,10,38.65625,17.73875,1.289583333,9.997916667,64.65208333
2015,MAY,27,11,38.67,17.77125,1.3,10.10833333,65.42083333
2015,MAY,27,12,38.61166667,17.78875,1.309583333,10.20833333,65.89375
2015,MAY,27,13,38.6125,17.80708333,1.315833333,10.2525,65.62125
2015,MAY,27,14,38.64083333,17.91916667,1.320833333,10.32208333,66.28416667
2015,MAY,27,15,38.81,18.09125,1.325,10.34625,66.36666667
2015,MAY,27,16,38.955,18.18625,1.331666667,10.45708333,66.94208333
2015,MAY,27,17,39.40708333,18.60541667,1.336666667,10.51125,67.305
2015,MAY,27,18,40.09416667,18.99083333,1.339583333,10.56416667,67.295
2015,MAY,27,19,40.615,19.1525,1.332916667,10.3425,68.81708333
2015,MAY,27,20,40.31166667,19.26583333,1.376666667,10.47958333,67.05541667
2015,MAY,27,21,39.95458333,19.51708333,1.391666667,10.47541667,65.70708333
2015,MAY,27,22,40.03416667,19.55625,1.389166667,10.26625,65.73333333
2015,MAY,27,23,40.34833333,18.53791667,1.376666667,10.06458333,64.20041667
2015,MAY,28,0,40.71666667,18.44125,1.375833333,9.947916667,62.83291667
2015,MAY,28,1,40.93,18.41083333,1.37625,9.94375,62.03625
2015,MAY,28,2,40.98041667,18.40666667,1.377083333,10.05125,61.08208333
2015,MAY,28,3,40.99958333,18.41458333,1.37625,10.12125,60.08916667
2015,MAY,28,4,41.03666667,18.41708333,1.375416667,10.19375,58.755
2015,MAY,28,5,41.045,18.42041667,1.375416667,10.35375,57.88666667
2015,MAY,28,6,41.19083333,18.39625,1.377083333,10.33625,57.43333333
2015,MAY,28,7,41.31208333,18.40708333,1.377916667,10.31666667,56.08916667
2015,MAY,28,8,41.4325,18.44125,1.367916667,10.2875,53.72208333
2015,MAY,28,9,41.1,18.52583333,1.372916667,10.53375,52.94375
2015,MAY,28,10,40.88208333,18.59791667,1.372916667,10.62666667,52.89041667
2015,MAY,28,11,40.73166667,18.6425,1.36875,10.64916667,53.14541667
2015,MAY,28,12,40.72916667,18.70083333,1.364583333,10.7125,53.45
2015,MAY,28,13,40.85458333,18.77333333,1.367916667,10.89,54.44125
2015,MAY,28,14,41.3775,18.75458333,1.366666667,10.98333333,55.6525
2015,MAY,28,15,41.55333333,18.56958333,1.365,11.035,56.13375
2015,MAY,28,16,41.47208333,18.51875,1.363333333,11.01791667,56.6
2015,MAY,28,17,41.05416667,18.15666667,1.359166667,10.99208333,56.8475
2015,MAY,28,18,40.33416667,17.58166667,1.3575,10.98625,56.72375
2015,MAY,28,19,39.60458333,17.325,1.362083333,11.15,58.69958333
2015,MAY,28,20,39.74125,17.18291667,1.320416667,10.94833333,60.5125
2015,MAY,28,21,39.56833333,16.92958333,1.309166667,11.05,59.58291667
2015,MAY,28,22,39.08666667,16.88541667,1.31125,11.22541667,58.60041667
2015,MAY,28,23,38.49875,16.865,1.312916667,11.38083333,58.33625
2015,MAY,29,0,37.80333333,16.87041667,1.314166667,11.70625,58.13458333
2015,MAY,29,1,37.45375,16.88958333,1.313333333,11.8575,57.78458333
2015,MAY,29,2,37.19333333,16.90208333,1.3125,11.85333333,57.88041667
2015,MAY,29,3,36.85583333,16.89833333,1.3125,11.98,57.49041667
2015,MAY,29,4,36.21,16.89541667,1.31375,12.2925,57.69083333
2015,MAY,29,5,35.58875,16.91083333,1.3125,12.54625,58.13333333
2015,MAY,29,6,35.38416667,16.92125,1.302916667,12.54416667,57.80833333
2015,MAY,29,7,35.24041667,16.89291667,1.3,12.42083333,56.63291667
2015,MAY,29,8,35.13916667,16.83875,1.295,12.36291667,55.74583333
2015,MAY,29,9,35.065,16.75833333,1.28875,12.31916667,54.71666667
2015,MAY,29,10,34.845,16.7,1.292083333,12.405,53.61
2015,MAY,29,11,34.34541667,16.66125,1.296666667,12.48583333,53.43708333
2015,MAY,29,12,33.92458333,16.6325,1.298333333,12.46708333,53.21625
2015,MAY,29,13,33.645,16.78791667,1.295416667,12.37833333,52.81541667
2015,MAY,29,14,33.06208333,16.8475,1.297083333,12.3325,51.695
2015,MAY,29,15,32.73041667,16.84666667,1.29875,12.36875,52.09416667
2015,MAY,29,16,32.38958333,16.81375,1.3,12.4525,51.88083333
2015,MAY,29,17,32.14375,16.80458333,1.305416667,12.63208333,51.9875
2015,MAY,29,18,32.30541667,16.78916667,1.307083333,12.75166667,52.42916667
2015,MAY,29,19,32.65041667,16.79875,1.299583333,12.62875,49.1875
2015,MAY,29,20,32.76625,16.92916667,1.292083333,12.52916667,47.06791667
2015,MAY,29,21,33.10625,16.96958333,1.285,12.36375,48.15833333
2015,MAY,29,22,33.32208333,16.97708333,1.280416667,12.30958333,48.31958333
2015,MAY,29,23,33.43375,16.98625,1.28,12.30625,47.91
2015,MAY,30,0,33.6075,16.99625,1.281666667,12.15291667,47.415
2015,MAY,30,1,33.42,17.0325,1.285,12.2675,47.42416667
2015,MAY,30,2,33.36083333,17.06208333,1.286666667,12.39291667,47.48875
2015,MAY,30,3,33.68375,17.09208333,1.285833333,12.24375,47.55041667
2015,MAY,30,4,34.22375,17.11541667,1.282916667,11.98208333,47.21416667
2015,MAY,30,5,34.78041667,17.10916667,1.280833333,11.63125,46.335
2015,MAY,30,6,35.14625,17.09708333,1.27625,11.42916667,45.58083333
2015,MAY,30,7,35.40166667,17.07083333,1.261666667,11.36416667,44.74208333
2015,MAY,30,8,35.1825,17.05791667,1.270416667,11.51041667,44.85583333
2015,MAY,30,9,35.04333333,17.04666667,1.281666667,11.50208333,45.41708333
2015,MAY,30,10,35.0525,17.04875,1.28125,11.36125,46.20958333
2015,MAY,30,11,35.15666667,17.06,1.286666667,11.32083333,45.85125
2015,MAY,30,12,35.20833333,17.05125,1.287916667,11.28708333,46.35166667
2015,MAY,30,13,34.95833333,16.8375,1.294166667,11.31666667,46.475
2015,MAY,30,14,34.64583333,16.76,1.297083333,11.3425,46.94416667
2015,MAY,30,15,34.23625,16.86041667,1.297083333,11.28416667,45.83833333
2015,MAY,30,16,33.30833333,16.87291667,1.321666667,11.62583333,45.8375
2015,MAY,30,17,32.41791667,16.8875,1.335833333,11.86625,45.31958333
2015,MAY,30,18,31.97291667,16.8875,1.334583333,11.78333333,44.41625
2015,MAY,30,19,31.71416667,16.86583333,1.342083333,11.85125,43.19291667
2015,MAY,30,20,31.73833333,16.71541667,1.34875,11.80625,41.83583333
2015,MAY,30,21,31.57458333,16.65833333,1.355833333,11.89333333,40.59083333
2015,MAY,30,22,31.4,16.64333333,1.3675,12.03833333,40.41541667
2015,MAY,30,23,31.335,16.63375,1.377083333,12.14916667,41.03875
2015,MAY,31,0,30.94166667,16.62,1.388333333,12.50458333,41.63208333
2015,MAY,31,1,30.55041667,16.58083333,1.399166667,12.78958333,42.63041667
2015,MAY,31,2,30.12875,16.5375,1.404166667,13.02958333,43.08958333
2015,MAY,31,3,29.55125,16.51166667,1.409583333,13.315,43.78708333
2015,MAY,31,4,29.11,16.48958333,1.415,13.47583333,44.265
2015,MAY,31,5,28.76541667,16.4775,1.419166667,13.62291667,44.82916667
2015,MAY,31,6,28.54458333,16.47333333,1.421666667,13.58458333,45.335
2015,MAY,31,7,28.51791667,16.46583333,1.419583333,13.38583333,46.03208333
2015,MAY,31,8,28.70125,16.45625,1.4125,13.11041667,46.54
2015,MAY,31,9,29.09083333,16.44958333,1.3975,12.86833333,46.35083333
2015,MAY,31,10,29.34708333,16.39875,1.39,12.73041667,45.00125
2015,MAY,31,11,29.53458333,16.35083333,1.381666667,12.63333333,44.6525
2015,MAY,31,12,29.53375,16.32541667,1.380833333,12.64666667,44.19833333
2015,MAY,31,13,29.54666667,16.32791667,1.3775,12.69833333,45.36666667
2015,MAY,31,14,29.63583333,16.29458333,1.375,12.71333333,45.26666667
2015,MAY,31,15,29.8325,16.16541667,1.375833333,12.82083333,45.27625
2015,MAY,31,16,30.69166667,16.13416667,1.35,12.44208333,45.75125
2015,MAY,31,17,31.41291667,16.085,1.334583333,12.09583333,45.66666667
2015,MAY,31,18,31.41666667,16.05791667,1.332916667,12.0875,45.47791667
2015,MAY,31,19,31.14916667,16.05958333,1.335,12.25708333,46.42625
2015,MAY,31,20,30.89208333,16.05916667,1.334166667,12.37083333,48.14333333
2015,MAY,31,21,30.66916667,16.05791667,1.329583333,12.32416667,49.2725
2015,MAY,31,22,30.57625,16.04583333,1.320833333,12.14125,49.99625
2015,MAY,31,23,30.59583333,16.04416667,1.310833333,11.92291667,50.2025
