DATOS HORARIOS 2020_DIF,,,,,,,,,,,
NOTA: LOS DATOS SON PREVALIDADOS,,,,,,,,,,,
,,,,,,,,,,,
MES,DIA,HORA,O3 (ppm),SO2 (ppm),CO (ppm),NO2 (ppm),PM10 (µg/m³),PM2.5 (µg/m³),WS (m/s),WD (°),TEMP (°C)
SEP,1,0,0.0186,0.0028,NA,0.0066,46,6,3.42,100.37,18.63
SEP,1,1,0.0253,0.0064,NA,0.0059,48,9,1.84,157.3,17.52
SEP,1,2,0.022,0.0029,NA,0.0058,29,8,1.3,289.47,17.49
SEP,1,3,0.0103,0.0058,NA,0.0108,25,8,1.68,270.46,17.2
SEP,1,4,0.0108,0.0076,NA,0.0093,22,8,1.84,278.22,17.19
SEP,1,5,0.0117,0.0069,NA,0.0088,22,8,1.62,278.96,17.38
SEP,1,6,0.0043,0.0073,NA,0.0121,20,10,1.19,286.44,17.45
SEP,1,7,0.0028,0.0068,NA,0.0135,23,12,1.04,276.26,17.4
SEP,1,8,0.0038,0.0074,NA,0.0138,27,9,1.41,180.76,18.44
SEP,1,9,0.0123,0.0077,NA,0.008,17,12,1.01,247.79,20.66
SEP,1,10,0.0166,0.0074,NA,0.0077,9,14,1.48,240.74,21.94
SEP,1,11,0.0236,0.0071,NA,0.0047,2,13,1.63,230.86,23.36
SEP,1,12,0.0311,0.0076,NA,0.0044,NA,10,1.91,235.69,24.67
SEP,1,13,0.0379,0.0075,NA,0.0048,3,11,2.29,249.95,25.58
SEP,1,14,0.0425,0.0074,NA,0.0045,NA,26,2.27,238.13,26.83
SEP,1,15,0.0485,0.0076,NA,0.0042,NA,16,2.25,229.05,27.36
SEP,1,16,0.0557,0.0088,NA,0.0053,NA,12,2.11,257.6,28.7
SEP,1,17,0.0741,0.0115,NA,0.0061,1,12,2.19,264.79,28.48
SEP,1,18,0.0686,0.0052,NA,0.0059,13,18,1.71,256.49,28.73
SEP,1,19,0.0614,0.0063,NA,0.0095,17,11,2.27,250.11,27.23
SEP,1,20,0.033,0.0072,NA,0.0179,77,11,3.11,226.59,24.69
SEP,1,21,0.0273,0.0048,NA,0.007,62,12,4.51,222.51,21.29
SEP,1,22,0.0259,0.0052,NA,0.0072,44,4,3.65,227.88,20.47
SEP,1,23,0.0252,0.0068,NA,0.0067,30,NA,2.17,257.31,20.07
SEP,2,0,0.0226,0.0062,NA,0.0076,40,5,1.65,233.57,19.43
SEP,2,1,0.0226,0.0069,NA,0.0075,47,7,1.62,264.08,19.1
SEP,2,2,0.0211,0.0068,NA,0.0069,27,9,2.21,230.01,18.18
SEP,2,3,0.0186,0.0072,NA,0.0065,17,9,1.6,247.27,17.88
SEP,2,4,0.0166,0.0074,NA,0.0084,20,8,3.14,179.72,17.63
SEP,2,5,0.0193,0.0061,NA,0.0059,20,8,2.67,236.51,16.85
SEP,2,6,0.0172,0.0074,NA,0.008,16,9,1.85,237.76,16.64
SEP,2,7,0.0166,0.007,NA,0.0112,19,8,1.89,191.14,16.31
SEP,2,8,0.0194,0.0069,NA,0.0108,23,7,2.34,248.97,15.47
SEP,2,9,0.0253,0.0072,NA,0.0085,15,7,2.25,238.25,16.39
SEP,2,10,0.0324,0.0069,NA,0.0048,1,5,2.15,276.1,19.63
SEP,2,11,0.035,0.007,NA,0.0041,2,17,2.2,283.61,21.98
SEP,2,12,0.0411,0.0071,NA,0.0041,NA,14,2.51,279.25,23.57
SEP,2,13,0.057,0.0074,NA,0.0061,NA,14,2.77,276.49,24.9
SEP,2,14,0.0543,0.0073,NA,0.0057,5,22,2.72,262.89,26.46
SEP,2,15,0.0534,0.0074,NA,0.0052,NA,20,2.93,243.33,27.37
SEP,2,16,0.0527,0.0073,NA,0.0057,NA,7,3.08,229.18,27.81
SEP,2,17,0.0526,0.0073,NA,0.0058,1,8,2.78,214.02,28.02
SEP,2,18,0.0523,0.0076,NA,0.006,3,10,2.99,229.92,27.55
SEP,2,19,0.0471,0.0076,NA,0.0085,27,11,2.44,245.68,26.54
SEP,2,20,0.0333,0.0041,NA,0.015,42,9,1.57,268.69,24.95
SEP,2,21,0.0235,0.0058,NA,0.0192,62,10,1.44,274.4,24.05
SEP,2,22,0.0082,0.0056,NA,0.0271,71,14,1.04,273.17,23.09
SEP,2,23,0.0103,0.0061,NA,0.0243,61,11,1.48,140.02,22.53
SEP,3,0,0.0129,0.0063,NA,0.0191,59,10,1.3,153.82,21.35
SEP,3,1,0.0196,0.0071,NA,0.0123,53,17,1.89,149.07,21.07
SEP,3,2,0.0151,0.0077,NA,0.0128,49,20,2.46,88.84,20.13
SEP,3,3,0.0131,0.0199,NA,0.0127,43,18,2.68,89.73,18.8
SEP,3,4,0.0115,0.0135,NA,0.0119,46,20,2.12,92.18,17.67
SEP,3,5,0.0086,0.0084,NA,0.0129,47,13,1.17,127.67,16.82
SEP,3,6,0.0068,0.0095,NA,0.0149,49,19,1.65,128.65,16.32
SEP,3,7,0.0053,0.0095,NA,0.0162,64,19,1.38,145.78,15.64
SEP,3,8,0.007,0.0109,NA,0.0172,78,24,1.66,109.81,17.03
SEP,3,9,0.0156,0.0081,NA,0.0117,72,25,2.54,104.15,18.72
SEP,3,10,0.027,0.0071,NA,0.0085,51,24,3.79,95,21.21
SEP,3,11,0.0353,0.0071,NA,0.0072,46,21,3.9,91.07,22.7
SEP,3,12,0.0385,0.0118,NA,0.0078,19,19,4.28,79.99,24.55
SEP,3,13,0.0418,0.0205,NA,0.0101,30,20,3.88,85.92,26.33
SEP,3,14,0.044,0.0132,NA,0.0085,34,21,3.73,84.62,28.14
SEP,3,15,0.0468,0.0118,NA,0.008,4,30,3.3,75.87,29.06
SEP,3,16,0.0496,0.0077,NA,0.0075,NA,18,2.97,115.23,29.64
SEP,3,17,0.0458,0.0054,NA,0.0087,14,12,3.3,105.5,29.92
SEP,3,18,0.044,0.0057,NA,0.0097,31,12,3.47,103.6,29.58
SEP,3,19,0.0339,0.005,NA,0.0137,41,13,2.87,96.39,28.76
SEP,3,20,0.019,0.0128,NA,0.0164,63,13,2.72,66.7,26.94
SEP,3,21,0.0196,0.0582,NA,0.0121,72,17,4,61.03,25.34
SEP,3,22,0.0159,0.069,NA,0.0109,92,32,3.56,83.14,23.25
SEP,3,23,0.0106,0.0101,NA,0.0121,73,24,2.06,91.98,21.2
SEP,4,0,0.0115,0.0175,NA,0.0114,71,6,3.02,109.66,20.21
SEP,4,1,0.0105,0.0081,NA,0.0116,69,19,2,94.06,19.13
SEP,4,2,0.0099,0.0101,NA,0.0116,49,10,2.03,89.66,18.21
SEP,4,3,0.0116,0.0131,NA,0.0098,40,12,1.9,104.14,17.79
SEP,4,4,0.0099,0.0101,NA,0.0099,37,15,1.39,165.53,17.36
SEP,4,5,0.0104,0.013,NA,0.0093,42,21,1.36,130.15,16.96
SEP,4,6,0.006,0.0154,NA,0.0133,58,27,2.26,72.25,16.85
SEP,4,7,0.0105,0.0085,NA,0.0096,57,38,3.52,91.45,16.85
SEP,4,8,0.0073,0.0099,NA,0.0134,60,16,2.53,103.77,17.78
SEP,4,9,0.0152,0.0088,NA,0.0088,56,18,3.33,87.45,19.55
SEP,4,10,0.023,0.0098,NA,0.0071,35,19,4.42,84.5,21.78
SEP,4,11,0.0269,0.0092,NA,0.0069,33,25,4.49,68.77,23.57
SEP,4,12,0.0296,0.0095,NA,0.0069,12,16,4.35,77.35,25
SEP,4,13,0.0328,0.007,NA,0.0065,28,21,5.22,94.51,26.22
SEP,4,14,0.0332,0.0063,NA,0.0074,24,32,4.8,82.2,26.95
SEP,4,15,0.0336,0.0103,NA,0.0072,10,15,4.64,78.24,27.28
SEP,4,16,0.032,0.0088,NA,0.0088,26,12,3.83,79.66,26.83
SEP,4,17,0.0241,0.0178,NA,0.0078,27,11,5.22,65.13,25.87
SEP,4,18,0.0165,0.0176,NA,0.0089,70,11,5.65,77.28,20.31
SEP,4,19,0.0181,0.054,NA,0.0088,49,6,6.07,56.48,20
SEP,4,20,0.0161,0.0239,NA,0.0092,47,16,4.58,63.09,19.99
SEP,4,21,0.0184,0.0524,NA,0.0079,49,14,4.77,57.48,19.61
SEP,4,22,0.0202,0.033,NA,0.0062,56,26,4.01,52.62,18.95
SEP,4,23,0.0193,0.031,NA,0.006,37,7,4.68,62.79,18.82
SEP,5,0,0.0186,0.0164,NA,0.0053,21,21,3.03,76.62,18.81
SEP,5,1,0.0161,0.0111,NA,0.0054,23,12,2.71,83.05,18.23
SEP,5,2,0.02,0.0166,NA,0.0049,16,12,3.01,85.5,18.19
SEP,5,3,0.0181,0.0081,NA,0.0045,15,10,2.67,115.09,17.22
SEP,5,4,0.0179,0.0072,NA,0.0043,11,6,3.32,83.61,16.82
SEP,5,5,0.0136,0.0067,NA,0.0064,14,NA,1.82,114.92,16.37
SEP,5,6,0.01,0.0068,NA,0.0091,18,2,2.38,104.6,16.09
SEP,5,7,0.0107,0.007,NA,0.0084,24,2,2.99,86.04,16.18
SEP,5,8,0.0109,0.0066,NA,0.0088,20,NA,3.22,87.53,17.09
SEP,5,9,0.0141,0.0073,NA,0.0082,25,7,3.46,90.57,18.68
SEP,5,10,0.0201,0.0063,NA,0.0064,16,8,4.43,88.91,20.45
SEP,5,11,0.0254,0.0079,NA,0.0066,8,16,4.86,85.34,21.95
SEP,5,12,0.0282,0.0083,NA,0.0076,8,5,4.08,81.62,22.87
SEP,5,13,0.0297,0.0073,NA,0.0087,12,6,4.95,101.09,23.54
SEP,5,14,0.0308,0.0067,NA,0.0107,15,19,4.06,105.87,24.14
SEP,5,15,0.0244,0.0071,NA,0.0109,31,17,3.15,97.49,23.78
SEP,5,16,0.0247,0.0127,NA,0.0082,11,5,3.94,82.24,23.98
SEP,5,17,0.026,0.0172,NA,0.0075,6,5,4.35,84.89,23.8
SEP,5,18,0.0207,0.0217,NA,0.0088,20,6,3.3,83.41,23.13
SEP,5,19,0.0183,0.0176,NA,0.0086,74,7,3.39,80.93,21.35
SEP,5,20,0.0166,0.0128,NA,0.0084,45,3,4.29,94.79,19.48
SEP,5,21,0.0135,0.0069,NA,0.0084,17,NA,3.03,83.81,19.4
SEP,5,22,0.0121,0.0069,NA,0.0079,27,NA,2.82,85.56,19.17
SEP,5,23,0.0115,0.0081,NA,0.0077,17,1,2.86,79.47,19.07
SEP,6,0,0.0149,0.0054,NA,0.0051,14,4,2.89,88.18,18.72
SEP,6,1,0.0163,0.0056,NA,0.0044,14,NA,3.2,91.38,18.49
SEP,6,2,0.0162,0.0059,NA,0.0048,7,NA,2.82,83.33,18.35
SEP,6,3,0.0163,0.0055,NA,0.0046,5,NA,3.19,97.59,18.07
SEP,6,4,0.0152,0.0054,NA,0.0048,8,3,3.11,80.3,17.8
SEP,6,5,0.0128,0.0051,NA,0.0053,12,6,2.53,82.22,17.51
SEP,6,6,0.0129,0.0056,NA,0.0052,11,7,2.65,94.31,17.46
SEP,6,7,0.0109,0.0156,NA,0.0077,16,4,2.96,72.42,17.69
SEP,6,8,0.0124,0.0136,NA,0.0074,17,5,2.58,81.27,18.53
SEP,6,9,0.0171,0.0173,NA,0.0062,14,9,3.55,84.87,20.04
SEP,6,10,0.0188,0.0154,NA,0.0065,14,8,3.8,77.45,20.99
SEP,6,11,0.0228,0.0079,NA,0.0053,NA,8,3.6,85.58,22.05
SEP,6,12,0.0255,0.0058,NA,0.0064,NA,7,3.97,85.89,23.41
SEP,6,13,0.028,0.0055,NA,0.0055,5,8,4.68,85.32,24.62
SEP,6,14,0.028,0.0079,NA,0.0061,7,16,4.21,83.48,25.09
SEP,6,15,0.0271,0.0231,NA,0.0064,NA,9,4.88,66.49,25.32
SEP,6,16,0.0255,0.0106,NA,0.0049,10,10,4.8,50.57,23.59
SEP,6,17,0.0288,0.0119,NA,0.0044,NA,7,4.74,66.83,25.37
SEP,6,18,0.0256,0.0094,NA,0.0049,14,5,5.15,53.81,24.19
SEP,6,19,0.0212,0.013,NA,0.0055,23,6,4.95,43.75,22.8
SEP,6,20,0.0172,0.0553,NA,0.0075,34,3,4.93,45.36,21.8
SEP,6,21,0.0157,0.0397,NA,0.007,67,8,4.46,41.73,21.09
SEP,6,22,0.0156,0.035,NA,0.0063,60,4,2.8,49.07,20.6
SEP,6,23,0.0127,0.0223,NA,0.0071,35,2,1.97,76.19,19.76
SEP,7,0,0.0109,0.0089,NA,0.0067,38,6,2.23,75.74,18.51
SEP,7,1,0.0114,0.0109,NA,0.0056,24,2,1.64,85.34,18.35
SEP,7,2,0.0044,0.0094,NA,0.0092,19,2,1.4,252.42,17.71
SEP,7,3,0.0042,0.0064,NA,0.0091,6,5,0.9,240.29,17.75
SEP,7,4,0.0072,0.0072,NA,0.0083,12,6,1.55,121.68,17.94
SEP,7,5,0.0059,0.0115,NA,0.0083,34,4,1.58,101.44,17.29
SEP,7,6,0.0028,0.0087,NA,0.0104,54,28,1.79,108.33,16.61
SEP,7,7,0.0013,0.0075,NA,0.0127,55,17,1.94,85.04,16.25
SEP,7,8,0.0055,0.0099,NA,0.0102,54,29,1.35,116.61,17.51
SEP,7,9,0.0092,0.0234,NA,0.0096,31,20,2.27,94.44,19.29
SEP,7,10,0.0154,0.0076,NA,0.0071,23,15,3.65,90.9,20.89
SEP,7,11,0.0232,0.0064,NA,0.0062,7,NA,5.14,81.78,22.47
SEP,7,12,0.0273,0.0062,NA,0.0085,25,6,4.58,96.15,23.56
SEP,7,13,0.034,0.0048,NA,0.0085,33,10,3.74,85.96,24.77
SEP,7,14,0.0374,0.0091,NA,0.0084,27,8,3.34,89.64,26.34
SEP,7,15,0.0421,0.0049,NA,0.0064,16,17,2.55,126.73,27.98
SEP,7,16,0.0443,0.0064,NA,0.0064,16,8,2.4,129.09,28.57
SEP,7,17,0.0435,0.007,NA,0.0075,26,10,2.56,196.39,27.13
SEP,7,18,0.0349,0.0064,NA,0.0069,49,14,3.95,206.38,25.21
SEP,7,19,0.0195,0.0066,NA,0.0169,107,20,2.34,183.57,23.85
SEP,7,20,0.0209,0.0061,NA,0.0098,65,17,1.59,291.06,22.73
SEP,7,21,0.017,0.0058,NA,0.0112,26,15,1.98,229.94,22.17
SEP,7,22,0.0189,0.006,NA,0.0084,28,12,2.64,229.37,21.34
SEP,7,23,0.015,0.0102,NA,0.0095,12,10,2.09,179.56,20.25
SEP,8,0,0.0196,0.0143,NA,0.0075,27,12,2.72,63.63,18.67
SEP,8,1,0.0206,0.0148,NA,0.0056,24,14,2.01,202.96,17.84
SEP,8,2,0.0201,0.0079,NA,0.0057,6,15,2.21,253.62,17.3
SEP,8,3,0.022,0.0067,NA,0.0051,2,8,1.34,161.29,16.95
SEP,8,4,0.02,0.0062,NA,0.0059,3,8,1.19,244.86,17.09
SEP,8,5,0.0167,0.0063,NA,0.0071,3,9,1.08,247.56,16.76
SEP,8,6,0.0089,0.0068,NA,0.0126,2,7,0.82,288.21,16.97
SEP,8,7,0.0021,0.0066,NA,0.0147,15,4,0.87,278.67,16.77
SEP,8,8,0.0026,0.0078,NA,0.0177,16,6,0.96,238.2,17.34
SEP,8,9,0.0065,0.0124,NA,0.0188,23,9,0.9,246.37,18.63
SEP,8,10,0.0174,0.0145,NA,0.0141,43,25,1.32,262.07,19.61
SEP,8,11,0.0279,0.0164,NA,0.0111,32,30,1.25,187.45,21.81
SEP,8,12,0.036,0.0302,NA,0.0088,30,21,1.62,135.66,23.38
SEP,8,13,0.0398,0.0087,NA,0.0068,27,27,1.7,144.25,24.92
SEP,8,14,0.043,0.0079,NA,0.0077,15,15,1.83,160.07,26.39
SEP,8,15,0.0431,0.0073,NA,0.0052,14,15,1.8,185.74,27.59
SEP,8,16,0.0437,0.0072,NA,0.0056,21,11,1.98,112.94,28.11
SEP,8,17,0.045,0.0079,NA,0.0049,16,8,1.76,180.97,28.68
SEP,8,18,0.0354,0.007,NA,0.0065,23,7,4.13,218.83,25.6
SEP,8,19,0.0293,0.0064,NA,0.0077,53,10,3.56,234.96,21.72
SEP,8,20,0.0211,0.0065,NA,0.0091,30,14,2.49,234.56,20.7
SEP,8,21,0.0188,0.0068,NA,0.0107,25,10,1.99,225.86,20.77
SEP,8,22,0.0186,0.006,NA,0.0097,24,10,2.03,204.69,20.82
SEP,8,23,0.0168,0.0073,NA,0.0102,22,10,1.66,144.34,19.64
SEP,9,0,0.0196,0.0115,NA,0.0086,17,12,2.01,145.79,18.67
SEP,9,1,0.022,0.0309,NA,0.0069,25,21,1.77,117.61,18.9
SEP,9,2,0.0186,0.019,NA,0.0079,43,25,1.92,111.72,18.39
SEP,9,3,0.0171,0.0123,NA,0.0091,52,39,1.97,98.07,18.34
SEP,9,4,0.0182,0.0073,NA,0.0143,19,26,1.97,83.9,18.09
SEP,9,5,0.0071,0.0082,NA,0.0155,21,12,2.22,101.79,17.82
SEP,9,6,0.0054,0.022,NA,0.017,79,14,1.87,98.45,17.8
SEP,9,7,0.0052,0.0164,NA,0.018,113,70,1.92,97.32,17.69
SEP,9,8,0.0076,0.0144,NA,0.0157,95,67,1.99,111.58,18.58
SEP,9,9,0.0162,0.0134,NA,0.0123,67,49,1.97,114.07,19.81
SEP,9,10,0.0241,0.0097,NA,0.0083,56,43,1.66,165.58,22.09
SEP,9,11,0.0332,0.0073,NA,0.0063,25,14,1.51,229.48,23.87
SEP,9,12,0.0407,0.0065,NA,0.0064,24,14,1.7,245.67,25.08
SEP,9,13,0.048,0.0072,NA,0.0052,29,13,1.85,219.3,26.42
SEP,9,14,0.0452,0.0061,NA,0.0061,22,16,1.97,203.29,27.07
SEP,9,15,0.0414,0.0065,NA,0.0045,12,12,2.51,241.42,27.31
SEP,9,16,0.0419,0.0064,NA,0.0039,2,11,2.89,250.99,27.97
SEP,9,17,0.0425,0.0062,NA,0.0037,6,17,2.44,258.17,28.19
SEP,9,18,0.0428,0.007,NA,0.0054,20,13,3.03,218.64,26.73
SEP,9,19,0.0384,0.0068,NA,0.0071,68,13,2.65,190.34,20.39
SEP,9,20,0.0262,0.0268,NA,0.0139,19,15,1.81,144.79,20.73
SEP,9,21,0.0203,0.0243,NA,0.0151,37,23,2.53,209.31,20.09
SEP,9,22,0.0358,0.0082,NA,0.0057,22,22,3.11,210.08,18.17
SEP,9,23,0.0419,0.007,NA,0.0053,14,15,2.83,109.66,15.31
SEP,10,0,0.0348,0.0204,NA,0.0066,NA,7,1.22,102.1,16.24
SEP,10,1,0.033,0.0127,NA,0.0073,NA,8,1.19,223.94,16.34
SEP,10,2,0.0294,0.0079,NA,0.0068,5,8,1.47,279.42,16.09
SEP,10,3,0.0218,0.0066,NA,0.0104,5,6,1.57,284.47,16.23
SEP,10,4,0.0143,0.007,NA,0.0128,21,9,1.3,297.16,16.16
SEP,10,5,0.0071,0.0062,NA,0.0183,25,18,1.01,219.55,16.12
SEP,10,6,0.0085,0.0063,NA,0.016,19,20,0.68,276.35,16.12
SEP,10,7,0.0042,0.0061,NA,0.019,23,19,0.7,275.57,16.3
SEP,10,8,0.0036,0.007,NA,0.0203,28,22,0.93,216.04,16.7
SEP,10,9,0.0052,0.0079,NA,0.0172,36,29,1.97,95.37,17.54
SEP,10,10,0.0162,0.0095,NA,0.0109,20,19,2.51,95.39,19.87
SEP,10,11,0.0232,0.0126,NA,0.0083,16,14,3.47,83.42,21.72
SEP,10,12,0.0265,0.01,NA,0.0079,28,11,4.16,84.67,23.23
SEP,10,13,0.0317,0.0071,NA,0.0072,22,11,4.69,73.3,24.58
SEP,10,14,0.0292,0.0106,NA,0.008,32,13,4.59,64.49,25.12
SEP,10,15,0.0283,0.0096,NA,0.0076,35,18,4.56,77.4,25.13
SEP,10,16,0.0289,0.0083,NA,0.0069,28,5,3.9,77.58,25.94
SEP,10,17,0.029,0.0113,NA,0.007,25,19,3.65,81.06,26.29
SEP,10,18,0.0275,0.0115,NA,0.0073,37,9,4.46,72.56,25.77
SEP,10,19,0.0234,0.0221,NA,0.009,39,11,4.1,54.74,24.05
SEP,10,20,0.0194,0.0323,NA,0.0074,55,19,4.01,47.96,22.27
SEP,10,21,0.0124,0.0173,NA,0.01,105,15,2.38,82.89,21.14
SEP,10,22,0.0113,0.0356,NA,0.01,6,15,3.51,72.86,20.48
SEP,10,23,0.0121,0.015,NA,0.0072,23,25,2.72,84.85,19.39
SEP,11,0,0.0127,0.0097,NA,0.0062,20,12,2.84,110.74,19
SEP,11,1,0.0127,0.0208,NA,0.0058,17,12,3.48,67.27,19.03
SEP,11,2,0.0138,0.0112,NA,0.0052,10,11,2.2,86.41,18.8
SEP,11,3,0.0141,0.0095,NA,0.0051,2,10,2.61,94.48,18.32
SEP,11,4,0.012,0.0107,NA,0.007,14,9,1.66,115.21,17.88
SEP,11,5,0.0113,0.0397,NA,0.0084,23,9,1.21,93.08,17.74
SEP,11,6,0.008,0.0062,NA,0.0113,30,17,2.05,95.97,17.24
SEP,11,7,0.0039,0.0078,NA,0.0139,33,10,1.91,89.27,16.88
SEP,11,8,0.0043,0.0083,NA,0.0129,49,11,2.54,89.17,17.53
SEP,11,9,0.0112,0.0173,NA,0.0092,47,13,3.23,82.19,19.05
SEP,11,10,0.0162,0.018,NA,0.0088,44,13,3.67,81.69,20.51
SEP,11,11,0.0232,0.0102,NA,0.008,35,12,3.7,82.21,21.24
SEP,11,12,0.0286,0.0129,NA,0.0097,26,9,3.04,104.47,22.04
SEP,11,13,0.0316,0.0107,NA,0.0098,27,6,3.84,91.75,23
SEP,11,14,0.0342,0.0082,NA,0.0094,23,6,3.66,84.59,24.83
SEP,11,15,0.0376,0.0093,NA,0.0075,37,6,3.89,80.04,25.66
SEP,11,16,0.0329,0.0179,NA,0.0076,46,4,4.18,57.23,25.98
SEP,11,17,0.0313,0.0125,NA,0.0063,62,16,4.8,49.31,25.56
SEP,11,18,0.0287,0.0345,NA,0.0074,67,9,4.39,47.27,24.69
SEP,11,19,0.0242,0.0306,NA,0.01,31,17,3.43,64.47,24.4
SEP,11,20,0.0182,0.006,NA,0.0117,39,12,3.52,86.62,22.54
SEP,11,21,0.0156,0.016,NA,0.011,34,13,3.09,69.71,21.47
SEP,11,22,0.0151,0.0087,NA,0.0094,24,14,2.52,87.06,20.18
SEP,11,23,0.0178,0.0022,NA,0.0061,12,9,3.32,89.58,18.8
SEP,12,0,0.0164,0.0021,NA,0.0059,9,4,2.92,89.32,18.24
SEP,12,1,0.0148,0.0126,NA,0.0067,10,4,2.89,80.8,17.67
SEP,12,2,0.0162,0.0043,NA,0.005,6,5,2.9,80.46,17.41
SEP,12,3,0.0173,0.0059,NA,0.0045,4,4,3.74,81.16,17.43
SEP,12,4,0.0154,0.0183,NA,0.0056,6,3,3.17,97.42,17.23
SEP,12,5,0.0152,0.0562,NA,0.0074,53,10,2.86,94.46,16.94
SEP,12,6,0.0146,0.0076,NA,0.0078,30,43,3.14,82.98,16.77
SEP,12,7,0.011,0.0061,NA,0.0096,21,8,3.2,84.67,16.35
SEP,12,8,0.0093,0.0033,NA,0.0111,30,8,2.97,87.2,17.02
SEP,12,9,0.0192,0.0038,NA,0.0076,36,10,3.78,84.43,19.47
SEP,12,10,0.0246,0.0024,NA,0.0073,43,11,3.81,92.51,21.07
SEP,12,11,0.029,0.0037,NA,0.0071,28,9,3.58,104.35,22.42
SEP,12,12,0.0334,0.0082,NA,0.0069,22,8,2.8,116.88,23.99
SEP,12,13,0.0385,0.0133,NA,0.0069,19,7,2.48,141.31,25.01
SEP,12,14,0.0433,0.0165,NA,0.0077,31,9,2,142.41,26.36
SEP,12,15,0.0521,0.0209,NA,0.0076,24,14,1.91,175.58,26.78
SEP,12,16,0.0579,0.0258,NA,0.0081,30,16,2.16,169.93,27.72
SEP,12,17,0.0495,0.0156,NA,0.0058,37,36,2,154.71,27.33
SEP,12,18,0.0395,0.0051,NA,0.0032,12,16,2.04,229.21,27.1
SEP,12,19,0.0319,0.0046,NA,0.0073,38,5,2.94,232.18,23.94
SEP,12,20,0.0213,0.0049,NA,0.0085,29,6,2.7,115.93,23.74
SEP,12,21,0.0265,0.0062,NA,0.0077,28,9,2.79,208.46,21.67
SEP,12,22,0.0217,0.0028,NA,0.0069,27,12,2.35,212.23,20.39
SEP,12,23,0.0205,0.0018,NA,0.0065,17,9,1.54,214.19,19.83
SEP,13,0,0.0185,0.005,NA,0.0067,16,5,1.87,114.55,19.47
SEP,13,1,0.0204,0.0056,NA,0.0058,11,7,1.36,116.64,19.56
SEP,13,2,0.0226,0.0044,NA,0.0053,17,8,1.53,169.68,19.31
SEP,13,3,0.0178,0.0116,NA,0.0063,14,8,2.57,109.47,19.21
SEP,13,4,0.0099,0.0246,NA,0.0086,19,11,2.25,104.36,18.43
SEP,13,5,0.0063,0.0237,NA,0.01,13,14,1.86,104.47,17.81
SEP,13,6,0.0094,0.0068,NA,0.0078,13,11,1.45,93.1,17.46
SEP,13,7,0.0048,0.0065,NA,0.0105,21,7,1.35,112.42,17.4
SEP,13,8,0.0081,0.0044,NA,0.0091,32,5,1.94,88.11,17.75
SEP,13,9,0.0102,0.0164,NA,0.0091,33,6,2.5,101.94,18.87
SEP,13,10,0.0207,0.004,NA,0.0061,28,11,2.86,77.67,21.11
SEP,13,11,0.0279,0.0052,NA,0.0061,26,12,3.33,88.78,23.49
SEP,13,12,0.0292,0.0047,NA,0.0058,26,8,2.62,120.85,23.91
SEP,13,13,0.0286,0.0073,NA,0.0067,15,7,2.62,100.89,24.24
SEP,13,14,0.0296,0.0199,NA,0.007,36,8,4.01,66.18,24.7
SEP,13,15,0.0291,0.0194,NA,0.0074,29,15,3.72,85.24,25.94
SEP,13,16,0.0306,0.0115,NA,0.0057,18,8,3.85,81.31,26.7
SEP,13,17,0.0307,0.0163,NA,0.0054,22,7,2.87,80.43,27.2
SEP,13,18,0.03,0.0154,NA,0.0061,18,2,3.14,69.16,27.32
SEP,13,19,0.0288,0.0091,NA,0.0076,19,2,3.56,44.74,26.14
SEP,13,20,0.0236,0.0556,NA,0.0108,47,10,3.78,52.19,24.55
SEP,13,21,0.0204,0.0543,NA,0.0108,56,22,3.52,69.24,22.85
SEP,13,22,0.0218,0.0626,NA,0.0095,38,25,3.5,63.62,21.67
SEP,13,23,0.0184,0.0173,NA,0.008,40,33,2.33,97.94,19.42
SEP,14,0,0.0232,0.0056,NA,0.0047,31,27,3.38,91.45,18.9
SEP,14,1,0.0249,0.0043,NA,0.0035,13,9,3.18,85.36,18.37
SEP,14,2,0.0244,0.0049,NA,0.0033,12,6,2.61,79.43,17.43
SEP,14,3,0.0254,0.004,NA,0.0035,12,4,3.48,81.59,16.57
SEP,14,4,0.0231,0.005,NA,0.0047,10,10,2.83,75.97,15.86
SEP,14,5,0.018,0.0101,NA,0.0076,16,14,2.51,119.12,15.42
SEP,14,6,0.01,0.0263,NA,0.0125,27,12,1.71,111.33,14.83
SEP,14,7,0.0021,0.0176,NA,0.0185,51,19,1.43,114.47,14.61
SEP,14,8,0.0116,0.0067,NA,0.0144,54,28,1.92,73.17,16.39
SEP,14,9,0.0221,0.0246,NA,0.0098,45,15,2.17,77,18.92
SEP,14,10,0.0298,0.0208,NA,0.0083,51,18,3.42,78.66,21.13
SEP,14,11,0.0339,0.0061,NA,0.0081,29,15,3.59,94.45,22.6
SEP,14,12,0.0364,0.0057,NA,0.0066,30,13,3.66,82.06,23.88
SEP,14,13,0.0364,0.0044,NA,0.0077,29,7,4.03,84.66,24.9
SEP,14,14,0.0385,0.0052,NA,0.0072,28,5,3.93,85.02,26.15
SEP,14,15,0.0392,0.0042,NA,0.0074,39,8,3.37,90.28,26.17
SEP,14,16,0.0402,0.0063,NA,0.0071,31,9,3.26,90.9,26.64
SEP,14,17,0.0382,0.0074,NA,0.008,23,11,3.36,100.96,26.49
SEP,14,18,0.0355,0.0076,NA,0.009,40,18,3.21,92.14,25.81
SEP,14,19,0.0287,0.0236,NA,0.0077,38,6,3.6,52.47,25.1
SEP,14,20,0.0216,0.0077,NA,0.0124,43,5,2.8,76.8,23.76
SEP,14,21,0.0232,0.0076,NA,0.01,36,16,2.79,89.67,21.78
SEP,14,22,0.0207,0.007,NA,0.01,22,12,1.97,88.56,21.1
SEP,14,23,0.0192,0.0099,NA,0.0081,26,11,2.71,91.3,20.75
SEP,15,0,0.0239,0.006,NA,0.0051,15,12,2.99,89.34,20.01
SEP,15,1,0.0233,0.0052,NA,0.0066,5,7,2.78,99.22,19.32
SEP,15,2,0.0227,0.0044,NA,0.005,11,3,2.33,85.06,19.11
SEP,15,3,0.0187,0.0048,NA,0.0061,3,6,2.48,101.4,18.62
SEP,15,4,0.0161,0.0171,NA,0.0091,21,7,2.69,101.61,18.09
SEP,15,5,0.0174,0.0054,NA,0.0063,17,23,2.57,77.81,17.53
SEP,15,6,0.0185,0.0038,NA,0.0071,15,9,2.97,83.86,17.48
SEP,15,7,0.0142,0.0035,NA,0.0103,17,9,2.53,76.69,17.81
SEP,15,8,0.0118,0.0049,NA,0.013,39,7,2.11,105.4,18.52
SEP,15,9,0.0212,0.011,NA,0.0086,37,9,2.54,95.75,20.75
SEP,15,10,0.0257,0.0053,NA,0.0074,28,17,2.87,84.03,22.41
SEP,15,11,0.0298,0.0066,NA,0.0068,26,3,3.2,81.29,23.06
SEP,15,12,0.0324,0.008,NA,0.0073,22,3,3.06,85.73,23.89
SEP,15,13,0.0343,0.0055,NA,0.0073,15,5,3.54,92.07,25.2
SEP,15,14,0.0338,0.0036,NA,0.0073,24,7,3.12,79.26,25.08
SEP,15,15,0.033,0.0023,NA,0.0083,19,7,2.75,85.39,25.89
SEP,15,16,0.036,0.0039,NA,0.0069,31,10,2.89,94.18,27.27
SEP,15,17,0.0349,0.0057,NA,0.0049,24,11,3.12,136.53,27.36
SEP,15,18,0.0327,0.0083,NA,0.0039,NA,5,4.31,276,24.21
SEP,15,19,0.0266,0.0028,NA,0.0073,NA,5,2.75,280.5,21.75
SEP,15,20,0.0189,0.0027,NA,0.0117,NA,5,2,233.71,21.52
SEP,15,21,0.0201,0.0108,NA,0.0094,NA,18,3.07,61.34,22.01
SEP,15,22,0.0221,0.0256,NA,0.0061,NA,8,4.14,62.45,20.91
SEP,15,23,0.0208,0.0474,NA,0.0063,NA,9,2.87,56.61,20.56
SEP,16,0,0.0187,0.0223,NA,0.0069,NA,12,2.82,98.54,19.5
SEP,16,1,0.0188,0.0071,NA,0.0056,NA,12,2.99,95.65,18.69
SEP,16,2,0.0187,0.0039,NA,0.0049,NA,11,2.96,88.29,18.35
SEP,16,3,0.0182,0.0034,NA,0.0049,NA,4,2.83,91.24,18.19
SEP,16,4,0.0192,0.0052,NA,0.0039,NA,5,3.29,83.06,17.9
SEP,16,5,0.0183,0.0045,NA,0.0045,8,11,2.53,85.79,17.59
SEP,16,6,0.0111,0.0064,NA,0.0081,4,6,1.85,98.59,16.96
SEP,16,7,0.0053,0.01,NA,0.0111,34,10,1.51,107.45,16.44
SEP,16,8,0.0055,0.0157,NA,0.0121,37,15,2.05,82.29,17.3
SEP,16,9,0.0111,0.024,NA,0.0104,59,27,2.54,86.72,19.33
SEP,16,10,0.0213,0.009,NA,0.0064,34,23,3.31,88.05,21.54
SEP,16,11,0.0272,0.0061,NA,0.0053,19,7,3.19,98.39,23.3
SEP,16,12,0.0283,0.0067,NA,0.0064,18,4,3.33,99.24,24.12
SEP,16,13,0.0309,0.0047,NA,0.0047,15,2,3.14,74.72,24.9
SEP,16,14,0.0306,0.0068,NA,0.0056,19,3,2.57,91.29,25.69
SEP,16,15,0.0321,0.0065,NA,0.0047,9,4,2.56,89.97,26.85
SEP,16,16,0.0305,0.0035,NA,0.0038,14,5,3.55,147.34,26.09
SEP,16,17,0.0286,0.0038,NA,0.004,18,3,3.64,166.59,24.25
SEP,16,18,0.026,0.0035,NA,0.0045,8,3,3.1,219.34,23.94
SEP,16,19,0.021,0.003,NA,0.0062,19,2,2.32,257.42,22.78
SEP,16,20,0.0157,0.0033,NA,0.0099,22,1,1.44,217.26,22.47
SEP,16,21,0.0177,0.0054,NA,0.008,29,4,3.76,105.32,21.86
SEP,16,22,0.0214,0.0044,NA,0.0055,22,9,2.91,119.39,20.5
SEP,16,23,0.0228,0.0043,NA,0.0045,5,3,2.52,109.99,19.69
SEP,17,0,0.0255,0.0045,NA,0.0042,9,NA,1.79,145.32,18.96
SEP,17,1,0.0244,0.004,NA,0.0043,NA,4,1.42,132.19,18.98
SEP,17,2,0.021,0.0062,NA,0.0052,5,3,1.11,126.35,18.97
SEP,17,3,0.019,0.005,NA,0.0056,6,5,1.03,99.49,18.37
SEP,17,4,0.0114,0.009,NA,0.0087,11,7,1.14,183.77,17.75
SEP,17,5,0.0067,0.0101,NA,0.0107,22,8,1.59,115.68,17.41
SEP,17,6,0.0044,0.0256,NA,0.0117,34,12,1.61,103.38,17.05
SEP,17,7,0.0023,0.0095,NA,0.0135,35,22,1.46,86.36,17
SEP,17,8,0.0041,0.0336,NA,0.0115,44,12,2.13,115.6,18.03
SEP,17,9,0.0126,0.0202,NA,0.0095,64,25,2.92,88.81,19.8
SEP,17,10,0.0213,0.0064,NA,0.0071,37,19,3.57,94.8,21.78
SEP,17,11,0.0253,0.0054,NA,0.0064,25,5,3.4,81.46,23.22
SEP,17,12,0.0296,0.006,NA,0.0055,28,7,3.21,81.22,24.41
SEP,17,13,0.0311,0.0053,NA,0.0058,19,8,2.78,82.52,24.88
SEP,17,14,0.0331,0.0059,NA,0.0067,13,4,2.21,116.52,25.92
SEP,17,15,0.0352,0.0067,NA,0.0063,21,16,2.37,114.04,27.24
SEP,17,16,0.0307,0.0062,NA,0.0077,24,6,2.6,104.31,27.28
SEP,17,17,0.0299,0.0065,NA,0.0056,23,4,2.64,93.86,27.31
SEP,17,18,0.0272,0.0107,NA,0.0062,19,4,2.36,112.35,27.68
SEP,17,19,0.0228,0.0047,NA,0.0108,54,7,3.45,79.99,25.35
SEP,17,20,0.0153,0.0058,NA,0.0131,62,10,2.56,78.83,23.84
SEP,17,21,0.0146,0.0153,NA,0.0123,48,11,1.67,77.11,23.63
SEP,17,22,0.0151,0.0187,NA,0.0098,35,13,2.63,75.72,22.61
SEP,17,23,0.0139,0.0064,NA,0.0077,21,12,2.99,94.39,20.57
SEP,18,0,0.0153,0.0063,NA,0.0064,19,6,3.82,84.13,20.25
SEP,18,1,0.0157,0.0062,NA,0.0064,10,7,3.96,88.25,19.48
SEP,18,2,0.0167,0.0062,NA,0.0059,13,11,3.48,80.79,18.99
SEP,18,3,0.017,0.0053,NA,0.0057,4,8,3.54,88.12,18.59
SEP,18,4,0.0174,0.0149,NA,0.0063,10,5,3.04,76.7,18.41
SEP,18,5,0.0182,0.0093,NA,0.0061,14,7,1.99,82.52,18.19
SEP,18,6,0.0135,0.0048,NA,0.0094,9,9,2.3,78.75,17.99
SEP,18,7,0.0126,0.0039,NA,0.0107,26,6,2.92,84.32,17.85
SEP,18,8,0.0134,0.036,NA,0.0109,36,5,3.38,68.35,18.35
SEP,18,9,0.0181,0.0141,NA,0.0075,43,16,4.43,81.53,19.72
SEP,18,10,0.0215,0.0058,NA,0.0069,30,8,3.82,85,21.09
SEP,18,11,0.0253,0.0106,NA,0.0071,27,7,3.87,85.2,22.68
SEP,18,12,0.0269,0.0074,NA,0.0075,37,7,4.06,73.27,23.08
SEP,18,13,0.0309,0.0086,NA,0.0077,25,8,4.25,74.16,23.89
SEP,18,14,0.0335,0.015,NA,0.0072,30,10,4.78,63.03,24.8
SEP,18,15,0.0341,0.0187,NA,0.0078,39,13,4.62,60.77,25.47
SEP,18,16,0.0348,0.0198,NA,0.0065,44,19,5.68,51.38,25.03
SEP,18,17,0.0321,0.0241,NA,0.0076,49,13,5.48,58.11,25.39
SEP,18,18,0.0317,0.01,NA,0.0067,42,16,5.35,62.49,24.93
SEP,18,19,0.0257,0.0024,NA,0.0093,41,8,3.85,82.67,23.6
SEP,18,20,0.0187,0.0091,NA,0.0132,50,5,3.43,74.56,22.42
SEP,18,21,0.0214,0.0142,NA,0.01,50,8,5.48,76.12,21.18
SEP,18,22,0.022,0.003,NA,0.0078,34,10,4.61,73.24,19.69
SEP,18,23,0.0287,0.0041,NA,0.0059,22,7,5.24,77.36,18.93
SEP,19,0,0.0225,0.0041,NA,0.0076,48,6,4.04,80.59,17.68
SEP,19,1,0.0371,0.0018,NA,0.007,31,6,3.04,85.72,16.79
SEP,19,2,0.0241,0.0224,NA,0.0086,10,8,2.99,81.97,16.43
SEP,19,3,0.0174,0.0357,NA,0.0109,13,11,3.13,72.3,16.32
SEP,19,4,0.0215,0.0293,NA,0.0089,20,18,3.72,82.35,16.38
SEP,19,5,0.0326,0.0089,NA,0.0065,12,10,3.05,93.37,15.99
SEP,19,6,0.0138,0.0098,NA,0.0116,18,9,2.62,113.29,15.81
SEP,19,7,0.0148,0.0056,NA,0.0111,28,12,2.88,92.55,16.12
SEP,19,8,0.0138,0.0041,NA,0.0125,28,14,3.14,98.34,16.92
SEP,19,9,0.0206,0.0035,NA,0.0088,36,9,3.82,92.97,18.22
SEP,19,10,0.0222,0.006,NA,0.0081,33,8,3.96,102.4,19.76
SEP,19,11,0.0267,0.0072,NA,0.009,30,10,3.71,95.38,21.48
SEP,19,12,0.0298,0.0057,NA,0.0081,35,6,4.27,73.87,21.96
SEP,19,13,0.0302,0.0101,NA,0.0081,31,3,4.41,60.19,22.76
SEP,19,14,0.028,0.0255,NA,0.0092,37,10,4.36,60.73,22.55
SEP,19,15,0.0292,0.0249,NA,0.0085,31,16,4.26,53.22,22.93
SEP,19,16,0.0294,0.0189,NA,0.008,33,14,4.22,57.07,23.13
SEP,19,17,0.0292,0.0337,NA,0.0073,43,11,4.56,58.95,23.17
SEP,19,18,0.0284,0.0442,NA,0.0058,42,11,5.51,51.28,22.31
SEP,19,19,0.0235,0.0422,NA,0.0086,34,12,4.41,60.86,21.35
SEP,19,20,0.0225,0.0141,NA,0.0091,44,17,4.83,69.51,20.09
SEP,19,21,0.0216,0.0105,NA,0.0083,37,15,4.46,87.32,18.98
SEP,19,22,0.0219,0.0064,NA,0.0065,27,13,4.55,84,18.51
SEP,19,23,0.0218,0.0068,NA,0.0072,21,10,4.76,87.45,17.63
SEP,20,0,0.0244,0.0067,NA,0.0052,16,9,5.15,93.57,16.91
SEP,20,1,0.025,0.0065,NA,0.0042,12,7,4.21,86.63,16.42
SEP,20,2,0.0208,0.0059,NA,0.0056,6,5,3.51,80.23,15.92
SEP,20,3,0.0216,0.0058,NA,0.0042,3,5,3.43,82.78,15.68
SEP,20,4,0.0193,0.0316,NA,0.0077,9,9,3.47,78.16,15.82
SEP,20,5,0.0236,0.004,NA,0.0039,14,21,3.35,89.74,15.33
SEP,20,6,0.018,0.0066,NA,0.0059,25,7,2.99,89.76,14.36
SEP,20,7,0.0165,0.0039,NA,0.0074,17,17,3.16,91.1,13.9
SEP,20,8,0.0184,0.0059,NA,0.0085,25,10,2.99,85.25,14.89
SEP,20,9,0.0263,0.005,NA,0.0067,27,11,4.56,78.22,17.14
SEP,20,10,0.03,0.0049,NA,0.0057,41,11,5.45,81.84,18.94
SEP,20,11,0.0312,0.0075,NA,0.0067,43,8,4.61,76.92,20.24
SEP,20,12,0.0347,0.0113,NA,0.0075,33,5,3.81,71.97,22.47
SEP,20,13,0.0356,0.0117,NA,0.0062,97,20,3.71,73.61,23.64
SEP,20,14,0.0361,0.0114,NA,0.0056,26,13,3.29,89.94,25.35
SEP,20,15,0.0356,0.0072,NA,0.0049,22,6,2.99,80.52,25.85
SEP,20,16,0.0365,0.004,NA,0.0032,3,3,3.17,152.59,26.5
SEP,20,17,0.0367,0.0036,NA,0.0033,10,8,3.36,114.66,26.32
SEP,20,18,0.0341,0.0035,NA,0.0044,17,11,3.79,87.63,25.97
SEP,20,19,0.0291,0.003,NA,0.0067,32,7,4.01,49.11,24.23
SEP,20,20,0.0274,0.0055,NA,0.0073,27,4,4.31,51.6,22.63
SEP,20,21,0.0246,0.0475,NA,0.009,36,9,4.16,63.73,21.9
SEP,20,22,0.0255,0.0118,NA,0.007,28,24,3.28,80.28,20.94
SEP,20,23,0.0228,0.0269,NA,0.0083,26,9,3.51,83.25,20.13
SEP,21,0,0.021,0.0043,NA,0.0062,20,12,3.58,96.3,19.25
SEP,21,1,0.0154,0.0055,NA,0.0088,14,9,2.36,78.31,18.43
SEP,21,2,0.0164,0.0034,NA,0.0084,18,5,2.84,87.56,17.43
SEP,21,3,0.0149,0.0031,NA,0.0085,14,8,2.7,79.7,16.4
SEP,21,4,0.0109,0.0119,NA,0.0105,28,13,1.86,76.61,15.68
SEP,21,5,0.0085,0.0126,NA,0.0124,49,40,1.8,104.13,15.22
SEP,21,6,0.0066,0.0124,NA,0.014,84,48,1.99,97.81,14.65
SEP,21,7,0.0017,0.0158,NA,0.0185,78,47,1.83,85.87,14.55
SEP,21,8,0.0039,0.0035,NA,0.0171,80,73,2.6,90.08,15.3
SEP,21,9,0.0078,0.0028,0.64,0.0155,51,13,2.74,89.1,16.45
SEP,21,10,0.0195,0.0038,0.464,0.0116,45,13,3.1,94.47,18.6
SEP,21,11,0.0264,0.0083,0.469,0.0092,34,12,2.84,107.1,20.95
SEP,21,12,0.0322,0.0231,0.471,0.0092,40,9,1.97,147.61,23.13
SEP,21,13,0.0429,0.031,0.291,0.007,45,18,1.63,165.24,25.29
SEP,21,14,0.0556,0.0427,0.394,0.0095,47,24,1.8,135.72,27.05
SEP,21,15,0.0579,0.0396,0.297,0.01,27,29,2.21,125.42,27.63
SEP,21,16,0.0578,0.0207,0.309,0.0083,13,52,2.16,196.18,28.72
SEP,21,17,0.0569,0.0139,0.263,0.0064,34,22,2.18,215.65,28.84
SEP,21,18,0.0529,0.0108,0.277,0.0067,53,12,2.42,240.05,28.09
SEP,21,19,0.0445,0.0077,0.357,0.0095,60,5,2.64,235.06,26.67
SEP,21,20,0.0342,0.0053,0.295,0.0093,77,6,3.17,241.67,24.17
SEP,21,21,0.0298,0.0045,0.278,0.0083,57,17,2.48,255.62,20.33
SEP,21,22,0.0328,0.0059,0.185,0.0057,22,17,2.56,217.46,17.81
SEP,21,23,0.0306,0.0067,0.142,0.0059,13,12,2.47,217.47,17.08
SEP,22,0,0.0286,0.0069,0.138,0.0056,4,9,1.48,179.98,17.03
SEP,22,1,0.0285,0.0062,0.132,0.0043,2,8,1.56,280.1,16.82
SEP,22,2,0.0236,0.0061,0.13,0.0048,15,12,2.01,288.28,16.7
SEP,22,3,0.0228,0.0054,0.131,0.006,14,11,2.19,296.79,16.71
SEP,22,4,0.0251,0.0062,0.131,0.0063,13,10,1.59,269.97,16.59
SEP,22,5,0.0194,0.0066,0.174,0.0095,15,10,0.97,238.7,16.46
SEP,22,6,0.0173,0.0065,0.222,0.0119,23,11,1.56,226.56,16.41
SEP,22,7,0.0133,0.0063,0.445,0.0155,29,15,1.15,241.8,16.3
SEP,22,8,0.0168,0.0052,0.434,0.0143,13,18,1.11,243.37,18.03
SEP,22,9,0.0207,0.0067,0.479,0.0136,18,15,1.46,243.27,19.91
SEP,22,10,0.0316,0.0054,0.372,0.0094,32,19,1.35,171.7,22.21
SEP,22,11,0.0434,0.0053,0.287,0.0059,16,14,1.74,191.85,23.66
SEP,22,12,0.0497,0.0068,0.273,0.006,20,14,1.96,209.46,24.83
SEP,22,13,0.0491,0.0052,0.28,0.0053,16,11,2.44,231.95,26.22
SEP,22,14,0.052,0.0053,0.296,0.0064,22,11,2.45,213.29,27.96
SEP,22,15,0.0533,0.006,0.359,0.0073,26,12,2.84,160.97,28.13
SEP,22,16,0.0583,0.0069,0.284,0.0062,9,13,2.53,204.88,28.74
SEP,22,17,0.0583,0.0062,0.246,0.0049,22,15,3.23,257.3,28.33
SEP,22,18,0.0335,0.0066,0.275,0.009,55,13,4.45,294.09,23.76
SEP,22,19,0.0293,0.0045,0.256,0.0078,37,11,3,259.37,22.15
SEP,22,20,0.0245,0.0097,0.411,0.0118,22,12,2.1,103.96,22.63
SEP,22,21,0.0279,0.0242,0.271,0.0095,41,15,3.88,95.69,19.96
SEP,22,22,0.0273,0.0106,0.242,0.0091,19,20,1.8,109.97,18.98
SEP,22,23,0.0266,0.0133,0.2,0.0093,39,17,1.39,102.08,18.91
SEP,23,0,0.0131,0.0143,0.213,0.0148,31,25,1.25,262.39,18.39
SEP,23,1,0.0096,0.0129,0.216,0.0167,36,25,1.21,237.86,17.97
SEP,23,2,0.0175,0.0163,0.177,0.0098,33,24,0.65,203.46,17.88
SEP,23,3,0.0042,0.0096,0.175,0.0192,33,25,1.46,115.36,17.4
SEP,23,4,0.0057,0.0192,0.162,0.0189,20,18,1.67,149.9,17
SEP,23,5,0.0118,0.0213,0.235,0.0128,33,15,1.57,125,16.48
SEP,23,6,0.0071,0.0089,0.319,0.0165,25,25,1.04,154.52,16.07
SEP,23,7,NA,0.0077,0.739,0.0213,34,16,1.27,113.66,15.92
SEP,23,8,0.009,0.0153,0.506,0.0171,39,22,1.1,86.18,17.09
SEP,23,9,0.0159,0.0119,0.547,0.0153,41,34,1.23,139.26,19.56
SEP,23,10,0.0286,0.0093,0.332,0.0105,36,20,1.45,177.19,21.43
SEP,23,11,0.0364,0.0105,0.292,0.0086,31,17,2.13,242.75,22.73
SEP,23,12,0.0423,0.0082,0.241,0.0046,22,8,2.21,231.87,24.03
SEP,23,13,0.0455,0.0071,0.23,0.0045,13,10,2.38,243.9,25.7
SEP,23,14,0.0469,0.0069,0.205,0.0038,29,10,2.41,240.05,27.5
SEP,23,15,0.0507,0.0056,0.226,0.0041,14,10,2.44,220.77,27.88
SEP,23,16,0.0534,0.0057,0.185,0.0042,9,9,2.55,259.11,29.01
SEP,23,17,0.0478,0.0058,0.227,0.0059,19,8,3.93,103.48,27.61
SEP,23,18,0.0461,0.006,0.179,0.0045,30,16,2.67,211.46,27.6
SEP,23,19,0.0393,0.0058,0.292,0.008,34,11,1.26,285.1,26.09
SEP,23,20,0.0096,0.0053,0.757,0.0294,42,11,1.08,256.31,24.75
SEP,23,21,0.0244,0.0048,0.299,0.0138,61,24,2.77,232.63,22.19
SEP,23,22,0.033,0.0039,0.166,0.0075,24,18,2.54,221.42,20.65
SEP,23,23,0.0227,0.0105,0.219,0.0128,14,15,1.63,114.25,20.66
SEP,24,0,0.0206,0.0116,0.199,0.0117,34,17,1.68,135.27,19.89
SEP,24,1,0.0133,0.0201,0.221,0.0158,31,18,2.39,102.64,19.29
SEP,24,2,0.0082,0.0251,0.209,0.0152,47,23,1.97,90.5,18.3
SEP,24,3,0.0069,0.0224,0.181,0.0165,39,28,2.14,96.46,18.03
SEP,24,4,0.0065,0.0109,0.152,0.0152,26,21,2.04,91.61,17.35
SEP,24,5,0.0014,0.0195,0.189,0.0188,31,17,1.43,86.06,16.46
SEP,24,6,0.0007,0.013,0.387,0.018,46,24,1.35,79.12,16.11
SEP,24,7,0.0008,0.0128,0.514,0.0183,53,23,1.61,98.69,15.9
SEP,24,8,0.0027,0.0106,0.824,0.018,62,21,1.46,98.75,16.95
SEP,24,9,0.0105,0.0298,0.533,0.0168,66,29,1.95,98.42,18.61
SEP,24,10,0.0214,0.0336,0.425,0.0123,63,34,2.22,95.1,21.14
SEP,24,11,0.0352,0.0162,0.325,0.0079,42,31,2.46,95.33,23.24
SEP,24,12,0.0418,0.0136,0.316,0.0075,42,20,2.39,104.33,25.09
SEP,24,13,0.0435,0.0093,0.333,0.0069,35,19,2.82,134.22,26.6
SEP,24,14,0.0433,0.0113,0.242,0.0064,24,14,2.81,135.33,28.05
SEP,24,15,0.0446,0.0111,0.199,0.0046,12,14,3.01,130.85,28.55
SEP,24,16,0.0462,0.0116,NA,0.0045,9,14,2.47,182.6,29.2
SEP,24,17,0.046,0.008,NA,0.0039,21,12,1.93,150.25,28.63
SEP,24,18,0.0443,0.0065,NA,0.0036,28,11,1.93,297.08,27.69
SEP,24,19,0.0215,0.007,0.354,0.0191,54,11,1.73,264.68,26.01
SEP,24,20,0.0248,0.008,0.406,0.0178,107,17,2.01,172.44,24.52
SEP,24,21,0.0251,0.0114,0.36,0.0134,45,24,2.36,71.57,24.31
SEP,24,22,0.0206,0.012,0.255,0.0111,47,23,1.77,119.25,22.2
SEP,24,23,0.0219,0.0163,0.188,0.01,39,12,2.79,118.02,21.44
SEP,25,0,0.0301,0.0073,0.141,0.0069,30,22,2.61,95.81,20.27
SEP,25,1,0.021,0.0072,NA,0.0069,20,20,2.57,92.36,20.21
SEP,25,2,0.0198,0.0121,NA,0.0063,24,13,2.57,104.62,19.35
SEP,25,3,0.0189,0.0125,NA,0.0064,27,17,2.6,95.95,19.2
SEP,25,4,0.016,0.0076,NA,0.0082,24,16,1.94,104.2,19.02
SEP,25,5,0.0148,0.0058,NA,0.0095,22,16,1.75,110.35,19.07
SEP,25,6,0.0087,0.0155,0.314,0.0148,39,15,1.88,160.15,18.81
SEP,25,7,0.0051,0.0091,0.488,0.0209,59,25,1.27,169.31,18.33
SEP,25,8,0.0083,0.0144,0.49,0.0163,56,21,1.46,82.92,18.88
SEP,25,9,0.0137,0.0061,0.525,0.0121,69,23,2.04,91.43,19.99
SEP,25,10,0.0207,0.0108,0.44,0.0117,49,20,1.77,128.25,21.49
SEP,25,11,0.0263,0.008,0.465,0.0109,45,25,2.09,128.26,22.78
SEP,25,12,0.0398,0.0057,0.329,0.0078,34,28,2.04,151.58,24.32
SEP,25,13,0.0482,0.006,0.322,0.0078,30,23,2.15,177.84,25.81
SEP,25,14,0.0506,0.0082,0.257,0.0067,48,19,2.63,100.93,27.2
SEP,25,15,0.0513,0.0048,0.276,0.0074,27,19,2.92,109.65,28.08
SEP,25,16,0.0526,0.0118,NA,0.0062,22,11,2.43,152.44,28.66
SEP,25,17,0.0477,0.0112,0.263,0.0087,26,21,2.75,112.56,28.79
SEP,25,18,0.0445,0.0095,0.237,0.0073,37,12,2.74,66.87,28.62
SEP,25,19,0.0335,0.014,0.5,0.0165,63,12,3.3,90.06,25.53
SEP,25,20,0.0241,0.0084,0.6,0.0196,93,25,2.79,105.35,23.84
SEP,25,21,0.0181,0.0233,0.523,0.0201,73,30,2.56,126.03,23.09
SEP,25,22,0.0135,0.012,0.338,0.0164,70,37,3.01,93.93,21.87
SEP,25,23,0.0156,0.0064,0.18,0.011,44,29,3.32,92.68,20.52
SEP,26,0,0.0131,0.0073,0.171,0.0112,34,18,2.26,114.75,19.59
SEP,26,1,0.012,0.0086,0.134,0.0113,24,15,2.06,112.75,18.99
SEP,26,2,0.0138,0.0127,NA,0.0096,31,20,1.78,117.89,18.23
SEP,26,3,0.0111,0.0407,NA,0.0111,39,23,1.83,112.37,17.71
SEP,26,4,0.0051,0.0366,0.131,0.0154,59,29,1.56,77.95,16.9
SEP,26,5,0.0059,0.0113,0.161,0.0151,39,30,1.41,93.81,16.66
SEP,26,6,0.0014,0.01,0.246,0.0184,37,23,1.4,91.98,15.93
SEP,26,7,0.0011,0.008,0.415,0.0185,57,21,1.73,94.79,15.28
SEP,26,8,0.0034,0.0112,0.518,0.0163,53,21,2.12,79.93,15.61
SEP,26,9,0.0082,0.0237,0.633,0.0181,91,27,2.33,103.19,17.65
SEP,26,10,0.022,0.0234,0.396,0.0123,121,79,2.49,108.38,20.52
SEP,26,11,0.0376,0.0175,0.295,0.0087,50,37,1.84,105.66,22.85
SEP,26,12,0.0474,0.0113,0.272,0.0074,40,35,1.89,136.48,24.62
SEP,26,13,0.0514,0.0103,0.211,0.0068,41,21,1.96,139.39,26.3
SEP,26,14,0.0576,0.0117,0.262,0.0071,41,20,2.45,133.73,27.61
SEP,26,15,0.0572,0.0099,0.206,0.0057,25,25,2.13,131.14,28.15
SEP,26,16,0.046,0.0096,0.244,0.0072,19,19,2.81,99.45,28.73
SEP,26,17,0.0456,0.0083,NA,0.004,16,12,2.6,100.89,29.29
SEP,26,18,0.0465,0.0065,NA,0.0051,25,10,2.55,82.08,29.13
SEP,26,19,0.0358,0.0103,0.416,0.0126,47,8,2.43,105.9,27.78
SEP,26,20,0.0267,0.0202,0.487,0.0162,67,10,2.53,72.37,26.26
SEP,26,21,0.0241,0.0143,0.419,0.0147,53,25,2.46,93.35,24.6
SEP,26,22,0.0257,0.0067,0.211,0.0093,38,19,2.48,94.43,22.95
SEP,26,23,0.0202,0.0158,0.244,0.012,39,10,2.11,149.02,21.95
SEP,27,0,0.0189,0.0165,0.173,0.011,40,13,1.86,108.69,21.08
SEP,27,1,0.0158,0.0111,0.184,0.0116,39,19,1.37,74.87,20.44
SEP,27,2,0.0139,0.0068,0.171,0.0123,36,17,1.28,109.32,19.73
SEP,27,3,0.0055,0.008,0.209,0.0176,34,15,1.01,183.12,18.81
SEP,27,4,0.0087,0.0087,0.136,0.016,35,16,1.06,112.75,17.76
SEP,27,5,0.0083,0.0093,NA,0.0125,39,16,1.26,94.53,16.81
SEP,27,6,0.006,0.0121,NA,0.0147,36,20,1.53,110.73,15.59
SEP,27,7,0.0039,0.0412,0.261,0.0162,47,17,1.46,89.32,15.19
SEP,27,8,0.0063,0.0327,0.418,0.0155,64,35,1.56,83.96,16.28
SEP,27,9,0.0121,0.0071,0.382,0.0129,71,44,2.2,88.89,18.32
SEP,27,10,0.0254,0.0128,0.391,0.0106,40,15,2.01,111.39,21.61
SEP,27,11,0.0371,0.0091,0.287,0.0081,47,17,1.83,186.72,23.84
SEP,27,12,0.0463,0.0074,NA,0.0063,33,17,1.73,182.19,25.81
SEP,27,13,0.0458,0.007,0.234,0.0063,18,1,2.34,151.5,27.14
SEP,27,14,0.0488,0.0147,NA,0.0057,18,6,2.41,137.59,28.41
SEP,27,15,0.048,0.0121,NA,0.0068,14,10,2.09,165.95,29.71
SEP,27,16,0.0509,0.0105,NA,0.0045,6,8,2.53,204.41,30.45
SEP,27,17,0.0492,0.0056,NA,0.0034,6,9,2.37,191.88,30.83
SEP,27,18,0.0496,0.0057,NA,0.0038,17,16,2.94,150.49,30.17
SEP,27,19,0.0356,0.0116,0.28,0.0099,46,8,2.47,78.38,28.53
SEP,27,20,0.0265,0.0096,0.448,0.0175,102,9,1.77,152.1,27.04
SEP,27,21,0.0246,0.0135,0.423,0.0156,59,13,2.23,98.38,26.06
SEP,27,22,0.0212,0.0146,0.298,0.0147,52,20,2.08,83.63,24.27
SEP,27,23,0.0217,0.0084,0.194,0.0137,55,19,1.97,122.71,23.4
SEP,28,0,0.0238,0.0091,NA,0.0131,43,14,1.72,184.37,21.35
SEP,28,1,0.0271,0.0065,NA,0.0105,30,18,1.26,145.68,20.85
SEP,28,2,0.0307,0.0058,NA,0.007,25,16,1.41,213.61,20.04
SEP,28,3,0.0084,0.0082,NA,0.0174,33,17,1.16,137.02,18.96
SEP,28,4,0.0255,0.0057,NA,0.0066,26,22,1.42,213.62,18.49
SEP,28,5,0.0205,0.0053,NA,0.0076,27,18,1.23,217.49,17.91
SEP,28,6,0.0033,0.0068,0.32,0.0191,32,15,1.4,125.96,17.37
SEP,28,7,NA,0.0143,0.426,0.0197,93,24,1.7,95.35,16.69
SEP,28,8,0.0043,0.0841,0.5,0.0196,115,36,2.3,83.05,16.95
SEP,28,9,0.0133,0.0311,0.406,0.0161,97,61,2.31,99.34,19.3
SEP,28,10,0.0305,0.0191,0.281,0.0099,73,39,1.5,137.53,22.43
SEP,28,11,0.0431,0.0309,0.27,0.0098,53,28,1.57,149.47,24.65
SEP,28,12,0.0496,0.0174,NA,0.0073,53,29,2.19,145.57,26.14
SEP,28,13,0.049,0.0118,NA,0.0078,38,21,2.46,123.24,28.08
SEP,28,14,0.0493,0.0087,NA,0.0076,25,14,3.11,117.41,29.45
SEP,28,15,0.0442,0.0072,NA,0.0058,39,14,4.84,63.74,30.18
SEP,28,16,0.0411,0.012,NA,0.006,63,13,5.47,48.68,30.37
SEP,28,17,0.0395,0.0098,NA,0.0063,107,11,5.33,49,29.91
SEP,28,18,0.0349,0.0042,NA,0.0066,21,9,5.77,43.7,28.8
SEP,28,19,0.0279,0.0045,NA,0.008,32,6,4.53,38.79,26.94
SEP,28,20,0.0242,0.0498,NA,0.0089,40,7,4.47,48.07,25.31
SEP,28,21,0.0279,0.034,NA,0.0059,44,11,5.43,48.7,23.52
SEP,28,22,0.0313,0.0313,NA,0.0043,46,12,6.25,52.24,21.44
SEP,28,23,0.0293,0.0598,NA,0.0055,43,11,5.2,57.52,20.74
SEP,29,0,0.0282,0.024,NA,0.0053,30,20,4.28,81.65,19.74
SEP,29,1,0.0256,0.0067,NA,0.0052,9,15,3.27,100.15,18.31
SEP,29,2,0.0258,0.0043,NA,0.0038,16,15,2.91,95.55,17.52
SEP,29,3,0.0233,0.0038,NA,0.005,12,11,3.33,95.84,17.37
SEP,29,4,0.021,0.0045,NA,0.0053,15,10,2.41,82.69,17.1
SEP,29,5,0.0181,0.0043,NA,0.0068,19,25,2.65,88.71,16.7
SEP,29,6,0.0102,0.0037,NA,0.0123,25,20,1.95,99.29,16.44
SEP,29,7,0.0075,0.0081,NA,0.0155,45,11,2.19,118.62,16.64
SEP,29,8,0.0064,0.0059,NA,0.0162,43,18,3.08,107,17.02
SEP,29,9,0.0079,NA,NA,0.0152,62,11,3.35,99.03,17.7
SEP,29,10,0.0196,0.003,NA,0.0086,38,27,4.54,86.42,18.94
SEP,29,11,0.0274,NA,NA,0.007,54,8,5.96,86.67,20.23
SEP,29,12,0.0312,0.0049,NA,0.0078,67,9,5.91,91.35,20.53
SEP,29,13,0.0338,0.0049,NA,0.0073,80,10,6.59,86.99,21.04
SEP,29,14,0.0339,0.0057,NA,0.0078,72,12,6.05,85.94,20.84
SEP,29,15,0.035,0.0078,NA,0.007,43,19,6.24,77.89,21.28
SEP,29,16,0.0352,0.0065,NA,0.0065,41,13,6.01,84.82,21.68
SEP,29,17,0.0336,0.0044,NA,0.0071,55,10,6.03,86.22,20.65
SEP,29,18,0.0297,0.0041,NA,0.0081,54,7,5.37,87.17,19.54
SEP,29,19,0.0281,0.0048,NA,0.0075,55,9,5.1,76.76,18.58
SEP,29,20,0.0256,0.0053,NA,0.0091,49,11,4.52,68.91,17.46
SEP,29,21,0.0261,0.0031,NA,0.0073,31,10,3.95,70.94,16.63
SEP,29,22,0.0246,0.0056,NA,0.0075,31,10,4.64,68.04,15.45
SEP,29,23,0.0247,0.0058,NA,0.0076,25,9,4.17,79.81,14.52
SEP,30,0,0.0265,0.0042,NA,0.0058,19,12,4.45,74.39,14.06
SEP,30,1,0.026,0.0041,NA,0.0053,9,10,3.67,65.26,13.79
SEP,30,2,0.0259,0.0029,NA,0.0045,15,5,4.24,69.87,13.37
SEP,30,3,0.0249,0.0059,NA,0.0045,15,6,3.74,73.18,12.61
SEP,30,4,0.0213,0.0039,NA,0.0077,13,7,3.13,87.93,12.26
SEP,30,5,0.018,0.0026,NA,0.0087,21,6,2.83,99.69,11.28
SEP,30,6,0.0185,0.0018,NA,0.008,23,6,3.28,78.81,11.03
SEP,30,7,0.0116,0.0091,NA,0.0133,30,7,2.74,94.38,10.37
SEP,30,8,0.0129,0.0192,NA,0.0149,59,9,2.48,85.66,11.24
SEP,30,9,0.022,0.0068,NA,0.0103,52,21,3.57,85.04,14.66
SEP,30,10,0.0302,0.0031,NA,0.0074,44,24,5.22,80.28,16.76
SEP,30,11,0.0355,0.0025,NA,0.007,33,7,4.57,74.87,18.88
SEP,30,12,0.0396,0.0018,NA,0.0065,22,7,4.25,67.73,20.49
SEP,30,13,0.0425,0.0026,NA,0.007,22,3,3.95,78.38,22.08
SEP,30,14,0.0446,0.0027,NA,0.0072,22,4,4.06,75.2,23.54
SEP,30,15,0.0442,0.0035,NA,0.0065,33,7,3.46,93.82,25.18
SEP,30,16,0.0447,0.0043,NA,0.0063,27,5,2.75,98.95,26.26
SEP,30,17,0.0468,0.0047,NA,0.0066,26,6,2.15,129.92,26.54
SEP,30,18,0.044,0.0043,NA,0.0087,33,5,2.43,113.31,25.85
SEP,30,19,0.0349,0.0017,NA,0.0106,58,6,3.48,56.96,24.33
SEP,30,20,0.032,0.0033,NA,0.0116,89,7,3.38,44.49,22.63
SEP,30,21,0.0294,0.0375,NA,0.0113,33,9,3.24,65.14,21.17
SEP,30,22,0.0232,0.0159,NA,0.0131,44,13,2.42,94.09,19.35
SEP,30,23,0.0212,0.0078,NA,0.0102,45,14,3.06,89.67,17.08
