DATOS MËVILES 2010_NATIVITAS,,,,,,,,
,,,,,,,,
A±o,Mes,DÝa,Hora,NO2,MPM10,MSO2 24HRS,MO3,MCO
2010,NOV,1,0,NA,32.71681818,NA,NA,1.1825
2010,NOV,1,1,NA,32.95454545,NA,NA,1.2525
2010,NOV,1,2,NA,33.07181818,NA,NA,1.3225
2010,NOV,1,3,NA,33.41181818,NA,NA,1.3975
2010,NOV,1,4,NA,34.27454545,NA,NA,1.45375
2010,NOV,1,5,NA,34.77863636,40.14055556,NA,1.51
2010,NOV,1,6,NA,35.16227273,39.87421053,NA,1.515
2010,NOV,1,7,NA,35.87090909,39.6205,NA,1.50625
2010,NOV,1,8,NA,36.82136364,39.37666667,NA,1.53625
2010,NOV,1,9,NA,37.79863636,39.17590909,NA,1.56875
2010,NOV,1,10,NA,39.70590909,38.99652174,NA,1.6075
2010,NOV,1,11,NA,41.40090909,38.91125,NA,1.63
2010,NOV,1,12,NA,43.56454545,37.92791667,NA,1.65875
2010,NOV,1,13,NA,43.45565217,37.64166667,NA,1.67875
2010,NOV,1,14,NA,43.86791667,37.57875,NA,1.7325
2010,NOV,1,15,NA,42.58166667,37.66833333,NA,1.78625
2010,NOV,1,16,NA,42.12083333,37.7475,NA,1.79
2010,NOV,1,17,NA,42.82833333,37.72208333,NA,1.79625
2010,NOV,1,18,NA,44.29041667,37.4975,NA,1.7975
2010,NOV,1,19,NA,48.49833333,37.43291667,NA,1.85125
2010,NOV,1,20,NA,52.85583333,37.40958333,NA,1.94
2010,NOV,1,21,NA,55.03208333,37.33375,NA,1.99625
2010,NOV,1,22,NA,57.055,37.26708333,NA,1.995
2010,NOV,1,23,NA,58.28958333,37.2225,NA,1.98875
2010,NOV,2,0,NA,59.80875,37.19,NA,1.99625
2010,NOV,2,1,NA,63.66125,37.17958333,NA,2.01875
2010,NOV,2,2,NA,65.4175,37.18208333,NA,2.04375
2010,NOV,2,3,NA,67.18708333,37.34708333,NA,2.01125
2010,NOV,2,4,NA,68.96958333,37.53375,NA,1.935
2010,NOV,2,5,NA,71.0775,37.75958333,NA,1.905
2010,NOV,2,6,NA,72.245,37.96375,NA,1.9025
2010,NOV,2,7,NA,72.38166667,38.10708333,NA,1.87875
2010,NOV,2,8,NA,73.63,38.26333333,NA,1.8775
2010,NOV,2,9,NA,75.12458333,38.38625,NA,1.865
2010,NOV,2,10,NA,74.69375,38.49583333,NA,1.8525
2010,NOV,2,11,NA,76.07708333,38.49708333,NA,1.84375
2010,NOV,2,12,NA,76.92083333,38.51041667,NA,1.835
2010,NOV,2,13,NA,77.39875,38.53041667,NA,1.8325
2010,NOV,2,14,NA,76.83833333,38.43875,NA,1.7975
2010,NOV,2,15,NA,75.33166667,38.18375,NA,1.78125
2010,NOV,2,16,NA,75.19666667,37.86125,NA,1.7325
2010,NOV,2,17,NA,75.50666667,37.60541667,NA,1.68625
2010,NOV,2,18,NA,74.29625,37.42,NA,1.63625
2010,NOV,2,19,NA,70.98916667,37.27083333,NA,1.615
2010,NOV,2,20,NA,68.50333333,37.15875,NA,1.62
2010,NOV,2,21,NA,68.87833333,37.09958333,NA,1.61
2010,NOV,2,22,NA,68.32958333,37.03458333,NA,1.635
2010,NOV,2,23,NA,68.88375,37.02083333,NA,1.63625
2010,NOV,3,0,NA,68.975,37.02666667,NA,1.645
2010,NOV,3,1,NA,65.43125,37.05541667,NA,1.5925
2010,NOV,3,2,NA,63.86083333,37.05708333,NA,1.54625
2010,NOV,3,3,NA,62.08208333,36.93875,NA,1.475
2010,NOV,3,4,NA,60.01791667,36.74791667,NA,1.38125
2010,NOV,3,5,NA,58.04833333,36.52375,NA,1.3
2010,NOV,3,6,NA,56.81166667,36.34333333,NA,1.20875
2010,NOV,3,7,NA,56.08,36.23416667,NA,1.1625
2010,NOV,3,8,NA,54.51125,36.12708333,NA,1.1725
2010,NOV,3,9,NA,52.56291667,36.09333333,NA,1.23875
2010,NOV,3,10,NA,52.24875,36.1825,NA,1.30625
2010,NOV,3,11,NA,50.16625,36.405,NA,1.335
2010,NOV,3,12,NA,48.47458333,36.58416667,NA,1.3825
2010,NOV,3,13,NA,47.82625,36.74208333,NA,1.4225
2010,NOV,3,14,NA,47.71458333,36.8225,NA,1.445
2010,NOV,3,15,NA,49.10833333,36.85625,NA,1.42375
2010,NOV,3,16,NA,52.75666667,36.96916667,NA,1.37375
2010,NOV,3,17,NA,51.76521739,37.0275,NA,1.34
2010,NOV,3,18,NA,52.10363636,37.01458333,NA,1.32125
2010,NOV,3,19,NA,52.26727273,36.9425,NA,1.3875
2010,NOV,3,20,NA,51.57318182,36.86625,NA,1.48125
2010,NOV,3,21,NA,50.68590909,36.80875,NA,1.5475
2010,NOV,3,22,NA,50.14363636,36.9075,NA,1.61375
2010,NOV,3,23,NA,49.43272727,37.04958333,NA,1.685
2010,NOV,4,0,NA,48.86590909,37.16458333,NA,1.7475
2010,NOV,4,1,NA,49.05636364,37.16291667,NA,1.75
2010,NOV,4,2,NA,49.89636364,37.09166667,NA,1.70625
2010,NOV,4,3,NA,50.38318182,36.96583333,NA,1.6075
2010,NOV,4,4,NA,50.30090909,36.85291667,NA,1.45375
2010,NOV,4,5,NA,50.05045455,36.69416667,NA,1.34625
2010,NOV,4,6,NA,49.95136364,36.54208333,NA,1.25875
2010,NOV,4,7,NA,49.97681818,36.36916667,NA,1.22
2010,NOV,4,8,NA,50.35772727,36.19333333,NA,1.20875
2010,NOV,4,9,NA,50.65772727,35.97125,NA,1.22875
2010,NOV,4,10,NA,51.04954545,35.60833333,NA,1.255
2010,NOV,4,11,NA,54.29090909,35.19416667,NA,1.295
2010,NOV,4,12,NA,56.87318182,35.13,NA,1.35125
2010,NOV,4,13,NA,57.74590909,34.93208333,NA,1.40375
2010,NOV,4,14,NA,58.19045455,34.74208333,NA,1.44625
2010,NOV,4,15,NA,57.10909091,34.60416667,NA,1.46
2010,NOV,4,16,NA,52.67954545,34.3525,NA,1.4425
2010,NOV,4,17,NA,53.85521739,34.14125,NA,1.44875
2010,NOV,4,18,NA,53.98791667,33.99833333,NA,1.4825
2010,NOV,4,19,NA,53.57791667,33.86541667,NA,1.52125
2010,NOV,4,20,NA,51.54541667,33.7,NA,1.5425
2010,NOV,4,21,NA,50.39083333,33.52125,NA,1.56375
2010,NOV,4,22,NA,49.81541667,33.20333333,NA,1.58125
2010,NOV,4,23,NA,48.755,32.80166667,NA,1.5725
2010,NOV,5,0,NA,47.55458333,32.45416667,NA,1.53875
2010,NOV,5,1,NA,46.73333333,32.17625,NA,1.4925
2010,NOV,5,2,NA,45.6125,31.98791667,NA,1.4375
2010,NOV,5,3,NA,45.53958333,31.8575,NA,1.3675
2010,NOV,5,4,NA,45.62375,31.76791667,NA,1.31375
2010,NOV,5,5,NA,45.69,31.69708333,NA,1.25625
2010,NOV,5,6,NA,45.71291667,31.58083333,NA,1.20125
2010,NOV,5,7,NA,46.01166667,31.51041667,NA,1.19125
2010,NOV,5,8,NA,45.81916667,31.43333333,NA,1.2075
2010,NOV,5,9,NA,45.91916667,31.365,NA,1.25
2010,NOV,5,10,NA,45.64791667,31.32875,NA,1.2825
2010,NOV,5,11,NA,43.31,31.23333333,NA,1.3225
2010,NOV,5,12,NA,41.63375,30.81083333,NA,1.3375
2010,NOV,5,13,NA,41.35291667,30.56625,NA,1.3575
2010,NOV,5,14,NA,41.71125,30.40125,NA,1.39625
2010,NOV,5,15,NA,42.57958333,30.22291667,NA,1.41
2010,NOV,5,16,NA,43.40541667,30.10166667,NA,1.42875
2010,NOV,5,17,NA,42.23,30.01,NA,1.40875
2010,NOV,5,18,NA,42.61708333,29.90041667,NA,1.4225
2010,NOV,5,19,NA,43.30166667,29.80833333,NA,1.4625
2010,NOV,5,20,NA,44.02666667,29.75291667,NA,1.5125
2010,NOV,5,21,NA,43.87375,30.15333333,NA,1.54625
2010,NOV,5,22,NA,43.70041667,30.83625,NA,1.56
2010,NOV,5,23,NA,44.01166667,31.23125,NA,1.575
2010,NOV,6,0,NA,44.1375,31.37,NA,1.56625
2010,NOV,6,1,NA,44.23375,31.44125,NA,1.57375
2010,NOV,6,2,NA,44.21625,31.46666667,NA,1.55
2010,NOV,6,3,NA,43.62,31.44,NA,1.50375
2010,NOV,6,4,NA,43.295,31.38291667,NA,1.46
2010,NOV,6,5,NA,43.05666667,31.32333333,NA,1.43375
2010,NOV,6,6,NA,43.295,31.345,NA,1.40125
2010,NOV,6,7,NA,43.14583333,31.40208333,NA,1.3975
2010,NOV,6,8,NA,42.6475,31.44708333,NA,1.43125
2010,NOV,6,9,NA,42.44625,31.48041667,NA,1.4625
2010,NOV,6,10,NA,42.45958333,31.48541667,NA,1.5125
2010,NOV,6,11,NA,42.25791667,31.45708333,NA,1.52375
2010,NOV,6,12,NA,41.79875,31.4075,NA,1.5375
2010,NOV,6,13,NA,42.26166667,31.35916667,NA,1.5575
2010,NOV,6,14,NA,42.03333333,31.30916667,NA,1.5875
2010,NOV,6,15,NA,41.22833333,31.23041667,NA,1.60375
2010,NOV,6,16,NA,40.35333333,31.15583333,NA,1.59125
2010,NOV,6,17,NA,39.53041667,31.09291667,NA,1.5825
2010,NOV,6,18,NA,38.54416667,31.07916667,NA,1.575
2010,NOV,6,19,NA,37.68375,31.65916667,NA,1.62
2010,NOV,6,20,NA,37.75916667,32.30083333,NA,1.64
2010,NOV,6,21,NA,37.58958333,32.64166667,NA,1.64
2010,NOV,6,22,NA,37.85,32.33875,NA,1.6025
2010,NOV,6,23,NA,37.89541667,32.13083333,NA,1.56375
2010,NOV,7,0,NA,37.99541667,32.01583333,NA,1.50375
2010,NOV,7,1,NA,38.06125,31.92208333,NA,1.44125
2010,NOV,7,2,NA,38.2125,31.8625,NA,1.375
2010,NOV,7,3,NA,38.4525,31.81916667,NA,1.29125
2010,NOV,7,4,NA,38.85541667,31.78458333,NA,1.2275
2010,NOV,7,5,NA,39.10916667,31.73166667,NA,1.16875
2010,NOV,7,6,NA,38.59708333,31.65791667,NA,1.1525
2010,NOV,7,7,NA,38.05333333,31.4975,NA,1.11625
2010,NOV,7,8,NA,37.84833333,31.37291667,NA,1.11125
2010,NOV,7,9,NA,37.0025,31.22375,NA,1.13375
2010,NOV,7,10,NA,35.82375,31.10333333,NA,1.14625
2010,NOV,7,11,NA,35.03125,31.02625,NA,1.14125
2010,NOV,7,12,NA,34.23791667,30.95,NA,1.1525
2010,NOV,7,13,NA,32.5775,30.89333333,NA,1.17
2010,NOV,7,14,NA,31.22416667,30.83375,NA,1.18375
2010,NOV,7,15,NA,30.48166667,30.79875,NA,1.2175
2010,NOV,7,16,NA,30.06041667,30.75583333,NA,1.25
2010,NOV,7,17,NA,29.80583333,30.71166667,NA,1.25
2010,NOV,7,18,NA,29.26583333,30.76125,NA,1.27375
2010,NOV,7,19,NA,28.55041667,30.22541667,NA,1.31375
2010,NOV,7,20,NA,27.46833333,29.55,NA,1.325
2010,NOV,7,21,NA,26.91083333,28.77,NA,1.33125
2010,NOV,7,22,NA,26.10333333,28.29958333,NA,1.3325
2010,NOV,7,23,NA,25.73833333,28.26333333,NA,1.34375
2010,NOV,8,0,NA,25.49125,28.24708333,NA,1.3375
2010,NOV,8,1,NA,25.25291667,28.21625,NA,1.33375
2010,NOV,8,2,NA,25.035,28.15625,NA,1.30375
2010,NOV,8,3,NA,25.02791667,28.11125,NA,1.2725
2010,NOV,8,4,NA,25.02083333,28.10875,NA,1.2675
2010,NOV,8,5,NA,25.56166667,28.16333333,NA,1.27125
2010,NOV,8,6,NA,28.59375,28.21,NA,1.295
2010,NOV,8,7,NA,30.11666667,28.29916667,NA,1.3
2010,NOV,8,8,NA,31.2125,28.38583333,NA,1.3575
2010,NOV,8,9,NA,32.27083333,28.47583333,NA,1.42375
2010,NOV,8,10,NA,33.47958333,28.58541667,NA,1.45125
2010,NOV,8,11,NA,34.2175,28.6525,NA,1.475
2010,NOV,8,12,NA,34.79791667,28.73208333,NA,1.485
2010,NOV,8,13,NA,35.64458333,28.7725,NA,1.4875
2010,NOV,8,14,NA,36.74375,28.81583333,NA,1.49125
2010,NOV,8,15,NA,36.96666667,28.84,NA,1.48
2010,NOV,8,16,NA,37.65666667,28.89791667,NA,1.425
2010,NOV,8,17,NA,38.84333333,28.95791667,NA,1.3825
2010,NOV,8,18,NA,39.85416667,28.92291667,NA,1.37875
2010,NOV,8,19,NA,43.69375,28.84875,NA,1.4225
2010,NOV,8,20,NA,49.30916667,28.83208333,NA,1.49625
2010,NOV,8,21,NA,53.76958333,28.78708333,NA,1.60625
2010,NOV,8,22,NA,61.33,28.81166667,NA,1.765
2010,NOV,8,23,NA,68.06041667,28.72291667,NA,1.98875
2010,NOV,9,0,NA,73.41541667,28.81333333,NA,2.13625
2010,NOV,9,1,NA,76.40458333,28.95583333,NA,2.2225
2010,NOV,9,2,NA,79.36666667,29.12916667,NA,2.305
2010,NOV,9,3,NA,81.9325,29.33041667,NA,2.3175
2010,NOV,9,4,NA,83.96333333,29.49333333,NA,2.30375
2010,NOV,9,5,NA,84.8325,29.62166667,NA,2.1925
2010,NOV,9,6,NA,84.51125,29.72166667,NA,2.02625
2010,NOV,9,7,NA,85.21333333,29.83458333,NA,1.80625
2010,NOV,9,8,NA,87.56416667,29.94375,NA,1.704285714
2010,NOV,9,9,NA,89.73791667,30.06625,NA,1.631666667
2010,NOV,9,10,NA,93.27458333,30.32458333,NA,1.711666667
2010,NOV,9,11,NA,96.565,30.70583333,NA,1.763333333
2010,NOV,9,12,NA,98.21333333,31.00125,NA,1.788333333
2010,NOV,9,13,NA,98.66958333,31.2125,NA,1.883333333
2010,NOV,9,14,NA,99.00458333,31.37291667,NA,1.971666667
2010,NOV,9,15,NA,100.2095833,31.53125,NA,2.03
2010,NOV,9,16,NA,100.7858333,31.63833333,NA,1.972857143
2010,NOV,9,17,NA,100.4895833,31.68833333,NA,1.92
2010,NOV,9,18,NA,100.825,31.66458333,NA,1.8
2010,NOV,9,19,NA,101.5658333,31.66583333,NA,1.79625
2010,NOV,9,20,NA,110.0516667,31.66916667,NA,1.91375
2010,NOV,9,21,NA,114.97375,31.71083333,NA,2.0575
2010,NOV,9,22,NA,119.0033333,31.80083333,NA,2.17
2010,NOV,9,23,NA,118.7908333,31.80416667,NA,2.35375
2010,NOV,10,0,NA,120.6120833,31.75833333,NA,2.52125
2010,NOV,10,1,NA,123.5845833,31.78583333,NA,2.6825
2010,NOV,10,2,NA,124.5466667,31.89666667,NA,2.7775
2010,NOV,10,3,NA,124.3220833,32.11458333,NA,2.77375
2010,NOV,10,4,NA,125.1883333,32.27208333,NA,2.70125
2010,NOV,10,5,NA,127.4729167,32.38791667,NA,2.5975
2010,NOV,10,6,NA,128.55875,32.55916667,NA,2.5
2010,NOV,10,7,NA,130.3225,32.83958333,NA,2.3625
2010,NOV,10,8,NA,130.66125,33.06583333,NA,2.265
2010,NOV,10,9,NA,131.4916667,33.19166667,NA,2.1675
2010,NOV,10,10,NA,131.0466667,33.11,NA,2.145714286
2010,NOV,10,11,NA,131.2878261,32.94916667,NA,2.151666667
2010,NOV,10,12,NA,133.6904545,32.83043478,NA,NA
2010,NOV,10,13,NA,137.582381,32.81090909,NA,NA
2010,NOV,10,14,NA,141.8585,32.97363636,NA,NA
2010,NOV,10,15,NA,141.698,33.09863636,NA,NA
2010,NOV,10,16,NA,141.1885,33.22181818,NA,NA
2010,NOV,10,17,NA,141.799,33.38272727,NA,NA
2010,NOV,10,18,NA,142.5235,33.59636364,NA,NA
2010,NOV,10,19,NA,142.5635,33.76090909,NA,NA
2010,NOV,10,20,NA,136.893,33.86681818,NA,2.163333333
2010,NOV,10,21,NA,137.569,33.93136364,NA,2.367142857
2010,NOV,10,22,NA,133.629,34.03136364,NA,2.495
2010,NOV,10,23,NA,132.717,34.16363636,NA,2.61125
2010,NOV,11,0,NA,130.248,34.26727273,NA,2.7025
2010,NOV,11,1,NA,128.4255,34.35136364,NA,2.75375
2010,NOV,11,2,NA,128.067,34.485,NA,2.80125
2010,NOV,11,3,NA,129.158,34.43727273,NA,2.805
2010,NOV,11,4,NA,128.896,34.355,NA,2.71
2010,NOV,11,5,NA,126.7925,34.29454545,NA,2.49375
2010,NOV,11,6,NA,124.403,34.21136364,NA,2.28625
2010,NOV,11,7,NA,125.3165,34.02272727,NA,2.18875
2010,NOV,11,8,NA,126.632,33.90409091,NA,2.1475
2010,NOV,11,9,NA,127.49,33.89590909,NA,2.12625
2010,NOV,11,10,NA,130.913,34.01136364,NA,2.0925
2010,NOV,11,11,NA,130.7466667,34.225,NA,2.01375
2010,NOV,11,12,NA,128.0236364,34.42304348,NA,1.925
2010,NOV,11,13,NA,125.5404348,34.47541667,NA,1.88375
2010,NOV,11,14,NA,122.3591667,34.44416667,NA,1.8525
2010,NOV,11,15,NA,122.8970833,34.42,NA,1.78875
2010,NOV,11,16,NA,124.3154167,34.36583333,NA,1.675
2010,NOV,11,17,NA,125.5441667,34.34375,NA,1.5775
2010,NOV,11,18,NA,125.8695833,34.295,NA,1.48875
2010,NOV,11,19,NA,126.5933333,34.285,NA,1.56375
2010,NOV,11,20,NA,126.3054167,34.35083333,NA,1.75875
2010,NOV,11,21,NA,128.8341667,34.40833333,NA,1.95875
2010,NOV,11,22,NA,127.0366667,34.3875,NA,2.0975
2010,NOV,11,23,NA,123.0195833,34.36375,NA,2.13
2010,NOV,12,0,NA,120.0233333,34.31208333,NA,2.20875
2010,NOV,12,1,NA,117.47375,34.30291667,NA,2.22875
2010,NOV,12,2,NA,115.1158333,34.20583333,NA,2.24
2010,NOV,12,3,NA,112.96875,34.13833333,NA,2.105
2010,NOV,12,4,NA,111.0825,34.125,NA,1.88375
2010,NOV,12,5,NA,109.96625,34.09541667,NA,1.645
2010,NOV,12,6,NA,109.5820833,34.00916667,NA,1.48
2010,NOV,12,7,NA,106.1741667,33.88041667,NA,1.4425
2010,NOV,12,8,NA,103.1783333,33.74583333,NA,1.375
2010,NOV,12,9,NA,102.4420833,33.57958333,NA,1.37125
2010,NOV,12,10,NA,98.98416667,33.36875,NA,1.37875
2010,NOV,12,11,NA,98.52708333,33.11416667,NA,1.41625
2010,NOV,12,12,NA,98.345,32.85666667,NA,1.42875
2010,NOV,12,13,NA,97.225,32.68875,NA,1.45625
2010,NOV,12,14,NA,97.37458333,32.54791667,NA,1.47625
2010,NOV,12,15,NA,98.89458333,32.4375,NA,1.48
2010,NOV,12,16,NA,98.50458333,32.39583333,NA,1.46875
2010,NOV,12,17,NA,98.43541667,32.3075,NA,1.4575
2010,NOV,12,18,NA,98.64833333,32.25166667,NA,1.45625
2010,NOV,12,19,NA,96.50958333,32.23791667,NA,1.5375
2010,NOV,12,20,NA,93.64125,32.18791667,NA,1.73
2010,NOV,12,21,NA,89.92416667,32.18166667,NA,1.96
2010,NOV,12,22,NA,90.95333333,32.18166667,NA,2.1675
2010,NOV,12,23,NA,98.06791667,32.15958333,NA,2.34625
2010,NOV,13,0,NA,101.9645833,32.21375,NA,2.52875
2010,NOV,13,1,NA,105.8225,32.22375,NA,2.6725
2010,NOV,13,2,NA,107.5270833,32.19208333,NA,2.7875
2010,NOV,13,3,NA,109.2204167,32.21208333,NA,2.815
2010,NOV,13,4,NA,110.1070833,32.26875,NA,2.705
2010,NOV,13,5,NA,111.6266667,32.32791667,NA,2.5475
2010,NOV,13,6,NA,112.3566667,32.42083333,NA,2.38625
2010,NOV,13,7,NA,112.8570833,32.47583333,NA,2.1775
2010,NOV,13,8,NA,113.57875,32.48708333,NA,2.01125
2010,NOV,13,9,NA,112.1883333,32.54041667,NA,1.84
2010,NOV,13,10,NA,112.20625,32.54833333,NA,1.65
2010,NOV,13,11,NA,110.0870833,32.465,NA,1.4575
2010,NOV,13,12,NA,109.4783333,32.39541667,NA,1.3175
2010,NOV,13,13,NA,109.60375,32.36875,NA,1.18125
2010,NOV,13,14,NA,109.0770833,32.355,NA,1.07
2010,NOV,13,15,NA,106.8166667,32.35958333,NA,1.03625
2010,NOV,13,16,NA,106.1733333,32.365,NA,0.95625
2010,NOV,13,17,NA,105.0920833,32.38291667,NA,0.915
2010,NOV,13,18,NA,104.0420833,32.40208333,NA,0.9025
2010,NOV,13,19,NA,103.8183333,32.42458333,NA,1.05625
2010,NOV,13,20,NA,103.8620833,32.51708333,NA,1.2625
2010,NOV,13,21,NA,105.4058333,32.5775,NA,1.45875
2010,NOV,13,22,NA,102.7570833,32.57166667,NA,1.60375
2010,NOV,13,23,NA,95.68208333,32.53541667,NA,1.685
2010,NOV,14,0,NA,90.49041667,32.45333333,NA,1.725
2010,NOV,14,1,NA,85.56291667,32.34083333,NA,1.76625
2010,NOV,14,2,NA,83.23708333,32.20916667,NA,1.81
2010,NOV,14,3,NA,80.75041667,32.04541667,NA,1.68875
2010,NOV,14,4,NA,79.95791667,31.94458333,NA,1.515
2010,NOV,14,5,NA,78.0475,31.89458333,NA,1.33625
2010,NOV,14,6,NA,76.58958333,31.82458333,NA,1.2175
2010,NOV,14,7,NA,75.1,31.77416667,NA,1.16625
2010,NOV,14,8,NA,72.68916667,31.72958333,NA,1.155
2010,NOV,14,9,NA,71.06916667,31.6475,NA,1.14875
2010,NOV,14,10,NA,68.42958333,31.6175,NA,1.145
2010,NOV,14,11,NA,69.17291667,31.61291667,NA,1.15375
2010,NOV,14,12,NA,68.67583333,31.61958333,NA,1.15
2010,NOV,14,13,NA,68.40125,31.6,NA,1.16125
2010,NOV,14,14,NA,68.99458333,31.58416667,NA,1.16
2010,NOV,14,15,NA,69.66083333,31.5525,NA,1.15625
2010,NOV,14,16,NA,71.02458333,31.51041667,NA,1.15
2010,NOV,14,17,NA,70.82958333,31.51333333,NA,1.1325
2010,NOV,14,18,NA,70.37541667,31.48625,NA,1.11375
2010,NOV,14,19,NA,67.79416667,31.44708333,NA,1.11375
2010,NOV,14,20,NA,63.75875,31.36083333,NA,1.1375
2010,NOV,14,21,NA,55.22375,31.21708333,NA,1.14875
2010,NOV,14,22,NA,51.07541667,31.07708333,NA,1.19875
2010,NOV,14,23,NA,49.435,30.9675,NA,1.26625
2010,NOV,15,0,NA,49.50041667,30.8875,NA,1.34375
2010,NOV,15,1,NA,50.21833333,30.8425,NA,1.42625
2010,NOV,15,2,NA,50.85416667,30.84291667,NA,1.5075
2010,NOV,15,3,NA,51.10541667,30.8225,NA,1.56375
2010,NOV,15,4,NA,50.3075,30.75041667,NA,1.58
2010,NOV,15,5,NA,50.1925,30.63791667,NA,1.6225
2010,NOV,15,6,NA,50.11375,30.525,NA,1.63125
2010,NOV,15,7,NA,50.65041667,30.47041667,NA,1.63125
2010,NOV,15,8,NA,52.10208333,30.44333333,NA,1.66125
2010,NOV,15,9,NA,54.36083333,30.45333333,NA,1.745
2010,NOV,15,10,NA,54.30916667,30.42791667,NA,1.81125
2010,NOV,15,11,NA,52.81291667,30.4225,NA,1.87375
2010,NOV,15,12,NA,53.3075,30.39583333,NA,1.92125
2010,NOV,15,13,NA,54.2725,30.38708333,NA,1.94625
2010,NOV,15,14,NA,54.40833333,30.36791667,NA,1.97125
2010,NOV,15,15,NA,54.57333333,30.37458333,NA,1.9775
2010,NOV,15,16,NA,54.745,30.3925,NA,1.93625
2010,NOV,15,17,NA,57.10458333,30.36541667,NA,1.83375
2010,NOV,15,18,NA,58.60625,30.34916667,NA,1.74375
2010,NOV,15,19,NA,59.82,30.2875,NA,1.675
2010,NOV,15,20,NA,59.04791667,30.21875,NA,1.64625
2010,NOV,15,21,NA,58.82166667,30.19083333,NA,1.63375
2010,NOV,15,22,NA,59.05875,30.18083333,NA,1.62
2010,NOV,15,23,NA,59.42541667,30.16125,NA,1.61875
2010,NOV,16,0,NA,59.18666667,30.13375,NA,1.62
2010,NOV,16,1,NA,58.25875,30.1125,NA,1.62375
2010,NOV,16,2,NA,57.31458333,30.04833333,NA,1.6275
2010,NOV,16,3,NA,57.08291667,30.02708333,NA,1.6125
2010,NOV,16,4,NA,56.95041667,29.98166667,NA,1.58125
2010,NOV,16,5,NA,56.76291667,29.98333333,NA,1.54625
2010,NOV,16,6,NA,56.9625,30.005,NA,1.5225
2010,NOV,16,7,NA,57.18916667,29.96625,NA,1.56375
2010,NOV,16,8,NA,56.9925,29.93416667,NA,1.625
2010,NOV,16,9,NA,59.40708333,29.90958333,NA,1.7575
2010,NOV,16,10,NA,61.02875,29.92458333,NA,1.83125
2010,NOV,16,11,NA,61.27541667,30.03708333,NA,1.87875
2010,NOV,16,12,NA,61.53125,30.09125,NA,1.93125
2010,NOV,16,13,NA,63.35416667,30.19541667,NA,2
2010,NOV,16,14,NA,62.92708333,30.41125,NA,2.07125
2010,NOV,16,15,NA,61.89416667,30.59041667,NA,2.0425
2010,NOV,16,16,NA,60.63541667,30.72041667,NA,1.99875
2010,NOV,16,17,NA,58.245,30.78,NA,1.8875
2010,NOV,16,18,NA,56.75458333,30.84916667,NA,1.85625
2010,NOV,16,19,NA,57.49416667,30.93583333,NA,1.89
2010,NOV,16,20,NA,60.525,31.02666667,NA,1.98125
2010,NOV,16,21,NA,68.025,31.17208333,NA,2.08
2010,NOV,16,22,NA,74.44375,31.33,NA,2.14625
2010,NOV,16,23,NA,79.01875,31.49083333,NA,2.22625
2010,NOV,17,0,NA,83.55541667,31.65958333,NA,2.31125
2010,NOV,17,1,NA,88.15208333,31.81375,NA,2.38875
2010,NOV,17,2,NA,91.125,32.01458333,NA,2.43875
2010,NOV,17,3,NA,92.73833333,32.22083333,NA,2.4275
2010,NOV,17,4,NA,94.46541667,32.45291667,NA,2.315
2010,NOV,17,5,NA,96.07083333,32.68625,NA,2.17375
2010,NOV,17,6,NA,97.35208333,32.91333333,NA,2.02
2010,NOV,17,7,NA,97.77208333,33.16333333,NA,1.90875
2010,NOV,17,8,NA,99.46,33.33875,NA,1.7975
2010,NOV,17,9,NA,97.98458333,33.50041667,NA,1.72375
2010,NOV,17,10,NA,98.85333333,33.63041667,NA,1.64375
2010,NOV,17,11,NA,100.6508333,33.68666667,NA,1.55125
2010,NOV,17,12,NA,100.2266667,33.79291667,NA,1.49375
2010,NOV,17,13,NA,96.80458333,33.78833333,NA,1.42375
2010,NOV,17,14,NA,95.65791667,33.645,NA,1.38625
2010,NOV,17,15,NA,95.66333333,33.52833333,NA,1.31875
2010,NOV,17,16,NA,94.93791667,33.46541667,NA,1.25
2010,NOV,17,17,NA,94.99333333,33.47791667,NA,1.15125
2010,NOV,17,18,NA,95.22,33.47333333,NA,1.09875
2010,NOV,17,19,NA,96.975,33.4925,NA,1.1925
2010,NOV,17,20,NA,98.31208333,33.57041667,NA,1.33875
2010,NOV,17,21,NA,99.98708333,33.7375,NA,1.5
2010,NOV,17,22,NA,103.84125,33.90125,NA,1.6925
2010,NOV,17,23,NA,104.94875,34.07458333,NA,1.855
2010,NOV,18,0,NA,102.5029167,34.20125,NA,1.91375
2010,NOV,18,1,NA,99.09791667,34.29166667,NA,1.9025
2010,NOV,18,2,NA,96.485,34.3,NA,1.9025
2010,NOV,18,3,NA,94.56375,34.22916667,NA,1.75375
2010,NOV,18,4,NA,93.315,34.15625,NA,1.55875
2010,NOV,18,5,NA,92.4775,34.35833333,NA,1.3575
2010,NOV,18,6,NA,91.41041667,34.60291667,NA,1.12875
2010,NOV,18,7,NA,90.62208333,34.8725,NA,0.95625
2010,NOV,18,8,NA,88.54166667,35.11375,NA,0.895
2010,NOV,18,9,NA,86.57291667,35.20083333,NA,0.90625
2010,NOV,18,10,NA,86.45666667,35.17,NA,0.8725
2010,NOV,18,11,NA,92.79,35.0425,NA,0.88
2010,NOV,18,12,NA,99.19958333,34.895,NA,0.895
2010,NOV,18,13,NA,104.07875,34.79,NA,0.915
2010,NOV,18,14,NA,108.71625,34.75,NA,0.9375
2010,NOV,18,15,NA,112.1745833,34.765,NA,0.93375
2010,NOV,18,16,NA,118.6941667,34.74,NA,0.92625
2010,NOV,18,17,NA,122.5125,34.70541667,NA,0.91375
2010,NOV,18,18,NA,124.6045833,34.6875,NA,0.90625
2010,NOV,18,19,NA,121.5495833,34.63708333,NA,0.915
2010,NOV,18,20,NA,116.29,34.51583333,NA,0.9275
2010,NOV,18,21,NA,105.5754167,34.245,NA,0.92375
2010,NOV,18,22,NA,94.245,34.16,NA,0.9525
2010,NOV,18,23,NA,87.49708333,33.99791667,NA,1.01625
2010,NOV,19,0,NA,84.56041667,33.81916667,NA,1.07375
2010,NOV,19,1,NA,82.68458333,33.62375,NA,1.12375
2010,NOV,19,2,NA,81.91333333,33.45333333,NA,1.17
2010,NOV,19,3,NA,81.51541667,33.3325,NA,1.1975
2010,NOV,19,4,NA,80.44625,33.18833333,NA,1.22625
2010,NOV,19,5,NA,79.12083333,32.73541667,NA,1.27625
2010,NOV,19,6,NA,78.14833333,32.24875,NA,1.2975
2010,NOV,19,7,NA,77.66625,31.73,NA,1.3025
2010,NOV,19,8,NA,77.76208333,31.31375,NA,1.3275
2010,NOV,19,9,NA,76.6025,31.0375,NA,1.332857143
2010,NOV,19,10,NA,73.80833333,30.9125,NA,1.404285714
2010,NOV,19,11,NA,65.60416667,30.8325,NA,1.492857143
2010,NOV,19,12,NA,59.43791667,30.7925,NA,1.601428571
2010,NOV,19,13,NA,55.67666667,30.77041667,NA,1.697142857
2010,NOV,19,14,NA,52.56416667,30.66208333,NA,1.794285714
2010,NOV,19,15,NA,49.94875,30.55708333,NA,1.872857143
2010,NOV,19,16,NA,46.17708333,30.50541667,NA,1.938571429
2010,NOV,19,17,NA,46.74041667,30.46875,NA,1.96125
2010,NOV,19,18,NA,45.89375,30.48916667,NA,2.01375
2010,NOV,19,19,NA,48.9625,30.535,NA,2.15125
2010,NOV,19,20,NA,53.82666667,30.56791667,NA,2.31375
2010,NOV,19,21,NA,59.80666667,30.61375,NA,2.4725
2010,NOV,19,22,NA,70.53541667,30.4625,NA,2.61125
2010,NOV,19,23,NA,79.68625,30.39375,NA,2.74875
2010,NOV,20,0,NA,84.26208333,30.435,NA,2.84375
2010,NOV,20,1,NA,86.98166667,30.48041667,NA,2.90375
2010,NOV,20,2,NA,89.68166667,30.55416667,NA,2.89875
2010,NOV,20,3,NA,91.56833333,30.64666667,NA,2.80375
2010,NOV,20,4,NA,93.99125,30.80791667,NA,2.585
2010,NOV,20,5,NA,95.65208333,30.9975,NA,2.31625
2010,NOV,20,6,NA,97.27833333,31.13541667,NA,2.075
2010,NOV,20,7,NA,98.52583333,31.25208333,NA,1.8575
2010,NOV,20,8,NA,98.84125,31.35208333,NA,1.68125
2010,NOV,20,9,NA,99.83791667,31.42958333,NA,1.535
2010,NOV,20,10,NA,103.3495833,31.48875,NA,1.4525
2010,NOV,20,11,NA,103.8341667,31.60791667,NA,1.3425
2010,NOV,20,12,NA,104.1808333,31.70541667,NA,1.30375
2010,NOV,20,13,NA,103.7525,31.7825,NA,1.31875
2010,NOV,20,14,NA,102.8604167,31.90833333,NA,1.31
2010,NOV,20,15,NA,102.4591667,31.97708333,NA,1.28875
2010,NOV,20,16,NA,99.75541667,32.03791667,NA,1.25625
2010,NOV,20,17,NA,95.3,32.10083333,NA,1.2175
2010,NOV,20,18,NA,94.90208333,32.07541667,NA,1.17625
2010,NOV,20,19,NA,93.0925,32.09625,NA,1.195
2010,NOV,20,20,NA,93.2375,32.125,NA,1.28375
2010,NOV,20,21,NA,94.54625,32.12833333,NA,1.4525
2010,NOV,20,22,NA,94.18333333,32.17166667,NA,1.67
2010,NOV,20,23,NA,88.28,32.20708333,NA,1.72125
2010,NOV,21,0,NA,85.32125,32.16,NA,1.71875
2010,NOV,21,1,NA,83.62125,32.13083333,NA,1.71375
2010,NOV,21,2,NA,82.29708333,32.0775,NA,1.7225
2010,NOV,21,3,NA,82.02833333,32.01416667,NA,1.68375
2010,NOV,21,4,NA,81.395,31.91583333,NA,1.57375
2010,NOV,21,5,NA,81.75625,31.80791667,NA,1.385
2010,NOV,21,6,NA,81.32375,31.74208333,NA,1.14625
2010,NOV,21,7,NA,81.0475,31.66708333,NA,1.07375
2010,NOV,21,8,NA,80.88958333,31.60041667,NA,1.0675
2010,NOV,21,9,NA,80.18125,31.56,NA,1.0875
2010,NOV,21,10,NA,79.63,31.55416667,NA,1.08
2010,NOV,21,11,NA,80.04041667,31.52,NA,1.075
2010,NOV,21,12,NA,80.21333333,31.49125,NA,1.0725
2010,NOV,21,13,NA,80.90291667,31.48166667,NA,1.06625
2010,NOV,21,14,NA,81.4825,31.53458333,NA,1.0675
2010,NOV,21,15,NA,81.05291667,31.58333333,NA,1.06125
2010,NOV,21,16,NA,80.84666667,31.54583333,NA,1.04125
2010,NOV,21,17,NA,80.54875,31.50583333,NA,1.00125
2010,NOV,21,18,NA,79.57958333,31.47833333,NA,0.9825
2010,NOV,21,19,NA,79.83875,31.39416667,NA,1.04875
2010,NOV,21,20,NA,78.525,31.31791667,NA,1.32375
2010,NOV,21,21,NA,75.43666667,31.31875,NA,1.58625
2010,NOV,21,22,NA,74.325,31.31083333,NA,1.85
2010,NOV,21,23,NA,76.6475,31.3275,NA,2.02125
2010,NOV,22,0,NA,80.02541667,31.3825,NA,2.165
2010,NOV,22,1,NA,83.83791667,31.50791667,NA,2.2925
2010,NOV,22,2,NA,87.46625,31.6625,NA,2.39
2010,NOV,22,3,NA,89.85583333,31.79958333,NA,2.3775
2010,NOV,22,4,NA,92.29625,31.93875,NA,2.13625
2010,NOV,22,5,NA,93.36833333,32.00833333,NA,1.90375
2010,NOV,22,6,NA,94.16833333,32.06958333,NA,1.61625
2010,NOV,22,7,NA,95.67791667,32.22458333,NA,1.44375
2010,NOV,22,8,NA,97.88958333,32.40083333,NA,1.34625
2010,NOV,22,9,NA,99.36083333,32.55416667,NA,1.225
2010,NOV,22,10,NA,99.56,32.67208333,NA,1.09625
2010,NOV,22,11,NA,101.1654167,32.79958333,NA,0.99
2010,NOV,22,12,NA,102.0245833,33.0175,NA,0.90625
2010,NOV,22,13,NA,103.3154167,33.40416667,NA,0.8325
2010,NOV,22,14,NA,104.5854167,33.84666667,NA,0.8175
2010,NOV,22,15,NA,105.7091667,34.505,NA,0.78375
2010,NOV,22,16,NA,107.2045833,35.07208333,NA,0.68625
2010,NOV,22,17,NA,107.83875,35.43041667,NA,0.60875
2010,NOV,22,18,NA,108.89625,35.69,NA,0.5625
2010,NOV,22,19,NA,112.875,35.91041667,NA,0.69125
2010,NOV,22,20,NA,122.0758333,36.12458333,NA,1.02375
2010,NOV,22,21,NA,127.6658333,36.38541667,NA,1.42875
2010,NOV,22,22,NA,131.4479167,36.66791667,NA,1.76625
2010,NOV,22,23,NA,135.8025,36.915,NA,2.06375
2010,NOV,23,0,NA,137.94875,37.15,NA,2.29375
2010,NOV,23,1,NA,140.05625,37.33125,NA,2.545
2010,NOV,23,2,NA,141.9329167,37.55458333,NA,2.75
2010,NOV,23,3,NA,142.8570833,37.82666667,NA,2.70125
2010,NOV,23,4,NA,144.35875,38.10291667,NA,2.43
2010,NOV,23,5,NA,147.7120833,38.44333333,NA,2.07375
2010,NOV,23,6,NA,151.1908333,38.80375,NA,1.74875
2010,NOV,23,7,NA,154.90375,39.34916667,NA,1.455
2010,NOV,23,8,NA,156.6345833,39.81583333,NA,1.25875
2010,NOV,23,9,NA,160.5470833,40.28958333,NA,1.035
2010,NOV,23,10,NA,165.46375,40.9575,NA,0.8625
2010,NOV,23,11,NA,167.5195833,41.75458333,NA,0.7525
2010,NOV,23,12,NA,169.33,42.37083333,NA,0.66
2010,NOV,23,13,NA,170.2983333,42.6975,NA,0.5825
2010,NOV,23,14,NA,170.3270833,42.91208333,NA,0.54375
2010,NOV,23,15,NA,169.0591667,42.74125,NA,0.4825
2010,NOV,23,16,NA,167.2604167,42.61416667,NA,0.41
2010,NOV,23,17,NA,166.3316667,42.63875,NA,0.3575
2010,NOV,23,18,NA,166.835,42.69291667,NA,0.29625
2010,NOV,23,19,NA,166.9383333,42.71,NA,0.365
2010,NOV,23,20,NA,156.8625,42.78875,NA,0.43375
2010,NOV,23,21,NA,147.85125,42.99,NA,0.42
2010,NOV,23,22,NA,137.13,43.12291667,NA,0.5575
2010,NOV,23,23,NA,128.835,43.11166667,NA,0.79375
2010,NOV,24,0,NA,123.3541667,43.02416667,NA,0.9825
2010,NOV,24,1,NA,118.6854167,42.89,NA,1.16125
2010,NOV,24,2,NA,112.8375,42.67875,NA,1.3
2010,NOV,24,3,NA,108.7483333,42.4,NA,1.3575
2010,NOV,24,4,NA,104.295,42.18416667,NA,1.42
2010,NOV,24,5,NA,99.69166667,42.02666667,NA,1.56
2010,NOV,24,6,NA,96.4475,41.87708333,NA,1.5475
2010,NOV,24,7,NA,93.10416667,41.45875,NA,1.48125
2010,NOV,24,8,NA,89.89416667,41.01,NA,1.49875
2010,NOV,24,9,NA,87.6825,40.69416667,NA,1.5775
2010,NOV,24,10,NA,85.14208333,40.43541667,NA,1.69625
2010,NOV,24,11,NA,82.5575,40.05916667,NA,1.74
2010,NOV,24,12,NA,80.49541667,39.68208333,NA,1.77875
2010,NOV,24,13,NA,78.64583333,39.35875,NA,1.80375
2010,NOV,24,14,NA,76.95916667,38.93625,NA,1.81625
2010,NOV,24,15,NA,77.47125,38.755,NA,1.82125
2010,NOV,24,16,NA,78.40291667,38.67958333,NA,1.77375
2010,NOV,24,17,NA,79.18291667,38.51958333,NA,1.685
2010,NOV,24,18,NA,78.11083333,38.4,NA,1.6075
2010,NOV,24,19,NA,75.15875,38.32708333,NA,1.69875
2010,NOV,24,20,NA,79.89333333,38.23125,NA,1.94125
2010,NOV,24,21,NA,91.33083333,37.94208333,NA,2.28125
2010,NOV,24,22,NA,100.9666667,37.71791667,NA,2.48375
2010,NOV,24,23,NA,103.2775,37.57875,NA,2.60375
2010,NOV,25,0,NA,106.9816667,37.52875,NA,2.72875
2010,NOV,25,1,NA,110.7758333,37.63291667,NA,2.83625
2010,NOV,25,2,NA,114.4529167,37.80166667,NA,2.94
2010,NOV,25,3,NA,117.8908333,37.96666667,NA,2.9175
2010,NOV,25,4,NA,118.7895833,38.02541667,NA,2.7025
2010,NOV,25,5,NA,119.7545833,38.00833333,NA,2.3525
2010,NOV,25,6,NA,120.3483333,37.99125,NA,2.13875
2010,NOV,25,7,NA,123.3804167,38.06958333,NA,2.0375
2010,NOV,25,8,NA,126.56125,38.63291667,NA,1.9575
2010,NOV,25,9,NA,128.5783333,39.16958333,NA,1.895
2010,NOV,25,10,NA,129.2270833,39.40708333,NA,1.78625
2010,NOV,25,11,NA,130.1470833,39.50958333,NA,1.6575
2010,NOV,25,12,NA,129.0020833,39.54208333,NA,1.54375
2010,NOV,25,13,NA,131.6473913,39.54791667,NA,1.465
2010,NOV,25,14,NA,132.1013043,39.54958333,NA,1.38
2010,NOV,25,15,NA,133.5595652,39.455,NA,1.24375
2010,NOV,25,16,NA,135.1573913,39.34833333,NA,1.0975
2010,NOV,25,17,NA,135.296087,39.34625,NA,0.945
2010,NOV,25,18,NA,135.3886957,39.37125,NA,0.82375
2010,NOV,25,19,NA,134.0426087,39.4025,NA,0.74875
2010,NOV,25,20,NA,130.4191304,39.41041667,NA,0.725
2010,NOV,25,21,NA,121.0173913,39.37291667,NA,0.72375
2010,NOV,25,22,NA,111.8665217,39.31833333,NA,0.84375
2010,NOV,25,23,NA,109.9382609,39.32041667,NA,1.03125
2010,NOV,26,0,NA,105.8330435,39.28666667,NA,1.2
2010,NOV,26,1,NA,101.6730435,39.185,NA,1.37375
2010,NOV,26,2,NA,99.09391304,39.07791667,NA,1.54875
2010,NOV,26,3,NA,96.85391304,38.97416667,NA,1.7
2010,NOV,26,4,NA,97.0473913,38.91833333,NA,1.82125
2010,NOV,26,5,NA,96.74434783,38.91208333,NA,1.94875
2010,NOV,26,6,NA,96.29652174,38.88916667,NA,1.97125
2010,NOV,26,7,NA,93.22391304,38.82166667,NA,1.975
2010,NOV,26,8,NA,89.97130435,38.42125,NA,1.98375
2010,NOV,26,9,NA,88.13,37.91625,NA,2.00875
2010,NOV,26,10,NA,87.21347826,37.59833333,NA,2.02625
2010,NOV,26,11,NA,84.89565217,37.42291667,NA,2.0175
2010,NOV,26,12,NA,83.95869565,37.30208333,NA,2.00375
2010,NOV,26,13,NA,82.275,37.19208333,NA,1.97
2010,NOV,26,14,NA,82.06708333,37.15291667,NA,1.93125
2010,NOV,26,15,NA,80.07416667,37.08625,NA,1.83875
2010,NOV,26,16,NA,77.31583333,37.03625,NA,1.765
2010,NOV,26,17,NA,76.61416667,36.96708333,NA,1.66125
2010,NOV,26,18,NA,76.33208333,36.89291667,NA,1.565
2010,NOV,26,19,NA,84.35458333,36.82916667,NA,1.62125
2010,NOV,26,20,NA,89.01791667,36.76375,NA,1.7125
2010,NOV,26,21,NA,94.75333333,36.77208333,NA,1.82125
2010,NOV,26,22,NA,100.8566667,36.80708333,NA,1.925
2010,NOV,26,23,NA,106.23,36.84041667,NA,1.955
2010,NOV,27,0,NA,109.3804167,36.86833333,NA,1.90875
2010,NOV,27,1,NA,108.05,36.87208333,NA,1.845
2010,NOV,27,2,NA,106.3829167,36.775,NA,1.78625
2010,NOV,27,3,NA,104.5816667,36.68958333,NA,1.6025
2010,NOV,27,4,NA,102.4608333,36.555,NA,1.4
2010,NOV,27,5,NA,100.15125,36.3625,NA,1.19375
2010,NOV,27,6,NA,97.91666667,36.17291667,NA,0.9975
2010,NOV,27,7,NA,95.46958333,35.93666667,NA,0.91125
2010,NOV,27,8,NA,93.82291667,35.61958333,NA,0.9375
2010,NOV,27,9,NA,90.82125,35.31541667,NA,0.995
2010,NOV,27,10,NA,86.3275,34.87791667,NA,1.02125
2010,NOV,27,11,NA,85.73666667,34.39333333,NA,1.05125
2010,NOV,27,12,NA,86.56,34.00875,NA,1.0775
2010,NOV,27,13,NA,86.42708333,33.70375,NA,1.10875
2010,NOV,27,14,NA,85.65541667,33.47416667,NA,1.14375
2010,NOV,27,15,NA,86.3725,33.34875,NA,1.1575
2010,NOV,27,16,NA,86.89833333,33.23125,NA,1.135
2010,NOV,27,17,NA,87.58333333,33.13375,NA,1.11125
2010,NOV,27,18,NA,88.10833333,33.06125,NA,1.125
2010,NOV,27,19,NA,80.96958333,33.00125,NA,1.255
2010,NOV,27,20,NA,80.3625,32.96375,NA,1.535
2010,NOV,27,21,NA,82.75583333,32.87041667,NA,1.75875
2010,NOV,27,22,NA,79.625,32.74833333,NA,1.91625
2010,NOV,27,23,NA,77.4725,32.62875,NA,2.07375
2010,NOV,28,0,NA,76.44541667,32.53666667,NA,2.23
2010,NOV,28,1,NA,78.84125,32.45541667,NA,2.37875
2010,NOV,28,2,NA,81.91458333,32.48083333,NA,2.5175
2010,NOV,28,3,NA,85.17041667,32.53833333,NA,2.54875
2010,NOV,28,4,NA,88.52708333,32.59,NA,2.43125
2010,NOV,28,5,NA,91.08833333,32.66708333,NA,2.34375
2010,NOV,28,6,NA,93.08708333,32.75625,NA,2.23875
2010,NOV,28,7,NA,94.12041667,32.82875,NA,2.1625
2010,NOV,28,8,NA,95.84541667,32.95,NA,2.1125
2010,NOV,28,9,NA,97.88958333,33.06333333,NA,2.05
2010,NOV,28,10,NA,99.96416667,33.20416667,NA,1.995
2010,NOV,28,11,NA,100.49,33.37583333,NA,1.89625
2010,NOV,28,12,NA,99.8425,33.565,NA,1.78125
2010,NOV,28,13,NA,99.51875,33.71041667,NA,1.6775
2010,NOV,28,14,NA,101.4966667,33.78666667,NA,1.64
2010,NOV,28,15,NA,102.4870833,33.84083333,NA,1.54875
2010,NOV,28,16,NA,104.1691667,33.875,NA,1.42625
2010,NOV,28,17,NA,103.4883333,33.975,NA,1.31125
2010,NOV,28,18,NA,102.5758333,34.0625,NA,1.1925
2010,NOV,28,19,NA,99.53916667,34.10833333,NA,1.13625
2010,NOV,28,20,NA,91.49416667,34.13208333,NA,1.09625
2010,NOV,28,21,NA,83.465,34.13625,NA,1.06625
2010,NOV,28,22,NA,78.045,34.09958333,NA,1.085
2010,NOV,28,23,NA,73.76708333,34.05791667,NA,1.15375
2010,NOV,29,0,NA,70.79791667,34.02458333,NA,1.22875
2010,NOV,29,1,NA,68.38583333,33.98291667,NA,1.30375
2010,NOV,29,2,NA,65.66541667,33.92541667,NA,1.375
2010,NOV,29,3,NA,62.58708333,33.83625,NA,1.41875
2010,NOV,29,4,NA,59.71208333,33.79416667,NA,1.45875
2010,NOV,29,5,NA,57.5775,33.72125,NA,1.49125
2010,NOV,29,6,NA,56.35625,33.64208333,NA,1.51875
2010,NOV,29,7,NA,59.24458333,33.5925,NA,1.53125
2010,NOV,29,8,NA,58.54958333,33.53041667,NA,1.61125
2010,NOV,29,9,NA,58.30583333,33.52666667,NA,1.69125
2010,NOV,29,10,NA,59.46375,33.58333333,NA,1.755
2010,NOV,29,11,NA,59.38333333,33.59708333,NA,1.785
2010,NOV,29,12,NA,59.91,33.59,NA,1.82375
2010,NOV,29,13,NA,61.09782609,33.60416667,NA,1.85625
2010,NOV,29,14,NA,59.64347826,33.61333333,NA,1.84125
2010,NOV,29,15,NA,58.02956522,33.58791667,NA,1.815
2010,NOV,29,16,NA,55.95304348,33.55458333,NA,1.71625
2010,NOV,29,17,NA,56.11652174,33.47875,NA,1.625
2010,NOV,29,18,NA,59.73347826,33.43625,NA,1.585
2010,NOV,29,19,NA,62.1,33.44291667,NA,1.6075
2010,NOV,29,20,NA,64.6573913,33.43208333,NA,1.65375
2010,NOV,29,21,NA,66.1026087,33.42791667,NA,1.70625
2010,NOV,29,22,NA,70.09478261,33.49,NA,1.75
2010,NOV,29,23,NA,72.56434783,33.59083333,NA,1.78
2010,NOV,30,0,NA,75.72782609,33.61130435,NA,1.828571429
2010,NOV,30,1,NA,77.82956522,33.72217391,NA,1.841428571
2010,NOV,30,2,NA,79.42304348,33.80173913,NA,1.812857143
2010,NOV,30,3,NA,81.44521739,33.88826087,NA,1.747142857
2010,NOV,30,4,NA,82.84652174,33.91869565,NA,1.618571429
2010,NOV,30,5,NA,84.99956522,33.99130435,NA,1.488571429
2010,NOV,30,6,NA,86.71869565,34.13086957,NA,1.384285714
2010,NOV,30,7,NA,85.60608696,34.33304348,NA,1.31
2010,NOV,30,8,NA,86.6673913,34.46043478,NA,1.31125
2010,NOV,30,9,NA,85.16954545,34.77608696,NA,1.32
2010,NOV,30,10,NA,90.78818182,34.94565217,NA,1.295
2010,NOV,30,11,NA,96.135,35.13608696,NA,1.23375
2010,NOV,30,12,NA,99.93,35.4,NA,1.19125
2010,NOV,30,13,NA,99.18913043,35.60217391,NA,1.1375
2010,NOV,30,14,NA,100.5286957,35.76173913,NA,1.10125
2010,NOV,30,15,NA,101.9634783,35.89347826,NA,1.03875
2010,NOV,30,16,NA,103.676087,36.03217391,NA,0.95625
2010,NOV,30,17,NA,105.0573913,36.1326087,NA,0.8425
2010,NOV,30,18,NA,102.67,36.17,NA,0.78
2010,NOV,30,19,NA,104.7452174,36.27130435,NA,0.755714286
2010,NOV,30,20,NA,111.126087,36.60130435,NA,0.735
2010,NOV,30,21,NA,115.7356522,37.04826087,NA,NA
2010,NOV,30,22,NA,115.7795652,37.26565217,NA,NA
2010,NOV,30,23,NA,121.4308696,37.28478261,NA,NA
,,,,,,,,
,,,,,,,,
,,,,,,,,
,,,,,,,,
,,,,,,,,
,,,,,,,,
,,,,,,,,
,,,,,,,,
,,,,,,,,
,,,,,,,,
,,,,,,,,
,,,,,,,,
,,,,,,,,
,,,,,,,,
,,,,,,,,
,,,,,,,,
,,,,,,,,
,,,,,,,,
,,,,,,,,
,,,,,,,,
,,,,,,,,
,,,,,,,,
,,,,,,,,
,,,,,,,,
