DATOS MėVILES 2014_NATIVITAS,,,,,,,,
,,,,,,,,
A±o,Mes,DĒa,Hora,NO2,MPM10,MSO2 24HRS,MO3,MCO
2014,MZO,1,0,20.35,100.9166667,17.92708333,30.53625,0.34875
2014,MZO,1,1,18.25,99.97083333,17.5425,26.73,0.31625
2014,MZO,1,2,20.33,97.97,17.19708333,24.56625,0.285
2014,MZO,1,3,33.52,96.10458333,16.94291667,20.7675,0.25625
2014,MZO,1,4,17.51,93.08958333,16.665,19.22125,0.24125
2014,MZO,1,5,13.86,90.48458333,16.19125,18.64875,0.23625
2014,MZO,1,6,23.62,87.225,15.76833333,17.83875,0.235
2014,MZO,1,7,28.07,84.11916667,15.20916667,17.11,0.23375
2014,MZO,1,8,29.05,78.40166667,14.985,15.865,0.2325
2014,MZO,1,9,24.86,76.01458333,14.76833333,15.0625,0.2325
2014,MZO,1,10,23.75,73.85666667,14.55708333,14.05875,0.23
2014,MZO,1,11,22.53,72.31333333,14.40791667,16.9225,0.22625
2014,MZO,1,12,12.49,70.13375,14.24625,19.4475,0.2225
2014,MZO,1,13,7.2,69.44375,14.17666667,22.18875,0.21625
2014,MZO,1,14,8.33,69.1575,14.18125,26.61125,0.2125
2014,MZO,1,15,11.46,69.78708333,14.25583333,31.78875,0.21375
2014,MZO,1,16,11.76,70.48458333,14.34875,36.9225,0.22
2014,MZO,1,17,11.02,70.88666667,14.42875,41.545,0.22625
2014,MZO,1,18,12.21,71.20041667,14.505,44.73875,0.23375
2014,MZO,1,19,28.28,77.09416667,14.61791667,45.61625,0.24
2014,MZO,1,20,52.4,79.89625,14.77458333,43.66375,0.24125
2014,MZO,1,21,65.73,81.98166667,15.03958333,39.56625,0.26625
2014,MZO,1,22,33.34,84.4275,15.25291667,36.2375,0.3075
2014,MZO,1,23,26.39,85.08125,15.42833333,32.53875,0.3175
2014,MZO,2,0,26.96,85.41958333,15.60083333,28.495,0.3125
2014,MZO,2,1,32.55,85.60833333,15.69583333,25.73,0.305
2014,MZO,2,2,36.13,87.54041667,15.80833333,20.94125,0.29625
2014,MZO,2,3,32.06,89.57125,15.91041667,17.33625,0.29
2014,MZO,2,4,32.58,89.53875,16.09,15.93875,0.29
2014,MZO,2,5,32.86,90.64875,16.24541667,15.8575,0.2675
2014,MZO,2,6,27.18,91.3125,16.31583333,14.615,0.23
2014,MZO,2,7,24.68,90.73833333,16.23166667,13.5775,0.225
2014,MZO,2,8,25.57,89.48333333,16.13083333,12.8875,0.2325
2014,MZO,2,9,25.46,89.17125,16.09708333,11.685,0.23875
2014,MZO,2,10,15.37,89.03583333,16.04916667,13.89625,0.245
2014,MZO,2,11,11.53,87.89791667,16.03125,17.01625,0.25625
2014,MZO,2,12,10.11,86.62166667,16.03583333,20.5775,0.27125
2014,MZO,2,13,8.44,86.31666667,16.03458333,24.46875,0.28875
2014,MZO,2,14,7.71,85.84041667,16.00625,28.1975,0.30875
2014,MZO,2,15,7.72,85.175,15.93166667,31.6075,0.33
2014,MZO,2,16,7.2,84.4575,15.83875,35.15625,0.3525
2014,MZO,2,17,7.2,83.95166667,15.75875,38.14875,0.38125
2014,MZO,2,18,7.2,83.29708333,15.6825,39.73625,0.4125
2014,MZO,2,19,13.94,77.17083333,15.56958333,39.82125,0.4375
2014,MZO,2,20,33.26,73.77916667,15.41291667,37.78875,0.445
2014,MZO,2,21,42.47,70.6925,15.18083333,34.25375,0.43125
2014,MZO,2,22,37.17,68.14208333,14.99083333,30.49,0.405
2014,MZO,2,23,25.23,65.99458333,14.81083333,27.5825,0.375
2014,MZO,3,0,18.97,65.10416667,14.63,26.72625,0.345
2014,MZO,3,1,25.5,64.24916667,14.48625,23.39625,0.31125
2014,MZO,3,2,26.99,62.44458333,14.34875,20.02375,0.27625
2014,MZO,3,3,31.47,60.56166667,14.13291667,16.6525,0.2425
2014,MZO,3,4,28.88,60.90041667,13.90083333,14.9975,0.22125
2014,MZO,3,5,30.84,60.14958333,13.71458333,14.71,0.21875
2014,MZO,3,6,31.21,59.83,13.60125,14.5025,0.2225
2014,MZO,3,7,26.4,59.9125,13.52625,14.11125,0.22625
2014,MZO,3,8,27.19,61.35875,13.79333333,11.01875,0.225
2014,MZO,3,9,37.61,63.65875,14.03958333,10.6125,0.23
2014,MZO,3,10,30.4,65.4875,14.17166667,11.7175,0.2375
2014,MZO,3,11,13.83,66.34333333,14.22375,14.61625,0.23875
2014,MZO,3,12,7.2,66.61041667,14.2375,18.21625,0.2375
2014,MZO,3,13,8.5,66.58375,14.24833333,22.16125,0.23625
2014,MZO,3,14,7.2,67.18458333,14.36166667,26.80125,0.23625
2014,MZO,3,15,8.47,67.8625,15.02666667,30.7975,0.23875
2014,MZO,3,16,9.64,67.98458333,15.2275,35.58,0.2475
2014,MZO,3,17,10.86,68.72,15.41041667,39.66375,0.25
2014,MZO,3,18,10.61,69.36583333,15.59208333,42.2175,0.25
2014,MZO,3,19,16.24,71.8725,15.79083333,42.67875,0.25625
2014,MZO,3,20,26.09,75.02166667,16.02583333,40.955,0.26125
2014,MZO,3,21,31.63,72.69375,16.27375,37.76375,0.25875
2014,MZO,3,22,24.87,71.01791667,16.8275,34.04375,0.25375
2014,MZO,3,23,24.17,71.45875,17.36333333,32.55,0.24875
2014,MZO,4,0,19.19,71.68041667,17.75291667,29.0625,0.24125
2014,MZO,4,1,18.15,71.64083333,17.9925,25.9275,0.23375
2014,MZO,4,2,27.41,71.60583333,18.18208333,22.31125,0.22625
2014,MZO,4,3,28.84,70.62791667,18.37708333,19.3175,0.21875
2014,MZO,4,4,31.11,70.57291667,18.90041667,17.47625,0.215
2014,MZO,4,5,28.89,70.9625,19.3625,16.7825,0.21625
2014,MZO,4,6,25.29,70.95791667,19.66333333,16.29375,0.21875
2014,MZO,4,7,30.1,71.33625,20.12041667,13.2925,0.2175
2014,MZO,4,8,29.15,70.40083333,20.14916667,12.13,0.21625
2014,MZO,4,9,27.23,66.32791667,20.1175,11.45875,0.21625
2014,MZO,4,10,22.55,64.05625,20.175,12.455,0.215
2014,MZO,4,11,17.89,63.93458333,20.32,14.72875,0.2125
2014,MZO,4,12,10.32,63.92875,20.43041667,18.33875,0.21
2014,MZO,4,13,9.55,63.875,20.52458333,22.61,0.20875
2014,MZO,4,14,9.22,63.26708333,20.49791667,26.525,0.21
2014,MZO,4,15,8.73,63.51541667,19.87916667,30.94875,0.215
2014,MZO,4,16,8.18,64.41791667,19.70041667,35.01375,0.22
2014,MZO,4,17,8.91,64.18416667,19.53625,38.60875,0.22625
2014,MZO,4,18,9.85,64.60708333,19.36458333,41.5675,0.235
2014,MZO,4,19,17.03,62.125,19.16583333,41.82125,0.2425
2014,MZO,4,20,32.3,60.55416667,19.12458333,39.69625,0.245
2014,MZO,4,21,31.15,62.83875,18.88458333,36.21,0.245
2014,MZO,4,22,22.92,62.30041667,18.29875,34.945,0.2425
2014,MZO,4,23,20.89,61.34708333,17.76125,31.7375,0.23625
2014,MZO,5,0,16.3,60.66666667,17.37166667,29.355,0.23
2014,MZO,5,1,22.12,60.24291667,17.13208333,26.465,0.2225
2014,MZO,5,2,18.69,59.70416667,16.90875,23.4625,0.21375
2014,MZO,5,3,27.67,60.0325,16.71416667,20.98375,0.21
2014,MZO,5,4,27.29,59.40791667,16.21791667,19.505,0.21
2014,MZO,5,5,28.33,59.31041667,15.86666667,18.62625,0.21125
2014,MZO,5,6,30.36,59.31958333,15.63291667,15.5625,0.21125
2014,MZO,5,7,30.55,59.07666667,15.28416667,14.35875,0.2125
2014,MZO,5,8,32.59,60.54166667,15.38166667,12.63125,0.245
2014,MZO,5,9,38.06,63.98416667,15.64166667,11.835,0.31125
2014,MZO,5,10,41.74,66.02166667,15.84583333,11.8075,0.36125
2014,MZO,5,11,13.8,66.82833333,15.89041667,14.07125,0.3875
2014,MZO,5,12,7.37,67.09708333,15.90541667,17.2125,0.39125
2014,MZO,5,13,7.2,67.035,15.9,20.62625,0.39
2014,MZO,5,14,7.42,67.14916667,15.885,24.1625,0.3925
2014,MZO,5,15,7.64,66.44708333,15.87875,28.1225,0.3975
2014,MZO,5,16,7.2,66.02125,15.91708333,31.9075,0.37375
2014,MZO,5,17,7.34,65.89833333,15.94458333,34.9675,0.3175
2014,MZO,5,18,8.6,65.08333333,15.98541667,36.855,0.27625
2014,MZO,5,19,14.3,65.145,16.04666667,36.82375,0.25625
2014,MZO,5,20,26.51,63.53833333,15.95416667,34.97125,0.25375
2014,MZO,5,21,29.15,63.10125,16.045,34.41625,0.25375
2014,MZO,5,22,21.78,63.57583333,16.14458333,31.94125,0.25125
2014,MZO,5,23,20.83,63.09041667,16.21833333,29.21375,0.24625
2014,MZO,6,0,28.05,62.94208333,16.3225,25.83,0.23875
2014,MZO,6,1,30.86,63.58333333,16.51083333,22.27125,0.22875
2014,MZO,6,2,29.52,64.83041667,16.78291667,18.8825,0.21875
2014,MZO,6,3,30.23,65.58791667,16.88125,16.27125,0.20875
2014,MZO,6,4,26.63,66.49791667,16.9475,15.01,0.205
2014,MZO,6,5,26.1,66.05583333,16.97583333,12.28875,0.205
2014,MZO,6,6,27,66.75791667,17.18375,11.16875,0.205
2014,MZO,6,7,28.36,67.63708333,17.3525,9.87,0.20375
2014,MZO,6,8,30.64,68.07958333,17.39041667,9.38125,0.2075
2014,MZO,6,9,27.89,68.1825,17.17541667,9.6475,0.215
2014,MZO,6,10,40.56,69.95,17.66416667,10.90625,0.22125
2014,MZO,6,11,18.7,71.35125,17.89208333,14.16,0.22375
2014,MZO,6,12,10.25,71.94833333,17.98833333,18.22,0.225
2014,MZO,6,13,10.91,72.84833333,18.07208333,22.645,0.22875
2014,MZO,6,14,7.23,73.25916667,18.00666667,28.27625,0.23875
2014,MZO,6,15,7.2,73.145,17.97916667,33.19875,0.25
2014,MZO,6,16,7.2,72.31583333,17.91875,37.81875,0.25375
2014,MZO,6,17,8.49,71.7725,17.88,42.03,0.255
2014,MZO,6,18,11.44,71.70166667,17.875,45.135,0.25625
2014,MZO,6,19,15.01,71.74291667,17.88291667,45.80125,0.26
2014,MZO,6,20,41.73,71.855,17.94125,45.4,0.2625
2014,MZO,6,21,50.29,74.55791667,18.06291667,41.05875,0.25875
2014,MZO,6,22,27.34,76.54458333,18.08791667,37.05375,0.24875
2014,MZO,6,23,19.94,77.47958333,18.23958333,34.035,0.2375
2014,MZO,7,0,25.71,78.34166667,18.74375,30.525,0.22875
2014,MZO,7,1,25.42,78.29125,18.72666667,26.9775,0.22125
2014,MZO,7,2,18.51,78.09083333,18.57791667,23.75625,0.215
2014,MZO,7,3,25.42,77.57416667,18.52125,20.6225,0.21125
2014,MZO,7,4,25.62,76.95583333,18.505,17.3825,0.21
2014,MZO,7,5,25.67,77.17083333,18.46375,17.75125,0.21125
2014,MZO,7,6,34.9,76.97541667,18.69625,16.1675,0.2125
2014,MZO,7,7,32.49,77.12916667,18.6725,14.26375,0.21375
2014,MZO,7,8,28.37,75.1925,18.31541667,13.15375,0.215
2014,MZO,7,9,19.75,73.44375,18.11541667,12.6825,0.215
2014,MZO,7,10,16.48,69.79666667,17.51083333,13.44125,0.215
2014,MZO,7,11,12.81,67.06333333,17.37,15.49125,0.21375
2014,MZO,7,12,11.72,67.12333333,17.37083333,18.515,0.21125
2014,MZO,7,13,11.76,66.9375,17.30166667,22.1625,0.21
2014,MZO,7,14,11.68,66.97583333,17.35958333,26.1,0.20875
2014,MZO,7,15,9.24,66.60333333,17.36958333,29.68125,0.20875
2014,MZO,7,16,9.89,67.03333333,17.37958333,33.11,0.21
2014,MZO,7,17,9.24,69.94833333,17.37208333,35.945,0.2125
2014,MZO,7,18,10.55,70.58125,17.32625,37.1525,0.21625
2014,MZO,7,19,16.53,70.61208333,17.25708333,38.57375,0.22
2014,MZO,7,20,21.13,70.53208333,17.10875,36.69,0.2225
2014,MZO,7,21,22.63,67.22791667,16.885,33.5525,0.2225
2014,MZO,7,22,18.14,64.37375,16.7825,30.8525,0.2225
2014,MZO,7,23,17.73,63.46875,16.5675,28.56375,0.22375
2014,MZO,8,0,18.63,62.75541667,15.99041667,26.34125,0.2225
2014,MZO,8,1,21.82,62.38833333,15.88208333,23.9875,0.21875
2014,MZO,8,2,22.34,61.80666667,15.84291667,21.425,0.21375
2014,MZO,8,3,18.44,61.50458333,15.83083333,18.15,0.20875
2014,MZO,8,4,13.37,61.08958333,15.80541667,17.81625,0.2075
2014,MZO,8,5,15.03,60.4225,15.77125,17.7875,0.2075
2014,MZO,8,6,16.13,59.0975,15.32125,17.635,0.20875
2014,MZO,8,7,21.43,57.46875,15.10875,17.09375,0.2075
2014,MZO,8,8,28.23,56.66583333,15.075,16.03,0.2075
2014,MZO,8,9,26,56.25125,15.16333333,15.775,0.21625
2014,MZO,8,10,19.71,55.94916667,14.95125,16.84875,0.22625
2014,MZO,8,11,10.33,55.54166667,14.65541667,18.165,0.23125
2014,MZO,8,12,7.51,53.75083333,14.41291667,19.57,0.23125
2014,MZO,8,13,7.2,52.44166667,14.28791667,21.51,0.23125
2014,MZO,8,14,7.2,51.43125,14.22375,23.53,0.23
2014,MZO,8,15,7.47,51.72875,14.205,26.16375,0.23
2014,MZO,8,16,7.97,51.16166667,14.1975,29.3525,0.23
2014,MZO,8,17,9.3,48.56708333,14.1975,31.89875,0.2225
2014,MZO,8,18,12.93,48.27083333,14.1975,34.74625,0.21375
2014,MZO,8,19,18.99,48.78708333,14.23,34.615,0.21
2014,MZO,8,20,12.97,50.3175,14.21875,34.34375,0.20875
2014,MZO,8,21,17.95,51.26875,14.18875,33.405,0.20875
2014,MZO,8,22,16.44,50.8475,14.17375,31.88,0.20875
2014,MZO,8,23,14.43,50.29166667,14.15125,30.09125,0.20875
2014,MZO,9,0,23.52,50.08791667,14.13125,27.6,0.2075
2014,MZO,9,1,19.99,50.0625,14.09875,25.34875,0.20625
2014,MZO,9,2,21.21,49.32708333,14.06958333,21.735,0.205
2014,MZO,9,3,27.3,48.9175,14.06,19.83625,0.20375
2014,MZO,9,4,28.64,48.81416667,14.13458333,17.365,0.20375
2014,MZO,9,5,27.51,49.37708333,14.33,15.2575,0.20375
2014,MZO,9,6,24.57,49.91041667,14.40375,13.635,0.20375
2014,MZO,9,7,22.75,50.83083333,14.45333333,12.0675,0.20375
2014,MZO,9,8,22.23,51.3425,14.47541667,11.4925,0.205
2014,MZO,9,9,18.62,50.90375,14.29875,11.265,0.2075
2014,MZO,9,10,18.52,50.92541667,14.2325,12.2225,0.21
2014,MZO,9,11,12.17,50.635,14.19833333,14.755,0.2125
2014,MZO,9,12,8.87,51.35041667,14.19791667,17.99125,0.21375
2014,MZO,9,13,7.33,51.64333333,14.20708333,21.33375,0.2125
2014,MZO,9,14,7.2,51.78458333,14.21458333,24.81875,0.21125
2014,MZO,9,15,7.29,51.11125,14.22583333,28.1375,0.21
2014,MZO,9,16,9.97,52.79125,14.26583333,30.63625,0.21
2014,MZO,9,17,9.41,51.96375,14.32625,34.12375,0.20875
2014,MZO,9,18,10.18,51.00041667,14.375,34.90375,0.2075
2014,MZO,9,19,10.12,50.4375,14.40041667,34.29375,0.20625
2014,MZO,9,20,9.44,48.1525,14.4475,32.97625,0.20875
2014,MZO,9,21,10.94,46.34416667,14.49041667,31.32375,0.2125
2014,MZO,9,22,18.23,46.56041667,14.52083333,28.745,0.215
2014,MZO,9,23,19.84,46.955,14.5825,25.9325,0.21625
2014,MZO,10,0,19.96,47.04166667,14.63,23.6025,0.21625
2014,MZO,10,1,19.41,46.96041667,14.67458333,19.86125,0.21875
2014,MZO,10,2,16.09,46.69708333,14.68208333,18.05625,0.22
2014,MZO,10,3,22.18,46.31333333,14.71791667,16.19375,0.22
2014,MZO,10,4,22.37,46.44333333,14.72333333,14.41625,0.21875
2014,MZO,10,5,20.68,45.82416667,14.57833333,12.93125,0.21625
2014,MZO,10,6,21.79,45.13208333,14.55291667,12.02375,0.215
2014,MZO,10,7,24.52,44.32333333,14.59833333,11.48875,0.21625
2014,MZO,10,8,26.76,44.92666667,14.7,11.055,0.23
2014,MZO,10,9,25.84,45.62541667,14.83416667,11.10125,0.2625
2014,MZO,10,10,18.34,44.91083333,14.90416667,11.985,0.29375
2014,MZO,10,11,8.92,45.06958333,14.96,13.82375,0.31
2014,MZO,10,12,8.25,44.7725,14.99875,15.93,0.3125
2014,MZO,10,13,8.27,44.415,15.02666667,17.9425,0.3125
2014,MZO,10,14,8.55,44.76375,15.045,20.3525,0.31125
2014,MZO,10,15,8.03,46.70125,15.04375,22.67625,0.31
2014,MZO,10,16,7.25,47.8325,15.01083333,26.45,0.29625
2014,MZO,10,17,7.2,56.93333333,14.95125,28.07625,0.2625
2014,MZO,10,18,7.2,60.57666667,14.9025,28.33875,0.23125
2014,MZO,10,19,8.24,61.71708333,14.84458333,27.9475,0.21625
2014,MZO,10,20,10.8,62.62041667,14.79958333,27.205,0.21375
2014,MZO,10,21,13.05,62.87416667,14.77,26.18,0.21375
2014,MZO,10,22,15.25,62.635,14.75166667,24.55125,0.215
2014,MZO,10,23,12.76,61.86958333,14.71125,23.09,0.215
2014,MZO,11,0,8.18,60.86041667,14.66291667,20.69125,0.215
2014,MZO,11,1,10.31,59.96208333,14.61833333,19.6375,0.2125
2014,MZO,11,2,11.92,60.25458333,14.59833333,18.4275,0.21
2014,MZO,11,3,13.99,60.48791667,14.55375,17.28625,0.2075
2014,MZO,11,4,8.11,59.63166667,14.44208333,16.9775,0.205
2014,MZO,11,5,10.41,59.20625,14.365,16.735,0.20375
2014,MZO,11,6,16.37,58.80666667,14.31125,16.435,0.2025
2014,MZO,11,7,20.19,58.36541667,14.25583333,15.6,0.2025
2014,MZO,11,8,23.27,57.40708333,14.22333333,14.225,0.21625
2014,MZO,11,9,25.67,57.555,14.21458333,13.42,0.2725
2014,MZO,11,10,18.96,58.23791667,14.20541667,13.825,0.325
2014,MZO,11,11,9.56,58.41375,14.18458333,15.1575,0.35
2014,MZO,11,12,7.2,58.20708333,14.15291667,16.8525,0.35875
2014,MZO,11,13,7.2,58.74125,14.12541667,19.29125,0.3625
2014,MZO,11,14,7.57,59.93833333,14.11875,22.90875,0.36375
2014,MZO,11,15,7.2,58.39541667,14.10666667,29.045,0.3625
2014,MZO,11,16,8.31,55.80041667,14.09708333,33.9475,0.3475
2014,MZO,11,17,8.97,47.08708333,14.14875,38.67125,0.29125
2014,MZO,11,18,11.01,43.70291667,14.20708333,42.35375,0.23875
2014,MZO,11,19,22.12,41.94083333,14.28708333,44.18,0.215
2014,MZO,11,20,48.97,41.72833333,14.4375,42.40625,0.225
2014,MZO,11,21,42.93,42.47833333,14.59333333,39.705,0.26125
2014,MZO,11,22,40.29,45.44125,14.74541667,35.9825,0.30625
2014,MZO,11,23,32.37,47.69166667,14.87833333,30.52625,0.34875
2014,MZO,12,0,33.95,49.9075,15.03708333,25.97875,0.3625
2014,MZO,12,1,34.62,51.29666667,15.13416667,20.9775,0.3625
2014,MZO,12,2,24.68,52.20041667,15.13458333,16.9525,0.3625
2014,MZO,12,3,28.69,52.5975,15.11458333,13.4175,0.365
2014,MZO,12,4,29.39,53.21625,15.12666667,12.36125,0.35375
2014,MZO,12,5,29.91,54.45458333,15.23708333,11.67375,0.32375
2014,MZO,12,6,27.8,56.60708333,15.91208333,12.19125,0.2875
2014,MZO,12,7,31.39,61.51333333,16.50625,11.95125,0.25
2014,MZO,12,8,36.15,65.30833333,17.23916667,11.9975,0.23625
2014,MZO,12,9,30.47,68.6675,17.63375,12.63625,0.23625
2014,MZO,12,10,22.44,71.23416667,17.99583333,13.9325,0.23625
2014,MZO,12,11,17.42,72.22,18.75958333,17.20875,0.2325
2014,MZO,12,12,10.82,73.26125,18.88208333,20.6425,0.23375
2014,MZO,12,13,8.49,72.75541667,18.915,24.59375,0.24125
2014,MZO,12,14,7.69,71.18375,18.91083333,29.6675,0.255
2014,MZO,12,15,7.2,70.59125,18.91125,34.41625,0.27875
2014,MZO,12,16,7.63,70.24583333,18.93166667,39.62375,0.30625
2014,MZO,12,17,10.02,70.34583333,18.90208333,44.76625,0.31625
2014,MZO,12,18,10.72,70.26541667,18.84375,48.09625,0.33375
2014,MZO,12,19,33.42,70.44541667,18.78333333,48.42875,0.34875
2014,MZO,12,20,63.42,71.14083333,18.74541667,45.6825,0.3425
2014,MZO,12,21,63.96,72.135,18.78166667,41.73125,0.34875
2014,MZO,12,22,34.28,74.46583333,19.42875,35.76375,0.34625
2014,MZO,12,23,11.65,76.70083333,19.38458333,31.91,0.32125
2014,MZO,13,0,15.2,81.34333333,19.97125,27.46875,0.29875
2014,MZO,13,1,23.98,81.6525,21.74333333,22.59125,0.29125
2014,MZO,13,2,23.66,82.18833333,23.76333333,18.165,0.2775
2014,MZO,13,3,21.76,82.9725,25.55125,15.4525,0.2675
2014,MZO,13,4,26.1,83.90666667,28.015,15.85125,0.27
2014,MZO,13,5,23.48,84.19916667,29.83625,16.97625,0.25125
2014,MZO,13,6,11.4,82.79958333,29.41208333,19.26875,0.235
2014,MZO,13,7,19.54,78.19916667,29.24958333,19.59875,0.23375
2014,MZO,13,8,20.37,73.64833333,29.11833333,20.01875,0.23
2014,MZO,13,9,19.97,69.27375,30.47458333,20.9425,0.22875
2014,MZO,13,10,15.44,67.01958333,31.40083333,22.30125,0.225
2014,MZO,13,11,12.42,66.7875,30.74208333,24.27375,0.22
2014,MZO,13,12,11.64,66.71083333,30.77708333,27.005,0.215
2014,MZO,13,13,10.96,67.84708333,30.84625,31.6875,0.21
2014,MZO,13,14,7.98,68.49833333,30.86333333,34.10625,0.20625
2014,MZO,13,15,7.2,69.07916667,30.86125,37.30875,0.205
2014,MZO,13,16,9.2,69.69541667,30.9525,41.47875,0.205
2014,MZO,13,17,9.26,69.97083333,30.93833333,45.15625,0.205
2014,MZO,13,18,8.18,70.54166667,30.93916667,48.2575,0.20625
2014,MZO,13,19,20.23,71.29958333,30.91958333,49.4825,0.2075
2014,MZO,13,20,35.55,71.56166667,30.80958333,48.01875,0.20875
2014,MZO,13,21,33.28,72.33958333,30.62958333,43.96375,0.21375
2014,MZO,13,22,25.43,69.09625,29.81875,40.67625,0.2175
2014,MZO,13,23,32.58,66.28333333,29.70416667,36.45,0.22125
2014,MZO,14,0,29.74,62.06791667,28.95458333,31.34625,0.2225
2014,MZO,14,1,27.31,62.13166667,27.06666667,26.48125,0.22125
2014,MZO,14,2,29.71,62.18208333,25.21625,21.31875,0.22125
2014,MZO,14,3,28.26,62.00041667,23.70541667,17.29875,0.22125
2014,MZO,14,4,29.67,62.35958333,21.48916667,14.895,0.2225
2014,MZO,14,5,33.15,62.52166667,19.9725,13.15125,0.22125
2014,MZO,14,6,41.59,64.25458333,20.0225,11.7275,0.22125
2014,MZO,14,7,37.29,66.11541667,19.86375,11.05875,0.22
2014,MZO,14,8,31.69,68.91125,19.43,10.43375,0.21875
2014,MZO,14,9,30.87,71.72916667,18.12875,10.73,0.225
2014,MZO,14,10,50.11,74.3725,20.50416667,13.41125,0.2275
2014,MZO,14,11,28.23,77.04083333,21.49375,17.0775,0.22875
2014,MZO,14,12,12.97,77.26833333,21.60208333,22.88,0.2275
2014,MZO,14,13,9.77,76.62833333,21.59791667,26.91625,0.22625
2014,MZO,14,14,7.7,76.26291667,21.60166667,30.76,0.2275
2014,MZO,14,15,7.56,76.36166667,21.62625,34.63375,0.2325
2014,MZO,14,16,7.2,75.81416667,21.54875,38.36625,0.2425
2014,MZO,14,17,7.71,75.46541667,21.56791667,41.36,0.25
2014,MZO,14,18,10.75,75.09416667,21.61041667,42.29125,0.26
2014,MZO,14,19,23.23,74.48625,21.68458333,40.795,0.26625
2014,MZO,14,20,31.9,73.78958333,21.79208333,35.93,0.2675
2014,MZO,14,21,30.04,73.06958333,21.89458333,32.60875,0.265
2014,MZO,14,22,26.77,72.33041667,22.01833333,29.26875,0.26
2014,MZO,14,23,16.34,71.50041667,22.12041667,26.72,0.2525
2014,MZO,15,0,16.52,69.79,22.20583333,24.015,0.2425
2014,MZO,15,1,22.45,69.2575,22.38875,20.56625,0.23
2014,MZO,15,2,24.94,69.45666667,22.6025,16.7175,0.21625
2014,MZO,15,3,24.3,69.08458333,22.56,14.19125,0.2075
2014,MZO,15,4,24.42,68.01208333,22.41208333,13.2425,0.205
2014,MZO,15,5,22.43,67.11916667,22.07916667,12.5675,0.205
2014,MZO,15,6,17.27,65.565,21.82458333,12.71875,0.205
2014,MZO,15,7,26.16,63.87541667,21.57666667,11.4575,0.205
2014,MZO,15,8,26.54,62.80916667,21.37541667,10.40125,0.2075
2014,MZO,15,9,33.17,62.7125,21.01666667,9.87875,0.2275
2014,MZO,15,10,14.86,60.76875,17.36083333,11.515,0.2425
2014,MZO,15,11,10.37,57.67291667,16.28291667,15.385,0.2475
2014,MZO,15,12,8.69,57.62166667,16.04625,18.45625,0.24875
2014,MZO,15,13,11.51,57.73333333,15.97791667,21.78625,0.24875
2014,MZO,15,14,9.71,57.93208333,15.97625,24.4825,0.2475
2014,MZO,15,15,9.43,57.96375,15.99541667,27.7475,0.24625
2014,MZO,15,16,8.86,58.4025,16.01208333,31.02,0.24375
2014,MZO,15,17,9.52,58.60791667,16.05416667,34.3675,0.22375
2014,MZO,15,18,10.26,59.0075,16.08458333,36.05125,0.21125
2014,MZO,15,19,17.05,59.46375,16.09708333,34.73875,0.20875
2014,MZO,15,20,27.67,59.58833333,16.09583333,32.51375,0.2075
2014,MZO,15,21,29.52,58.45291667,16.11,29.50875,0.2075
2014,MZO,15,22,26.31,58.4675,16.1175,26.5025,0.21
2014,MZO,15,23,23.44,58.39916667,16.14916667,23.70625,0.21125
2014,MZO,16,0,26.18,58.57875,16.20375,20.56125,0.21
2014,MZO,16,1,18.95,58.10875,16.13583333,18.02875,0.20875
2014,MZO,16,2,20.07,56.81875,15.83083333,15.2825,0.20625
2014,MZO,16,3,19.76,56.62291667,15.66541667,13.40125,0.20625
2014,MZO,16,4,16.83,56.18333333,15.62625,13.39,0.21125
2014,MZO,16,5,15.85,55.94458333,15.61291667,13.9675,0.2175
2014,MZO,16,6,17.64,55.67458333,15.61458333,14.13,0.2225
2014,MZO,16,7,15.82,55.46916667,15.59041667,14.36625,0.23
2014,MZO,16,8,24.52,53.8025,15.53916667,14.23875,0.23625
2014,MZO,16,9,16.19,51.29583333,15.37333333,13.82375,0.23875
2014,MZO,16,10,9.7,49.74125,15.33541667,16.1775,0.24125
2014,MZO,16,11,7.63,49.35583333,15.32625,17.37875,0.245
2014,MZO,16,12,7.55,48.91083333,15.33416667,18.6425,0.24875
2014,MZO,16,13,8.31,49.01333333,15.34666667,20.01375,0.2525
2014,MZO,16,14,9.33,49.86125,15.34583333,21.94875,0.25625
2014,MZO,16,15,8.06,53.21708333,15.315,23.53875,0.26125
2014,MZO,16,16,7.97,57.2625,15.26625,25.52625,0.27
2014,MZO,16,17,7.2,59.145,15.19625,27.0575,0.285
2014,MZO,16,18,7.2,59.74833333,15.1225,25.6475,0.30125
2014,MZO,16,19,7.2,62.54416667,15.03583333,25.03125,0.31625
2014,MZO,16,20,10.45,62.65291667,14.925,23.725,0.32625
2014,MZO,16,21,14.63,62.23791667,14.78291667,21.9075,0.33
2014,MZO,16,22,19.11,61.78625,14.63625,19.53375,0.3275
2014,MZO,16,23,13.1,61.65666667,14.50875,18.6125,0.32125
2014,MZO,17,0,10.6,61.3675,14.36916667,18.395,0.31
2014,MZO,17,1,10.54,61.4475,14.3,17.92,0.29375
2014,MZO,17,2,10.07,61.18875,14.25291667,17.915,0.27625
2014,MZO,17,3,12.2,60.7325,14.24,17.955,0.25625
2014,MZO,17,4,15.64,60.68916667,14.22583333,18.225,0.24
2014,MZO,17,5,10.48,61.75791667,14.14916667,19.68625,0.22875
2014,MZO,17,6,7.2,66.13708333,14.04916667,22.265,0.2225
2014,MZO,17,7,11.88,70.27041667,13.95375,23.10875,0.2175
2014,MZO,17,8,22.19,74.39708333,13.82916667,22.62375,0.215
2014,MZO,17,9,19.96,79.47125,13.87708333,24.79375,0.215
2014,MZO,17,10,12.25,82.99125,13.92708333,25.66125,0.215
2014,MZO,17,11,10.47,83.22875,14.10958333,27.07125,0.215
2014,MZO,17,12,9.02,82.64541667,14.25625,29.08875,0.2125
2014,MZO,17,13,7.87,82.30083333,14.85041667,30.31875,0.2125
2014,MZO,17,14,10.48,81.11958333,15.74625,30.79625,0.2125
2014,MZO,17,15,9.27,77.71166667,16.40416667,31.9625,0.2125
2014,MZO,17,16,11.71,73.20666667,17.38333333,34.51625,0.21375
2014,MZO,17,17,11.18,71.45375,18.19333333,35.1,0.21375
2014,MZO,17,18,10.6,70.8025,19.17416667,37.0525,0.21375
2014,MZO,17,19,9.08,67.47,19.31416667,38.5625,0.2125
2014,MZO,17,20,30.81,68.34541667,19.425,38.02375,0.2125
2014,MZO,17,21,51.04,72.615,19.56,35.1525,0.22125
2014,MZO,17,22,47.33,75.50083333,19.7025,32.3225,0.24375
2014,MZO,17,23,43.28,78.71333333,19.86583333,29.05625,0.26875
2014,MZO,18,0,39.94,81.79125,19.99375,25.4975,0.27375
2014,MZO,18,1,38.86,83.57958333,20.1975,21.57,0.2725
2014,MZO,18,2,36.95,86.14541667,20.56791667,17.34125,0.27375
2014,MZO,18,3,36.09,89.06625,20.8025,13.15625,0.2775
2014,MZO,18,4,32.61,91.04875,20.96166667,10.675,0.28125
2014,MZO,18,5,33.17,92.50166667,21.4075,10.38,0.275
2014,MZO,18,6,31.56,89.93833333,21.785,10.0925,0.25625
2014,MZO,18,7,47.22,90.145,22.71083333,9.91125,0.235
2014,MZO,18,8,41.82,91.86125,23.59916667,11.80875,0.22875
2014,MZO,18,9,53.13,94.98625,25.18958333,12.075,0.22875
2014,MZO,18,10,21.44,96.65,26.08541667,14.415,0.22625
2014,MZO,18,11,17.22,97.09375,26.2025,17.71625,0.22625
2014,MZO,18,12,10.65,98.10666667,26.10125,21.26875,0.235
2014,MZO,18,13,8.91,98.00041667,25.56541667,24.5625,0.25125
2014,MZO,18,14,7.36,99.7925,24.75041667,27.43125,0.27375
2014,MZO,18,15,7.3,101.20125,24.22666667,30.28875,0.3
2014,MZO,18,16,7.55,102.2016667,23.40958333,31.04875,0.33375
2014,MZO,18,17,7.2,102.2420833,22.76583333,33.27875,0.37
2014,MZO,18,18,7.94,102.845,21.95791667,33.39875,0.40625
2014,MZO,18,19,12.07,103.6625,22.00625,32.2775,0.43625
2014,MZO,18,20,18.93,102.3733333,22.11958333,30.1325,0.4475
2014,MZO,18,21,21.08,98.17666667,22.21666667,27.7825,0.4425
2014,MZO,18,22,21.1,95.67,22.33458333,25.5325,0.4275
2014,MZO,18,23,21.96,93.33666667,22.50708333,23.205,0.40625
2014,MZO,19,0,26.31,91.48708333,23.02375,20.37375,0.375
2014,MZO,19,1,24.1,90.3875,23.39458333,17.6275,0.33875
2014,MZO,19,2,23.63,89.30875,23.2875,15.065,0.3025
2014,MZO,19,3,24.26,89.90833333,23.41375,12.83875,0.27125
2014,MZO,19,4,26.13,91.81791667,23.82458333,11.41875,0.25
2014,MZO,19,5,20.68,92.15083333,23.755,10.48,0.23625
2014,MZO,19,6,20.73,90.835,23.64791667,9.85375,0.225
2014,MZO,19,7,20.89,87.35958333,23.4325,11.14375,0.21625
2014,MZO,19,8,21.57,84.21708333,23.52291667,11.08625,0.22125
2014,MZO,19,9,36.7,79.96208333,22.53625,11.40875,0.2475
2014,MZO,19,10,23.11,77.01,21.70375,12.815,0.285
2014,MZO,19,11,13.99,76.37458333,21.41708333,15.20375,0.3
2014,MZO,19,12,10.71,76.05375,21.37416667,18.05,0.30375
2014,MZO,19,13,7.2,75.94,21.28125,20.5975,0.3025
2014,MZO,19,14,7.2,73.94958333,21.16708333,23.46875,0.3025
2014,MZO,19,15,7.2,71.91541667,21.04833333,25.09875,0.3025
2014,MZO,19,16,12.61,71.2375,21.95458333,29.51,0.29625
2014,MZO,19,17,8.21,71.12916667,22.06166667,32.9,0.27125
2014,MZO,19,18,16.12,70.16375,22.95083333,34.495,0.235
2014,MZO,19,19,18.75,69.54333333,23.82291667,34.535,0.21875
2014,MZO,19,20,27.32,69.14458333,23.59875,33.19375,0.21375
2014,MZO,19,21,28.69,70.31208333,23.38416667,31.24,0.21375
2014,MZO,19,22,24,70.78041667,23.14166667,28.8875,0.21375
2014,MZO,19,23,22.43,70.1675,22.79958333,26.01,0.21375
2014,MZO,20,0,25.76,70.41208333,22.14833333,21.62375,0.2125
2014,MZO,20,1,25.64,72.08958333,21.61083333,17.87875,0.21125
2014,MZO,20,2,25.13,72.45583333,21.52791667,14.85625,0.21
2014,MZO,20,3,24.78,70.9225,21.37625,12.435,0.20875
2014,MZO,20,4,25.92,68.28791667,20.98958333,10.8825,0.2075
2014,MZO,20,5,17.68,66.11916667,20.67875,11.13375,0.20875
2014,MZO,20,6,14.57,66.265,20.49458333,14.1075,0.21125
2014,MZO,20,7,22.93,66.06083333,19.88958333,14.64625,0.2125
2014,MZO,20,8,22.23,64.38208333,19.0625,15.82125,0.2125
2014,MZO,20,9,14.71,60.9425,18.67875,17.99875,0.2125
2014,MZO,20,10,16.9,59.94875,19.24541667,20.46875,0.2125
2014,MZO,20,11,11.4,60.9775,19.26916667,23.66875,0.215
2014,MZO,20,12,10.74,61.46625,19.26625,27.3675,0.21875
2014,MZO,20,13,11.69,62.98666667,19.35583333,30.92125,0.22
2014,MZO,20,14,10.96,64.94958333,19.58791667,31.3575,0.22
2014,MZO,20,15,9.56,66.26333333,19.75666667,34.28125,0.2225
2014,MZO,20,16,7.2,66.22583333,18.735,37.945,0.23
2014,MZO,20,17,7.2,66.33,18.54916667,40.835,0.23875
2014,MZO,20,18,8.1,66.59333333,17.60166667,43.505,0.2475
2014,MZO,20,19,17.36,66.50916667,16.83541667,45.06,0.2525
2014,MZO,20,20,50.96,68.66,17.08125,43.0325,0.25125
2014,MZO,20,21,60.56,70.89416667,17.49333333,38.59875,0.2975
2014,MZO,20,22,23.47,73.25583333,18.49375,35.56125,0.32875
2014,MZO,20,23,15.7,74.42583333,19.10416667,33.06875,0.32875
2014,MZO,21,0,19.92,73.57166667,20.15291667,29.58625,0.32125
2014,MZO,21,1,12.12,71.37375,20.55166667,26.39625,0.31625
2014,MZO,21,2,10.11,69.50083333,20.47916667,23.325,0.31375
2014,MZO,21,3,12.14,67.62,20.34375,20.37625,0.315
2014,MZO,21,4,11.67,66.3825,20.10041667,20.30875,0.3225
2014,MZO,21,5,9.67,65.52375,20.02458333,23.4375,0.2825
2014,MZO,21,6,17.56,64.76708333,19.96,23.5275,0.255
2014,MZO,21,7,21.62,64.30416667,19.87916667,22.53,0.255
2014,MZO,21,8,24.49,64.36125,19.81625,21.4275,0.25625
2014,MZO,21,9,17.79,64.54375,19.56958333,20.87,0.2525
2014,MZO,21,10,15.07,63.47625,19.06708333,20.915,0.24625
2014,MZO,21,11,15.49,63.00958333,19.6625,22.29125,0.2375
2014,MZO,21,12,14.32,62.75833333,19.98416667,25.25125,0.2275
2014,MZO,21,13,12.04,62.38541667,20.23333333,27.48375,0.2175
2014,MZO,21,14,9.74,61.27958333,20.15541667,31.235,0.20875
2014,MZO,21,15,8.2,60.6425,20.04833333,35.3675,0.2025
2014,MZO,21,16,7.21,60.59833333,20.05833333,39.8775,0.2
2014,MZO,21,17,7.36,59.79541667,20.01208333,43.18,0.2025
2014,MZO,21,18,8.75,59.54291667,19.9475,45.2,0.205
2014,MZO,21,19,10.92,59.30916667,19.70958333,45.70125,0.20875
2014,MZO,21,20,36.76,59.41666667,19.58208333,42.43,0.20875
2014,MZO,21,21,41.85,62.44458333,19.40875,37.06875,0.21125
2014,MZO,21,22,40.45,64.76916667,18.64625,32.46625,0.24375
2014,MZO,21,23,39.74,67.24291667,18.32625,27.78875,0.335
2014,MZO,22,0,30.42,69.11916667,17.47416667,23.3675,0.3525
2014,MZO,22,1,27.62,70.18875,17.13916667,19.44125,0.35
2014,MZO,22,2,31.39,72.67375,17.12208333,15.50625,0.3575
2014,MZO,22,3,20.81,74.91083333,17.0575,12.41375,0.39625
2014,MZO,22,4,15.82,75.21375,17.08958333,13.835,0.475
2014,MZO,22,5,15.68,75.82125,17.13583333,14.57125,0.57875
2014,MZO,22,6,13.42,75.93791667,17.16458333,15.365,0.6725
2014,MZO,22,7,25.54,76.11125,17.28541667,15.49375,0.7025
2014,MZO,22,8,26.78,76.7425,17.65458333,15.22875,0.76875
2014,MZO,22,9,20.43,77.35083333,17.67291667,15.455,0.83625
2014,MZO,22,10,12.04,77.95458333,17.45833333,17.25875,0.9025
2014,MZO,22,11,9.15,77.16458333,16.76458333,19.35125,0.9625
2014,MZO,22,12,8.93,76.30875,16.37916667,19.9,1.00125
2014,MZO,22,13,8.72,75.69416667,16.02291667,23.0125,1.01875
2014,MZO,22,14,7.27,75.18166667,15.87458333,26.19875,1.025
2014,MZO,22,15,7.2,75.3475,15.79666667,30.40625,1.04375
2014,MZO,22,16,8.72,75.84291667,15.76208333,34.5725,1.09875
2014,MZO,22,17,12.49,76.62666667,15.75583333,37.92,1.16625
2014,MZO,22,18,12.48,81.78041667,15.73958333,39.15125,1.2275
2014,MZO,22,19,13.2,94.70291667,15.68333333,39.60125,1.2825
2014,MZO,22,20,23.46,93.74916667,15.565,38.26875,1.30875
2014,MZO,22,21,24.77,88.13458333,15.30875,36.18125,1.3075
2014,MZO,22,22,32.55,83.32708333,15.05291667,32.75625,1.27375
2014,MZO,22,23,30.94,81.23125,14.7625,29.04625,1.20875
2014,MZO,23,0,30.47,80.7575,14.67291667,24.895,1.09125
2014,MZO,23,1,31.04,80.59291667,14.70458333,20.7125,0.95625
2014,MZO,23,2,40.78,80.92875,14.81125,17.5925,0.82
2014,MZO,23,3,46.08,81.46,14.99666667,16.33625,0.66875
2014,MZO,23,4,36.8,83.12833333,15.0975,14.77375,0.5325
2014,MZO,23,5,33.9,83.47791667,15.11791667,13.4925,0.41875
2014,MZO,23,6,44.55,85.00416667,15.31291667,12.8075,0.33
2014,MZO,23,7,39.29,86.17791667,15.30583333,12.18125,0.265
2014,MZO,23,8,32.83,85.71041667,14.94833333,12.16125,0.25125
2014,MZO,23,9,25.75,85.50708333,14.905,13.2725,0.255
2014,MZO,23,10,36.21,85.97708333,15.43166667,14.91375,0.25625
2014,MZO,23,11,25.76,88.11208333,15.79875,15.785,0.25375
2014,MZO,23,12,18.45,88.99791667,16.5525,19.725,0.25125
2014,MZO,23,13,12.58,89.34541667,16.91416667,24.21375,0.24875
2014,MZO,23,14,9.1,89.30958333,16.95083333,28.8925,0.24875
2014,MZO,23,15,8.43,88.91166667,16.94375,33.72875,0.25125
2014,MZO,23,16,7.2,88.37458333,16.93875,38.315,0.25875
2014,MZO,23,17,7.2,88.11166667,16.94666667,42.06,0.27125
2014,MZO,23,18,12.89,83.40625,16.96958333,45.14875,0.2825
2014,MZO,23,19,21.87,72.26625,17.16625,45.74375,0.28875
2014,MZO,23,20,14.52,72.50625,17.35,44.275,0.2925
2014,MZO,23,21,19.33,72.02958333,17.5425,41.5925,0.295
2014,MZO,23,22,16.94,70.8825,17.73625,39.22125,0.295
2014,MZO,23,23,22.09,69.04833333,17.93208333,36.175,0.2925
2014,MZO,24,0,30.58,67.40875,18.20083333,32.17625,0.28125
2014,MZO,24,1,32.93,66.6575,18.30375,27.21375,0.265
2014,MZO,24,2,38.6,65.38708333,18.61375,24.395,0.25125
2014,MZO,24,3,24.13,63.27916667,18.665,22.66875,0.2425
2014,MZO,24,4,27.03,61.72166667,18.82958333,21.36375,0.23625
2014,MZO,24,5,30.54,61.41791667,19.155,19.91125,0.23
2014,MZO,24,6,35.9,60.67791667,19.22166667,17.76,0.2225
2014,MZO,24,7,32.99,59.65625,19.37583333,16.28125,0.215
2014,MZO,24,8,34.68,59.445,19.62208333,15.73,0.2125
2014,MZO,24,9,25.25,60.01583333,20.21833333,17.11875,0.21375
2014,MZO,24,10,24.74,61.15958333,20.23458333,17.23875,0.215
2014,MZO,24,11,23.7,60.67625,21.02708333,18.88625,0.21375
2014,MZO,24,12,18.81,61.04541667,21.17916667,22.375,0.21125
2014,MZO,24,13,13.49,61.36958333,21.26291667,27.03875,0.20875
2014,MZO,24,14,10.77,61.85,21.475,32.2425,0.2075
2014,MZO,24,15,9.48,62.08791667,21.76333333,37.47375,0.2125
2014,MZO,24,16,8.36,61.53166667,21.95541667,43.74625,0.21875
2014,MZO,24,17,7.67,60.95958333,21.97125,48.135,0.22125
2014,MZO,24,18,7.2,60.69791667,21.94291667,51.19125,0.2225
2014,MZO,24,19,7.2,61.25541667,21.78125,51.935,0.22875
2014,MZO,24,20,9.06,60.9525,21.68666667,50.4475,0.23875
2014,MZO,24,21,11.44,60.64166667,21.61083333,48.005,0.24875
2014,MZO,24,22,24.22,61.04375,21.81166667,44.39625,0.255
2014,MZO,24,23,34,62.45708333,22.24666667,39.26375,0.2525
2014,MZO,25,0,36.09,64.15125,22.55958333,32.89375,0.2475
2014,MZO,25,1,35.79,66.58583333,22.90833333,29.18625,0.245
2014,MZO,25,2,34.57,67.82375,23.11,23.95875,0.24375
2014,MZO,25,3,34.16,69.71916667,23.54833333,19.94,0.24
2014,MZO,25,4,39.63,71.85916667,24.06166667,16.43,0.23375
2014,MZO,25,5,45.09,74.70041667,24.41708333,13.39625,0.22875
2014,MZO,25,6,72.5,77.86208333,25.41708333,11.645,0.2275
2014,MZO,25,7,50.42,80.52125,26.00416667,11.235,0.2275
2014,MZO,25,8,29.94,81.73041667,26.22666667,11.15,0.22625
2014,MZO,25,9,26.89,82.7375,26.10583333,9.67625,0.225
2014,MZO,25,10,25.96,82.72,26.04916667,12.05,0.225
2014,MZO,25,11,13.32,82.4325,25.055,16.27875,0.22375
2014,MZO,25,12,14.36,82.10333333,24.68041667,20.96625,0.22
2014,MZO,25,13,11.8,81.82916667,24.36458333,26.2425,0.21625
2014,MZO,25,14,7.2,81.85166667,24.11,31.59375,0.21125
2014,MZO,25,15,11.45,81.97041667,24.67125,37.38875,0.20875
2014,MZO,25,16,18.35,83.70416667,26.475,42.895,0.20875
2014,MZO,25,17,10.23,85.08541667,26.86875,48.325,0.21
2014,MZO,25,18,9.79,86.53666667,27.20833333,51.37875,0.2125
2014,MZO,25,19,8.01,88.40791667,27.27,50.775,0.22
2014,MZO,25,20,19.04,87.80791667,27.28416667,48.715,0.22625
2014,MZO,25,21,21.95,88.12541667,27.32708333,45.38375,0.2275
2014,MZO,25,22,17.64,87.39333333,27.63583333,41.56125,0.2275
2014,MZO,25,23,14.19,86.10875,27.56666667,37.30375,0.2275
2014,MZO,26,0,15.44,83.8625,27.94083333,35.10875,0.2275
2014,MZO,26,1,16.63,81.56,29.43708333,29.82875,0.22625
2014,MZO,26,2,13.28,79.06916667,29.82166667,25.6,0.2225
2014,MZO,26,3,13.29,76.00083333,29.34375,23.10375,0.215
2014,MZO,26,4,17.68,73.21291667,28.70875,20.87375,0.21
2014,MZO,26,5,17.64,69.85041667,28.1225,19.20875,0.2075
2014,MZO,26,6,16.28,65.71541667,26.94291667,18.265,0.20625
2014,MZO,26,7,17.73,62.46625,26.1825,16.9775,0.205
2014,MZO,26,8,20.88,59.73208333,25.75791667,13.66625,0.20625
2014,MZO,26,9,13.92,56.45041667,25.30041667,14.15125,0.21125
2014,MZO,26,10,14.97,53.78208333,24.92041667,14.72,0.215
2014,MZO,26,11,12.44,52.69625,24.84875,16.2825,0.2175
2014,MZO,26,12,9.7,51.98875,24.39375,19.96625,0.21875
2014,MZO,26,13,8.59,51.23041667,24.30083333,23.98625,0.22125
2014,MZO,26,14,10.75,50.85833333,24.33208333,27.575,0.225
2014,MZO,26,15,8.62,50.66916667,23.49125,31.65125,0.22625
2014,MZO,26,16,8.4,51.93125,21.4825,36.285,0.225
2014,MZO,26,17,9.15,51.10833333,21.03,39.5475,0.22125
2014,MZO,26,18,10.52,49.80041667,20.66208333,42.0325,0.2175
2014,MZO,26,19,14.91,46.51208333,20.56541667,42.49625,0.215
2014,MZO,26,20,14.96,46.00375,20.46208333,41.015,0.21375
2014,MZO,26,21,14.19,45.375,20.3025,39.15375,0.2125
2014,MZO,26,22,14.05,46.04416667,19.6,37.46625,0.21
2014,MZO,26,23,14.71,46.23291667,19.03833333,36.9425,0.20875
2014,MZO,27,0,19.45,46.71083333,17.97541667,33.86,0.2075
2014,MZO,27,1,16.51,46.32125,15.91916667,31.0675,0.20625
2014,MZO,27,2,12.89,46.3575,14.83416667,28.6575,0.20625
2014,MZO,27,3,13.95,46.94916667,14.60375,27.1975,0.20625
2014,MZO,27,4,12.91,47.2475,14.46916667,26.40125,0.20625
2014,MZO,27,5,11.57,47.08916667,14.37041667,25.8675,0.20625
2014,MZO,27,6,19.61,47.24708333,14.31666667,24.5925,0.20625
2014,MZO,27,7,27.21,47.5775,14.30458333,20.79,0.20625
2014,MZO,27,8,29.28,49.8175,14.41916667,19.23875,0.21375
2014,MZO,27,9,19.23,52.64416667,14.4175,18.9425,0.23
2014,MZO,27,10,11.46,53.26791667,14.31833333,19.8375,0.24
2014,MZO,27,11,8.24,53.13625,14.23625,21.48625,0.2425
2014,MZO,27,12,7.2,53.43541667,14.17541667,23.3375,0.2425
2014,MZO,27,13,7.53,53.75791667,14.15208333,25.36375,0.2425
2014,MZO,27,14,7.89,53.7475,14.13458333,28.02875,0.2425
2014,MZO,27,15,7.3,54.26666667,14.12541667,31.955,0.24125
2014,MZO,27,16,8.71,52.84208333,14.11916667,36.04125,0.23375
2014,MZO,27,17,9.31,53.0375,14.11916667,38.77625,0.2175
2014,MZO,27,18,9.86,53.17125,14.13208333,39.9375,0.20875
2014,MZO,27,19,15.61,54.01708333,14.175,39.6125,0.20625
2014,MZO,27,20,23.32,54.80916667,14.24625,37.57625,0.20625
2014,MZO,27,21,24.25,55.83125,14.34333333,34.58125,0.2075
2014,MZO,27,22,22.45,56.07458333,14.44458333,33.63,0.21
2014,MZO,27,23,20.11,56.12875,14.54083333,30.87,0.2125
2014,MZO,28,0,18.83,56.4475,14.65208333,28.03375,0.21375
2014,MZO,28,1,14.21,56.86666667,14.68333333,25.57,0.215
2014,MZO,28,2,16.19,56.72916667,14.71666667,23.50375,0.21625
2014,MZO,28,3,21.8,57.12333333,14.79083333,21.415,0.21875
2014,MZO,28,4,11.84,57.23916667,14.80833333,21.795,0.22125
2014,MZO,28,5,14.74,57.62375,14.82,22.5775,0.22375
2014,MZO,28,6,21.43,57.7775,14.8475,20.59125,0.225
2014,MZO,28,7,26.3,58.2575,14.84166667,19.62625,0.22625
2014,MZO,28,8,26.02,57.63958333,14.70708333,18.8775,0.22625
2014,MZO,28,9,17.11,55.87125,14.67166667,18.8875,0.22625
2014,MZO,28,10,12.44,56.16416667,14.68208333,19.9275,0.225
2014,MZO,28,11,8.97,56.72041667,14.7075,22.6675,0.22125
2014,MZO,28,12,9.33,57.29125,14.73125,24.515,0.21875
2014,MZO,28,13,8.33,57.55833333,14.74208333,27.0175,0.215
2014,MZO,28,14,7.2,57.5375,14.7425,30.6125,0.21125
2014,MZO,28,15,7.2,57.39333333,14.74833333,35.01,0.21
2014,MZO,28,16,7.77,57.3625,14.75333333,39.0675,0.21125
2014,MZO,28,17,7.2,57.78958333,14.75333333,42.02,0.2125
2014,MZO,28,18,7.2,57.82083333,14.74041667,43.46625,0.215
2014,MZO,28,19,11.97,56.67416667,14.6975,43.2475,0.21875
2014,MZO,28,20,31.08,56.83083333,14.62625,40.695,0.21875
2014,MZO,28,21,35.86,57.52625,14.53083333,38.68375,0.2225
2014,MZO,28,22,32.83,58.0725,14.4475,34.6975,0.2325
2014,MZO,28,23,33.6,59.78833333,14.38583333,30.28375,0.24375
2014,MZO,29,0,34.09,61.49,14.38333333,25.725,0.2475
2014,MZO,29,1,31.02,63.23041667,14.32291667,21.0975,0.245
2014,MZO,29,2,34.07,64.68833333,14.88333333,17.00375,0.24125
2014,MZO,29,3,30.87,67.03958333,14.85916667,13.6275,0.23875
2014,MZO,29,4,44.43,69.58416667,15.27458333,12.30875,0.2425
2014,MZO,29,5,48.73,73.84625,15.835,10.0775,0.24375
2014,MZO,29,6,37.84,79.18666667,16.33708333,9.6725,0.2375
2014,MZO,29,7,37.86,84.50625,16.95541667,9.5125,0.2275
2014,MZO,29,8,44.77,89.07416667,17.36041667,9.5125,0.22375
2014,MZO,29,9,33.08,92.52833333,17.67666667,9.4975,0.225
2014,MZO,29,10,24.1,96.3925,17.88666667,9.2725,0.2275
2014,MZO,29,11,17.8,98.885,18.03458333,10.3675,0.235
2014,MZO,29,12,16.27,101.1770833,18.29791667,12.2325,0.245
2014,MZO,29,13,15.3,104.8591667,18.65166667,14.16875,0.25875
2014,MZO,29,14,15.74,109.8945833,19.27166667,15.765,0.27625
2014,MZO,29,15,13.21,111.3204167,19.4975,17.8,0.29375
2014,MZO,29,16,13.66,117.9679167,19.97125,19.895,0.3175
2014,MZO,29,17,12.05,124.4295833,20.20333333,22.3,0.34375
2014,MZO,29,18,14.42,127.3743478,20.44,24.13375,0.37125
2014,MZO,29,19,20.39,130.4690909,22.09708333,23.5475,0.395
2014,MZO,29,20,21.79,132.8177273,23.67875,23.50875,0.40875
2014,MZO,29,21,22.47,133.7977273,26.36041667,21.58375,0.41
2014,MZO,29,22,14.93,133.0577273,28.03375,20.32625,0.40125
2014,MZO,29,23,17.41,131.36,30.1125,19.5075,0.4175
2014,MZO,30,0,12.93,128.4895455,30.81916667,18.725,0.4025
2014,MZO,30,1,10.45,125.2481818,31.39875,18.305,0.375
2014,MZO,30,2,10.02,123.1404545,31.06083333,18.98125,0.34625
2014,MZO,30,3,7.46,119.3763636,31.14541667,22.0475,0.315
2014,MZO,30,4,9.7,116.0854545,31.00791667,23.23875,0.2875
2014,MZO,30,5,7.97,110.6018182,30.51291667,26.09375,0.2675
2014,MZO,30,6,9.47,103.9840909,30.41583333,28.29,0.255
2014,MZO,30,7,10.2,96.57863636,30.07291667,29.7125,0.21875
2014,MZO,30,8,13.67,89.65227273,29.98291667,31.10375,0.2075
2014,MZO,30,9,11.07,84.52909091,29.85916667,32.04625,0.2075
2014,MZO,30,10,10.16,78.54590909,29.68875,32.9575,0.20625
2014,MZO,30,11,10.81,74.69772727,29.68416667,32.9975,0.205
2014,MZO,30,12,9.51,70.86,29.49125,34.11125,0.20375
2014,MZO,30,13,7.2,66.10181818,29.1975,36.0225,0.2025
2014,MZO,30,14,9.44,60.75772727,28.625,38.40625,0.20125
2014,MZO,30,15,8.85,58.83090909,28.41,40.265,0.20125
2014,MZO,30,16,8.87,50.46727273,27.94125,42.1075,0.2025
2014,MZO,30,17,7.2,42.16681818,27.71041667,44.0875,0.20375
2014,MZO,30,18,8.05,41.88478261,27.47375,45.54375,0.20375
2014,MZO,30,19,13.06,42.04958333,25.81666667,47.6975,0.20375
2014,MZO,30,20,33.93,39.17375,24.235,46.07125,0.2075
2014,MZO,30,21,31.49,38.82625,21.56583333,42.96625,0.2225
2014,MZO,30,22,23.39,39.58541667,19.87375,40.26875,0.235
2014,MZO,30,23,28.82,39.09708333,17.76041667,36.88,0.24875
2014,MZO,31,0,30.91,40.13708333,17.01333333,33.0625,0.25125
2014,MZO,31,1,29.58,42.07166667,16.61916667,28.47625,0.25
2014,MZO,31,2,24.33,43.35833333,16.37208333,24.465,0.25125
2014,MZO,31,3,20.9,44.33583333,16.23,19.86375,0.25625
2014,MZO,31,4,30.86,45.89833333,15.98958333,17.585,0.26
2014,MZO,31,5,28.05,48.58166667,15.98375,16.13875,0.25375
2014,MZO,31,6,27.61,49.5775,15.56958333,13.81875,0.25125
2014,MZO,31,7,26.79,51.045,15.34333333,12.685,0.2425
2014,MZO,31,8,33.94,53.49958333,15.27916667,12.0625,0.24125
2014,MZO,31,9,55.61,57.8775,15.58583333,12.85875,0.2625
2014,MZO,31,10,38.72,62.66958333,15.8525,15.48875,0.28
2014,MZO,31,11,14.22,64.01,15.82833333,17.9125,0.28125
2014,MZO,31,12,9.28,64.10791667,15.81291667,21.5375,0.27375
2014,MZO,31,13,7.62,63.89,15.855,25.33375,0.265
2014,MZO,31,14,8.23,63.20458333,15.9825,29.5725,0.255
2014,MZO,31,15,7.77,62.34125,16.15,33.86625,0.25
2014,MZO,31,16,7.2,62.25458333,16.35666667,38.26875,0.2525
2014,MZO,31,17,8.18,62.15791667,16.6,41.98125,0.2375
2014,MZO,31,18,7.2,62.95458333,16.85666667,44.96875,0.22625
2014,MZO,31,19,13.96,62.55041667,17.14625,45.735,0.22875
2014,MZO,31,20,42.78,62.825,17.51541667,43.54875,0.22875
2014,MZO,31,21,52.16,63.36416667,18.00458333,39.71625,0.235
2014,MZO,31,22,45.88,68.7525,18.58333333,35.49625,0.2825
2014,MZO,31,23,43.46,72.00791667,19.14375,31.25875,0.32875
