DATOS MÓVILES 2011_NATIVITAS,,,,,,,,
,,,,,,,,
Ańo,Mes,Día,Hora,NO2,MPM10,MSO2 24HRS,MO3,MCO
2011,JUN,1,0,NA,55.695,26.82666667,28.29625,NA
2011,JUN,1,1,NA,54.80375,26.84666667,24.50375,NA
2011,JUN,1,2,NA,53.94833333,26.79583333,21.19125,NA
2011,JUN,1,3,NA,53.42375,26.67916667,18.5125,NA
2011,JUN,1,4,NA,52.225,26.47916667,16.155,0.115
2011,JUN,1,5,NA,51.4725,26.27041667,14.71625,0.12
2011,JUN,1,6,NA,51.09416667,26.04625,13.89875,0.125
2011,JUN,1,7,NA,49.64,25.81208333,12.9675,0.13125
2011,JUN,1,8,NA,47.41166667,25.52958333,11.77,0.14625
2011,JUN,1,9,NA,46.44083333,25.27,11.4325,0.16
2011,JUN,1,10,NA,45.5475,25.035,11.92625,0.1725
2011,JUN,1,11,NA,45.01916667,24.81916667,13.45125,0.18625
2011,JUN,1,12,NA,44.62958333,24.6325,15.73625,0.19875
2011,JUN,1,13,NA,44.41041667,24.45125,17.67625,0.2075
2011,JUN,1,14,NA,45.2225,24.33,18.46625,0.2125
2011,JUN,1,15,NA,45.13166667,24.22291667,19.3275,0.218571429
2011,JUN,1,16,NA,45.13041667,24.12291667,20.5325,0.216666667
2011,JUN,1,17,NA,44.52958333,24.02416667,21.56125,NA
2011,JUN,1,18,NA,43.94208333,23.91208333,21.835,NA
2011,JUN,1,19,NA,41.86208333,23.79958333,21.35625,NA
2011,JUN,1,20,NA,40.85208333,23.67958333,19.8525,NA
2011,JUN,1,21,NA,40.83375,23.63916667,18.61125,NA
2011,JUN,1,22,NA,41.30291667,23.49875,18.36625,NA
2011,JUN,1,23,NA,40.795,23.29125,18.01625,NA
2011,JUN,2,0,NA,41.0173913,22.97,17.83285714,NA
2011,JUN,2,1,NA,40.76826087,22.90304348,16.79857143,NA
2011,JUN,2,2,NA,40.58652174,22.91130435,15.40571429,NA
2011,JUN,2,3,NA,40.01565217,23.0026087,13.78571429,NA
2011,JUN,2,4,NA,39.75,23.14130435,12.82714286,NA
2011,JUN,2,5,NA,39.51043478,23.33173913,11.97285714,NA
2011,JUN,2,6,NA,39.36043478,23.52565217,11.26571429,NA
2011,JUN,2,7,NA,39.36521739,23.70304348,10.33428571,NA
2011,JUN,2,8,NA,39.66913043,23.80086957,9.54625,NA
2011,JUN,2,9,NA,39.70304348,23.89347826,8.4575,NA
2011,JUN,2,10,NA,39.30304348,23.97347826,9.175,NA
2011,JUN,2,11,NA,38.4973913,26.51782609,10.0325,NA
2011,JUN,2,12,NA,38.04478261,27.48,10.4575,NA
2011,JUN,2,13,NA,37.50478261,28.74391304,10.28,NA
2011,JUN,2,14,NA,36.07565217,30.13391304,9.901666667,NA
2011,JUN,2,15,NA,35.01913043,30.50318182,8.681666667,NA
2011,JUN,2,16,NA,34.16826087,30.91666667,9.503333333,NA
2011,JUN,2,17,NA,33.48043478,31.59809524,11.155,NA
2011,JUN,2,18,NA,31.69434783,32.16428571,12.02166667,NA
2011,JUN,2,19,NA,31.80826087,32.73761905,13.435,NA
2011,JUN,2,20,NA,32.36434783,33.39285714,16.73833333,NA
2011,JUN,2,21,NA,31.50869565,33.97809524,18.91,NA
2011,JUN,2,22,NA,30.49086957,34.56380952,20.4225,NA
2011,JUN,2,23,NA,30.98521739,35.17285714,24.02625,NA
2011,JUN,3,0,NA,31.03125,35.32045455,26.01625,NA
2011,JUN,3,1,NA,30.64916667,35.33454545,27.20375,NA
2011,JUN,3,2,NA,30.15166667,35.17681818,27.83375,NA
2011,JUN,3,3,NA,30.24041667,34.95318182,27.75875,NA
2011,JUN,3,4,NA,30.40291667,34.715,27.01375,NA
2011,JUN,3,5,NA,30.74625,34.47727273,26.38875,NA
2011,JUN,3,6,NA,30.6275,34.26227273,25.26125,NA
2011,JUN,3,7,NA,30.73666667,34.06409091,22.83375,NA
2011,JUN,3,8,NA,32.10791667,33.79727273,20.85,NA
2011,JUN,3,9,NA,33.88458333,33.50681818,20.16375,NA
2011,JUN,3,10,NA,35.41791667,33.34090909,20.3125,NA
2011,JUN,3,11,NA,36.96208333,31.00863636,21.485,NA
2011,JUN,3,12,NA,37.47666667,30.47857143,22.785,NA
2011,JUN,3,13,NA,37.95478261,29.547,23.55125,NA
2011,JUN,3,14,NA,38.58863636,28.8745,22.84125,NA
2011,JUN,3,15,NA,39.55428571,28.24,22.7675,NA
2011,JUN,3,16,NA,41.62238095,27.37681818,24.80125,NA
2011,JUN,3,17,NA,40.55238095,26.16409091,26.62875,NA
2011,JUN,3,18,NA,40.36714286,25.10181818,27.4475,NA
2011,JUN,3,19,NA,40.23380952,24.09045455,27.06125,NA
2011,JUN,3,20,NA,39.01095238,23.06181818,25.96375,NA
2011,JUN,3,21,NA,38.49904762,21.99590909,25.6525,NA
2011,JUN,3,22,NA,38.6,20.98090909,26.68875,NA
2011,JUN,3,23,NA,38.70857143,19.88863636,28.415,NA
2011,JUN,4,0,NA,39.0395,19.00619048,28.86285714,NA
2011,JUN,4,1,NA,39.586,18.28571429,26.86285714,NA
2011,JUN,4,2,NA,40.0125,17.67380952,24.28857143,NA
2011,JUN,4,3,NA,40.147,17.05619048,22.70142857,NA
2011,JUN,4,4,NA,40.355,16.37714286,20.78857143,NA
2011,JUN,4,5,NA,40.419,15.73142857,18.60142857,NA
2011,JUN,4,6,NA,40.3915,15.01714286,18.27142857,NA
2011,JUN,4,7,NA,39.807,14.29333333,17.83285714,NA
2011,JUN,4,8,NA,38.6845,13.63190476,17.9075,NA
2011,JUN,4,9,NA,38.029,12.93904762,18.48125,NA
2011,JUN,4,10,NA,37.869,12.11285714,20.48875,NA
2011,JUN,4,11,NA,37.5675,10.84333333,22.5275,NA
2011,JUN,4,12,NA,37.6745,10.37863636,24.8625,NA
2011,JUN,4,13,NA,37.73619048,10.05869565,27.29875,NA
2011,JUN,4,14,NA,38.02318182,8.442173913,29.00375,NA
2011,JUN,4,15,NA,38.52565217,8.448695652,30.5175,NA
2011,JUN,4,16,NA,38.18478261,8.868695652,32.225,NA
2011,JUN,4,17,NA,40.15652174,9.44826087,32.8625,NA
2011,JUN,4,18,NA,42.29565217,9.97173913,33.06,NA
2011,JUN,4,19,NA,42.76695652,10.47173913,32.73,NA
2011,JUN,4,20,NA,43.76217391,10.93608696,32.47125,0.28
2011,JUN,4,21,NA,44.73347826,11.41304348,31.95875,0.262857143
2011,JUN,4,22,NA,45.64173913,11.79565217,31.2525,0.2425
2011,JUN,4,23,NA,45.43565217,12.27695652,30.53375,0.23375
2011,JUN,5,0,NA,44.80916667,12.80541667,29.20875,0.21875
2011,JUN,5,1,NA,44.57541667,13.3175,28.2475,0.18
2011,JUN,5,2,NA,44.32,13.86666667,26.23875,0.13875
2011,JUN,5,3,NA,44.19916667,14.39,24.055,0.1175
2011,JUN,5,4,NA,44.36083333,14.94958333,21.67,0.1075
2011,JUN,5,5,NA,44.38458333,15.45083333,19.41625,0.10125
2011,JUN,5,6,NA,44.66833333,15.915,16.91875,0.1025
2011,JUN,5,7,NA,45.43708333,16.3725,14.15375,0.105
2011,JUN,5,8,NA,45.17958333,16.90166667,13.1325,0.10875
2011,JUN,5,9,NA,43.485,17.47083333,12.68125,0.11375
2011,JUN,5,10,NA,42.52333333,18.08458333,13,0.11875
2011,JUN,5,11,NA,41.27666667,18.70875,14.0025,0.12375
2011,JUN,5,12,NA,40.67875,19.31458333,15.30625,0.12875
2011,JUN,5,13,NA,39.87916667,19.42,16.64625,0.1325
2011,JUN,5,14,NA,39.36291667,19.41166667,18.565,0.135
2011,JUN,5,15,NA,38.255,18.91125,20.845,0.13625
2011,JUN,5,16,NA,36.79958333,18.33416667,22.12625,0.13625
2011,JUN,5,17,NA,35.64208333,17.63916667,22.87625,0.13375
2011,JUN,5,18,NA,34.38666667,17.00791667,23.1025,0.13125
2011,JUN,5,19,NA,33.23791667,16.39125,23.08375,0.1275
2011,JUN,5,20,NA,32.05125,15.79125,22.76375,0.12375
2011,JUN,5,21,NA,30.61583333,15.25916667,22.45875,0.12
2011,JUN,5,22,NA,28.76583333,14.7475,21.6175,0.11625
2011,JUN,5,23,NA,28.19916667,14.22375,20.19875,0.1125
2011,JUN,6,0,NA,27.7975,13.5825,19.01375,0.10875
2011,JUN,6,1,NA,27.22583333,12.91333333,17.12625,0.107142857
2011,JUN,6,2,NA,26.6275,12.24416667,15.8675,0.105
2011,JUN,6,3,NA,25.90916667,11.64083333,14.71375,NA
2011,JUN,6,4,NA,25.00083333,11.05541667,14.275,NA
2011,JUN,6,5,NA,24.35666667,10.48708333,13.9275,NA
2011,JUN,6,6,NA,23.36583333,9.997916667,13.635,NA
2011,JUN,6,7,NA,22.18125,9.585833333,13.14875,NA
2011,JUN,6,8,NA,21.57416667,9.185416667,12.70125,NA
2011,JUN,6,9,NA,22.32708333,8.766666667,13.8775,NA
2011,JUN,6,10,NA,21.77875,8.310416667,15.01,NA
2011,JUN,6,11,NA,22.10041667,7.845833333,16.37,NA
2011,JUN,6,12,NA,21.83583333,7.379583333,17.5475,NA
2011,JUN,6,13,NA,21.84416667,7.202916667,19.05,NA
2011,JUN,6,14,NA,21.99416667,7.393043478,22.1175,NA
2011,JUN,6,15,NA,22.15291667,7.725217391,26.32875,0.13
2011,JUN,6,16,NA,21.965,8.475652174,30.435,0.125714286
2011,JUN,6,17,NA,22.45916667,9.268695652,33.6925,0.12375
2011,JUN,6,18,NA,22.46041667,10.08826087,35.6175,0.12
2011,JUN,6,19,NA,23.75708333,10.99782609,36.46125,0.11625
2011,JUN,6,20,NA,24.58041667,11.97956522,37.11375,0.11375
2011,JUN,6,21,NA,25.15083333,12.93,37.5275,0.11125
2011,JUN,6,22,NA,26.2175,13.92565217,36.0625,0.10625
2011,JUN,6,23,NA,26.98416667,14.83347826,34.97,0.10375
2011,JUN,7,0,NA,27.25478261,15.07272727,33.77142857,0.104285714
2011,JUN,7,1,NA,27.99347826,16.095,30.74428571,0.104285714
2011,JUN,7,2,NA,28.40956522,17.04909091,29.83285714,0.104285714
2011,JUN,7,3,NA,29.08217391,18.07272727,29.37428571,0.105714286
2011,JUN,7,4,NA,29.53086957,19.11409091,28.75142857,0.107142857
2011,JUN,7,5,NA,29.90130435,20.06818182,27.25571429,0.107142857
2011,JUN,7,6,NA,30.26913043,20.94181818,25.65857143,0.107142857
2011,JUN,7,7,NA,30.87521739,21.73,22.40285714,0.105714286
2011,JUN,7,8,NA,32.16869565,22.20363636,20.92875,0.125
2011,JUN,7,9,NA,32.91391304,22.795,20.75875,0.13875
2011,JUN,7,10,NA,33.74391304,23.48636364,20.525,0.1475
2011,JUN,7,11,NA,34.19130435,24.22,20.40625,0.1525
2011,JUN,7,12,NA,38.0026087,24.99,20.91,0.155
2011,JUN,7,13,NA,39.42130435,26.11363636,22.73125,0.16
2011,JUN,7,14,NA,39.99608696,26.12695652,26.7375,0.165
2011,JUN,7,15,NA,40.78173913,26.76391304,32.175,0.1675
2011,JUN,7,16,NA,41.34478261,26.98391304,37.6375,0.14875
2011,JUN,7,17,NA,41.78913043,27.11565217,41.82125,0.135
2011,JUN,7,18,NA,41.19,27.25130435,45.05875,0.125
2011,JUN,7,19,NA,40.98217391,27.31478261,48.34375,0.11875
2011,JUN,7,20,NA,41.66913043,27.37478261,50.375,0.115
2011,JUN,7,21,NA,44.21434783,27.49217391,49.3675,0.11
2011,JUN,7,22,NA,47.4526087,27.60478261,45.98625,0.105
2011,JUN,7,23,NA,48.60869565,27.67913043,41.335,0.10375
2011,JUN,8,0,NA,49.16833333,28.01916667,36.505,0.105
2011,JUN,8,1,NA,49.55458333,28.26458333,31.21875,0.10875
2011,JUN,8,2,NA,50.25583333,28.54125,25.42375,0.11375
2011,JUN,8,3,NA,50.93166667,28.69625,20.0025,0.1175
2011,JUN,8,4,NA,51.76291667,28.805,14.535,0.12
2011,JUN,8,5,NA,53.5825,28.9775,12.39714286,0.12125
2011,JUN,8,6,NA,55.63208333,29.18708333,10.59333333,0.1225
2011,JUN,8,7,NA,58.33333333,29.37916667,7.788333333,0.12125
2011,JUN,8,8,NA,59.82791667,29.77333333,5.42,0.12
2011,JUN,8,9,NA,59.78666667,30.085,4.041666667,0.1175
2011,JUN,8,10,NA,60.05791667,30.20875,6.221666667,0.11375
2011,JUN,8,11,NA,60.71291667,30.39375,9.551666667,0.1125
2011,JUN,8,12,NA,60.99625,30.60458333,16.465,0.115
2011,JUN,8,13,NA,62.07125,30.60791667,22.82857143,0.11875
2011,JUN,8,14,NA,62.60125,30.6125,28.87,0.12125
2011,JUN,8,15,NA,62.37958333,30.66375,37.005,0.1225
2011,JUN,8,16,NA,63.06541667,30.70125,44.34625,0.12125
2011,JUN,8,17,NA,63.72666667,30.74833333,51.9675,0.11875
2011,JUN,8,18,NA,66.68375,30.74083333,56.14375,0.1175
2011,JUN,8,19,NA,67.53416667,30.73791667,59.14125,0.11625
2011,JUN,8,20,NA,67.82666667,30.69125,59.57625,0.1125
2011,JUN,8,21,NA,68.455,30.68416667,54.69375,0.10875
2011,JUN,8,22,NA,66.84416667,30.64875,48.8125,0.105
2011,JUN,8,23,NA,67.22833333,30.65875,43.3625,0.10375
2011,JUN,9,0,NA,67.45391304,30.43347826,40.95857143,0.104285714
2011,JUN,9,1,NA,67.57782609,30.38130435,33.49428571,0.105714286
2011,JUN,9,2,NA,67.26391304,30.34782609,27.80857143,0.107142857
2011,JUN,9,3,NA,67.38826087,30.35130435,21.76142857,0.107142857
2011,JUN,9,4,NA,67.42652174,30.37304348,16.25428571,0.107142857
2011,JUN,9,5,NA,66.26826087,30.40826087,14.35571429,0.107142857
2011,JUN,9,6,NA,65.60217391,30.46608696,12.73,0.107142857
2011,JUN,9,7,NA,64.93130435,30.52869565,NA,0.107142857
2011,JUN,9,8,NA,65.38043478,30.63391304,NA,0.11
2011,JUN,9,9,NA,67.51130435,30.73217391,NA,0.11375
2011,JUN,9,10,NA,68.36695652,30.95173913,NA,0.1175
2011,JUN,9,11,NA,69.1126087,31.00130435,NA,0.11875
2011,JUN,9,12,NA,66.95173913,30.96695652,NA,0.1175
2011,JUN,9,13,NA,65.68130435,31.06217391,NA,0.11625
2011,JUN,9,14,NA,64.75391304,31.14608696,27.605,0.11625
2011,JUN,9,15,NA,65.20652174,31.23869565,32.1,0.11625
2011,JUN,9,16,NA,65.62565217,31.34434783,35.3025,0.1125
2011,JUN,9,17,NA,65.97608696,31.47521739,42.58125,0.1075
2011,JUN,9,18,NA,64.88304348,31.64173913,49.495,0.1025
2011,JUN,9,19,NA,65.58826087,31.80130435,53.95,0.10125
2011,JUN,9,20,NA,66.58826087,31.90130435,55.23625,0.10125
2011,JUN,9,21,NA,65.72217391,31.98478261,53.51875,0.10125
2011,JUN,9,22,NA,67.89,32.13391304,49.80625,0.1025
2011,JUN,9,23,NA,68.76652174,32.33521739,44.62875,0.10375
2011,JUN,10,0,NA,68.76652174,32.33521739,42.75857143,0.104285714
2011,JUN,10,1,NA,69.97086957,32.6226087,39.88166667,0.104285714
2011,JUN,10,2,NA,70.60826087,32.9273913,NA,0.104285714
2011,JUN,10,3,NA,70.59521739,33.24608696,NA,0.102857143
2011,JUN,10,4,NA,71.07,33.51173913,NA,0.102857143
2011,JUN,10,5,NA,71.47826087,33.76,NA,0.102857143
2011,JUN,10,6,NA,71.24913043,33.99304348,NA,0.101428571
2011,JUN,10,7,NA,70.6573913,34.2026087,NA,0.1
2011,JUN,10,8,NA,69.14,34.37826087,NA,0.10125
2011,JUN,10,9,NA,66.75565217,34.53304348,NA,0.1025
2011,JUN,10,10,NA,65.42347826,34.66695652,4.61,0.10375
2011,JUN,10,11,NA,64.14478261,34.84086957,7.24,0.105
2011,JUN,10,12,NA,63.10434783,34.99478261,11.23375,0.10625
2011,JUN,10,13,NA,62.90565217,34.61608696,21.85875,0.11375
2011,JUN,10,14,NA,63.24434783,34.2073913,29.6525,0.11375
2011,JUN,10,15,NA,63.54608696,33.80608696,37.45,0.11375
2011,JUN,10,16,NA,66.8326087,33.38391304,42.44285714,0.1125
2011,JUN,10,17,NA,65.53347826,32.92347826,46.51285714,0.11125
2011,JUN,10,18,NA,64.54086957,32.41913043,48.12857143,0.1125
2011,JUN,10,19,NA,63.26434783,31.86652174,48.36285714,0.115
2011,JUN,10,20,NA,63.02565217,31.38869565,45.57857143,0.12875
2011,JUN,10,21,NA,62.39043478,30.77826087,35.73285714,0.1475
2011,JUN,10,22,NA,59.64956522,30.07347826,28.10285714,0.1475
2011,JUN,10,23,NA,57.80521739,29.32521739,20.33857143,0.1475
2011,JUN,11,0,NA,57.36125,29.08791667,18.63,0.14875
2011,JUN,11,1,NA,57.43916667,28.56208333,16.36142857,0.15
2011,JUN,11,2,NA,57.77333333,27.92083333,14.18571429,0.15125
2011,JUN,11,3,NA,57.94583333,27.19791667,12.24714286,0.15375
2011,JUN,11,4,NA,58.08625,26.51,10.34,0.1475
2011,JUN,11,5,NA,59.45416667,25.85833333,8.491428571,0.13125
2011,JUN,11,6,NA,60.745,25.26416667,7.227142857,0.14125
2011,JUN,11,7,NA,63.65083333,24.78083333,6.673333333,0.14875
2011,JUN,11,8,NA,63.39583333,24.43208333,NA,0.15
2011,JUN,11,9,NA,64.17458333,24.13541667,NA,0.14875
2011,JUN,11,10,NA,63.3225,23.83375,NA,0.145
2011,JUN,11,11,NA,64.04541667,23.57333333,NA,0.14125
2011,JUN,11,12,NA,65.29333333,23.30875,NA,0.1375
2011,JUN,11,13,NA,65.6175,23.45083333,NA,0.135
2011,JUN,11,14,NA,65.3425,23.63916667,NA,0.13375
2011,JUN,11,15,NA,63.27208333,23.75375,36.56166667,0.14
2011,JUN,11,16,NA,58.97791667,23.85875,42.39428571,0.15625
2011,JUN,11,17,NA,58.63458333,23.98791667,47.3575,0.18125
2011,JUN,11,18,NA,58.25083333,24.14291667,56.93125,0.2125
2011,JUN,11,19,NA,58.91166667,24.40583333,63.155,0.24375
2011,JUN,11,20,NA,59.02833333,24.75041667,65.48,0.27625
2011,JUN,11,21,NA,59.09208333,25.31,63.35125,0.305
2011,JUN,11,22,NA,58.4925,25.79708333,59.11,0.29625
2011,JUN,11,23,NA,57.99791667,26.42791667,53.8275,0.2825
2011,JUN,12,0,NA,58.27666667,26.91541667,47.715,0.265
2011,JUN,12,1,NA,57.33083333,27.04,39.935,0.24125
2011,JUN,12,2,NA,56.73625,27.37625,32.13,0.21
2011,JUN,12,3,NA,56.245,27.83875,28.30375,0.17625
2011,JUN,12,4,NA,55.52458333,28.24166667,26.6975,0.13875
2011,JUN,12,5,NA,53.68125,28.6575,25.85125,0.1025
2011,JUN,12,6,NA,51.93708333,29.0625,25.16125,0.1025
2011,JUN,12,7,NA,48.17541667,29.25916667,22.97625,0.1025
2011,JUN,12,8,NA,47.71875,29.29625,21.53625,0.1025
2011,JUN,12,9,NA,46.79791667,29.2875,21.83875,0.10375
2011,JUN,12,10,NA,47.67416667,29.31375,23.35875,0.10625
2011,JUN,12,11,NA,46.8975,29.31291667,24.23125,0.10875
2011,JUN,12,12,NA,45.12166667,29.355,25.9325,0.11125
2011,JUN,12,13,NA,44.71541667,29.42041667,28.6725,0.1125
2011,JUN,12,14,NA,44.26375,29.49083333,32.59125,0.11375
2011,JUN,12,15,NA,45.14958333,29.63416667,38.31125,0.11375
2011,JUN,12,16,NA,45.57208333,29.76958333,44.02375,0.1125
2011,JUN,12,17,NA,45.82083333,29.89916667,49.68125,0.11
2011,JUN,12,18,NA,45.55916667,30.02208333,54.34875,0.1075
2011,JUN,12,19,NA,50.61625,30.11875,56.26,0.105
2011,JUN,12,20,NA,58.20875,30.26875,56.51875,0.10375
2011,JUN,12,21,NA,60.73791667,30.27166667,55.125,0.10375
2011,JUN,12,22,NA,61.87083333,30.52666667,52.52375,0.1025
2011,JUN,12,23,NA,62.62541667,30.72,50.09125,0.1025
2011,JUN,13,0,NA,62.16083333,30.98291667,46.635,0.1025
2011,JUN,13,1,NA,61.40083333,31.20416667,41.35,0.1025
2011,JUN,13,2,NA,60.9625,31.38083333,36.50125,0.1025
2011,JUN,13,3,NA,60.69833333,31.51416667,33.7125,0.1025
2011,JUN,13,4,NA,60.51208333,31.67375,32.2125,0.10125
2011,JUN,13,5,NA,60.5775,31.78708333,31.52,0.10125
2011,JUN,13,6,NA,60.41291667,31.91333333,30.7975,0.1025
2011,JUN,13,7,NA,60.88,32.16208333,28.19375,0.1075
2011,JUN,13,8,NA,61.58583333,32.56416667,27.045,0.12
2011,JUN,13,9,NA,61.8675,32.9725,27.73,0.13625
2011,JUN,13,10,NA,61.80916667,33.19166667,28.64875,0.15125
2011,JUN,13,11,NA,64.97833333,33.40208333,30.295,0.165
2011,JUN,13,12,NA,65.03791667,33.5925,31.7875,0.1775
2011,JUN,13,13,NA,64.39458333,33.58583333,33.8375,0.185
2011,JUN,13,14,NA,64.78833333,33.53,36.5025,0.19
2011,JUN,13,15,NA,65.77833333,33.50041667,40.18875,0.195
2011,JUN,13,16,NA,65.99291667,33.46708333,42.7825,0.19125
2011,JUN,13,17,NA,66.23583333,33.47625,44.23625,0.18375
2011,JUN,13,18,NA,66.31625,33.53583333,44.7925,0.18125
2011,JUN,13,19,NA,60.29,33.55083333,44.39,0.18625
2011,JUN,13,20,NA,51.20208333,33.50208333,43.69375,0.19625
2011,JUN,13,21,NA,47.54958333,33.385,42.44625,0.1975
2011,JUN,13,22,NA,45.97791667,33.13625,40.545,0.1925
2011,JUN,13,23,NA,45.13958333,32.76791667,37.35125,0.185
2011,JUN,14,0,NA,44.92666667,32.34625,35.295,0.18
2011,JUN,14,1,NA,44.47375,32.03291667,33.49125,0.17625
2011,JUN,14,2,NA,44.16833333,31.67333333,32.0825,0.1675
2011,JUN,14,3,NA,43.965,31.42041667,31.39375,0.1525
2011,JUN,14,4,NA,43.485,31.18333333,30.4975,0.1325
2011,JUN,14,5,NA,43.12833333,30.96375,29.525,0.12375
2011,JUN,14,6,NA,42.86833333,30.69208333,28.475,0.12375
2011,JUN,14,7,NA,42.54,30.4525,27.4075,0.12125
2011,JUN,14,8,NA,42.57333333,30.19041667,25.6125,0.1225
2011,JUN,14,9,NA,43.84083333,29.86958333,25.06,0.12375
2011,JUN,14,10,NA,44.06333333,29.68416667,25.38625,0.12625
2011,JUN,14,11,NA,40.92458333,29.49458333,26.01875,0.12625
2011,JUN,14,12,NA,41.12625,29.22625,28.5475,0.12625
2011,JUN,14,13,NA,41.7875,29.25041667,31.865,0.1275
2011,JUN,14,14,NA,42.37083333,29.35625,36.51375,0.13125
2011,JUN,14,15,NA,41.86333333,29.37958333,42.67875,0.135
2011,JUN,14,16,NA,41.6925,29.3925,49.2775,0.13125
2011,JUN,14,17,NA,41.745,29.34208333,54.30375,0.12625
2011,JUN,14,18,NA,41.96875,29.26791667,58.09625,0.12125
2011,JUN,14,19,NA,42.20833333,29.25375,59.04375,0.11875
2011,JUN,14,20,NA,41.82,29.29791667,56.88625,0.11625
2011,JUN,14,21,NA,41.86166667,29.52958333,53.34375,0.11375
2011,JUN,14,22,NA,45.15,29.67208333,49.7575,0.10875
2011,JUN,14,23,NA,47.01166667,29.85875,45.005,0.105
2011,JUN,15,0,NA,49.02875,30.06,39.4775,0.105
2011,JUN,15,1,NA,50.64916667,30.305,33.16875,0.10375
2011,JUN,15,2,NA,51.42333333,30.55791667,26.41,0.1025
2011,JUN,15,3,NA,52.01083333,30.70541667,22.5875,0.10125
2011,JUN,15,4,NA,52.88666667,30.84833333,20.75875,0.10125
2011,JUN,15,5,NA,53.16583333,30.88541667,19.6075,0.10125
2011,JUN,15,6,NA,54.51791667,30.87666667,16.5625,0.1025
2011,JUN,15,7,NA,55.2975,30.81,14.095,0.105
2011,JUN,15,8,NA,57.88208333,30.70041667,12.115,0.115
2011,JUN,15,9,NA,59.96708333,30.75291667,11.785,0.1375
2011,JUN,15,10,NA,62.3825,30.86958333,12.475,0.165
2011,JUN,15,11,NA,63.53833333,30.89333333,14.7075,0.18125
2011,JUN,15,12,NA,64.32375,30.98875,18.8475,0.19
2011,JUN,15,13,NA,64.16125,30.98708333,24.33625,0.19625
2011,JUN,15,14,NA,63.30625,30.96875,31.12375,0.19875
2011,JUN,15,15,NA,63.29208333,30.9925,38.41625,0.1975
2011,JUN,15,16,NA,63.38791667,31.03458333,45.72125,0.1875
2011,JUN,15,17,NA,63.84166667,31.0775,52.79625,0.165
2011,JUN,15,18,NA,64.46416667,31.12916667,59.57375,0.1375
2011,JUN,15,19,NA,64.92,31.12208333,63.96875,0.12125
2011,JUN,15,20,NA,65.82916667,30.97708333,65.49,0.1125
2011,JUN,15,21,NA,67.36208333,30.68125,63.5475,0.10625
2011,JUN,15,22,NA,66.48833333,30.50416667,60.1775,0.1025
2011,JUN,15,23,NA,66.34166667,30.32458333,56.9275,0.10375
2011,JUN,16,0,NA,65.05083333,30.23291667,52.71125,0.1075
2011,JUN,16,1,NA,64.00958333,30.19333333,48.49875,0.1125
2011,JUN,16,2,NA,63.63583333,30.15,42.3975,0.1175
2011,JUN,16,3,NA,63.845,30.14916667,35.5175,0.1225
2011,JUN,16,4,NA,64.22041667,30.16958333,28.66125,0.12625
2011,JUN,16,5,NA,64.52458333,30.39708333,23.1775,0.12875
2011,JUN,16,6,NA,63.88375,30.66458333,19.41,0.13125
2011,JUN,16,7,NA,62.67041667,31.04458333,16.51,0.13
2011,JUN,16,8,NA,60.07958333,31.42791667,12.74714286,0.12625
2011,JUN,16,9,NA,57.37125,31.66583333,10.24857143,0.1225
2011,JUN,16,10,NA,55.90166667,31.86125,10.84142857,0.11875
2011,JUN,16,11,NA,56.28333333,32.1875,14.32714286,0.115
2011,JUN,16,12,NA,56.70333333,32.62333333,19.27714286,0.1125
2011,JUN,16,13,NA,57.9575,32.53625,26.17,0.11125
2011,JUN,16,14,NA,58.5375,32.27333333,33.05714286,0.10875
2011,JUN,16,15,NA,58.91625,31.98416667,36.5475,0.1075
2011,JUN,16,16,NA,58.56291667,31.65958333,43.93875,0.1075
2011,JUN,16,17,NA,58.24791667,31.34875,50.6175,0.10875
2011,JUN,16,18,NA,57.95083333,31.02958333,56.59,0.11
2011,JUN,16,19,NA,57.52666667,30.76083333,60.4525,0.1125
2011,JUN,16,20,NA,57.03541667,30.69541667,60.7675,0.1125
2011,JUN,16,21,NA,56.04916667,30.54375,59.17375,0.11125
2011,JUN,16,22,NA,54.45166667,30.29958333,55.595,0.1125
2011,JUN,16,23,NA,54.00125,29.99875,50.4825,0.11375
2011,JUN,17,0,NA,53.7275,29.74041667,43.93875,0.11375
2011,JUN,17,1,NA,53.94333333,29.495,36.395,0.11375
2011,JUN,17,2,NA,54.24208333,29.34083333,29.5,0.11375
2011,JUN,17,3,NA,54.13,29.07458333,22.79625,0.1125
2011,JUN,17,4,NA,53.6125,28.76208333,18.7225,0.1125
2011,JUN,17,5,NA,53.36291667,28.32958333,15.515,0.11375
2011,JUN,17,6,NA,53.39041667,27.98,12.61875,0.11375
2011,JUN,17,7,NA,54.12166667,27.60583333,10.47375,0.1125
2011,JUN,17,8,NA,54.33708333,27.17291667,9.47875,0.115
2011,JUN,17,9,NA,54.6275,26.735,10.45,0.1175
2011,JUN,17,10,NA,54.86041667,26.2575,11.2225,0.12125
2011,JUN,17,11,NA,54.42875,25.72458333,13.11375,0.125
2011,JUN,17,12,NA,54.60416667,25.13291667,16.16875,0.12875
2011,JUN,17,13,NA,54.46916667,25.20916667,20.11875,0.13125
2011,JUN,17,14,NA,54.32958333,25.42958333,26.0225,0.1325
2011,JUN,17,15,NA,54.24416667,25.64625,32.45125,0.135
2011,JUN,17,16,NA,54.765,25.87375,38.8775,0.1325
2011,JUN,17,17,NA,55.56708333,26.13083333,43.24625,0.12875
2011,JUN,17,18,NA,56.00625,26.40458333,46.08375,0.1225
2011,JUN,17,19,NA,55.92,26.63208333,46.56375,0.11875
2011,JUN,17,20,NA,56.47583333,26.66833333,45.88375,0.11625
2011,JUN,17,21,NA,57.01916667,26.85958333,43.98375,0.11375
2011,JUN,17,22,NA,57.40666667,27.0175,41.27,0.1125
2011,JUN,17,23,NA,56.4975,27.2675,37.36375,0.1125
2011,JUN,18,0,NA,56.65291667,27.40208333,32.70375,0.115
2011,JUN,18,1,NA,56.59541667,27.49458333,28.61875,0.1175
2011,JUN,18,2,NA,56.42458333,27.53291667,25.1375,0.12125
2011,JUN,18,3,NA,55.90916667,27.65416667,22.8825,0.1225
2011,JUN,18,4,NA,55.8775,27.89916667,21.17125,0.12375
2011,JUN,18,5,NA,55.87666667,28.1975,19.67875,0.12625
2011,JUN,18,6,NA,55.5525,28.40333333,17.65375,0.1275
2011,JUN,18,7,NA,54.81208333,28.49125,16.0325,0.12625
2011,JUN,18,8,NA,53.0225,28.64375,15.42625,0.12375
2011,JUN,18,9,NA,51.52583333,28.79625,15.8375,0.12125
2011,JUN,18,10,NA,51.1125,28.94541667,17.135,0.11875
2011,JUN,18,11,NA,53.65791667,29.1175,19.05625,0.11625
2011,JUN,18,12,NA,54.08541667,29.32375,20.6975,0.11375
2011,JUN,18,13,NA,53.04208333,29.28458333,22.72875,0.11125
2011,JUN,18,14,NA,52.7725,29.22291667,25.54125,0.10875
2011,JUN,18,15,NA,52.84125,29.13708333,29.18,0.1075
2011,JUN,18,16,NA,53.02458333,29.07416667,32.465,0.10625
2011,JUN,18,17,NA,52.2725,29.00041667,34.7,0.105
2011,JUN,18,18,NA,51.85041667,28.90375,35.88,0.10375
2011,JUN,18,19,NA,51.4275,28.82833333,35.7875,0.10375
2011,JUN,18,20,NA,50.81458333,28.81625,35.18875,0.10375
2011,JUN,18,21,NA,50.05541667,28.78958333,33.985,0.10375
2011,JUN,18,22,NA,50.20625,28.79708333,32.54375,0.10375
2011,JUN,18,23,NA,50.68625,28.82,30.685,0.105
2011,JUN,19,0,NA,50.03875,28.85666667,28,0.10625
2011,JUN,19,1,NA,49.58375,28.86708333,25.105,0.1075
2011,JUN,19,2,NA,49.0525,28.81791667,22.52125,0.10875
2011,JUN,19,3,NA,49.12625,28.72666667,21.3525,0.10875
2011,JUN,19,4,NA,48.31416667,28.66416667,20.26125,0.1075
2011,JUN,19,5,NA,47.92083333,28.57041667,19.86875,0.10625
2011,JUN,19,6,NA,47.51708333,28.45708333,18.46125,0.10625
2011,JUN,19,7,NA,47.39041667,28.34083333,16.85125,0.105
2011,JUN,19,8,NA,47.27458333,28.23083333,15.8475,0.105
2011,JUN,19,9,NA,46.6975,28.17166667,16.0625,0.10625
2011,JUN,19,10,NA,45.74833333,28.15375,16.65125,0.1075
2011,JUN,19,11,NA,44.84708333,28.13541667,17.215,0.11
2011,JUN,19,12,NA,53.12041667,28.04125,18.62625,0.11375
2011,JUN,19,13,NA,53.3925,28.05291667,19.77625,0.1175
2011,JUN,19,14,NA,52.80166667,28.11291667,22.37375,0.12
2011,JUN,19,15,NA,51.92541667,28.19958333,25.40125,0.1225
2011,JUN,19,16,NA,50.65125,28.26125,28.53875,0.1225
2011,JUN,19,17,NA,49.50458333,28.31208333,31.0975,0.12
2011,JUN,19,18,NA,48.33958333,28.35291667,33.3425,0.1175
2011,JUN,19,19,NA,47.71333333,28.39333333,35.27125,0.11375
2011,JUN,19,20,NA,46.99791667,28.42375,35.68625,0.11125
2011,JUN,19,21,NA,46.54291667,28.38833333,35.34625,0.1075
2011,JUN,19,22,NA,45.86625,28.43416667,33.785,0.105
2011,JUN,19,23,NA,45.49666667,28.40458333,31.6475,0.1025
2011,JUN,20,0,NA,45.83208333,28.36875,30.02125,0.10125
2011,JUN,20,1,NA,45.83,28.40875,27.64625,0.1025
2011,JUN,20,2,NA,45.88583333,28.51375,25.11375,0.10375
2011,JUN,20,3,NA,45.97875,28.63916667,22.3375,0.105
2011,JUN,20,4,NA,46.175,28.67958333,20.19375,0.10375
2011,JUN,20,5,NA,46.17041667,28.68625,18.03375,0.105
2011,JUN,20,6,NA,47.0325,28.72916667,16.2125,0.105
2011,JUN,20,7,NA,47.93083333,28.79333333,14.77125,0.10625
2011,JUN,20,8,NA,49.11458333,28.77916667,13.065,0.1125
2011,JUN,20,9,NA,49.86916667,28.73833333,11.895,0.12
2011,JUN,20,10,NA,50.69166667,28.73125,11.4075,0.13
2011,JUN,20,11,NA,47.03458333,28.73291667,11.96625,0.1375
2011,JUN,20,12,NA,36.925,28.76875,14.495,0.14375
2011,JUN,20,13,NA,36.17916667,28.66458333,19.2775,0.14375
2011,JUN,20,14,NA,36.3275,28.58291667,24.3775,0.14375
2011,JUN,20,15,NA,35.59666667,28.54875,29.32125,0.1425
2011,JUN,20,16,NA,35.50083333,28.5275,33.61375,0.13625
2011,JUN,20,17,NA,36.90041667,28.44791667,37.935,0.1275
2011,JUN,20,18,NA,40.47125,28.22875,41.48625,0.11875
2011,JUN,20,19,NA,45.78958333,27.87875,43.8275,0.1125
2011,JUN,20,20,NA,53.21916667,27.34083333,43.91375,0.11
2011,JUN,20,21,NA,53.4975,26.80291667,41.4775,0.1125
2011,JUN,20,22,NA,53.33916667,26.32583333,38.56625,0.1125
2011,JUN,20,23,NA,55.84666667,25.88083333,35.9075,0.1125
2011,JUN,21,0,NA,55.62833333,25.40333333,33.96,0.1125
2011,JUN,21,1,NA,54.675,24.96083333,30.64125,0.1125
2011,JUN,21,2,NA,55.82173913,24.49208333,26.68375,0.11125
2011,JUN,21,3,NA,54.41652174,24.02416667,22.96125,0.11
2011,JUN,21,4,NA,53.74173913,23.56416667,19.15375,0.10875
2011,JUN,21,5,NA,54.75409091,23.09125,16.57375,0.1075
2011,JUN,21,6,NA,52.35636364,22.60083333,14.605,0.11
2011,JUN,21,7,NA,49.80181818,22.18791667,12.4025,0.115
2011,JUN,21,8,NA,48.77045455,21.83875,9.56375,0.12375
2011,JUN,21,9,NA,47.80909091,21.55791667,8.10625,0.13375
2011,JUN,21,10,NA,45.52636364,21.20583333,8.16625,0.1425
2011,JUN,21,11,NA,46.97,20.86916667,8.855,0.15375
2011,JUN,21,12,NA,45.74333333,20.56166667,10.44875,0.1625
2011,JUN,21,13,NA,44.84666667,20.61083333,12.0375,0.16875
2011,JUN,21,14,NA,44.12857143,21.03208333,13.7025,0.17125
2011,JUN,21,15,NA,44.78047619,21.59875,15.13375,0.17
2011,JUN,21,16,NA,44.96142857,22.21958333,16.36,0.165
2011,JUN,21,17,NA,44.72238095,22.88333333,17.2625,0.1575
2011,JUN,21,18,NA,42.79428571,23.66625,17.645,0.14875
2011,JUN,21,19,NA,36.90904762,24.58416667,17.10625,0.1375
2011,JUN,21,20,NA,26.73,25.63958333,15.3225,0.12625
2011,JUN,21,21,NA,24.30571429,26.715,13.0525,0.1175
2011,JUN,21,22,NA,22.35333333,27.69791667,10.6775,0.1125
2011,JUN,21,23,NA,17.48333333,28.68791667,8.90625,0.11
2011,JUN,22,0,NA,16.33095238,29.81375,7.887142857,0.1075
2011,JUN,22,1,NA,16.45666667,30.88583333,6.011428571,0.10625
2011,JUN,22,2,NA,16.20272727,32.05125,4.588333333,0.1075
2011,JUN,22,3,NA,17.14272727,33.24333333,5.16,0.1075
2011,JUN,22,4,NA,17.21636364,34.43958333,6.561666667,0.10875
2011,JUN,22,5,NA,17.13217391,35.70083333,7.221666667,0.11125
2011,JUN,22,6,NA,17.50304348,37.01666667,7.841666667,0.11375
2011,JUN,22,7,NA,17.75217391,38.43916667,8.486666667,0.11375
2011,JUN,22,8,NA,18.57478261,39.85,9.258571429,0.1125
2011,JUN,22,9,NA,18.54304348,41.2425,10.56285714,0.1125
2011,JUN,22,10,NA,20.39782609,42.66416667,11.19,0.11125
2011,JUN,22,11,NA,20.455,43.90375,11.78625,0.11125
2011,JUN,22,12,NA,20.31375,45.00791667,12.83625,0.1125
2011,JUN,22,13,NA,20.155,45.13208333,14.3475,0.1125
2011,JUN,22,14,NA,20.06041667,44.68416667,15.7875,0.1125
2011,JUN,22,15,NA,19.52166667,44.03041667,16.93125,0.1125
2011,JUN,22,16,NA,19.28478261,43.35791667,17.15625,0.11375
2011,JUN,22,17,NA,17.98136364,42.6375,18.25,0.11375
2011,JUN,22,18,NA,15.44727273,41.85125,18.75875,0.115
2011,JUN,22,19,NA,14.66863636,40.9975,18.575,0.11625
2011,JUN,22,20,NA,15.31818182,40.13916667,17.55,0.115
2011,JUN,22,21,NA,15.65045455,39.27041667,16.4625,0.11375
2011,JUN,22,22,NA,15.73045455,38.45333333,15.62375,0.11125
2011,JUN,22,23,NA,16.59318182,37.63875,15.0475,0.11125
2011,JUN,23,0,NA,16.59,36.80166667,14.1425,0.11125
2011,JUN,23,1,NA,16.74272727,35.99,12.24875,0.11
2011,JUN,23,2,NA,16.75318182,35.07583333,10.4775,0.1075
2011,JUN,23,3,NA,16.93772727,34.15958333,8.82,0.105
2011,JUN,23,4,NA,17.25727273,33.27416667,7.7,0.10375
2011,JUN,23,5,NA,17.30863636,32.40083333,6.72875,0.1025
2011,JUN,23,6,NA,17.36681818,31.55583333,5.595,0.1025
2011,JUN,23,7,NA,17.03090909,30.60541667,4.34375,0.10125
2011,JUN,23,8,NA,15.94227273,29.69875,3.81875,0.105
2011,JUN,23,9,NA,16.52666667,28.84083333,5.17,0.11875
2011,JUN,23,10,NA,15.1655,27.97666667,6.5625,0.13125
2011,JUN,23,11,NA,14.504,27.29,8.09375,0.13875
2011,JUN,23,12,NA,17.9895,26.67458333,9.87,0.14375
2011,JUN,23,13,NA,18.9495,26.68583333,11.915,0.14875
2011,JUN,23,14,NA,19.1535,26.83583333,14.23,0.15125
2011,JUN,23,15,NA,19.317,26.93583333,17.17375,0.1525
2011,JUN,23,16,NA,18.70333333,26.97083333,20.43375,0.14875
2011,JUN,23,17,NA,19.65045455,27.02708333,22.62625,0.135
2011,JUN,23,18,NA,29.74136364,27.07416667,23.83,0.1225
2011,JUN,23,19,NA,36.24772727,27.03166667,24.56125,0.115
2011,JUN,23,20,NA,38.77545455,27.05166667,24.89,0.11125
2011,JUN,23,21,NA,40.16272727,27.11958333,23.87625,0.10875
2011,JUN,23,22,NA,41.11727273,27.24625,21.7,0.10625
2011,JUN,23,23,NA,41.80318182,27.50541667,18.84125,0.105
2011,JUN,24,0,NA,42.31181818,27.78208333,15.9725,0.10375
2011,JUN,24,1,NA,42.715,27.86583333,12.925,0.105
2011,JUN,24,2,NA,42.63272727,27.85958333,10.825,0.10875
2011,JUN,24,3,NA,41.86136364,27.84416667,8.805,0.11375
2011,JUN,24,4,NA,41.38863636,27.88041667,7.315,0.1175
2011,JUN,24,5,NA,41.32045455,27.85916667,7.06625,0.12125
2011,JUN,24,6,NA,41.29409091,27.83958333,7.50125,0.12625
2011,JUN,24,7,NA,41.74227273,27.83333333,8.4275,0.13
2011,JUN,24,8,NA,42.05,27.86166667,8.005,0.13125
2011,JUN,24,9,NA,40.7073913,27.9325,8.77375,0.13
2011,JUN,24,10,NA,39.36666667,27.9725,9.615,0.12625
2011,JUN,24,11,NA,39.9325,27.91583333,10.97875,0.12125
2011,JUN,24,12,NA,38.34333333,27.91041667,12.06375,0.11625
2011,JUN,24,13,NA,38.11083333,27.84166667,13.69875,0.11
2011,JUN,24,14,NA,39.16375,27.70375,15.62625,0.105
2011,JUN,24,15,NA,38.98333333,27.64208333,17.6575,0.10125
2011,JUN,24,16,NA,41.88833333,27.47208333,21.59875,0.1
2011,JUN,24,17,NA,43.22708333,27.37416667,24.1725,0.10125
2011,JUN,24,18,NA,34.9925,27.4575,24.91375,0.105
2011,JUN,24,19,NA,29.49625,27.59416667,25.91375,0.1125
2011,JUN,24,20,NA,27.91958333,27.61916667,26.50875,0.12
2011,JUN,24,21,NA,27.90541667,27.53791667,26.2025,0.12375
2011,JUN,24,22,NA,27.6675,27.28666667,25.9875,0.125
2011,JUN,24,23,NA,26.66,26.88708333,24.915,0.1275
2011,JUN,25,0,NA,26.22416667,26.44875,22.465,0.13125
2011,JUN,25,1,NA,25.79208333,26.20333333,19.86625,0.135
2011,JUN,25,2,NA,25.9625,26.06416667,18.205,0.1375
2011,JUN,25,3,NA,26.25708333,25.955,15.98125,0.1375
2011,JUN,25,4,NA,26.575,25.88041667,14.0675,0.13875
2011,JUN,25,5,NA,26.5725,25.84583333,12.6175,0.14375
2011,JUN,25,6,NA,27.36125,25.82583333,10.6525,0.15
2011,JUN,25,7,NA,28.3375,25.78416667,9.46375,0.15125
2011,JUN,25,8,NA,28.23958333,25.67833333,8.9825,0.14875
2011,JUN,25,9,NA,28.32041667,25.4625,8.705,0.14375
2011,JUN,25,10,NA,29.02958333,25.32375,9.1625,0.1375
2011,JUN,25,11,NA,29.25125,25.31291667,9.8425,0.13
2011,JUN,25,12,NA,29.53375,25.31583333,11.02125,0.12125
2011,JUN,25,13,NA,32.10875,25.24458333,12.68875,0.1125
2011,JUN,25,14,NA,33.55833333,25.15958333,15.8575,0.10625
2011,JUN,25,15,NA,36.0625,25.0725,19.30125,0.10375
2011,JUN,25,16,NA,37.08458333,25.04666667,22.71625,0.1025
2011,JUN,25,17,NA,36.365,25.11666667,24.7375,0.10375
2011,JUN,25,18,NA,35.42708333,25.06791667,26.8525,0.105
2011,JUN,25,19,NA,36.58875,25.04875,28.26375,0.10625
2011,JUN,25,20,NA,36.82375,25.12333333,28.46,0.11
2011,JUN,25,21,NA,36.8925,25.25083333,28.12375,0.1225
2011,JUN,25,22,NA,37.25708333,25.44041667,25.54125,0.12125
2011,JUN,25,23,NA,38.58333333,25.62166667,22.21375,0.12125
2011,JUN,26,0,NA,39.45375,25.74333333,18.94625,0.125
2011,JUN,26,1,NA,40.91333333,25.83291667,16.44375,0.13
2011,JUN,26,2,NA,41.45958333,25.91583333,13.85875,0.14
2011,JUN,26,3,NA,42.32458333,25.90375,11.73375,0.15375
2011,JUN,26,4,NA,43.46875,25.80125,10.34375,0.1675
2011,JUN,26,5,NA,44.24666667,25.72208333,8.7275,0.175
2011,JUN,26,6,NA,44.44291667,25.56041667,8.478571429,0.19625
2011,JUN,26,7,NA,44.97541667,25.39,7.574285714,0.21375
2011,JUN,26,8,NA,44.54458333,25.18958333,6.67,0.225
2011,JUN,26,9,NA,44.3,24.96791667,6.734285714,0.2375
2011,JUN,26,10,NA,43.305,24.78416667,8.155714286,0.24625
2011,JUN,26,11,NA,42.65416667,24.55375,10.48428571,0.255
2011,JUN,26,12,NA,45.9175,24.24791667,13.21285714,0.2625
2011,JUN,26,13,NA,48.72625,24.24208333,16.22714286,0.27375
2011,JUN,26,14,NA,46.93625,24.345,17.74875,0.28125
2011,JUN,26,15,NA,44.79708333,24.44708333,20.935,0.29125
2011,JUN,26,16,NA,41.24166667,24.59916667,24.2125,0.30125
2011,JUN,26,17,NA,41.19541667,24.50791667,27.47625,0.3025
2011,JUN,26,18,NA,42.27458333,24.36666667,29.75125,0.30125
2011,JUN,26,19,NA,41.45125,24.26666667,31.26,0.2925
2011,JUN,26,20,NA,42.71041667,24.04125,31.9,0.2875
2011,JUN,26,21,NA,42.39125,23.76875,31.69875,0.27625
2011,JUN,26,22,NA,42.46125,23.485,30.6375,0.24875
2011,JUN,26,23,NA,41.72833333,23.23,29.2625,0.22125
2011,JUN,27,0,NA,41.30833333,23.035,27.60625,0.19875
2011,JUN,27,1,NA,40.135,22.81291667,25.4325,0.18375
2011,JUN,27,2,NA,40.27458333,22.565,21.75,0.17
2011,JUN,27,3,NA,40.26583333,22.4125,18.2275,0.16
2011,JUN,27,4,NA,39.5175,22.23083333,15.4425,0.14625
2011,JUN,27,5,NA,39.01333333,22.02708333,13.25125,0.13375
2011,JUN,27,6,NA,38.62291667,21.90333333,11.51125,0.14
2011,JUN,27,7,NA,37.33541667,21.80416667,9.7,0.14375
2011,JUN,27,8,NA,37.55041667,21.77,8.05125,0.1425
2011,JUN,27,9,NA,37.29583333,21.755,7.54125,0.1375
2011,JUN,27,10,NA,37.72875,21.66541667,8.87375,0.13375
2011,JUN,27,11,NA,40.17708333,21.65434783,10.86625,0.1325
2011,JUN,27,12,NA,42.685,21.70409091,13.4625,0.13125
2011,JUN,27,13,NA,42.4325,21.96045455,16.24875,0.12625
2011,JUN,27,14,NA,42.70333333,22.46590909,19.285,0.1225
2011,JUN,27,15,NA,42.99875,23.03,22.63375,0.1225
2011,JUN,27,16,NA,43.49083333,23.645,25.80875,0.125
2011,JUN,27,17,NA,43.09458333,24.23863636,28.43,0.13125
2011,JUN,27,18,NA,44.32375,24.83590909,31.675,0.1375
2011,JUN,27,19,NA,47.58166667,25.45681818,34.10375,0.14125
2011,JUN,27,20,NA,51.94041667,26.14727273,34.9225,0.14
2011,JUN,27,21,NA,52.5275,26.83090909,34.33375,0.13875
2011,JUN,27,22,NA,54.70291667,27.55681818,33.1025,0.135
2011,JUN,27,23,NA,55.40583333,28.21318182,31.63625,0.13375
2011,JUN,28,0,NA,55.62416667,28.88818182,29.7525,0.135
2011,JUN,28,1,NA,55.42333333,29.63681818,26.94125,0.13375
2011,JUN,28,2,NA,55.47166667,30.55272727,22.37375,0.1325
2011,JUN,28,3,NA,55.65583333,31.52636364,18.645,0.1325
2011,JUN,28,4,NA,56.37833333,32.46136364,15.92375,0.13875
2011,JUN,28,5,NA,57.08833333,33.37090909,14.41,0.14625
2011,JUN,28,6,NA,57.91083333,34.24545455,13.2525,0.155
2011,JUN,28,7,NA,59.03125,35.1,11.97625,0.15625
2011,JUN,28,8,NA,59.47208333,35.91454545,11.11875,0.1525
2011,JUN,28,9,NA,60.59458333,36.74136364,11.42625,0.1475
2011,JUN,28,10,NA,61.10083333,37.63772727,12.57125,0.14125
2011,JUN,28,11,NA,58.67708333,37.75913043,13.3325,0.135
2011,JUN,28,12,NA,52.50208333,37.88916667,14.1225,0.12625
2011,JUN,28,13,NA,47.60166667,37.91375,14.8525,0.12
2011,JUN,28,14,NA,47.09,37.605,16.2275,0.112857143
2011,JUN,28,15,NA,46.78208333,37.20333333,17.94875,0.108333333
2011,JUN,28,16,NA,46.83833333,36.73625,19.9325,NA
2011,JUN,28,17,NA,46.25291667,36.40583333,21.4425,NA
2011,JUN,28,18,NA,44.64833333,36.11666667,22.52625,NA
2011,JUN,28,19,NA,41.32708333,35.80791667,23.655,NA
2011,JUN,28,20,NA,35.265,35.5375,24.7825,NA
2011,JUN,28,21,NA,35.68375,35.38458333,25.6225,NA
2011,JUN,28,22,NA,32.98041667,35.19041667,25.62375,NA
2011,JUN,28,23,NA,31.90708333,35.01375,25.7025,NA
2011,JUN,29,0,NA,31.22541667,34.74083333,25.0825,NA
2011,JUN,29,1,NA,31.30041667,34.51166667,24.28125,NA
2011,JUN,29,2,NA,30.57083333,34.09875,23.15875,NA
2011,JUN,29,3,NA,29.43625,33.56875,21.74625,NA
2011,JUN,29,4,NA,28.24916667,33.16291667,20.5425,NA
2011,JUN,29,5,NA,27.12083333,32.76625,19.345,NA
2011,JUN,29,6,NA,25.99208333,32.40625,18.24625,NA
2011,JUN,29,7,NA,24.93541667,32.09458333,16.545,NA
2011,JUN,29,8,NA,25.24208333,31.79541667,15.13125,NA
2011,JUN,29,9,NA,25.05083333,31.52416667,14.21875,NA
2011,JUN,29,10,NA,24.9275,31.21541667,14.025,NA
2011,JUN,29,11,NA,25.91916667,30.90958333,14.15125,NA
2011,JUN,29,12,NA,26.20791667,30.57583333,13.99375,NA
2011,JUN,29,13,NA,26.33791667,30.43375,14.21875,NA
2011,JUN,29,14,NA,26.59291667,30.29125,14.74375,NA
2011,JUN,29,15,NA,28.4,30.18625,15.54625,NA
2011,JUN,29,16,NA,28.94708333,30.10666667,16.57875,NA
2011,JUN,29,17,NA,29.6675,29.985,17.30125,0.11
2011,JUN,29,18,NA,31.31833333,29.89291667,17.7725,0.11
2011,JUN,29,19,NA,32.59833333,29.80833333,17.72125,0.10875
2011,JUN,29,20,NA,32.36,29.69416667,17.46125,0.10875
2011,JUN,29,21,NA,30.49833333,29.46291667,17.2925,0.10875
2011,JUN,29,22,NA,30.23291667,29.21166667,17.29,0.10875
2011,JUN,29,23,NA,30.09583333,28.97083333,17.15625,0.10875
2011,JUN,30,0,NA,30.18125,28.75166667,16.77125,0.10875
2011,JUN,30,1,NA,30.21625,28.43291667,16.21125,0.108571429
2011,JUN,30,2,NA,30.37583333,28.18166667,15.34375,0.108333333
2011,JUN,30,3,NA,30.37125,28.04541667,14.67875,NA
2011,JUN,30,4,NA,30.23166667,27.87375,14.195,NA
2011,JUN,30,5,NA,30.695,27.64291667,13.32375,NA
2011,JUN,30,6,NA,30.67541667,27.36375,12.4075,NA
2011,JUN,30,7,NA,30.49416667,27.09833333,11.5675,NA
2011,JUN,30,8,NA,30.88875,26.8075,11.07875,NA
2011,JUN,30,9,NA,30.88833333,26.46708333,10.7975,NA
2011,JUN,30,10,NA,31.26375,26.10583333,10.86625,NA
2011,JUN,30,11,NA,31.495,25.66708333,10.8825,NA
2011,JUN,30,12,NA,31.7,25.21791667,10.9725,NA
2011,JUN,30,13,NA,32.39583333,25.20458333,11.35875,NA
2011,JUN,30,14,NA,32.52583333,25.33583333,11.62,NA
2011,JUN,30,15,NA,31.5225,25.4375,12.33125,NA
2011,JUN,30,16,NA,31.87541667,25.59375,12.7075,NA
2011,JUN,30,17,NA,32.95125,25.77458333,12.69875,NA
2011,JUN,30,18,NA,32.03083333,25.86916667,12.52375,NA
2011,JUN,30,19,NA,30.47666667,25.90916667,12.29875,NA
2011,JUN,30,20,NA,30.57791667,25.8525,11.94,NA
2011,JUN,30,21,NA,30.89916667,25.83833333,11.3,NA
2011,JUN,30,22,NA,31.44458333,25.86791667,10.7975,NA
2011,JUN,30,23,NA,31.58916667,25.88583333,10.2525,NA
,,,,,,,,
,,,,,,,,
,,,,,,,,
,,,,,,,,
,,,,,,,,
,,,,,,,,
,,,,,,,,
,,,,,,,,
,,,,,,,,
,,,,,,,,
,,,,,,,,
,,,,,,,,
,,,,,,,,
,,,,,,,,
,,,,,,,,
,,,,,,,,
,,,,,,,,
,,,,,,,,
,,,,,,,,
,,,,,,,,
,,,,,,,,
,,,,,,,,
,,,,,,,,
,,,,,,,,
